[
    {
        "client_msg_id": "401ccc60-dc9f-49a3-9b11-90e21f941c70",
        "type": "message",
        "text": "ты ее чз datatables наполняешь? ДЗ HW9",
        "user": "UE1ULNT9V",
        "ts": "1555406544.046200",
        "thread_ts": "1555390116.046000",
        "parent_user_id": "UFKLLLP1A"
    },
    {
        "client_msg_id": "3aad8510-f3c1-4054-a134-28ab81ddf4c1",
        "type": "message",
        "text": "Возможно что-то пропустил, пересмотрю предыдущий урок.",
        "user": "UFKLLLP1A",
        "ts": "1555408109.046400",
        "thread_ts": "1555390116.046000",
        "parent_user_id": "UFKLLLP1A"
    },
    {
        "client_msg_id": "34e60276-3dee-45c2-9b4d-903a922ca07d",
        "type": "message",
        "text": "А таблица users должна отображаться? или её в ДЗ тоже нужно сделать, а то её тоже нет.",
        "user": "UFKLLLP1A",
        "ts": "1555408316.046600",
        "thread_ts": "1555390116.046000",
        "parent_user_id": "UFKLLLP1A"
    },
    {
        "client_msg_id": "7503857b-ad6a-44da-ba76-cc1d6401ad70",
        "type": "message",
        "text": "Точнее не заполняется",
        "user": "UFKLLLP1A",
        "ts": "1555408343.046800",
        "thread_ts": "1555390116.046000",
        "parent_user_id": "UFKLLLP1A"
    },
    {
        "client_msg_id": "3b0440ab-000a-4c5d-ad47-71d6aa7efa82",
        "type": "message",
        "text": "спасибо\nя пыталась с try catch , типа если не распарсит чтоб возвращать строку, но тогда он говорит что все хорошо даже если поля не заданы)",
        "user": "UFPRT4B28",
        "ts": "1555411634.047100",
        "thread_ts": "1555217116.018300",
        "parent_user_id": "UFHCGQ525"
    },
    {
        "client_msg_id": "8187e60f-7177-40e6-8f23-04f6d3d87d7c",
        "type": "message",
        "text": "Подскажите пожалуйста, что то видимо не внимательно посмотрел, почему у нас в рутконтроллере *.with(userAuth(ADMIN)))*, а в  AdminRestController’e *.with(userHttpBasic(ADMIN)))* ?",
        "user": "UFFJ077SL",
        "ts": "1555424143.048400",
        "thread_ts": "1555424143.048400",
        "reply_count": 5,
        "reply_users_count": 2,
        "latest_reply": "1555477642.057900",
        "reply_users": [
            "UFFJ077SL",
            "UF2MZBKAR"
        ],
        "replies": [
            {
                "user": "UFFJ077SL",
                "ts": "1555428354.048600"
            },
            {
                "user": "UF2MZBKAR",
                "ts": "1555475548.057300"
            },
            {
                "user": "UFFJ077SL",
                "ts": "1555475633.057500"
            },
            {
                "user": "UF2MZBKAR",
                "ts": "1555477588.057700"
            },
            {
                "user": "UFFJ077SL",
                "ts": "1555477642.057900"
            }
        ]
    },
    {
        "client_msg_id": "8ad06daa-f860-47b7-80d7-f75c16323b17",
        "type": "message",
        "text": "тест проходится и с такой авторизацией и с такой",
        "user": "UFFJ077SL",
        "ts": "1555428354.048600",
        "thread_ts": "1555424143.048400",
        "parent_user_id": "UFFJ077SL"
    },
    {
        "client_msg_id": "c18cca7a-eb80-4ba3-b138-9035f9ae8a40",
        "type": "message",
        "text": "По REST используется HttpBasic авторизация, в остальных случаях просто авторизация.",
        "user": "UF2MZBKAR",
        "ts": "1555475548.057300",
        "thread_ts": "1555424143.048400",
        "parent_user_id": "UFFJ077SL"
    },
    {
        "client_msg_id": "dcf4fd4c-1a34-4454-b8ca-4d2d34fa74ab",
        "type": "message",
        "text": "это такое правило?",
        "user": "UFFJ077SL",
        "ts": "1555475633.057500",
        "thread_ts": "1555424143.048400",
        "parent_user_id": "UFFJ077SL"
    },
    {
        "client_msg_id": "4368cdc9-c121-4591-be99-c4cd01260985",
        "type": "message",
        "text": "Да, так повсеместно",
        "user": "UF2MZBKAR",
        "ts": "1555477588.057700",
        "thread_ts": "1555424143.048400",
        "parent_user_id": "UFFJ077SL"
    },
    {
        "client_msg_id": "e7bb0575-3da5-4842-9eab-cdf285dc3676",
        "type": "message",
        "text": "понятно, спасибо )",
        "user": "UFFJ077SL",
        "ts": "1555477642.057900",
        "thread_ts": "1555424143.048400",
        "parent_user_id": "UFFJ077SL"
    },
    {
        "client_msg_id": "afaa99a0-9a29-4c55-8bd8-0c136a079097",
        "type": "message",
        "text": "Не понимаю, что случилось. Все работало отлично. Стал заниматься DateTime и пикером. Но вдруг на PUT запрос в meals сервер стал выдавать \"статус ошибки 500\" и все. То есть создание обновление еды перестало работать. В save() поставил дебаг перед аджаксом. Все пременные в порядке form в т.ч. Все изменения откатил - не помогает. В чем проблема?",
        "user": "UFKR9FT55",
        "ts": "1555484345.061300"
    }
]