[
    {
        "client_msg_id": "0fa32fc7-b4f0-4b48-9856-df0214a284fa",
        "type": "message",
        "text": "<@UE1ULNT9V> При первом патче ругнулся, что один блок из изменений из двух в meals.jsp не применится. Я его закопипастил руками. Правильно сделал или этот блок не нужен (все что ниже блока фильтров)? Да и в блоке фильтров ни каких изменений... Все action на старые контроллеры вместо onclick... Можно проверить первый патч?",
        "user": "UFT7XUWJX",
        "ts": "1554969744.006600",
        "edited": {
            "user": "UFT7XUWJX",
            "ts": "1554970118.000000"
        },
        "thread_ts": "1554969744.006600",
        "reply_count": 5,
        "reply_users_count": 3,
        "latest_reply": "1554973657.009800",
        "reply_users": [
            "UFT7XUWJX",
            "UF954Q6RW",
            "UE1ULNT9V"
        ],
        "replies": [
            {
                "user": "UFT7XUWJX",
                "ts": "1554970187.009000"
            },
            {
                "user": "UF954Q6RW",
                "ts": "1554971169.009200"
            },
            {
                "user": "UFT7XUWJX",
                "ts": "1554971221.009400"
            },
            {
                "user": "UE1ULNT9V",
                "ts": "1554972315.009600"
            },
            {
                "user": "UFT7XUWJX",
                "ts": "1554973657.009800"
            }
        ]
    },
    {
        "client_msg_id": "927d59b2-941f-4ca1-946c-9d605469fa28",
        "type": "message",
        "text": "У кого ещё так? Или у меня одного?",
        "user": "UFT7XUWJX",
        "ts": "1554970187.009000",
        "thread_ts": "1554969744.006600",
        "parent_user_id": "UFT7XUWJX"
    },
    {
        "client_msg_id": "2bba3682-1254-4ee5-8e7f-81c7831e7fb0",
        "type": "message",
        "text": "У меня первый патч применился без вопросов.",
        "user": "UF954Q6RW",
        "ts": "1554971169.009200",
        "thread_ts": "1554969744.006600",
        "parent_user_id": "UFT7XUWJX"
    },
    {
        "client_msg_id": "73d0a1fb-fbb3-4b04-9ca2-2b447b899766",
        "type": "message",
        "text": "Спасибо. Пойду смотреть.",
        "user": "UFT7XUWJX",
        "ts": "1554971221.009400",
        "thread_ts": "1554969744.006600",
        "parent_user_id": "UFT7XUWJX"
    },
    {
        "client_msg_id": "97361a32-7d8b-4c2c-a2a0-7e6c710ab9a3",
        "type": "message",
        "text": "<@UFT7XUWJX> <https:\/\/github.com\/JavaOPs\/topjava\/wiki\/Git#patch-не-накатывается-предлагает-merge>",
        "user": "UE1ULNT9V",
        "ts": "1554972315.009600",
        "thread_ts": "1554969744.006600",
        "parent_user_id": "UFT7XUWJX"
    },
    {
        "client_msg_id": "f89bec6c-68ca-4367-8417-9b0375e8e3f7",
        "type": "message",
        "text": "<@UE1ULNT9V> спасибо. Нашел разницу в 2 символа.",
        "user": "UFT7XUWJX",
        "ts": "1554973657.009800",
        "thread_ts": "1554969744.006600",
        "parent_user_id": "UFT7XUWJX"
    }
]