[
    {
        "client_msg_id": "16f39a5b-04f3-479a-940f-145cc3cf953a",
        "type": "message",
        "text": "а вот почему она не удаляется... )",
        "user": "UFT7XUWJX",
        "ts": "1555103842.001600",
        "thread_ts": "1555103842.001600",
        "reply_count": 2,
        "reply_users_count": 1,
        "latest_reply": "1555104055.001900",
        "reply_users": [
            "UFT7XUWJX"
        ],
        "replies": [
            {
                "user": "UFT7XUWJX",
                "ts": "1555103861.001700"
            },
            {
                "user": "UFT7XUWJX",
                "ts": "1555104055.001900"
            }
        ]
    },
    {
        "client_msg_id": "5743b54a-7831-4626-b1bf-855fc1ab782a",
        "type": "message",
        "text": "там даже в \"сети\" тишина",
        "user": "UFT7XUWJX",
        "ts": "1555103861.001700",
        "thread_ts": "1555103842.001600",
        "parent_user_id": "UFT7XUWJX"
    },
    {
        "client_msg_id": "636b364b-8f84-4c95-9038-41b10479f6bf",
        "type": "message",
        "text": "Вопрос снят.",
        "user": "UFT7XUWJX",
        "ts": "1555104055.001900",
        "thread_ts": "1555103842.001600",
        "parent_user_id": "UFT7XUWJX"
    },
    {
        "client_msg_id": "b2ac2826-5fc8-4539-9585-bd899f92237a",
        "type": "message",
        "text": "Скажите пожалуйста, мы в домашнем задании выносили userId в tr, а сейчас после первых двух патчей он опять в td…",
        "user": "UFFJ077SL",
        "ts": "1555128137.002800",
        "thread_ts": "1555128137.002800",
        "reply_count": 2,
        "reply_users_count": 2,
        "latest_reply": "1555139185.004800",
        "reply_users": [
            "UFT7XUWJX",
            "UFFJ077SL"
        ],
        "replies": [
            {
                "user": "UFT7XUWJX",
                "ts": "1555138895.004600"
            },
            {
                "user": "UFFJ077SL",
                "ts": "1555139185.004800"
            }
        ]
    },
    {
        "client_msg_id": "c1d48332-4bd3-4891-9f79-0d9562a072fc",
        "type": "message",
        "text": "а мы постраничный вывод делать не будем?(",
        "user": "UFFJ077SL",
        "ts": "1555129532.003200",
        "thread_ts": "1555129532.003200",
        "reply_count": 5,
        "reply_users_count": 3,
        "latest_reply": "1555272112.029400",
        "reply_users": [
            "UE1ULNT9V",
            "UFFJ077SL",
            "UFZT3QMU6"
        ],
        "replies": [
            {
                "user": "UE1ULNT9V",
                "ts": "1555148592.007100"
            },
            {
                "user": "UFFJ077SL",
                "ts": "1555150361.007700"
            },
            {
                "user": "UFZT3QMU6",
                "ts": "1555235312.022200"
            },
            {
                "user": "UFFJ077SL",
                "ts": "1555247857.027300"
            },
            {
                "user": "UFZT3QMU6",
                "ts": "1555272112.029400"
            }
        ]
    },
    {
        "client_msg_id": "5a67b4fb-805a-4dfc-ae9a-ad38325d23ce",
        "type": "message",
        "text": "а мы будем как то обрабатывать ошибку 500? Когда мы пытаемся с таким же емейлом добавить юзера в базу",
        "user": "UFFJ077SL",
        "ts": "1555137140.004500",
        "thread_ts": "1555137140.004500",
        "reply_count": 1,
        "reply_users_count": 1,
        "latest_reply": "1555148622.007300",
        "reply_users": [
            "UE1ULNT9V"
        ],
        "replies": [
            {
                "user": "UE1ULNT9V",
                "ts": "1555148622.007300"
            }
        ]
    }
]