[
    {
        "user": "UE1ULNT9V",
        "type": "message",
        "subtype": "channel_join",
        "ts": "1554929110.000200",
        "text": "<@UE1ULNT9V> has joined the channel"
    },
    {
        "user": "UF6HMCG3X",
        "type": "message",
        "subtype": "channel_join",
        "ts": "1554932436.000400",
        "text": "<@UF6HMCG3X> has joined the channel"
    },
    {
        "client_msg_id": "e9918f25-2033-4b34-9f5f-9b39eb4b865e",
        "type": "message",
        "text": "Добро пожаловать на HW9: <https:\/\/github.com\/JavaWebinar\/topjava\/blob\/doc\/doc\/lesson09.md>\nУспехов!",
        "user": "UE1ULNT9V",
        "ts": "1554934295.001300",
        "edited": {
            "user": "UE1ULNT9V",
            "ts": "1554934301.000000"
        }
    },
    {
        "user": "UFQFJRADC",
        "type": "message",
        "subtype": "channel_join",
        "ts": "1554934508.001800",
        "text": "<@UFQFJRADC> has joined the channel"
    },
    {
        "user": "UFJMTDWBY",
        "type": "message",
        "subtype": "channel_join",
        "ts": "1554934558.002000",
        "text": "<@UFJMTDWBY> has joined the channel"
    },
    {
        "user": "UF7MD83EU",
        "type": "message",
        "subtype": "channel_join",
        "ts": "1554934578.002200",
        "text": "<@UF7MD83EU> has joined the channel"
    },
    {
        "user": "UEWSLHBTJ",
        "type": "message",
        "subtype": "channel_join",
        "ts": "1554934587.002400",
        "text": "<@UEWSLHBTJ> has joined the channel"
    },
    {
        "user": "UFVTNRHNK",
        "type": "message",
        "subtype": "channel_join",
        "ts": "1554935192.002600",
        "text": "<@UFVTNRHNK> has joined the channel"
    },
    {
        "user": "UFHCGQ525",
        "type": "message",
        "subtype": "channel_join",
        "ts": "1554936993.002800",
        "text": "<@UFHCGQ525> has joined the channel"
    },
    {
        "user": "UFFJ077SL",
        "type": "message",
        "subtype": "channel_join",
        "ts": "1554942401.003000",
        "text": "<@UFFJ077SL> has joined the channel"
    },
    {
        "user": "UFQT0J4PP",
        "type": "message",
        "subtype": "channel_join",
        "ts": "1554945659.003200",
        "text": "<@UFQT0J4PP> has joined the channel"
    },
    {
        "user": "UF2FGUDPH",
        "type": "message",
        "subtype": "channel_join",
        "ts": "1554951130.003400",
        "text": "<@UF2FGUDPH> has joined the channel"
    },
    {
        "user": "UFRA5FKN3",
        "type": "message",
        "subtype": "channel_join",
        "ts": "1554952112.003600",
        "text": "<@UFRA5FKN3> has joined the channel"
    },
    {
        "user": "UF1DAUJE6",
        "type": "message",
        "subtype": "channel_join",
        "ts": "1554955129.003800",
        "text": "<@UF1DAUJE6> has joined the channel"
    },
    {
        "user": "UF2MZBKAR",
        "type": "message",
        "subtype": "channel_join",
        "ts": "1554955627.004000",
        "text": "<@UF2MZBKAR> has joined the channel"
    },
    {
        "user": "UFKG13683",
        "type": "message",
        "subtype": "channel_join",
        "ts": "1554957301.000200",
        "text": "<@UFKG13683> has joined the channel"
    },
    {
        "user": "UFT7XUWJX",
        "type": "message",
        "subtype": "channel_join",
        "ts": "1554957448.000400",
        "text": "<@UFT7XUWJX> has joined the channel"
    },
    {
        "user": "UFKMGA8S3",
        "type": "message",
        "subtype": "channel_join",
        "ts": "1554958320.000600",
        "text": "<@UFKMGA8S3> has joined the channel"
    },
    {
        "user": "UFZTDP64Q",
        "type": "message",
        "subtype": "channel_join",
        "ts": "1554959517.000800",
        "text": "<@UFZTDP64Q> has joined the channel"
    },
    {
        "user": "UG862J8F8",
        "type": "message",
        "subtype": "channel_join",
        "ts": "1554959879.001000",
        "text": "<@UG862J8F8> has joined the channel"
    },
    {
        "user": "UF8AK4161",
        "type": "message",
        "subtype": "channel_join",
        "ts": "1554959972.001200",
        "text": "<@UF8AK4161> has joined the channel"
    }
]