[
    {
        "client_msg_id": "a0c248d5-519e-45ea-9940-87b5eb329009",
        "type": "message",
        "text": "Никак не соображу - каким образом победить\n&gt;Что за дополнительный параметр (который каждый раз инкрементируется) появляется при запросе datatables данных по ajax (например <http:\/\/localhost:8080\/topjava\/ajax\/admin\/users\/?_=1496156621129>)\nпри редактировании еды",
        "user": "UFUQUNDRP",
        "ts": "1555761085.065600",
        "thread_ts": "1555761085.065600",
        "reply_count": 3,
        "reply_users_count": 2,
        "latest_reply": "1555866415.067100",
        "reply_users": [
            "UE1ULNT9V",
            "UFUQUNDRP"
        ],
        "replies": [
            {
                "user": "UE1ULNT9V",
                "ts": "1555761556.065700"
            },
            {
                "user": "UFUQUNDRP",
                "ts": "1555761711.066000"
            },
            {
                "user": "UFUQUNDRP",
                "ts": "1555866415.067100"
            }
        ]
    },
    {
        "client_msg_id": "78f91956-97c5-4c62-b533-26d859827978",
        "type": "message",
        "text": "1. в вопросах урока есть про параметр\n2. а что ты хочешь победить:)??",
        "user": "UE1ULNT9V",
        "ts": "1555761556.065700",
        "edited": {
            "user": "UE1ULNT9V",
            "ts": "1555761567.000000"
        },
        "thread_ts": "1555761085.065600",
        "parent_user_id": "UFUQUNDRP"
    },
    {
        "client_msg_id": "ba2ed201-9c68-4605-8ee9-934525b4b9aa",
        "type": "message",
        "text": "Это я из вопросов и скопировал. Победить ошибку 405, т.к. при таком адресе запроса (с доп. параметром) еда не редактируется.",
        "user": "UFUQUNDRP",
        "ts": "1555761711.066000",
        "thread_ts": "1555761085.065600",
        "parent_user_id": "UFUQUNDRP"
    },
    {
        "client_msg_id": "a1d3deea-7b8c-48e2-992c-e3debea831ad",
        "type": "message",
        "text": "Любопытно, как случай 2 проверить в тестах (список пользователей). Страница ведь отдается с 200 OK, в браузере только AJAX запрос статус 403 возвращает.",
        "user": "UFUQUNDRP",
        "ts": "1555764221.066200",
        "thread_ts": "1555141022.006500",
        "parent_user_id": "UFPRT4B28"
    },
    {
        "client_msg_id": "2ffdd2f8-4f92-4006-b040-cad79cf1d2d6",
        "type": "message",
        "text": "Тестами на уровне сервисов получается только?",
        "user": "UFUQUNDRP",
        "ts": "1555764332.066400",
        "thread_ts": "1555141022.006500",
        "parent_user_id": "UFPRT4B28"
    },
    {
        "client_msg_id": "6a23c9bf-41ab-419e-97ee-6f5b069faf68",
        "type": "message",
        "text": "мы же rest тестируем",
        "user": "UE1ULNT9V",
        "ts": "1555774183.066600",
        "thread_ts": "1555141022.006500",
        "parent_user_id": "UFPRT4B28"
    }
]