[
    {
        "user": "UE1ULNT9V",
        "type": "message",
        "subtype": "channel_join",
        "ts": "1549550031.000200",
        "text": "<@UE1ULNT9V> has joined the channel"
    },
    {
        "user": "UE1ULNT9V",
        "type": "message",
        "subtype": "channel_purpose",
        "ts": "1549550032.000300",
        "text": "<@UE1ULNT9V> set the channel purpose: Изменения в проекте",
        "purpose": "Изменения в проекте"
    },
    {
        "user": "UG1T909RD",
        "type": "message",
        "subtype": "app_conversation_join",
        "ts": "1549550074.000500",
        "text": "<@UG1T909RD> was added to this conversation",
        "inviter": "UE1ULNT9V"
    },
    {
        "type": "message",
        "text": "\/github subscribe list",
        "user": "UE1ULNT9V",
        "ts": "1549550207.001100"
    },
    {
        "bot_id": "BG11Y5LSH",
        "type": "message",
        "text": "",
        "user": "UG1T909RD",
        "ts": "1549550207.001200",
        "attachments": [
            {
                "fallback": "Not subscribed to any repositories or accounts",
                "title": "Not subscribed to any repositories or accounts",
                "id": 1,
                "color": "24292f"
            }
        ]
    },
    {
        "bot_id": "BG11Y5LSH",
        "type": "message",
        "text": "",
        "user": "UG1T909RD",
        "ts": "1549550259.001400",
        "attachments": [
            {
                "text": "Subscribed to <https:\/\/github.com\/JavaWebinar\/topjava|JavaWebinar\/topjava>",
                "id": 1,
                "color": "24292f",
                "fallback": "Subscribed to <https:\/\/github.com\/JavaWebinar\/topjava|JavaWebinar\/topjava>"
            }
        ]
    },
    {
        "type": "message",
        "text": "\/github subscribe list",
        "user": "UE1ULNT9V",
        "ts": "1549550291.001500"
    },
    {
        "bot_id": "BG11Y5LSH",
        "type": "message",
        "text": "",
        "user": "UG1T909RD",
        "ts": "1549550291.001600",
        "attachments": [
            {
                "fallback": "Subscribed to 1 repository",
                "text": "<https:\/\/github.com\/JavaWebinar\/topjava|JavaWebinar\/topjava>",
                "title": "Subscribed to the following repositories",
                "id": 1,
                "color": "24292f"
            }
        ]
    },
    {
        "user": "UFDAYTBB4",
        "type": "message",
        "subtype": "channel_join",
        "ts": "1549554986.001800",
        "text": "<@UFDAYTBB4> has joined the channel"
    },
    {
        "user": "UG105SZ89",
        "type": "message",
        "subtype": "channel_join",
        "ts": "1549601052.000200",
        "text": "<@UG105SZ89> has joined the channel"
    }
]