[
    {
        "bot_id": "BG28CBL6A",
        "type": "message",
        "text": "",
        "user": "UG1T909RD",
        "ts": "1551358239.000100",
        "attachments": [
            {
                "author_name": "JavaWebinar",
                "fallback": "[JavaWebinar\/topjava] <https:\/\/github.com\/JavaWebinar\/topjava\/compare\/307c8560c989...f07d093f35d3|9 new commits> pushed to <https:\/\/github.com\/JavaWebinar\/topjava\/tree\/master|`master`>",
                "text": "*<https:\/\/github.com\/JavaWebinar\/topjava\/compare\/307c8560c989...f07d093f35d3|9 new commits> pushed to <https:\/\/github.com\/JavaWebinar\/topjava\/tree\/master|`master`>*\n<https:\/\/github.com\/JavaWebinar\/topjava\/commit\/e83a79a1c1ea2cb948cfa12ef3922f65d9bff8cc|`e83a79a1`> - Add github tools integration\n<https:\/\/github.com\/JavaWebinar\/topjava\/commit\/501d86f7135b22178420346770f1b54ebb189b31|`501d86f7`> - 4_1_HW3\n<https:\/\/github.com\/JavaWebinar\/topjava\/commit\/24b67244ebe92c3db17e6ccd061b0957143f983a|`24b67244`> - 4_2_HW3_optional\n<https:\/\/github.com\/JavaWebinar\/topjava\/commit\/77df28d8b1a4ed8ddccfd9cb45091d0601e18981|`77df28d8`> - 4_3_improve_code\n<https:\/\/github.com\/JavaWebinar\/topjava\/commit\/ace73f62b984ff78e8a3b477784de1c15ce4672e|`ace73f62`> - 4_4_init_and_populate_db\n<https:\/\/github.com\/JavaWebinar\/topjava\/commit\/451592732b3bb96014c06e0eecafa54557a5d3e4|`45159273`> - 4_5_create_inmemory_test_ctx\n<https:\/\/github.com\/JavaWebinar\/topjava\/commit\/2d379dbd47718437d7142f4ec8cca116f59676b5|`2d379dbd`> - 4_6_add_jpa\n<https:\/\/github.com\/JavaWebinar\/topjava\/commit\/fbb580aff7db0978e53cbea06c045f7275823190|`fbb580af`> - 4_7_add_named_query_and_transaction\n<https:\/\/github.com\/JavaWebinar\/topjava\/commit\/f07d093f35d36feb9ec60b95322b4208c6fd7213|`f07d093f`> - 4_8_add_hsqldb",
                "footer": "<https:\/\/github.com\/JavaWebinar\/topjava|JavaWebinar\/topjava>",
                "id": 1,
                "author_link": "https:\/\/github.com\/JavaWebinar",
                "author_icon": "https:\/\/avatars1.githubusercontent.com\/u\/11200258?v=4",
                "color": "24292f",
                "mrkdwn_in": [
                    "text"
                ]
            }
        ]
    }
]