[
    {
        "bot_id": "BG28CBL6A",
        "type": "message",
        "text": "",
        "user": "UG1T909RD",
        "ts": "1555012995.000400",
        "attachments": [
            {
                "author_name": "JavaWebinar",
                "fallback": "[JavaWebinar\/topjava] <https:\/\/github.com\/JavaWebinar\/topjava\/compare\/2759599c9539...d0ae4c290439|12 new commits> pushed to <https:\/\/github.com\/JavaWebinar\/topjava\/tree\/master|`master`>",
                "text": "*<https:\/\/github.com\/JavaWebinar\/topjava\/compare\/2759599c9539...d0ae4c290439|12 new commits> pushed to <https:\/\/github.com\/JavaWebinar\/topjava\/tree\/master|`master`>*\n<https:\/\/github.com\/JavaWebinar\/topjava\/commit\/3c47d4dc41619c4cc346c7aeb3e1de78732459cb|`3c47d4dc`> - 9_01_HW8\n<https:\/\/github.com\/JavaWebinar\/topjava\/commit\/a80c3625bfc7d662a38968d12555b14dcf9f76ee|`a80c3625`> - 9_02_HW8_clear_filter\n<https:\/\/github.com\/JavaWebinar\/topjava\/commit\/76fbc87b9bd7fc371cdf5a359885adde1612ca93|`76fbc87b`> - 9_03_HW8_enable_disable\n<https:\/\/github.com\/JavaWebinar\/topjava\/commit\/d49a37bb3d83441c6bd9e80868d2e59a046a7ca6|`d49a37bb`> - 9_04_binding\n<https:\/\/github.com\/JavaWebinar\/topjava\/commit\/64363299b30e1777384aa47a7ad559680919afef|`64363299`> - 9_05_update\n<https:\/\/github.com\/JavaWebinar\/topjava\/commit\/84256b29759b802f50f95ad57b00cc97617ef998|`84256b29`> - 9_06_validation\n<https:\/\/github.com\/JavaWebinar\/topjava\/commit\/894b011b407655d02e96b8645a1ca04258fe08d7|`894b011b`> - 9_07_datatable_via_ajax\n<https:\/\/github.com\/JavaWebinar\/topjava\/commit\/4c8036af9656f4194cc3d3d542ada30746003343|`4c8036af`> - 9_08_js_i18n\n<https:\/\/github.com\/JavaWebinar\/topjava\/commit\/dfc4a9aedada2c18f5773e383166a4e068e98285|`dfc4a9ae`> - 9_09_min_form_login\n<https:\/\/github.com\/JavaWebinar\/topjava\/commit\/3b78057e69a70f05a18d77857cf4cbf303269705|`3b78057e`> - 9_10_jsp_form_login\n<https:\/\/github.com\/JavaWebinar\/topjava\/commit\/dc814fcce87deb2d3e8cf2ca5b9d13c2c5ad25c1|`dc814fcc`> - 9_11_auth_via_user_service\n<https:\/\/github.com\/JavaWebinar\/topjava\/commit\/d0ae4c2904395d013c3a2ce6a4b3e56a7926d7f7|`d0ae4c29`> - 9_12_spring_security_test",
                "footer": "<https:\/\/github.com\/JavaWebinar\/topjava|JavaWebinar\/topjava>",
                "id": 1,
                "author_link": "https:\/\/github.com\/JavaWebinar",
                "author_icon": "https:\/\/avatars1.githubusercontent.com\/u\/11200258?v=4",
                "color": "24292f",
                "mrkdwn_in": [
                    "text"
                ]
            }
        ]
    }
]