[
    {
        "bot_id": "BG28CBL6A",
        "type": "message",
        "text": "",
        "user": "UG1T909RD",
        "ts": "1551955654.000300",
        "attachments": [
            {
                "author_name": "JavaWebinar",
                "fallback": "[JavaWebinar\/topjava] <https:\/\/github.com\/JavaWebinar\/topjava\/compare\/f07d093f35d3...7d850c519ac2|9 new commits> pushed to <https:\/\/github.com\/JavaWebinar\/topjava\/tree\/master|`master`>",
                "text": "*<https:\/\/github.com\/JavaWebinar\/topjava\/compare\/f07d093f35d3...7d850c519ac2|9 new commits> pushed to <https:\/\/github.com\/JavaWebinar\/topjava\/tree\/master|`master`>*\n<https:\/\/github.com\/JavaWebinar\/topjava\/commit\/d84e26819e7b7beec7007355d0bbf70be4bd8c30|`d84e2681`> - 5_0_jdk_11\n<https:\/\/github.com\/JavaWebinar\/topjava\/commit\/ed3cfc1f724e969a6671e1fb603f3f7bfba1ec70|`ed3cfc1f`> - 5_1_HW4\n<https:\/\/github.com\/JavaWebinar\/topjava\/commit\/24bd63e9a2e96820e79f3deb1b05f4ef3e135024|`24bd63e9`> - 5_2_fix_hibernate_issue\n<https:\/\/github.com\/JavaWebinar\/topjava\/commit\/1ec143359ec54f612c461c287706adcbfb70f01e|`1ec14335`> - 5_3_HW4_optional\n<https:\/\/github.com\/JavaWebinar\/topjava\/commit\/a8a149569430f9638e6122b3e67bd9a313fef33a|`a8a14956`> - 5_4_log_colored\n<https:\/\/github.com\/JavaWebinar\/topjava\/commit\/193de1bc3179eafe9c7054b106854eac4f0d94b4|`193de1bc`> - 5_5_profiles_connection_pool\n<https:\/\/github.com\/JavaWebinar\/topjava\/commit\/094393a0ea674dac44d889adbc1af613d3bab72a|`094393a0`> - 5_6_profile_resolver\n<https:\/\/github.com\/JavaWebinar\/topjava\/commit\/19d8fd1ca89d33251b26783793d0406bd337c35c|`19d8fd1c`> - 5_7_spring_data_jpa\n<https:\/\/github.com\/JavaWebinar\/topjava\/commit\/7d850c519ac22901ef7d4a410b5a6c2304b0901a|`7d850c51`> - 5_8_spring_cache",
                "footer": "<https:\/\/github.com\/JavaWebinar\/topjava|JavaWebinar\/topjava>",
                "id": 1,
                "author_link": "https:\/\/github.com\/JavaWebinar",
                "author_icon": "https:\/\/avatars1.githubusercontent.com\/u\/11200258?v=4",
                "color": "24292f",
                "mrkdwn_in": [
                    "text"
                ]
            }
        ]
    }
]