[
    {
        "bot_id": "BG28CBL6A",
        "type": "message",
        "text": "",
        "user": "UG1T909RD",
        "ts": "1556012738.000200",
        "attachments": [
            {
                "author_name": "dimio",
                "fallback": "[JavaWebinar\/topjava] #5 Update lesson10.md",
                "text": "\"Ajax\" controllers renamed to \"UI\" controllers.",
                "pretext": "Pull request opened by dimio",
                "title": "#5 Update lesson10.md",
                "footer": "<https:\/\/github.com\/JavaWebinar\/topjava|JavaWebinar\/topjava>",
                "id": 1,
                "title_link": "https:\/\/github.com\/JavaWebinar\/topjava\/pull\/5",
                "author_link": "https:\/\/github.com\/dimio",
                "author_icon": "https:\/\/avatars2.githubusercontent.com\/u\/170239?v=4",
                "ts": 1556012730,
                "color": "36a64f",
                "mrkdwn_in": [
                    "text"
                ]
            }
        ]
    }
]