[
    {
        "user": "UEQL1L1JS",
        "type": "message",
        "subtype": "channel_join",
        "ts": "1550085990.000200",
        "text": "<@UEQL1L1JS> has joined the channel"
    },
    {
        "bot_id": "BG28CBL6A",
        "type": "message",
        "text": "",
        "user": "UG1T909RD",
        "ts": "1550117385.000100",
        "attachments": [
            {
                "author_name": "andrewSchukin",
                "fallback": "[JavaWebinar\/topjava] #4 Doc",
                "pretext": "Pull request opened by andrewSchukin",
                "title": "#4 Doc",
                "footer": "<https:\/\/github.com\/JavaWebinar\/topjava|JavaWebinar\/topjava>",
                "id": 1,
                "title_link": "https:\/\/github.com\/JavaWebinar\/topjava\/pull\/4",
                "author_link": "https:\/\/github.com\/andrewSchukin",
                "author_icon": "https:\/\/avatars0.githubusercontent.com\/u\/45987675?v=4",
                "ts": 1550117383,
                "color": "36a64f",
                "mrkdwn_in": [
                    "text"
                ]
            }
        ]
    },
    {
        "bot_id": "BG28CBL6A",
        "type": "message",
        "text": "",
        "user": "UG1T909RD",
        "ts": "1550117405.000200",
        "attachments": [
            {
                "fallback": "[JavaWebinar\/topjava] #4 Doc",
                "pretext": "Pull request closed by andrewSchukin",
                "title": "#4 Doc",
                "footer": "<https:\/\/github.com\/JavaWebinar\/topjava|JavaWebinar\/topjava>",
                "id": 1,
                "title_link": "https:\/\/github.com\/JavaWebinar\/topjava\/pull\/4",
                "ts": 1550117383,
                "color": "cb2431",
                "mrkdwn_in": [
                    "text"
                ]
            }
        ]
    },
    {
        "bot_id": "BG28CBL6A",
        "type": "message",
        "text": "",
        "user": "UG1T909RD",
        "ts": "1550117411.000300",
        "attachments": [
            {
                "fallback": "[JavaWebinar\/topjava] #4 Doc",
                "pretext": "Pull request reopened by andrewSchukin",
                "title": "#4 Doc",
                "footer": "<https:\/\/github.com\/JavaWebinar\/topjava|JavaWebinar\/topjava>",
                "id": 1,
                "title_link": "https:\/\/github.com\/JavaWebinar\/topjava\/pull\/4",
                "ts": 1550117383,
                "color": "36a64f",
                "mrkdwn_in": [
                    "text"
                ]
            }
        ]
    }
]