[
    {
        "bot_id": "BG28CBL6A",
        "type": "message",
        "text": "",
        "user": "UG1T909RD",
        "ts": "1550742955.000100",
        "attachments": [
            {
                "author_name": "JavaWebinar",
                "fallback": "[JavaWebinar\/topjava] <https:\/\/github.com\/JavaWebinar\/topjava\/compare\/22059c6a6e17...307c8560c989|13 new commits> pushed to <https:\/\/github.com\/JavaWebinar\/topjava\/tree\/master|`master`>",
                "text": "*<https:\/\/github.com\/JavaWebinar\/topjava\/compare\/22059c6a6e17...307c8560c989|13 new commits> pushed to <https:\/\/github.com\/JavaWebinar\/topjava\/tree\/master|`master`>*\n<https:\/\/github.com\/JavaWebinar\/topjava\/commit\/ae376edffbe8544e50b6baa84ca6e356c65ef37a|`ae376edf`> - 3_01_HW2_repository\n<https:\/\/github.com\/JavaWebinar\/topjava\/commit\/ba0c7a2329016e118350eab6a4b9f463847625b2|`ba0c7a23`> - 3_02_HW2_meal_layers\n<https:\/\/github.com\/JavaWebinar\/topjava\/commit\/6c9c7ef8b8e4b22e6505d8fa8b6d47ebe8639a2c|`6c9c7ef8`> - 3_03_HW2_optional_MealServlet\n<https:\/\/github.com\/JavaWebinar\/topjava\/commit\/6518ab785fbca74e0a41b9a3189d6d2e27a6b033|`6518ab78`> - 3_04_HW2_optional_filter\n<https:\/\/github.com\/JavaWebinar\/topjava\/commit\/8a722d5055f326f04d7cf60408b84ce9a3727151|`8a722d50`> - 3_05_HW2_optional_select_user\n<https:\/\/github.com\/JavaWebinar\/topjava\/commit\/a8ed84eeace6035c36c7ae416cf585ddef6a57e4|`a8ed84ee`> - 3_06_bean_life_cycle\n<https:\/\/github.com\/JavaWebinar\/topjava\/commit\/8090c96a81ff080138e4d2938aba9727395fe2aa|`8090c96a`> - 3_07_add_junit\n<https:\/\/github.com\/JavaWebinar\/topjava\/commit\/20b7c6722f4cb6cea15b71d88cc11c13cd74ba5c|`20b7c672`> - 3_08_add_spring_test\n<https:\/\/github.com\/JavaWebinar\/topjava\/commit\/8006c0797e172189c969f8b75b8e9bb653717d67|`8006c079`> - 3_09_add_postgresql\n<https:\/\/github.com\/JavaWebinar\/topjava\/commit\/4eeababfc37418065172585b101f7f87dc88b182|`4eeababf`> - 3_10_db_implementation\n<https:\/\/github.com\/JavaWebinar\/topjava\/commit\/fe65b9ba8e5736f2dcbcd2947609aa6ecdf2dc05|`fe65b9ba`> - 3_11_test_UserService\n<https:\/\/github.com\/JavaWebinar\/topjava\/commit\/4238e517df2311899944a57c80b7835f3c16c866|`4238e517`> - 3_12_test_logging\n<https:\/\/github.com\/JavaWebinar\/topjava\/commit\/307c8560c9890df1dbd91f5e3205164ac3d28b4e|`307c8560`> - 3_13_fix_servlet",
                "footer": "<https:\/\/github.com\/JavaWebinar\/topjava|JavaWebinar\/topjava>",
                "id": 1,
                "author_link": "https:\/\/github.com\/JavaWebinar",
                "author_icon": "https:\/\/avatars1.githubusercontent.com\/u\/11200258?v=4",
                "color": "24292f",
                "mrkdwn_in": [
                    "text"
                ]
            }
        ]
    },
    {
        "user": "UG862J8F8",
        "type": "message",
        "subtype": "channel_join",
        "ts": "1550743142.000300",
        "text": "<@UG862J8F8> has joined the channel"
    },
    {
        "user": "UF1DAUJE6",
        "type": "message",
        "subtype": "channel_join",
        "ts": "1550743146.000500",
        "text": "<@UF1DAUJE6> has joined the channel"
    },
    {
        "user": "UFBHB8PFS",
        "type": "message",
        "subtype": "channel_join",
        "ts": "1550743236.000700",
        "text": "<@UFBHB8PFS> has joined the channel"
    },
    {
        "user": "UFR6VRXL3",
        "type": "message",
        "subtype": "channel_join",
        "ts": "1550743242.000900",
        "text": "<@UFR6VRXL3> has joined the channel"
    },
    {
        "user": "UFALPSH7D",
        "type": "message",
        "subtype": "channel_join",
        "ts": "1550743525.001100",
        "text": "<@UFALPSH7D> has joined the channel"
    },
    {
        "user": "UFWU4LKK3",
        "type": "message",
        "subtype": "channel_join",
        "ts": "1550744045.001300",
        "text": "<@UFWU4LKK3> has joined the channel"
    },
    {
        "user": "UF4EWJ9N3",
        "type": "message",
        "subtype": "channel_join",
        "ts": "1550744744.001500",
        "text": "<@UF4EWJ9N3> has joined the channel"
    },
    {
        "user": "UFTLU8L02",
        "type": "message",
        "subtype": "channel_join",
        "ts": "1550745501.001700",
        "text": "<@UFTLU8L02> has joined the channel"
    },
    {
        "client_msg_id": "1fa8df2a-6adf-48ca-b920-b19da081b6ed",
        "type": "message",
        "text": "Это что? :sweat_smile:",
        "user": "UFT7XUWJX",
        "ts": "1550765869.003300"
    },
    {
        "client_msg_id": "d3953cdb-8434-4475-95ee-a60a8c094640",
        "type": "message",
        "text": "Полагаю, история изменений проекта.",
        "user": "UFW2XS0HX",
        "ts": "1550767620.003800",
        "edited": {
            "user": "UFW2XS0HX",
            "ts": "1550767627.000000"
        }
    },
    {
        "type": "message",
        "text": "Хотя я обычно просматриваю её так:",
        "files": [
            {
                "id": "FGCFK3EAC",
                "created": 1550767838,
                "timestamp": 1550767838,
                "name": "image.png",
                "title": "Pasted image at 2019-02-21, 7:50 PM",
                "mimetype": "image\/png",
                "filetype": "png",
                "pretty_type": "PNG",
                "user": "UFW2XS0HX",
                "editable": false,
                "size": 179172,
                "mode": "hosted",
                "is_external": false,
                "external_type": "",
                "is_public": true,
                "public_url_shared": false,
                "display_as_bot": false,
                "username": "",
                "url_private": "https:\/\/files.slack.com\/files-pri\/TE09AK9BK-FGCFK3EAC\/image.png?t=xoxe-476316655393-618179035285-606757826531-bd1c7b831233e0d053294a8f47715ef5",
                "url_private_download": "https:\/\/files.slack.com\/files-pri\/TE09AK9BK-FGCFK3EAC\/download\/image.png?t=xoxe-476316655393-618179035285-606757826531-bd1c7b831233e0d053294a8f47715ef5",
                "thumb_64": "https:\/\/files.slack.com\/files-tmb\/TE09AK9BK-FGCFK3EAC-c8b9eeaae0\/image_64.png?t=xoxe-476316655393-618179035285-606757826531-bd1c7b831233e0d053294a8f47715ef5",
                "thumb_80": "https:\/\/files.slack.com\/files-tmb\/TE09AK9BK-FGCFK3EAC-c8b9eeaae0\/image_80.png?t=xoxe-476316655393-618179035285-606757826531-bd1c7b831233e0d053294a8f47715ef5",
                "thumb_360": "https:\/\/files.slack.com\/files-tmb\/TE09AK9BK-FGCFK3EAC-c8b9eeaae0\/image_360.png?t=xoxe-476316655393-618179035285-606757826531-bd1c7b831233e0d053294a8f47715ef5",
                "thumb_360_w": 360,
                "thumb_360_h": 112,
                "thumb_480": "https:\/\/files.slack.com\/files-tmb\/TE09AK9BK-FGCFK3EAC-c8b9eeaae0\/image_480.png?t=xoxe-476316655393-618179035285-606757826531-bd1c7b831233e0d053294a8f47715ef5",
                "thumb_480_w": 480,
                "thumb_480_h": 150,
                "thumb_160": "https:\/\/files.slack.com\/files-tmb\/TE09AK9BK-FGCFK3EAC-c8b9eeaae0\/image_160.png?t=xoxe-476316655393-618179035285-606757826531-bd1c7b831233e0d053294a8f47715ef5",
                "thumb_720": "https:\/\/files.slack.com\/files-tmb\/TE09AK9BK-FGCFK3EAC-c8b9eeaae0\/image_720.png?t=xoxe-476316655393-618179035285-606757826531-bd1c7b831233e0d053294a8f47715ef5",
                "thumb_720_w": 720,
                "thumb_720_h": 225,
                "thumb_800": "https:\/\/files.slack.com\/files-tmb\/TE09AK9BK-FGCFK3EAC-c8b9eeaae0\/image_800.png?t=xoxe-476316655393-618179035285-606757826531-bd1c7b831233e0d053294a8f47715ef5",
                "thumb_800_w": 800,
                "thumb_800_h": 250,
                "thumb_960": "https:\/\/files.slack.com\/files-tmb\/TE09AK9BK-FGCFK3EAC-c8b9eeaae0\/image_960.png?t=xoxe-476316655393-618179035285-606757826531-bd1c7b831233e0d053294a8f47715ef5",
                "thumb_960_w": 960,
                "thumb_960_h": 300,
                "thumb_1024": "https:\/\/files.slack.com\/files-tmb\/TE09AK9BK-FGCFK3EAC-c8b9eeaae0\/image_1024.png?t=xoxe-476316655393-618179035285-606757826531-bd1c7b831233e0d053294a8f47715ef5",
                "thumb_1024_w": 1024,
                "thumb_1024_h": 320,
                "image_exif_rotation": 1,
                "original_w": 1919,
                "original_h": 599,
                "permalink": "https:\/\/topjava16.slack.com\/files\/UFW2XS0HX\/FGCFK3EAC\/image.png",
                "permalink_public": "https:\/\/slack-files.com\/TE09AK9BK-FGCFK3EAC-1f4f6df89c",
                "has_rich_preview": false
            }
        ],
        "upload": true,
        "user": "UFW2XS0HX",
        "display_as_bot": false,
        "ts": "1550767846.004200"
    }
]