[
    {
        "bot_id": "BG28CBL6A",
        "type": "message",
        "text": "",
        "user": "UG1T909RD",
        "ts": "1550134426.000100",
        "attachments": [
            {
                "author_name": "JavaWebinar",
                "fallback": "[JavaWebinar\/topjava] <https:\/\/github.com\/JavaWebinar\/topjava\/compare\/d5ee464e4479...22059c6a6e17|7 new commits> pushed to <https:\/\/github.com\/JavaWebinar\/topjava\/tree\/master|`master`>",
                "text": "*<https:\/\/github.com\/JavaWebinar\/topjava\/compare\/d5ee464e4479...22059c6a6e17|7 new commits> pushed to <https:\/\/github.com\/JavaWebinar\/topjava\/tree\/master|`master`>*\n<https:\/\/github.com\/JavaWebinar\/topjava\/commit\/cc1fae6f8080b653bc517a36af0e95627305306b|`cc1fae6f`> - 2_1_HW1\n<https:\/\/github.com\/JavaWebinar\/topjava\/commit\/cb247994c3847bd398066bdd63f83620397c8058|`cb247994`> - 2_2_HW1_optional\n<https:\/\/github.com\/JavaWebinar\/topjava\/commit\/00055a3564586d7b54ee3f243e05f710188c091e|`00055a35`> - 2_3_app_layers\n<https:\/\/github.com\/JavaWebinar\/topjava\/commit\/68de2fe0dd55649f88012c8417aa9f3229ce2f2c|`68de2fe0`> - 2_4_add_spring_context\n<https:\/\/github.com\/JavaWebinar\/topjava\/commit\/b1e19d94efd09d6b9dced5582f077147f636120f|`b1e19d94`> - 2_5_dependency_injection\n<https:\/\/github.com\/JavaWebinar\/topjava\/commit\/d7497bcfddc65bcb6dfa459093e11dddc73f0b85|`d7497bcf`> - 2_6_annotation_processing\n<https:\/\/github.com\/JavaWebinar\/topjava\/commit\/22059c6a6e179c1da300497a4328a26cee629524|`22059c6a`> - 2_7_constructor_injection",
                "footer": "<https:\/\/github.com\/JavaWebinar\/topjava|JavaWebinar\/topjava>",
                "id": 1,
                "author_link": "https:\/\/github.com\/JavaWebinar",
                "author_icon": "https:\/\/avatars1.githubusercontent.com\/u\/11200258?v=4",
                "color": "24292f",
                "mrkdwn_in": [
                    "text"
                ]
            }
        ]
    }
]