[
    {
        "bot_id": "BG28CBL6A",
        "type": "message",
        "text": "",
        "user": "UG1T909RD",
        "ts": "1554408271.000300",
        "attachments": [
            {
                "author_name": "JavaWebinar",
                "fallback": "[JavaWebinar\/topjava] <https:\/\/github.com\/JavaWebinar\/topjava\/compare\/e73133adab61...2759599c9539|10 new commits> pushed to <https:\/\/github.com\/JavaWebinar\/topjava\/tree\/master|`master`>",
                "text": "*<https:\/\/github.com\/JavaWebinar\/topjava\/compare\/e73133adab61...2759599c9539|10 new commits> pushed to <https:\/\/github.com\/JavaWebinar\/topjava\/tree\/master|`master`>*\n<https:\/\/github.com\/JavaWebinar\/topjava\/commit\/64ba9c3c4bef5cd671fbb2ae86cad313110ccce6|`64ba9c3c`> - 8_01_HW07_controller_test\n<https:\/\/github.com\/JavaWebinar\/topjava\/commit\/ddc2ea6906aac9ddac578f3efe099f74f1b68389|`ddc2ea69`> - 8_02_HW07_rest_controller\n<https:\/\/github.com\/JavaWebinar\/topjava\/commit\/16a8d6896b175e04c5c1a6d125ba3212f464976e|`16a8d689`> - 8_03_HW07_formatters\n<https:\/\/github.com\/JavaWebinar\/topjava\/commit\/8d0a8baea0582b28af4ffc1d7bc064df80369e0b|`8d0a8bae`> - 8_04_HW07_soapui_curl\n<https:\/\/github.com\/JavaWebinar\/topjava\/commit\/0171ba5e1f7e0b18b11c2e2232f110831864bbf4|`0171ba5e`> - 8_05_webjars\n<https:\/\/github.com\/JavaWebinar\/topjava\/commit\/949a2399f875a1b6f8455eba30fa0315e74d640e|`949a2399`> - 8_06_bootstrap4\n<https:\/\/github.com\/JavaWebinar\/topjava\/commit\/3f020a25c06af45d57ad570a9e3ebec4eb2765a8|`3f020a25`> - 8_07_ajax_datatables\n<https:\/\/github.com\/JavaWebinar\/topjava\/commit\/89d5eea3197f381e65e350971ad00a08c2b71414|`89d5eea3`> - 8_08_refactor_js\n<https:\/\/github.com\/JavaWebinar\/topjava\/commit\/3ac54243d6daf1b4a2e09f78fee33449d5898f23|`3ac54243`> - 8_09_notification\n<https:\/\/github.com\/JavaWebinar\/topjava\/commit\/2759599c9539d448664f66bc36f681d89f616459|`2759599c`> - 8_10_add_rest_security",
                "footer": "<https:\/\/github.com\/JavaWebinar\/topjava|JavaWebinar\/topjava>",
                "id": 1,
                "author_link": "https:\/\/github.com\/JavaWebinar",
                "author_icon": "https:\/\/avatars1.githubusercontent.com\/u\/11200258?v=4",
                "color": "24292f",
                "mrkdwn_in": [
                    "text"
                ]
            }
        ]
    }
]