[
    {
        "bot_id": "BG28CBL6A",
        "type": "message",
        "text": "",
        "user": "UG1T909RD",
        "ts": "1552770455.000600",
        "attachments": [
            {
                "author_name": "JavaWebinar",
                "fallback": "[JavaWebinar\/topjava] <https:\/\/github.com\/JavaWebinar\/topjava\/compare\/7d850c519ac2...6a332847447c|15 new commits> pushed to <https:\/\/github.com\/JavaWebinar\/topjava\/tree\/master|`master`>",
                "text": "*<https:\/\/github.com\/JavaWebinar\/topjava\/compare\/7d850c519ac2...6a332847447c|15 new commits> pushed to <https:\/\/github.com\/JavaWebinar\/topjava\/tree\/master|`master`>*\n<https:\/\/github.com\/JavaWebinar\/topjava\/commit\/f9fdcb58a806702f19a38bacf1a8284d157573de|`f9fdcb58`> - 6_01_HW5_data_jpa\n<https:\/\/github.com\/JavaWebinar\/topjava\/commit\/13d3dbd818f5e6aa865c820e77ade40192fdd7b6|`13d3dbd8`> - 6_02_HW5_profile_test\n<https:\/\/github.com\/JavaWebinar\/topjava\/commit\/e77f06615f4b5dd9629dedd1381449ca632f7da7|`e77f0661`> - 6_03_extract_rules\n<https:\/\/github.com\/JavaWebinar\/topjava\/commit\/34f86f35b59d90ab4f975eee499591906c6526ae|`34f86f35`> - 6_04_HW5_optional_fix_jdbc_profiles\n<https:\/\/github.com\/JavaWebinar\/topjava\/commit\/ca8901a049e04e5d3f9af17affabd1e7be6471c6|`ca8901a0`> - 6_05_update_hsqldb\n<https:\/\/github.com\/JavaWebinar\/topjava\/commit\/af1b012fbeafea2a3380229aabee090b15823fa6|`af1b012f`> - 6_06_HW5_optional_fetch_join\n<https:\/\/github.com\/JavaWebinar\/topjava\/commit\/f47503569df3c934bf6e2c1a02d3d4e3d35b7be2|`f4750356`> - 6_07_HW5_graph_batch_size\n<https:\/\/github.com\/JavaWebinar\/topjava\/commit\/4159c20a0e8c71ae2c4302fbc479e296264d6f93|`4159c20a`> - 6_08_add_test_validation\n<https:\/\/github.com\/JavaWebinar\/topjava\/commit\/80287040ba13a06ef33dc6ec46c79c32918c9a7b|`80287040`> - 6_09_hibernate_cache\n<https:\/\/github.com\/JavaWebinar\/topjava\/commit\/93b86271175c163c2b1caeba0812a02bac9e3227|`93b86271`> - 6_10_cascade_ddl\n<https:\/\/github.com\/JavaWebinar\/topjava\/commit\/d4357b2893c965c5aea245dea63ef0bc3cba5ebf|`d4357b28`> - 6_11_spring_web\n<https:\/\/github.com\/JavaWebinar\/topjava\/commit\/1ed436b82870af11ef345d1100f4a0a353159439|`1ed436b8`> - 6_12_jsp_jstl_i18n\n<https:\/\/github.com\/JavaWebinar\/topjava\/commit\/58fd7d4b319846ec8910c79b176c3712a14ae287|`58fd7d4b`> - 6_13_tomcat_pool_jndi_cargo\n<https:\/\/github.com\/JavaWebinar\/topjava\/commit\/300b9d0f3a3a4792478c255df0c6dee3d051fbc7|`300b9d0f`> - 6_14_spring_webmvc\n<https:\/\/github.com\/JavaWebinar\/topjava\/commit\/6a332847447cc4a0ec0d01ec738507d774a22e9a|`6a332847`> - 6_15_spring_i18n",
                "footer": "<https:\/\/github.com\/JavaWebinar\/topjava|JavaWebinar\/topjava>",
                "id": 1,
                "author_link": "https:\/\/github.com\/JavaWebinar",
                "author_icon": "https:\/\/avatars1.githubusercontent.com\/u\/11200258?v=4",
                "color": "24292f",
                "mrkdwn_in": [
                    "text"
                ]
            }
        ]
    },
    {
        "bot_id": "BG28CBL6A",
        "type": "message",
        "text": "",
        "user": "UG1T909RD",
        "ts": "1552770513.000700",
        "attachments": [
            {
                "author_name": "JavaWebinar",
                "fallback": "[JavaWebinar\/topjava] <https:\/\/github.com\/JavaWebinar\/topjava\/compare\/6a332847447c...3c6e25edb88e|1 new commit> pushed to <https:\/\/github.com\/JavaWebinar\/topjava\/tree\/master|`master`>",
                "text": "*<https:\/\/github.com\/JavaWebinar\/topjava\/compare\/6a332847447c...3c6e25edb88e|1 new commit> pushed to <https:\/\/github.com\/JavaWebinar\/topjava\/tree\/master|`master`>*\n<https:\/\/github.com\/JavaWebinar\/topjava\/commit\/3c6e25edb88e43f06d4b475220f4ea3c14222915|`3c6e25ed`> - Fix readme schedule",
                "footer": "<https:\/\/github.com\/JavaWebinar\/topjava|JavaWebinar\/topjava>",
                "id": 1,
                "author_link": "https:\/\/github.com\/JavaWebinar",
                "author_icon": "https:\/\/avatars1.githubusercontent.com\/u\/11200258?v=4",
                "color": "24292f",
                "mrkdwn_in": [
                    "text"
                ]
            }
        ]
    }
]