[
    {
        "id": "CE0N2JS92",
        "name": "random",
        "created": "1541954285",
        "creator": "UE1ULNT9V",
        "is_archived": false,
        "is_general": false,
        "members": [
            "UE1ULNT9V",
            "UELE85CTB",
            "UENRTQN91",
            "UEUQW0BJ5",
            "UEUTPR8KW",
            "UF0MYABQQ",
            "UF1DTEC9Z",
            "UF1KY1EQY",
            "UF2JE861M",
            "UF2LKNV70",
            "UF2MZBKAR",
            "UF3JGRQSX",
            "UF6HMCG3X",
            "UF7MD83EU",
            "UF7PBMCF4",
            "UF8AK4161",
            "UFDAYTBB4",
            "UFF1JGE9H",
            "UFH1T9S1Y",
            "UFNTGKS5D",
            "UFQT0J4PP",
            "UFS7494J3",
            "UFTJAG1J4",
            "UFU5XFS5D",
            "UFZ5HCA3Z",
            "UG105SZ89",
            "UGLLHPNR2"
        ],
        "topic": {
            "value": "Non-work banter and water cooler conversation",
            "creator": "UE1ULNT9V",
            "last_set": "1541954285"
        },
        "purpose": {
            "value": "A place for non-work-related flimflam, faffing, hodge-podge or jibber-jabber you'd prefer to keep out of more focused work-related channels.",
            "creator": "UE1ULNT9V",
            "last_set": "1541954285"
        }
    },
    {
        "id": "CE0TNKL4A",
        "name": "git",
        "created": "1541959364",
        "creator": "UE1ULNT9V",
        "is_archived": false,
        "is_general": false,
        "members": [
            "UE1ULNT9V",
            "UEGA07L65",
            "UEH76E0SV",
            "UELAS5TEC",
            "UELE85CTB",
            "UEM7QC9D3",
            "UEN44AAUV",
            "UEN6PGZA9",
            "UEN7N2QA3",
            "UEN94LF41",
            "UENRTQN91",
            "UEP1D26AC",
            "UEPA6TUHL",
            "UEPB7T97C",
            "UEPDLHM5J",
            "UEPGQAKRA",
            "UEPH5LANR",
            "UEQF2C2T0",
            "UEQL1L1JS",
            "UERCRCF6D",
            "UERDM12SG",
            "UESABQHBK",
            "UEUFBC345",
            "UEUQW0BJ5",
            "UEUTPR8KW",
            "UEV29TXPC",
            "UEVD69P5H",
            "UEVEE31NW",
            "UEVJMQ469",
            "UEVKEDESZ",
            "UEVT82MNC",
            "UEWSLHBTJ",
            "UEWUS547K",
            "UEXSG2830",
            "UEY47RCQZ",
            "UEZ18NXN2",
            "UEZ1LSXC6",
            "UEZVBBE8Y",
            "UF0AK9QP7",
            "UF0FX00Q0",
            "UF0JZEDAM",
            "UF0LBEZED",
            "UF0MYABQQ",
            "UF0MYJ8U9",
            "UF0Q50M55",
            "UF0RL1TND",
            "UF0RTMJGZ",
            "UF0TPH881",
            "UF10HLRMW",
            "UF1347E2V",
            "UF149KJ91",
            "UF17BBALS",
            "UF17GRPHQ",
            "UF190DLKE",
            "UF1AQV2QJ",
            "UF1BKGBM1",
            "UF1BZ2NQ2",
            "UF1D6C6AF",
            "UF1D75EG5",
            "UF1DAUJE6",
            "UF1DTEC9Z",
            "UF1DTET53",
            "UF1EPHMU7",
            "UF1FZFA8G",
            "UF1GVNMRS",
            "UF1KY1EQY",
            "UF1LBPMT9",
            "UF1N81ZC2",
            "UF1PDKV37",
            "UF1SX1KST",
            "UF21PJZ7T",
            "UF28QH3D5",
            "UF28S8AA3",
            "UF28UD423",
            "UF29KSHSM",
            "UF2DKJB7Z",
            "UF2FGUDPH",
            "UF2JE861M",
            "UF2K3B9P0",
            "UF2LEDB37",
            "UF2LKNV70",
            "UF2MZBKAR",
            "UF2QCAWUE",
            "UF2RAAJCF",
            "UF3052LNN",
            "UF30R0G6L",
            "UF30Z1F8W",
            "UF32F95K9",
            "UF3BP78SF",
            "UF3EALTPC",
            "UF3JGRQSX",
            "UF3K6JADT",
            "UF44A0V3K",
            "UF48J4AH4",
            "UF49VUDHR",
            "UF4AL5F1U",
            "UF4D5RXAN",
            "UF4EAAVJP",
            "UF4EWJ9N3",
            "UF4M5BG3X",
            "UF4MNKN4D",
            "UF4ND5A4S",
            "UF523F939",
            "UF5T95Y7Q",
            "UF659SC66",
            "UF6CRCVPW",
            "UF6HMCG3X",
            "UF75GT750",
            "UF77H5G5R",
            "UF7AQSA9Y",
            "UF7KD6TGV",
            "UF7MD83EU",
            "UF7PBMCF4",
            "UF833T0P2",
            "UF8AK4161",
            "UF91H1Y7Q",
            "UF954Q6RW",
            "UF99MJGKU",
            "UF9DY819B",
            "UF9NZ8Q8J",
            "UF9TTSN0L",
            "UFA0AFYAZ",
            "UFA1BA7AM",
            "UFAG403GE",
            "UFAL6KZH8",
            "UFALPSH7D",
            "UFAP0PTV4",
            "UFATU8YHM",
            "UFB18J10A",
            "UFB2HKGS1",
            "UFBA1SS4W",
            "UFBHB8PFS",
            "UFBKFSU6Q",
            "UFBKJAN87",
            "UFC19KSSJ",
            "UFC4S6TBM",
            "UFC55KC1X",
            "UFC6N9PQW",
            "UFCJPCJ4U",
            "UFCLX1D4K",
            "UFCNBBCFJ",
            "UFD4AAC3X",
            "UFDAYTBB4",
            "UFE4U2FL5",
            "UFE740823",
            "UFE7TR83Z",
            "UFEDSMCF9",
            "UFEL4QC76",
            "UFETR8NR5",
            "UFF1JGE9H",
            "UFFJ077SL",
            "UFFN1KKT4",
            "UFG902L7Q",
            "UFGTW4BJS",
            "UFH076L5T",
            "UFH1T9S1Y",
            "UFH4DH4P2",
            "UFHBYDGL9",
            "UFHCGQ525",
            "UFHM1JVEK",
            "UFJ544W1J",
            "UFJBMRL7K",
            "UFJCHS6RE",
            "UFJJL4USF",
            "UFJM88NSF",
            "UFJMTDWBY",
            "UFKA9M309",
            "UFKG13683",
            "UFKGC2Q6L",
            "UFKLLLP1A",
            "UFKMGA8S3",
            "UFKNK1SBG",
            "UFKQ3T6AG",
            "UFKR9FT55",
            "UFKVBDLBV",
            "UFL6M7PR9",
            "UFLF9KU0Y",
            "UFLKE29QW",
            "UFLMGC3PW",
            "UFLMKGE5A",
            "UFM61AMHA",
            "UFMAVCYKB",
            "UFMGDSVM4",
            "UFN9VNRED",
            "UFNFYPX2T",
            "UFNHJMTE2",
            "UFNNR6DQE",
            "UFNTGKS5D",
            "UFNTL4QV9",
            "UFP0T1Y79",
            "UFP7PTM99",
            "UFP8P9N6M",
            "UFPB4FETA",
            "UFPCSUE4R",
            "UFPL22Z5E",
            "UFPM2CVDK",
            "UFPN54N0L",
            "UFPRT4B28",
            "UFPTYMH1S",
            "UFPV5FPLK",
            "UFQ0B3V0S",
            "UFQ35BUP4",
            "UFQ3M3ASC",
            "UFQ7PQN3A",
            "UFQC67TED",
            "UFQD9FPRB",
            "UFQFJRADC",
            "UFQPYE27N",
            "UFQSJ17NY",
            "UFQT0J4PP",
            "UFR02QJ1J",
            "UFR0844ER",
            "UFR6VRXL3",
            "UFR80FHMK",
            "UFRA06J1F",
            "UFRA5FKN3",
            "UFRA83K2B",
            "UFRALHF9Q",
            "UFRB208HL",
            "UFRGFS848",
            "UFRHXGDGC",
            "UFRK0S3F0",
            "UFRKBEP9S",
            "UFRKF0ZBR",
            "UFRNGAYP2",
            "UFRTDA9NF",
            "UFS44Q1JS",
            "UFS7494J3",
            "UFS7914A0",
            "UFSAMJEBW",
            "UFSNM9BND",
            "UFSPCA7L7",
            "UFT2GA1FU",
            "UFT4L3F51",
            "UFT6NDE8G",
            "UFT7XUWJX",
            "UFTDWAU4D",
            "UFTEY6H27",
            "UFTJAG1J4",
            "UFTLU8L02",
            "UFTRTFWPK",
            "UFTSGQ7U5",
            "UFU237K1A",
            "UFU3VNM9N",
            "UFU4FJ9GF",
            "UFU4H443U",
            "UFU5MPXHS",
            "UFU5X3HMJ",
            "UFU5XFS5D",
            "UFU6UEZB5",
            "UFU72SLNB",
            "UFU8UQFK7",
            "UFU9C81QW",
            "UFUA3RR0R",
            "UFUN39SNM",
            "UFUQUNDRP",
            "UFUR4DEQ0",
            "UFUUBBVEU",
            "UFV6YGMUL",
            "UFV8SCN0H",
            "UFVFFR2TF",
            "UFVG5Q7S6",
            "UFVHE37J6",
            "UFVJ4064D",
            "UFVN63TRT",
            "UFVQW8RD2",
            "UFVQWFQHM",
            "UFVSVBWRY",
            "UFVTNRHNK",
            "UFVVD60NT",
            "UFW2XS0HX",
            "UFWE2NMAA",
            "UFWFV6VH7",
            "UFWJ43TPE",
            "UFWL4245A",
            "UFWM2ABC5",
            "UFWM740FM",
            "UFWMRGRGA",
            "UFWQHQV1Q",
            "UFWU4LKK3",
            "UFWUL08HJ",
            "UFX085HUL",
            "UFX7Z1NUD",
            "UFXC11HGD",
            "UFXEV6U6P",
            "UFXM66D6X",
            "UFXTZQA06",
            "UFY7K22SU",
            "UFY7ZFGKC",
            "UFYAHQYFK",
            "UFZ0AEPLK",
            "UFZ5HCA3Z",
            "UFZT3QMU6",
            "UFZTDP64Q",
            "UG105SZ89",
            "UG10EBMS7",
            "UG134KF0U",
            "UG14FF5UJ",
            "UG14RQY8P",
            "UG1CFU1PU",
            "UG1GVBUF9",
            "UG2UHV0KF",
            "UG38QBKEE",
            "UG7DGHXCZ",
            "UG7FH7022",
            "UG862J8F8",
            "UG92VFWFR",
            "UG9618Y2X",
            "UG9FHC7HC",
            "UG9V34MD0",
            "UGA08PGQZ",
            "UGA28DLGK",
            "UGA7KL5SB",
            "UGA7LKYM8",
            "UGAHBMADU",
            "UGAP317EJ",
            "UGBESR3T6",
            "UGDK2U073",
            "UGDR5KPJT",
            "UGERVCAH1",
            "UGF1G2ZCN",
            "UGF5GF125",
            "UGF8RP9RB",
            "UGH4L7TCL",
            "UGJ2CFRCY",
            "UGKBP19QT",
            "UGLLHPNR2",
            "UGNP0R32T",
            "UGPSFAK4Y",
            "UGR4ZMED8",
            "UGW0NTE7N",
            "UH0SY898F",
            "UH2NQ2QGJ",
            "UH5T8NCTZ",
            "UHHP7CQBG",
            "UHHU0DHJA",
            "UHNENHQJU",
            "UHR94GW77"
        ],
        "topic": {
            "value": "",
            "creator": "",
            "last_set": "0"
        },
        "purpose": {
            "value": "",
            "creator": "",
            "last_set": "0"
        }
    },
    {
        "id": "CE0TNPC0J",
        "name": "idea",
        "created": "1541959396",
        "creator": "UE1ULNT9V",
        "is_archived": false,
        "is_general": false,
        "members": [
            "UE1ULNT9V",
            "UEGA07L65",
            "UEH76E0SV",
            "UELAS5TEC",
            "UELE85CTB",
            "UEM7QC9D3",
            "UEN44AAUV",
            "UEN6PGZA9",
            "UEN7N2QA3",
            "UEN94LF41",
            "UENRTQN91",
            "UEP1D26AC",
            "UEPA6TUHL",
            "UEPB7T97C",
            "UEPDLHM5J",
            "UEPGQAKRA",
            "UEPH5LANR",
            "UEQF2C2T0",
            "UEQL1L1JS",
            "UERCRCF6D",
            "UERDM12SG",
            "UESABQHBK",
            "UEUFBC345",
            "UEUQW0BJ5",
            "UEUTPR8KW",
            "UEV29TXPC",
            "UEVD69P5H",
            "UEVEE31NW",
            "UEVJMQ469",
            "UEVKEDESZ",
            "UEVT82MNC",
            "UEWSLHBTJ",
            "UEWUS547K",
            "UEXSG2830",
            "UEY47RCQZ",
            "UEZ18NXN2",
            "UEZ1LSXC6",
            "UEZVBBE8Y",
            "UF0AK9QP7",
            "UF0FX00Q0",
            "UF0JZEDAM",
            "UF0LBEZED",
            "UF0MYABQQ",
            "UF0MYJ8U9",
            "UF0Q50M55",
            "UF0RL1TND",
            "UF0RTMJGZ",
            "UF0TPH881",
            "UF10HLRMW",
            "UF1347E2V",
            "UF149KJ91",
            "UF17BBALS",
            "UF17GRPHQ",
            "UF190DLKE",
            "UF1AQV2QJ",
            "UF1BKGBM1",
            "UF1BZ2NQ2",
            "UF1D6C6AF",
            "UF1D75EG5",
            "UF1DAUJE6",
            "UF1DTEC9Z",
            "UF1DTET53",
            "UF1EPHMU7",
            "UF1FZFA8G",
            "UF1GVNMRS",
            "UF1KY1EQY",
            "UF1LBPMT9",
            "UF1N81ZC2",
            "UF1PDKV37",
            "UF1SX1KST",
            "UF21PJZ7T",
            "UF28QH3D5",
            "UF28S8AA3",
            "UF28UD423",
            "UF29KSHSM",
            "UF2DKJB7Z",
            "UF2FGUDPH",
            "UF2JE861M",
            "UF2K3B9P0",
            "UF2LEDB37",
            "UF2LKNV70",
            "UF2MZBKAR",
            "UF2QCAWUE",
            "UF2RAAJCF",
            "UF3052LNN",
            "UF30R0G6L",
            "UF30Z1F8W",
            "UF32F95K9",
            "UF3BP78SF",
            "UF3EALTPC",
            "UF3JGRQSX",
            "UF3K6JADT",
            "UF44A0V3K",
            "UF48J4AH4",
            "UF49VUDHR",
            "UF4AL5F1U",
            "UF4D5RXAN",
            "UF4EAAVJP",
            "UF4EWJ9N3",
            "UF4M5BG3X",
            "UF4MNKN4D",
            "UF4ND5A4S",
            "UF523F939",
            "UF5T95Y7Q",
            "UF659SC66",
            "UF6CRCVPW",
            "UF6HMCG3X",
            "UF75GT750",
            "UF77H5G5R",
            "UF7AQSA9Y",
            "UF7KD6TGV",
            "UF7MD83EU",
            "UF7PBMCF4",
            "UF833T0P2",
            "UF8AK4161",
            "UF91H1Y7Q",
            "UF954Q6RW",
            "UF99MJGKU",
            "UF9DY819B",
            "UF9NZ8Q8J",
            "UF9TTSN0L",
            "UFA0AFYAZ",
            "UFA1BA7AM",
            "UFAG403GE",
            "UFAL6KZH8",
            "UFALPSH7D",
            "UFAP0PTV4",
            "UFATU8YHM",
            "UFB18J10A",
            "UFB2HKGS1",
            "UFBA1SS4W",
            "UFBHB8PFS",
            "UFBKFSU6Q",
            "UFBKJAN87",
            "UFC19KSSJ",
            "UFC4S6TBM",
            "UFC55KC1X",
            "UFC6N9PQW",
            "UFCJPCJ4U",
            "UFCLX1D4K",
            "UFCNBBCFJ",
            "UFD4AAC3X",
            "UFDAYTBB4",
            "UFE4U2FL5",
            "UFE740823",
            "UFE7TR83Z",
            "UFEDSMCF9",
            "UFEL4QC76",
            "UFETR8NR5",
            "UFF1JGE9H",
            "UFFJ077SL",
            "UFFN1KKT4",
            "UFG902L7Q",
            "UFGTW4BJS",
            "UFH076L5T",
            "UFH1T9S1Y",
            "UFH4DH4P2",
            "UFHBYDGL9",
            "UFHCGQ525",
            "UFHM1JVEK",
            "UFJ544W1J",
            "UFJBMRL7K",
            "UFJCHS6RE",
            "UFJJL4USF",
            "UFJM88NSF",
            "UFJMTDWBY",
            "UFKA9M309",
            "UFKG13683",
            "UFKGC2Q6L",
            "UFKLLLP1A",
            "UFKMGA8S3",
            "UFKNK1SBG",
            "UFKQ3T6AG",
            "UFKR9FT55",
            "UFKVBDLBV",
            "UFL6M7PR9",
            "UFLF9KU0Y",
            "UFLKE29QW",
            "UFLMGC3PW",
            "UFLMKGE5A",
            "UFM61AMHA",
            "UFMAVCYKB",
            "UFMGDSVM4",
            "UFN9VNRED",
            "UFNFYPX2T",
            "UFNHJMTE2",
            "UFNNR6DQE",
            "UFNTGKS5D",
            "UFNTL4QV9",
            "UFP0T1Y79",
            "UFP7PTM99",
            "UFP8P9N6M",
            "UFPB4FETA",
            "UFPCSUE4R",
            "UFPL22Z5E",
            "UFPM2CVDK",
            "UFPN54N0L",
            "UFPRT4B28",
            "UFPTYMH1S",
            "UFPV5FPLK",
            "UFQ0B3V0S",
            "UFQ35BUP4",
            "UFQ3M3ASC",
            "UFQ7PQN3A",
            "UFQC67TED",
            "UFQD9FPRB",
            "UFQFJRADC",
            "UFQPYE27N",
            "UFQSJ17NY",
            "UFQT0J4PP",
            "UFR02QJ1J",
            "UFR0844ER",
            "UFR6VRXL3",
            "UFR80FHMK",
            "UFRA06J1F",
            "UFRA5FKN3",
            "UFRA83K2B",
            "UFRALHF9Q",
            "UFRB208HL",
            "UFRGFS848",
            "UFRHXGDGC",
            "UFRK0S3F0",
            "UFRKBEP9S",
            "UFRKF0ZBR",
            "UFRNGAYP2",
            "UFRTDA9NF",
            "UFS44Q1JS",
            "UFS7494J3",
            "UFS7914A0",
            "UFSAMJEBW",
            "UFSNM9BND",
            "UFSPCA7L7",
            "UFT2GA1FU",
            "UFT4L3F51",
            "UFT6NDE8G",
            "UFT7XUWJX",
            "UFTDWAU4D",
            "UFTEY6H27",
            "UFTJAG1J4",
            "UFTLU8L02",
            "UFTRTFWPK",
            "UFTSGQ7U5",
            "UFU237K1A",
            "UFU3VNM9N",
            "UFU4FJ9GF",
            "UFU4H443U",
            "UFU5MPXHS",
            "UFU5X3HMJ",
            "UFU5XFS5D",
            "UFU6UEZB5",
            "UFU72SLNB",
            "UFU8UQFK7",
            "UFU9C81QW",
            "UFUA3RR0R",
            "UFUN39SNM",
            "UFUQUNDRP",
            "UFUR4DEQ0",
            "UFUUBBVEU",
            "UFV6YGMUL",
            "UFV8SCN0H",
            "UFVFFR2TF",
            "UFVG5Q7S6",
            "UFVHE37J6",
            "UFVJ4064D",
            "UFVN63TRT",
            "UFVQW8RD2",
            "UFVQWFQHM",
            "UFVSVBWRY",
            "UFVTNRHNK",
            "UFVVD60NT",
            "UFW2XS0HX",
            "UFWE2NMAA",
            "UFWFV6VH7",
            "UFWJ43TPE",
            "UFWL4245A",
            "UFWM2ABC5",
            "UFWM740FM",
            "UFWMRGRGA",
            "UFWQHQV1Q",
            "UFWU4LKK3",
            "UFWUL08HJ",
            "UFX085HUL",
            "UFX7Z1NUD",
            "UFXC11HGD",
            "UFXEV6U6P",
            "UFXM66D6X",
            "UFXTZQA06",
            "UFY7K22SU",
            "UFY7ZFGKC",
            "UFYAHQYFK",
            "UFZ0AEPLK",
            "UFZ5HCA3Z",
            "UFZT3QMU6",
            "UFZTDP64Q",
            "UG105SZ89",
            "UG10EBMS7",
            "UG134KF0U",
            "UG14FF5UJ",
            "UG14RQY8P",
            "UG1CFU1PU",
            "UG1GVBUF9",
            "UG2UHV0KF",
            "UG38QBKEE",
            "UG7DGHXCZ",
            "UG7FH7022",
            "UG862J8F8",
            "UG92VFWFR",
            "UG9618Y2X",
            "UG9FHC7HC",
            "UG9V34MD0",
            "UGA08PGQZ",
            "UGA28DLGK",
            "UGA7KL5SB",
            "UGA7LKYM8",
            "UGAHBMADU",
            "UGAP317EJ",
            "UGBESR3T6",
            "UGDK2U073",
            "UGDR5KPJT",
            "UGERVCAH1",
            "UGF1G2ZCN",
            "UGF5GF125",
            "UGF8RP9RB",
            "UGH4L7TCL",
            "UGJ2CFRCY",
            "UGKBP19QT",
            "UGLLHPNR2",
            "UGNP0R32T",
            "UGPSFAK4Y",
            "UGR4ZMED8",
            "UGW0NTE7N",
            "UH0SY898F",
            "UH2NQ2QGJ",
            "UH5T8NCTZ",
            "UHHP7CQBG",
            "UHHU0DHJA",
            "UHNENHQJU",
            "UHR94GW77"
        ],
        "topic": {
            "value": "",
            "creator": "",
            "last_set": "0"
        },
        "purpose": {
            "value": "",
            "creator": "",
            "last_set": "0"
        }
    },
    {
        "id": "CE13KJKFX",
        "name": "general",
        "created": "1541954284",
        "creator": "UE1ULNT9V",
        "is_archived": false,
        "is_general": true,
        "members": [
            "UE1ULNT9V",
            "UEGA07L65",
            "UEH76E0SV",
            "UELAS5TEC",
            "UELE85CTB",
            "UEM7QC9D3",
            "UEN44AAUV",
            "UEN6PGZA9",
            "UEN7N2QA3",
            "UEN94LF41",
            "UENRTQN91",
            "UEP1D26AC",
            "UEPA6TUHL",
            "UEPB7T97C",
            "UEPDLHM5J",
            "UEPGQAKRA",
            "UEPH5LANR",
            "UEQF2C2T0",
            "UEQL1L1JS",
            "UERCRCF6D",
            "UERDM12SG",
            "UESABQHBK",
            "UEUFBC345",
            "UEUQW0BJ5",
            "UEUTPR8KW",
            "UEV29TXPC",
            "UEVD69P5H",
            "UEVEE31NW",
            "UEVJMQ469",
            "UEVKEDESZ",
            "UEVT82MNC",
            "UEWSLHBTJ",
            "UEWUS547K",
            "UEXSG2830",
            "UEY47RCQZ",
            "UEZ18NXN2",
            "UEZ1LSXC6",
            "UEZVBBE8Y",
            "UF0AK9QP7",
            "UF0FX00Q0",
            "UF0JZEDAM",
            "UF0LBEZED",
            "UF0MYABQQ",
            "UF0MYJ8U9",
            "UF0Q50M55",
            "UF0RL1TND",
            "UF0RTMJGZ",
            "UF0TPH881",
            "UF10HLRMW",
            "UF1347E2V",
            "UF149KJ91",
            "UF17BBALS",
            "UF17GRPHQ",
            "UF190DLKE",
            "UF1AQV2QJ",
            "UF1BKGBM1",
            "UF1BZ2NQ2",
            "UF1D6C6AF",
            "UF1D75EG5",
            "UF1DAUJE6",
            "UF1DTEC9Z",
            "UF1DTET53",
            "UF1EPHMU7",
            "UF1FZFA8G",
            "UF1GVNMRS",
            "UF1KY1EQY",
            "UF1LBPMT9",
            "UF1N81ZC2",
            "UF1PDKV37",
            "UF1SX1KST",
            "UF21PJZ7T",
            "UF28QH3D5",
            "UF28S8AA3",
            "UF28UD423",
            "UF29KSHSM",
            "UF2DKJB7Z",
            "UF2FGUDPH",
            "UF2JE861M",
            "UF2K3B9P0",
            "UF2LEDB37",
            "UF2LKNV70",
            "UF2MZBKAR",
            "UF2PXFBBR",
            "UF2QCAWUE",
            "UF2RAAJCF",
            "UF3052LNN",
            "UF30R0G6L",
            "UF30Z1F8W",
            "UF32F95K9",
            "UF3BP78SF",
            "UF3EALTPC",
            "UF3JGRQSX",
            "UF3K6JADT",
            "UF44A0V3K",
            "UF48J4AH4",
            "UF49VUDHR",
            "UF4AL5F1U",
            "UF4D5RXAN",
            "UF4EAAVJP",
            "UF4EWJ9N3",
            "UF4M5BG3X",
            "UF4MNKN4D",
            "UF4ND5A4S",
            "UF523F939",
            "UF5T95Y7Q",
            "UF659SC66",
            "UF6CRCVPW",
            "UF6HMCG3X",
            "UF75GT750",
            "UF77H5G5R",
            "UF7AQSA9Y",
            "UF7KD6TGV",
            "UF7MD83EU",
            "UF7PBMCF4",
            "UF833T0P2",
            "UF8AK4161",
            "UF91H1Y7Q",
            "UF954Q6RW",
            "UF99MJGKU",
            "UF9DY819B",
            "UF9NZ8Q8J",
            "UF9TTSN0L",
            "UFA0AFYAZ",
            "UFA1BA7AM",
            "UFAG403GE",
            "UFAL6KZH8",
            "UFALPSH7D",
            "UFAP0PTV4",
            "UFATU8YHM",
            "UFB18J10A",
            "UFB2HKGS1",
            "UFBA1SS4W",
            "UFBHB8PFS",
            "UFBKFSU6Q",
            "UFBKJAN87",
            "UFC19KSSJ",
            "UFC4S6TBM",
            "UFC55KC1X",
            "UFC6N9PQW",
            "UFCJPCJ4U",
            "UFCLX1D4K",
            "UFCNBBCFJ",
            "UFD4AAC3X",
            "UFDAYTBB4",
            "UFE4U2FL5",
            "UFE740823",
            "UFE7TR83Z",
            "UFEDSMCF9",
            "UFEL4QC76",
            "UFETR8NR5",
            "UFF1JGE9H",
            "UFFJ077SL",
            "UFFN1KKT4",
            "UFG902L7Q",
            "UFGTW4BJS",
            "UFH076L5T",
            "UFH1T9S1Y",
            "UFH4DH4P2",
            "UFHBYDGL9",
            "UFHCGQ525",
            "UFHM1JVEK",
            "UFJ544W1J",
            "UFJBMRL7K",
            "UFJCHS6RE",
            "UFJJL4USF",
            "UFJM88NSF",
            "UFJMTDWBY",
            "UFKA9M309",
            "UFKG13683",
            "UFKGC2Q6L",
            "UFKLLLP1A",
            "UFKMGA8S3",
            "UFKNK1SBG",
            "UFKQ3T6AG",
            "UFKR9FT55",
            "UFKVBDLBV",
            "UFL6M7PR9",
            "UFLF9KU0Y",
            "UFLKE29QW",
            "UFLMGC3PW",
            "UFLMKGE5A",
            "UFM61AMHA",
            "UFMAVCYKB",
            "UFMGDSVM4",
            "UFN9VNRED",
            "UFNFYPX2T",
            "UFNHJMTE2",
            "UFNNR6DQE",
            "UFNTGKS5D",
            "UFNTL4QV9",
            "UFP0T1Y79",
            "UFP7PTM99",
            "UFP8P9N6M",
            "UFPB4FETA",
            "UFPCSUE4R",
            "UFPL22Z5E",
            "UFPM2CVDK",
            "UFPN54N0L",
            "UFPRT4B28",
            "UFPTYMH1S",
            "UFPV5FPLK",
            "UFQ0B3V0S",
            "UFQ35BUP4",
            "UFQ3M3ASC",
            "UFQ7PQN3A",
            "UFQC67TED",
            "UFQD9FPRB",
            "UFQFJRADC",
            "UFQPYE27N",
            "UFQSJ17NY",
            "UFQT0J4PP",
            "UFR02QJ1J",
            "UFR0844ER",
            "UFR6VRXL3",
            "UFR80FHMK",
            "UFRA06J1F",
            "UFRA5FKN3",
            "UFRA83K2B",
            "UFRALHF9Q",
            "UFRB208HL",
            "UFRGFS848",
            "UFRHXGDGC",
            "UFRK0S3F0",
            "UFRKBEP9S",
            "UFRKF0ZBR",
            "UFRNGAYP2",
            "UFRTDA9NF",
            "UFS44Q1JS",
            "UFS7494J3",
            "UFS7914A0",
            "UFSAMJEBW",
            "UFSNM9BND",
            "UFSPCA7L7",
            "UFT2GA1FU",
            "UFT4L3F51",
            "UFT6NDE8G",
            "UFT7XUWJX",
            "UFTDWAU4D",
            "UFTEY6H27",
            "UFTJAG1J4",
            "UFTLU8L02",
            "UFTRTFWPK",
            "UFTSGQ7U5",
            "UFU237K1A",
            "UFU3VNM9N",
            "UFU4FJ9GF",
            "UFU4H443U",
            "UFU5MPXHS",
            "UFU5X3HMJ",
            "UFU5XFS5D",
            "UFU6UEZB5",
            "UFU72SLNB",
            "UFU8UQFK7",
            "UFU9C81QW",
            "UFUA3RR0R",
            "UFUN39SNM",
            "UFUQUNDRP",
            "UFUR4DEQ0",
            "UFUUBBVEU",
            "UFV6YGMUL",
            "UFV8SCN0H",
            "UFVFFR2TF",
            "UFVG5Q7S6",
            "UFVHE37J6",
            "UFVJ4064D",
            "UFVN63TRT",
            "UFVQW8RD2",
            "UFVQWFQHM",
            "UFVSVBWRY",
            "UFVTNRHNK",
            "UFVVD60NT",
            "UFW2XS0HX",
            "UFWE2NMAA",
            "UFWFV6VH7",
            "UFWJ43TPE",
            "UFWL4245A",
            "UFWM2ABC5",
            "UFWM740FM",
            "UFWMRGRGA",
            "UFWQHQV1Q",
            "UFWU4LKK3",
            "UFWUL08HJ",
            "UFX085HUL",
            "UFX7Z1NUD",
            "UFXC11HGD",
            "UFXEV6U6P",
            "UFXM66D6X",
            "UFXTZQA06",
            "UFY7K22SU",
            "UFY7ZFGKC",
            "UFYAHQYFK",
            "UFZ0AEPLK",
            "UFZ5HCA3Z",
            "UFZT3QMU6",
            "UFZTDP64Q",
            "UG105SZ89",
            "UG10EBMS7",
            "UG134KF0U",
            "UG14FF5UJ",
            "UG14RQY8P",
            "UG1CFU1PU",
            "UG1GVBUF9",
            "UG2UHV0KF",
            "UG38QBKEE",
            "UG7DGHXCZ",
            "UG7FH7022",
            "UG862J8F8",
            "UG92VFWFR",
            "UG9618Y2X",
            "UG9FHC7HC",
            "UG9V34MD0",
            "UGA08PGQZ",
            "UGA28DLGK",
            "UGA7KL5SB",
            "UGA7LKYM8",
            "UGAHBMADU",
            "UGAP317EJ",
            "UGBESR3T6",
            "UGDK2U073",
            "UGDR5KPJT",
            "UGERVCAH1",
            "UGF1G2ZCN",
            "UGF5GF125",
            "UGF8RP9RB",
            "UGH4L7TCL",
            "UGJ2CFRCY",
            "UGKBP19QT",
            "UGLLHPNR2",
            "UGNP0R32T",
            "UGPSFAK4Y",
            "UGR4ZMED8",
            "UGW0NTE7N",
            "UH0SY898F",
            "UH2NQ2QGJ",
            "UH5T8NCTZ",
            "UHHP7CQBG",
            "UHHU0DHJA",
            "UHNENHQJU",
            "UHR94GW77"
        ],
        "topic": {
            "value": "Company-wide announcements and work-based matters",
            "creator": "UE1ULNT9V",
            "last_set": "1541954284"
        },
        "purpose": {
            "value": "This channel is for workspace-wide communication and announcements. All members are in this channel.",
            "creator": "UE1ULNT9V",
            "last_set": "1541954284"
        }
    },
    {
        "id": "CE1V5RT63",
        "name": "hw0",
        "created": "1541959356",
        "creator": "UE1ULNT9V",
        "is_archived": false,
        "is_general": false,
        "members": [
            "UE1ULNT9V",
            "UEGA07L65",
            "UEH76E0SV",
            "UELAS5TEC",
            "UELE85CTB",
            "UEM7QC9D3",
            "UEN44AAUV",
            "UEN6PGZA9",
            "UEN7N2QA3",
            "UEN94LF41",
            "UENRTQN91",
            "UEP1D26AC",
            "UEPA6TUHL",
            "UEPB7T97C",
            "UEPDLHM5J",
            "UEPGQAKRA",
            "UEPH5LANR",
            "UEQF2C2T0",
            "UEQL1L1JS",
            "UERCRCF6D",
            "UERDM12SG",
            "UESABQHBK",
            "UEUFBC345",
            "UEUQW0BJ5",
            "UEUTPR8KW",
            "UEV29TXPC",
            "UEVD69P5H",
            "UEVEE31NW",
            "UEVJMQ469",
            "UEVKEDESZ",
            "UEVT82MNC",
            "UEWSLHBTJ",
            "UEWUS547K",
            "UEXSG2830",
            "UEY47RCQZ",
            "UEZ18NXN2",
            "UEZ1LSXC6",
            "UEZVBBE8Y",
            "UF0AK9QP7",
            "UF0FX00Q0",
            "UF0JZEDAM",
            "UF0LBEZED",
            "UF0MYABQQ",
            "UF0MYJ8U9",
            "UF0Q50M55",
            "UF0RL1TND",
            "UF0RTMJGZ",
            "UF0TPH881",
            "UF10HLRMW",
            "UF1347E2V",
            "UF149KJ91",
            "UF17BBALS",
            "UF17GRPHQ",
            "UF190DLKE",
            "UF1AQV2QJ",
            "UF1BKGBM1",
            "UF1BZ2NQ2",
            "UF1D6C6AF",
            "UF1D75EG5",
            "UF1DAUJE6",
            "UF1DTEC9Z",
            "UF1DTET53",
            "UF1EPHMU7",
            "UF1FZFA8G",
            "UF1GVNMRS",
            "UF1KY1EQY",
            "UF1LBPMT9",
            "UF1N81ZC2",
            "UF1PDKV37",
            "UF1SX1KST",
            "UF21PJZ7T",
            "UF28QH3D5",
            "UF28S8AA3",
            "UF28UD423",
            "UF29KSHSM",
            "UF2DKJB7Z",
            "UF2FGUDPH",
            "UF2JE861M",
            "UF2K3B9P0",
            "UF2LEDB37",
            "UF2LKNV70",
            "UF2MZBKAR",
            "UF2QCAWUE",
            "UF2RAAJCF",
            "UF3052LNN",
            "UF30R0G6L",
            "UF30Z1F8W",
            "UF32F95K9",
            "UF3BP78SF",
            "UF3EALTPC",
            "UF3JGRQSX",
            "UF3K6JADT",
            "UF44A0V3K",
            "UF48J4AH4",
            "UF49VUDHR",
            "UF4AL5F1U",
            "UF4D5RXAN",
            "UF4EAAVJP",
            "UF4EWJ9N3",
            "UF4M5BG3X",
            "UF4MNKN4D",
            "UF4ND5A4S",
            "UF523F939",
            "UF5T95Y7Q",
            "UF659SC66",
            "UF6CRCVPW",
            "UF6HMCG3X",
            "UF75GT750",
            "UF77H5G5R",
            "UF7AQSA9Y",
            "UF7KD6TGV",
            "UF7MD83EU",
            "UF7PBMCF4",
            "UF833T0P2",
            "UF8AK4161",
            "UF91H1Y7Q",
            "UF954Q6RW",
            "UF99MJGKU",
            "UF9DY819B",
            "UF9NZ8Q8J",
            "UF9TTSN0L",
            "UFA0AFYAZ",
            "UFA1BA7AM",
            "UFAG403GE",
            "UFAL6KZH8",
            "UFALPSH7D",
            "UFAP0PTV4",
            "UFATU8YHM",
            "UFB18J10A",
            "UFB2HKGS1",
            "UFBA1SS4W",
            "UFBHB8PFS",
            "UFBKFSU6Q",
            "UFBKJAN87",
            "UFC19KSSJ",
            "UFC4S6TBM",
            "UFC55KC1X",
            "UFC6N9PQW",
            "UFCJPCJ4U",
            "UFCLX1D4K",
            "UFCNBBCFJ",
            "UFD4AAC3X",
            "UFDAYTBB4",
            "UFE4U2FL5",
            "UFE740823",
            "UFE7TR83Z",
            "UFEDSMCF9",
            "UFEL4QC76",
            "UFETR8NR5",
            "UFF1JGE9H",
            "UFFJ077SL",
            "UFFN1KKT4",
            "UFG902L7Q",
            "UFGTW4BJS",
            "UFH076L5T",
            "UFH1T9S1Y",
            "UFH4DH4P2",
            "UFHBYDGL9",
            "UFHCGQ525",
            "UFHM1JVEK",
            "UFJ544W1J",
            "UFJBMRL7K",
            "UFJCHS6RE",
            "UFJJL4USF",
            "UFJM88NSF",
            "UFJMTDWBY",
            "UFKA9M309",
            "UFKG13683",
            "UFKGC2Q6L",
            "UFKLLLP1A",
            "UFKMGA8S3",
            "UFKNK1SBG",
            "UFKQ3T6AG",
            "UFKR9FT55",
            "UFKVBDLBV",
            "UFL6M7PR9",
            "UFLF9KU0Y",
            "UFLKE29QW",
            "UFLMGC3PW",
            "UFLMKGE5A",
            "UFM61AMHA",
            "UFMAVCYKB",
            "UFMGDSVM4",
            "UFN9VNRED",
            "UFNFYPX2T",
            "UFNHJMTE2",
            "UFNNR6DQE",
            "UFNTGKS5D",
            "UFNTL4QV9",
            "UFP0T1Y79",
            "UFP7PTM99",
            "UFP8P9N6M",
            "UFPB4FETA",
            "UFPCSUE4R",
            "UFPL22Z5E",
            "UFPM2CVDK",
            "UFPN54N0L",
            "UFPRT4B28",
            "UFPTYMH1S",
            "UFPV5FPLK",
            "UFQ0B3V0S",
            "UFQ35BUP4",
            "UFQ3M3ASC",
            "UFQ7PQN3A",
            "UFQC67TED",
            "UFQD9FPRB",
            "UFQFJRADC",
            "UFQPYE27N",
            "UFQSJ17NY",
            "UFQT0J4PP",
            "UFR02QJ1J",
            "UFR0844ER",
            "UFR6VRXL3",
            "UFR80FHMK",
            "UFRA06J1F",
            "UFRA5FKN3",
            "UFRA83K2B",
            "UFRALHF9Q",
            "UFRB208HL",
            "UFRGFS848",
            "UFRHXGDGC",
            "UFRK0S3F0",
            "UFRKBEP9S",
            "UFRKF0ZBR",
            "UFRNGAYP2",
            "UFRTDA9NF",
            "UFS44Q1JS",
            "UFS7494J3",
            "UFS7914A0",
            "UFSAMJEBW",
            "UFSNM9BND",
            "UFSPCA7L7",
            "UFT2GA1FU",
            "UFT4L3F51",
            "UFT6NDE8G",
            "UFT7XUWJX",
            "UFTDWAU4D",
            "UFTEY6H27",
            "UFTJAG1J4",
            "UFTLU8L02",
            "UFTRTFWPK",
            "UFTSGQ7U5",
            "UFU237K1A",
            "UFU3VNM9N",
            "UFU4FJ9GF",
            "UFU4H443U",
            "UFU5MPXHS",
            "UFU5X3HMJ",
            "UFU5XFS5D",
            "UFU6UEZB5",
            "UFU72SLNB",
            "UFU8UQFK7",
            "UFU9C81QW",
            "UFUA3RR0R",
            "UFUN39SNM",
            "UFUQUNDRP",
            "UFUR4DEQ0",
            "UFUUBBVEU",
            "UFV6YGMUL",
            "UFV8SCN0H",
            "UFVFFR2TF",
            "UFVG5Q7S6",
            "UFVHE37J6",
            "UFVJ4064D",
            "UFVN63TRT",
            "UFVQW8RD2",
            "UFVQWFQHM",
            "UFVSVBWRY",
            "UFVTNRHNK",
            "UFVVD60NT",
            "UFW2XS0HX",
            "UFWE2NMAA",
            "UFWFV6VH7",
            "UFWJ43TPE",
            "UFWL4245A",
            "UFWM2ABC5",
            "UFWM740FM",
            "UFWMRGRGA",
            "UFWQHQV1Q",
            "UFWU4LKK3",
            "UFWUL08HJ",
            "UFX085HUL",
            "UFX7Z1NUD",
            "UFXC11HGD",
            "UFXEV6U6P",
            "UFXM66D6X",
            "UFXTZQA06",
            "UFY7K22SU",
            "UFY7ZFGKC",
            "UFYAHQYFK",
            "UFZ0AEPLK",
            "UFZ5HCA3Z",
            "UFZT3QMU6",
            "UFZTDP64Q",
            "UG105SZ89",
            "UG10EBMS7",
            "UG134KF0U",
            "UG14RQY8P",
            "UG1CFU1PU",
            "UG1GVBUF9",
            "UG2UHV0KF",
            "UG38QBKEE",
            "UG7DGHXCZ",
            "UG7FH7022",
            "UG862J8F8",
            "UG92VFWFR",
            "UG9618Y2X",
            "UG9FHC7HC",
            "UG9V34MD0",
            "UGA08PGQZ",
            "UGA28DLGK",
            "UGA7KL5SB",
            "UGA7LKYM8",
            "UGAHBMADU",
            "UGAP317EJ",
            "UGBESR3T6",
            "UGDK2U073",
            "UGDR5KPJT",
            "UGERVCAH1",
            "UGF1G2ZCN",
            "UGF5GF125",
            "UGF8RP9RB",
            "UGH4L7TCL",
            "UGJ2CFRCY",
            "UGKBP19QT",
            "UGLLHPNR2",
            "UGNP0R32T",
            "UGPSFAK4Y",
            "UGR4ZMED8",
            "UGW0NTE7N",
            "UH2NQ2QGJ",
            "UH5T8NCTZ",
            "UHHP7CQBG",
            "UHHU0DHJA",
            "UHNENHQJU",
            "UHR94GW77"
        ],
        "topic": {
            "value": "<https:\/\/github.com\/JavaOPs\/topjava>",
            "creator": "UE1ULNT9V",
            "last_set": "1547503748"
        },
        "purpose": {
            "value": "",
            "creator": "",
            "last_set": "0"
        }
    },
    {
        "id": "CE1V606A3",
        "name": "flooding",
        "created": "1541959389",
        "creator": "UE1ULNT9V",
        "is_archived": false,
        "is_general": false,
        "members": [
            "UE1ULNT9V",
            "UEGA07L65",
            "UEH76E0SV",
            "UELAS5TEC",
            "UELE85CTB",
            "UEM7QC9D3",
            "UEN44AAUV",
            "UEN6PGZA9",
            "UEN7N2QA3",
            "UEN94LF41",
            "UENRTQN91",
            "UEP1D26AC",
            "UEPA6TUHL",
            "UEPB7T97C",
            "UEPDLHM5J",
            "UEPGQAKRA",
            "UEPH5LANR",
            "UEQF2C2T0",
            "UEQL1L1JS",
            "UERCRCF6D",
            "UERDM12SG",
            "UESABQHBK",
            "UEUFBC345",
            "UEUQW0BJ5",
            "UEUTPR8KW",
            "UEV29TXPC",
            "UEVD69P5H",
            "UEVEE31NW",
            "UEVJMQ469",
            "UEVKEDESZ",
            "UEVT82MNC",
            "UEWSLHBTJ",
            "UEWUS547K",
            "UEXSG2830",
            "UEY47RCQZ",
            "UEZ18NXN2",
            "UEZ1LSXC6",
            "UEZVBBE8Y",
            "UF0AK9QP7",
            "UF0FX00Q0",
            "UF0JZEDAM",
            "UF0LBEZED",
            "UF0MYABQQ",
            "UF0MYJ8U9",
            "UF0Q50M55",
            "UF0RL1TND",
            "UF0RTMJGZ",
            "UF0TPH881",
            "UF10HLRMW",
            "UF1347E2V",
            "UF149KJ91",
            "UF17BBALS",
            "UF17GRPHQ",
            "UF190DLKE",
            "UF1AQV2QJ",
            "UF1BKGBM1",
            "UF1BZ2NQ2",
            "UF1D6C6AF",
            "UF1D75EG5",
            "UF1DAUJE6",
            "UF1DTEC9Z",
            "UF1DTET53",
            "UF1EPHMU7",
            "UF1FZFA8G",
            "UF1GVNMRS",
            "UF1KY1EQY",
            "UF1LBPMT9",
            "UF1N81ZC2",
            "UF1PDKV37",
            "UF1SX1KST",
            "UF21PJZ7T",
            "UF28QH3D5",
            "UF28S8AA3",
            "UF28UD423",
            "UF29KSHSM",
            "UF2DKJB7Z",
            "UF2FGUDPH",
            "UF2JE861M",
            "UF2K3B9P0",
            "UF2LEDB37",
            "UF2LKNV70",
            "UF2MZBKAR",
            "UF2PXFBBR",
            "UF2QCAWUE",
            "UF2RAAJCF",
            "UF3052LNN",
            "UF30R0G6L",
            "UF30Z1F8W",
            "UF32F95K9",
            "UF3BP78SF",
            "UF3EALTPC",
            "UF3JGRQSX",
            "UF3K6JADT",
            "UF44A0V3K",
            "UF48J4AH4",
            "UF49VUDHR",
            "UF4AL5F1U",
            "UF4D5RXAN",
            "UF4EAAVJP",
            "UF4EWJ9N3",
            "UF4M5BG3X",
            "UF4MNKN4D",
            "UF4ND5A4S",
            "UF523F939",
            "UF5T95Y7Q",
            "UF659SC66",
            "UF6CRCVPW",
            "UF6HMCG3X",
            "UF75GT750",
            "UF77H5G5R",
            "UF7AQSA9Y",
            "UF7KD6TGV",
            "UF7MD83EU",
            "UF7PBMCF4",
            "UF833T0P2",
            "UF8AK4161",
            "UF91H1Y7Q",
            "UF954Q6RW",
            "UF99MJGKU",
            "UF9DY819B",
            "UF9NZ8Q8J",
            "UF9TTSN0L",
            "UFA0AFYAZ",
            "UFA1BA7AM",
            "UFAG403GE",
            "UFAL6KZH8",
            "UFALPSH7D",
            "UFAP0PTV4",
            "UFATU8YHM",
            "UFB18J10A",
            "UFB2HKGS1",
            "UFBA1SS4W",
            "UFBHB8PFS",
            "UFBKFSU6Q",
            "UFBKJAN87",
            "UFC19KSSJ",
            "UFC4S6TBM",
            "UFC55KC1X",
            "UFC6N9PQW",
            "UFCJPCJ4U",
            "UFCLX1D4K",
            "UFCNBBCFJ",
            "UFD4AAC3X",
            "UFDAYTBB4",
            "UFE4U2FL5",
            "UFE740823",
            "UFE7TR83Z",
            "UFEDSMCF9",
            "UFEL4QC76",
            "UFETR8NR5",
            "UFF1JGE9H",
            "UFFJ077SL",
            "UFFN1KKT4",
            "UFG902L7Q",
            "UFGTW4BJS",
            "UFH076L5T",
            "UFH1T9S1Y",
            "UFH4DH4P2",
            "UFHBYDGL9",
            "UFHCGQ525",
            "UFHM1JVEK",
            "UFJ544W1J",
            "UFJBMRL7K",
            "UFJCHS6RE",
            "UFJJL4USF",
            "UFJM88NSF",
            "UFJMTDWBY",
            "UFKA9M309",
            "UFKG13683",
            "UFKGC2Q6L",
            "UFKLLLP1A",
            "UFKMGA8S3",
            "UFKNK1SBG",
            "UFKQ3T6AG",
            "UFKR9FT55",
            "UFKVBDLBV",
            "UFL6M7PR9",
            "UFLF9KU0Y",
            "UFLKE29QW",
            "UFLMGC3PW",
            "UFLMKGE5A",
            "UFM61AMHA",
            "UFMAVCYKB",
            "UFMGDSVM4",
            "UFN9VNRED",
            "UFNFYPX2T",
            "UFNHJMTE2",
            "UFNNR6DQE",
            "UFNTGKS5D",
            "UFNTL4QV9",
            "UFP0T1Y79",
            "UFP7PTM99",
            "UFP8P9N6M",
            "UFPB4FETA",
            "UFPCSUE4R",
            "UFPL22Z5E",
            "UFPM2CVDK",
            "UFPN54N0L",
            "UFPRT4B28",
            "UFPTYMH1S",
            "UFQ0B3V0S",
            "UFQ35BUP4",
            "UFQ3M3ASC",
            "UFQ7PQN3A",
            "UFQC67TED",
            "UFQD9FPRB",
            "UFQFJRADC",
            "UFQPYE27N",
            "UFQSJ17NY",
            "UFQT0J4PP",
            "UFR02QJ1J",
            "UFR0844ER",
            "UFR6VRXL3",
            "UFR80FHMK",
            "UFRA06J1F",
            "UFRA5FKN3",
            "UFRA83K2B",
            "UFRALHF9Q",
            "UFRB208HL",
            "UFRGFS848",
            "UFRHXGDGC",
            "UFRK0S3F0",
            "UFRKBEP9S",
            "UFRKF0ZBR",
            "UFRNGAYP2",
            "UFRTDA9NF",
            "UFS44Q1JS",
            "UFS7494J3",
            "UFS7914A0",
            "UFSAMJEBW",
            "UFSNM9BND",
            "UFSPCA7L7",
            "UFT2GA1FU",
            "UFT4L3F51",
            "UFT6NDE8G",
            "UFT7XUWJX",
            "UFTDWAU4D",
            "UFTEY6H27",
            "UFTJAG1J4",
            "UFTLU8L02",
            "UFTRTFWPK",
            "UFTSGQ7U5",
            "UFU237K1A",
            "UFU3VNM9N",
            "UFU4FJ9GF",
            "UFU4H443U",
            "UFU5MPXHS",
            "UFU5X3HMJ",
            "UFU5XFS5D",
            "UFU6UEZB5",
            "UFU72SLNB",
            "UFU8UQFK7",
            "UFU9C81QW",
            "UFUA3RR0R",
            "UFUN39SNM",
            "UFUQUNDRP",
            "UFUR4DEQ0",
            "UFUUBBVEU",
            "UFV6YGMUL",
            "UFV8SCN0H",
            "UFVFFR2TF",
            "UFVG5Q7S6",
            "UFVHE37J6",
            "UFVJ4064D",
            "UFVN63TRT",
            "UFVQW8RD2",
            "UFVQWFQHM",
            "UFVSVBWRY",
            "UFVTNRHNK",
            "UFVVD60NT",
            "UFW2XS0HX",
            "UFWE2NMAA",
            "UFWFV6VH7",
            "UFWJ43TPE",
            "UFWL4245A",
            "UFWM2ABC5",
            "UFWM740FM",
            "UFWMRGRGA",
            "UFWQHQV1Q",
            "UFWU4LKK3",
            "UFWUL08HJ",
            "UFX085HUL",
            "UFX7Z1NUD",
            "UFXC11HGD",
            "UFXEV6U6P",
            "UFXM66D6X",
            "UFXTZQA06",
            "UFY7K22SU",
            "UFY7ZFGKC",
            "UFYAHQYFK",
            "UFZ0AEPLK",
            "UFZ5HCA3Z",
            "UFZT3QMU6",
            "UFZTDP64Q",
            "UG105SZ89",
            "UG10EBMS7",
            "UG134KF0U",
            "UG14FF5UJ",
            "UG14RQY8P",
            "UG1CFU1PU",
            "UG1GVBUF9",
            "UG2UHV0KF",
            "UG38QBKEE",
            "UG7DGHXCZ",
            "UG7FH7022",
            "UG862J8F8",
            "UG92VFWFR",
            "UG9618Y2X",
            "UG9FHC7HC",
            "UG9V34MD0",
            "UGA08PGQZ",
            "UGA28DLGK",
            "UGA7KL5SB",
            "UGA7LKYM8",
            "UGAHBMADU",
            "UGAP317EJ",
            "UGBESR3T6",
            "UGDK2U073",
            "UGDR5KPJT",
            "UGERVCAH1",
            "UGF1G2ZCN",
            "UGF5GF125",
            "UGF8RP9RB",
            "UGH4L7TCL",
            "UGJ2CFRCY",
            "UGKBP19QT",
            "UGLLHPNR2",
            "UGNP0R32T",
            "UGPSFAK4Y",
            "UGR4ZMED8",
            "UGW0NTE7N",
            "UH0SY898F",
            "UH2NQ2QGJ",
            "UH5T8NCTZ",
            "UHHP7CQBG",
            "UHHU0DHJA",
            "UHNENHQJU",
            "UHR94GW77"
        ],
        "topic": {
            "value": "",
            "creator": "",
            "last_set": "0"
        },
        "purpose": {
            "value": "",
            "creator": "",
            "last_set": "0"
        }
    },
    {
        "id": "CFWA9EVND",
        "name": "test_review",
        "created": "1549232391",
        "creator": "UF7MD83EU",
        "is_archived": false,
        "is_general": false,
        "members": [
            "UE1ULNT9V",
            "UELE85CTB",
            "UEQL1L1JS",
            "UERCRCF6D",
            "UEUQW0BJ5",
            "UF0FX00Q0",
            "UF0LBEZED",
            "UF149KJ91",
            "UF1EPHMU7",
            "UF2LKNV70",
            "UF3JGRQSX",
            "UF4EWJ9N3",
            "UF4ND5A4S",
            "UF7MD83EU",
            "UF833T0P2",
            "UF8AK4161",
            "UFA0AFYAZ",
            "UFAG403GE",
            "UFALPSH7D",
            "UFATU8YHM",
            "UFB2HKGS1",
            "UFBA1SS4W",
            "UFE7TR83Z",
            "UFJCHS6RE",
            "UFJM88NSF",
            "UFJMTDWBY",
            "UFKMGA8S3",
            "UFKNK1SBG",
            "UFKR9FT55",
            "UFL6M7PR9",
            "UFLKE29QW",
            "UFM61AMHA",
            "UFNHJMTE2",
            "UFPB4FETA",
            "UFPL22Z5E",
            "UFPTYMH1S",
            "UFQ7PQN3A",
            "UFQC67TED",
            "UFS44Q1JS",
            "UFS7494J3",
            "UFSNM9BND",
            "UFT4L3F51",
            "UFT7XUWJX",
            "UFTJAG1J4",
            "UFTLU8L02",
            "UFTSGQ7U5",
            "UFU3VNM9N",
            "UFU4FJ9GF",
            "UFU5MPXHS",
            "UFU5XFS5D",
            "UFVG5Q7S6",
            "UFVJ4064D",
            "UFVQWFQHM",
            "UFWE2NMAA",
            "UFWFV6VH7",
            "UFWU4LKK3",
            "UFX085HUL",
            "UFYAHQYFK",
            "UFZ0AEPLK",
            "UFZ5HCA3Z",
            "UFZT3QMU6",
            "UG105SZ89",
            "UGLLHPNR2"
        ],
        "topic": {
            "value": "",
            "creator": "",
            "last_set": "0"
        },
        "purpose": {
            "value": "",
            "creator": "",
            "last_set": "0"
        }
    },
    {
        "id": "CG063UDMG",
        "name": "hw1",
        "created": "1549489501",
        "creator": "UE1ULNT9V",
        "is_archived": false,
        "is_general": false,
        "members": [
            "UE1ULNT9V",
            "UEGA07L65",
            "UELAS5TEC",
            "UEN44AAUV",
            "UENRTQN91",
            "UEPDLHM5J",
            "UEPH5LANR",
            "UEQL1L1JS",
            "UERCRCF6D",
            "UERDM12SG",
            "UEUFBC345",
            "UEUQW0BJ5",
            "UEUTPR8KW",
            "UEV29TXPC",
            "UEWSLHBTJ",
            "UEXSG2830",
            "UEY47RCQZ",
            "UEZ1LSXC6",
            "UEZVBBE8Y",
            "UF0FX00Q0",
            "UF0LBEZED",
            "UF0Q50M55",
            "UF0RL1TND",
            "UF0RTMJGZ",
            "UF190DLKE",
            "UF1D6C6AF",
            "UF1D75EG5",
            "UF1DAUJE6",
            "UF1DTEC9Z",
            "UF1DTET53",
            "UF1EPHMU7",
            "UF1KY1EQY",
            "UF1PDKV37",
            "UF29KSHSM",
            "UF2FGUDPH",
            "UF2LKNV70",
            "UF2MZBKAR",
            "UF3052LNN",
            "UF30R0G6L",
            "UF30Z1F8W",
            "UF3BP78SF",
            "UF3JGRQSX",
            "UF44A0V3K",
            "UF49VUDHR",
            "UF4AL5F1U",
            "UF4EWJ9N3",
            "UF4ND5A4S",
            "UF523F939",
            "UF659SC66",
            "UF6CRCVPW",
            "UF6HMCG3X",
            "UF75GT750",
            "UF77H5G5R",
            "UF7MD83EU",
            "UF833T0P2",
            "UF8AK4161",
            "UF91H1Y7Q",
            "UF954Q6RW",
            "UF99MJGKU",
            "UF9DY819B",
            "UFA0AFYAZ",
            "UFA1BA7AM",
            "UFAG403GE",
            "UFAL6KZH8",
            "UFALPSH7D",
            "UFAP0PTV4",
            "UFATU8YHM",
            "UFB18J10A",
            "UFB2HKGS1",
            "UFBA1SS4W",
            "UFBHB8PFS",
            "UFBKJAN87",
            "UFC19KSSJ",
            "UFC4S6TBM",
            "UFCJPCJ4U",
            "UFDAYTBB4",
            "UFE740823",
            "UFE7TR83Z",
            "UFF1JGE9H",
            "UFFJ077SL",
            "UFFN1KKT4",
            "UFG902L7Q",
            "UFGTW4BJS",
            "UFH076L5T",
            "UFH1T9S1Y",
            "UFH4DH4P2",
            "UFHBYDGL9",
            "UFHCGQ525",
            "UFHM1JVEK",
            "UFJBMRL7K",
            "UFJCHS6RE",
            "UFJJL4USF",
            "UFJM88NSF",
            "UFJMTDWBY",
            "UFKA9M309",
            "UFKG13683",
            "UFKGC2Q6L",
            "UFKLLLP1A",
            "UFKMGA8S3",
            "UFKNK1SBG",
            "UFKQ3T6AG",
            "UFKR9FT55",
            "UFL6M7PR9",
            "UFLKE29QW",
            "UFM61AMHA",
            "UFMAVCYKB",
            "UFMGDSVM4",
            "UFNHJMTE2",
            "UFP7PTM99",
            "UFP8P9N6M",
            "UFPB4FETA",
            "UFPCSUE4R",
            "UFPL22Z5E",
            "UFPM2CVDK",
            "UFPN54N0L",
            "UFPRT4B28",
            "UFPTYMH1S",
            "UFPV5FPLK",
            "UFQ0B3V0S",
            "UFQ35BUP4",
            "UFQ3M3ASC",
            "UFQ7PQN3A",
            "UFQC67TED",
            "UFQFJRADC",
            "UFQPYE27N",
            "UFQSJ17NY",
            "UFQT0J4PP",
            "UFR02QJ1J",
            "UFR0844ER",
            "UFR6VRXL3",
            "UFRA5FKN3",
            "UFRA83K2B",
            "UFRALHF9Q",
            "UFRB208HL",
            "UFRGFS848",
            "UFRK0S3F0",
            "UFRKBEP9S",
            "UFS44Q1JS",
            "UFS7494J3",
            "UFS7914A0",
            "UFT4L3F51",
            "UFT7XUWJX",
            "UFTEY6H27",
            "UFTJAG1J4",
            "UFTLU8L02",
            "UFTSGQ7U5",
            "UFU237K1A",
            "UFU3VNM9N",
            "UFU4H443U",
            "UFU5MPXHS",
            "UFU5X3HMJ",
            "UFU5XFS5D",
            "UFU72SLNB",
            "UFU8UQFK7",
            "UFU9C81QW",
            "UFUA3RR0R",
            "UFUQUNDRP",
            "UFV6YGMUL",
            "UFVFFR2TF",
            "UFVG5Q7S6",
            "UFVJ4064D",
            "UFVN63TRT",
            "UFVQW8RD2",
            "UFVQWFQHM",
            "UFVTNRHNK",
            "UFW2XS0HX",
            "UFWE2NMAA",
            "UFWFV6VH7",
            "UFWL4245A",
            "UFWM2ABC5",
            "UFWMRGRGA",
            "UFWQHQV1Q",
            "UFWU4LKK3",
            "UFWUL08HJ",
            "UFX085HUL",
            "UFX7Z1NUD",
            "UFXC11HGD",
            "UFXM66D6X",
            "UFY7K22SU",
            "UFYAHQYFK",
            "UFZT3QMU6",
            "UFZTDP64Q",
            "UG105SZ89",
            "UG134KF0U",
            "UG14FF5UJ",
            "UG1CFU1PU",
            "UG1GVBUF9",
            "UG7FH7022",
            "UG862J8F8",
            "UGA7KL5SB",
            "UGAP317EJ",
            "UGBESR3T6",
            "UGDR5KPJT",
            "UGKBP19QT",
            "UGLLHPNR2",
            "UGNP0R32T",
            "UH5T8NCTZ",
            "UHHU0DHJA",
            "UHNENHQJU",
            "UHR94GW77"
        ],
        "pins": [
            {
                "id": "1549824166.114700",
                "type": "C",
                "created": 1549828541,
                "user": "UFKLLLP1A",
                "owner": "UFKA9M309"
            }
        ],
        "topic": {
            "value": "<https:\/\/github.com\/JavaWebinar\/topjava\/blob\/doc\/doc\/lesson01.md>",
            "creator": "UE1ULNT9V",
            "last_set": "1549489514"
        },
        "purpose": {
            "value": "<https:\/\/github.com\/JavaWebinar\/topjava\/blob\/doc\/doc\/lesson01.md>",
            "creator": "UE1ULNT9V",
            "last_set": "1549489502"
        }
    },
    {
        "id": "CG28BK1FG",
        "name": "project_change",
        "created": "1549550031",
        "creator": "UE1ULNT9V",
        "is_archived": false,
        "is_general": false,
        "members": [
            "UE1ULNT9V",
            "UENRTQN91",
            "UEQL1L1JS",
            "UEUFBC345",
            "UEUTPR8KW",
            "UEY47RCQZ",
            "UF190DLKE",
            "UF1DAUJE6",
            "UF1DTEC9Z",
            "UF2JE861M",
            "UF2LKNV70",
            "UF30Z1F8W",
            "UF3BP78SF",
            "UF4EWJ9N3",
            "UF6HMCG3X",
            "UF7AQSA9Y",
            "UF8AK4161",
            "UFAG403GE",
            "UFALPSH7D",
            "UFBHB8PFS",
            "UFC19KSSJ",
            "UFDAYTBB4",
            "UFE7TR83Z",
            "UFPRT4B28",
            "UFPTYMH1S",
            "UFQC67TED",
            "UFQT0J4PP",
            "UFR6VRXL3",
            "UFRA83K2B",
            "UFS44Q1JS",
            "UFS7494J3",
            "UFSPCA7L7",
            "UFT7XUWJX",
            "UFTJAG1J4",
            "UFTLU8L02",
            "UFTRTFWPK",
            "UFU5MPXHS",
            "UFUQUNDRP",
            "UFW2XS0HX",
            "UFWU4LKK3",
            "UFZTDP64Q",
            "UG105SZ89",
            "UG862J8F8",
            "UG92VFWFR",
            "UGLLHPNR2"
        ],
        "topic": {
            "value": "",
            "creator": "",
            "last_set": "0"
        },
        "purpose": {
            "value": "Изменения в проекте",
            "creator": "UE1ULNT9V",
            "last_set": "1549550032"
        }
    },
    {
        "id": "CG68YDUHY",
        "name": "hw2",
        "created": "1550085385",
        "creator": "UE1ULNT9V",
        "is_archived": false,
        "is_general": false,
        "members": [
            "UE1ULNT9V",
            "UELAS5TEC",
            "UELE85CTB",
            "UENRTQN91",
            "UEPH5LANR",
            "UEQL1L1JS",
            "UERCRCF6D",
            "UERDM12SG",
            "UEUTPR8KW",
            "UEV29TXPC",
            "UEWSLHBTJ",
            "UEXSG2830",
            "UEY47RCQZ",
            "UEZ1LSXC6",
            "UEZVBBE8Y",
            "UF0FX00Q0",
            "UF0JZEDAM",
            "UF0LBEZED",
            "UF0Q50M55",
            "UF0RL1TND",
            "UF0RTMJGZ",
            "UF190DLKE",
            "UF1D6C6AF",
            "UF1D75EG5",
            "UF1DAUJE6",
            "UF1DTEC9Z",
            "UF1DTET53",
            "UF1KY1EQY",
            "UF1PDKV37",
            "UF2FGUDPH",
            "UF2LKNV70",
            "UF2MZBKAR",
            "UF3052LNN",
            "UF30Z1F8W",
            "UF3BP78SF",
            "UF3JGRQSX",
            "UF44A0V3K",
            "UF49VUDHR",
            "UF4AL5F1U",
            "UF4EWJ9N3",
            "UF523F939",
            "UF5T95Y7Q",
            "UF659SC66",
            "UF6CRCVPW",
            "UF6HMCG3X",
            "UF75GT750",
            "UF7AQSA9Y",
            "UF7MD83EU",
            "UF833T0P2",
            "UF8AK4161",
            "UF91H1Y7Q",
            "UF954Q6RW",
            "UF99MJGKU",
            "UF9DY819B",
            "UFAG403GE",
            "UFAL6KZH8",
            "UFALPSH7D",
            "UFAP0PTV4",
            "UFB18J10A",
            "UFB2HKGS1",
            "UFBA1SS4W",
            "UFBHB8PFS",
            "UFBKJAN87",
            "UFC19KSSJ",
            "UFC4S6TBM",
            "UFCJPCJ4U",
            "UFDAYTBB4",
            "UFE740823",
            "UFE7TR83Z",
            "UFF1JGE9H",
            "UFFJ077SL",
            "UFFN1KKT4",
            "UFG902L7Q",
            "UFGTW4BJS",
            "UFH1T9S1Y",
            "UFHBYDGL9",
            "UFHCGQ525",
            "UFHM1JVEK",
            "UFJBMRL7K",
            "UFJCHS6RE",
            "UFJJL4USF",
            "UFJM88NSF",
            "UFJMTDWBY",
            "UFKA9M309",
            "UFKG13683",
            "UFKGC2Q6L",
            "UFKLLLP1A",
            "UFKMGA8S3",
            "UFKNK1SBG",
            "UFKQ3T6AG",
            "UFL6M7PR9",
            "UFLKE29QW",
            "UFM61AMHA",
            "UFMAVCYKB",
            "UFMGDSVM4",
            "UFNHJMTE2",
            "UFP7PTM99",
            "UFP8P9N6M",
            "UFPB4FETA",
            "UFPCSUE4R",
            "UFPL22Z5E",
            "UFPM2CVDK",
            "UFPN54N0L",
            "UFPRT4B28",
            "UFPTYMH1S",
            "UFPV5FPLK",
            "UFQ35BUP4",
            "UFQ7PQN3A",
            "UFQC67TED",
            "UFQFJRADC",
            "UFQSJ17NY",
            "UFQT0J4PP",
            "UFR02QJ1J",
            "UFR0844ER",
            "UFR6VRXL3",
            "UFRA5FKN3",
            "UFRA83K2B",
            "UFRB208HL",
            "UFRGFS848",
            "UFRHXGDGC",
            "UFS44Q1JS",
            "UFS7494J3",
            "UFS7914A0",
            "UFT4L3F51",
            "UFT7XUWJX",
            "UFTEY6H27",
            "UFTJAG1J4",
            "UFTLU8L02",
            "UFTSGQ7U5",
            "UFU237K1A",
            "UFU4H443U",
            "UFU5MPXHS",
            "UFU5X3HMJ",
            "UFU5XFS5D",
            "UFU8UQFK7",
            "UFU9C81QW",
            "UFUA3RR0R",
            "UFUQUNDRP",
            "UFUUBBVEU",
            "UFV6YGMUL",
            "UFVFFR2TF",
            "UFVG5Q7S6",
            "UFVJ4064D",
            "UFVN63TRT",
            "UFVQW8RD2",
            "UFVQWFQHM",
            "UFVTNRHNK",
            "UFW2XS0HX",
            "UFWE2NMAA",
            "UFWFV6VH7",
            "UFWL4245A",
            "UFWM2ABC5",
            "UFWQHQV1Q",
            "UFWU4LKK3",
            "UFX085HUL",
            "UFXC11HGD",
            "UFXTZQA06",
            "UFY7K22SU",
            "UFYAHQYFK",
            "UFZT3QMU6",
            "UFZTDP64Q",
            "UG105SZ89",
            "UG134KF0U",
            "UG14FF5UJ",
            "UG1GVBUF9",
            "UG7FH7022",
            "UG862J8F8",
            "UGA7LKYM8",
            "UGAP317EJ",
            "UGBESR3T6",
            "UGDR5KPJT",
            "UGKBP19QT",
            "UGLLHPNR2",
            "UGNP0R32T",
            "UH5T8NCTZ",
            "UHHU0DHJA",
            "UHR94GW77"
        ],
        "topic": {
            "value": "<https:\/\/github.com\/JavaWebinar\/topjava\/blob\/doc\/doc\/lesson02.md>",
            "creator": "UE1ULNT9V",
            "last_set": "1550085405"
        },
        "purpose": {
            "value": "",
            "creator": "",
            "last_set": "0"
        }
    },
    {
        "id": "CGC7MEPRQ",
        "name": "interview_job",
        "created": "1550688177",
        "creator": "UGBESR3T6",
        "is_archived": false,
        "is_general": false,
        "members": [
            "UEUTPR8KW",
            "UEVT82MNC",
            "UF3BP78SF",
            "UF7AQSA9Y",
            "UF833T0P2",
            "UFF1JGE9H",
            "UFJCHS6RE",
            "UFNHJMTE2",
            "UFS44Q1JS",
            "UFS7494J3",
            "UFT7XUWJX",
            "UFV6YGMUL",
            "UG105SZ89",
            "UGLLHPNR2",
            "UH0SY898F"
        ],
        "topic": {
            "value": "",
            "creator": "",
            "last_set": "0"
        },
        "purpose": {
            "value": "",
            "creator": "",
            "last_set": "0"
        }
    },
    {
        "id": "CGCGU9E02",
        "name": "hw3",
        "created": "1550707658",
        "creator": "UE1ULNT9V",
        "is_archived": false,
        "is_general": false,
        "members": [
            "UE1ULNT9V",
            "UELAS5TEC",
            "UELE85CTB",
            "UENRTQN91",
            "UEPH5LANR",
            "UEQL1L1JS",
            "UERCRCF6D",
            "UERDM12SG",
            "UEUTPR8KW",
            "UEXSG2830",
            "UEY47RCQZ",
            "UEZ1LSXC6",
            "UEZVBBE8Y",
            "UF0AK9QP7",
            "UF0FX00Q0",
            "UF0JZEDAM",
            "UF0LBEZED",
            "UF0Q50M55",
            "UF0RL1TND",
            "UF0RTMJGZ",
            "UF1D6C6AF",
            "UF1D75EG5",
            "UF1DAUJE6",
            "UF1DTEC9Z",
            "UF1EPHMU7",
            "UF1KY1EQY",
            "UF1PDKV37",
            "UF21PJZ7T",
            "UF2FGUDPH",
            "UF2LKNV70",
            "UF2MZBKAR",
            "UF30Z1F8W",
            "UF3BP78SF",
            "UF3JGRQSX",
            "UF44A0V3K",
            "UF49VUDHR",
            "UF4EWJ9N3",
            "UF523F939",
            "UF5T95Y7Q",
            "UF659SC66",
            "UF6CRCVPW",
            "UF6HMCG3X",
            "UF7AQSA9Y",
            "UF7MD83EU",
            "UF833T0P2",
            "UF8AK4161",
            "UF91H1Y7Q",
            "UF954Q6RW",
            "UF99MJGKU",
            "UF9DY819B",
            "UFA0AFYAZ",
            "UFAG403GE",
            "UFAL6KZH8",
            "UFALPSH7D",
            "UFB18J10A",
            "UFB2HKGS1",
            "UFBA1SS4W",
            "UFBHB8PFS",
            "UFBKJAN87",
            "UFC19KSSJ",
            "UFC4S6TBM",
            "UFCJPCJ4U",
            "UFDAYTBB4",
            "UFE740823",
            "UFE7TR83Z",
            "UFF1JGE9H",
            "UFFJ077SL",
            "UFFN1KKT4",
            "UFGTW4BJS",
            "UFH1T9S1Y",
            "UFHBYDGL9",
            "UFHCGQ525",
            "UFHM1JVEK",
            "UFJBMRL7K",
            "UFJCHS6RE",
            "UFJJL4USF",
            "UFJM88NSF",
            "UFJMTDWBY",
            "UFKA9M309",
            "UFKG13683",
            "UFKLLLP1A",
            "UFKMGA8S3",
            "UFKNK1SBG",
            "UFKQ3T6AG",
            "UFL6M7PR9",
            "UFLKE29QW",
            "UFM61AMHA",
            "UFMAVCYKB",
            "UFMGDSVM4",
            "UFNHJMTE2",
            "UFNNR6DQE",
            "UFP7PTM99",
            "UFP8P9N6M",
            "UFPB4FETA",
            "UFPCSUE4R",
            "UFPL22Z5E",
            "UFPN54N0L",
            "UFPRT4B28",
            "UFPTYMH1S",
            "UFPV5FPLK",
            "UFQ35BUP4",
            "UFQC67TED",
            "UFQFJRADC",
            "UFQSJ17NY",
            "UFQT0J4PP",
            "UFR0844ER",
            "UFR6VRXL3",
            "UFRA5FKN3",
            "UFRA83K2B",
            "UFRGFS848",
            "UFRK0S3F0",
            "UFS44Q1JS",
            "UFS7494J3",
            "UFS7914A0",
            "UFT4L3F51",
            "UFT7XUWJX",
            "UFTEY6H27",
            "UFTJAG1J4",
            "UFTLU8L02",
            "UFTSGQ7U5",
            "UFU237K1A",
            "UFU5MPXHS",
            "UFU5XFS5D",
            "UFU8UQFK7",
            "UFU9C81QW",
            "UFUA3RR0R",
            "UFUQUNDRP",
            "UFV6YGMUL",
            "UFVFFR2TF",
            "UFVG5Q7S6",
            "UFVJ4064D",
            "UFVN63TRT",
            "UFVQW8RD2",
            "UFVQWFQHM",
            "UFVTNRHNK",
            "UFW2XS0HX",
            "UFWE2NMAA",
            "UFWFV6VH7",
            "UFWL4245A",
            "UFWM2ABC5",
            "UFWQHQV1Q",
            "UFWU4LKK3",
            "UFX085HUL",
            "UFXC11HGD",
            "UFXEV6U6P",
            "UFY7K22SU",
            "UFYAHQYFK",
            "UFZT3QMU6",
            "UFZTDP64Q",
            "UG105SZ89",
            "UG134KF0U",
            "UG1GVBUF9",
            "UG862J8F8",
            "UG92VFWFR",
            "UGA7KL5SB",
            "UGAP317EJ",
            "UGBESR3T6",
            "UGDR5KPJT",
            "UGH4L7TCL",
            "UGKBP19QT",
            "UGNP0R32T",
            "UH5T8NCTZ"
        ],
        "topic": {
            "value": "<https:\/\/github.com\/JavaWebinar\/topjava\/blob\/doc\/doc\/lesson03.md>",
            "creator": "UE1ULNT9V",
            "last_set": "1550707857"
        },
        "purpose": {
            "value": "",
            "creator": "",
            "last_set": "0"
        }
    },
    {
        "id": "CGJM539GB",
        "name": "graduation",
        "created": "1551301946",
        "creator": "UE1ULNT9V",
        "is_archived": false,
        "is_general": false,
        "members": [
            "UE1ULNT9V",
            "UELAS5TEC",
            "UELE85CTB",
            "UENRTQN91",
            "UEPH5LANR",
            "UERDM12SG",
            "UEUTPR8KW",
            "UEVT82MNC",
            "UEY47RCQZ",
            "UEZ1LSXC6",
            "UF0LBEZED",
            "UF1BKGBM1",
            "UF1D6C6AF",
            "UF1DAUJE6",
            "UF1PDKV37",
            "UF2FGUDPH",
            "UF2LKNV70",
            "UF2MZBKAR",
            "UF3BP78SF",
            "UF3JGRQSX",
            "UF4EWJ9N3",
            "UF4M5BG3X",
            "UF523F939",
            "UF6HMCG3X",
            "UF7MD83EU",
            "UF8AK4161",
            "UF954Q6RW",
            "UF99MJGKU",
            "UF9DY819B",
            "UFAG403GE",
            "UFAL6KZH8",
            "UFALPSH7D",
            "UFBA1SS4W",
            "UFBHB8PFS",
            "UFBKJAN87",
            "UFC19KSSJ",
            "UFCJPCJ4U",
            "UFDAYTBB4",
            "UFE7TR83Z",
            "UFFJ077SL",
            "UFH1T9S1Y",
            "UFHCGQ525",
            "UFJCHS6RE",
            "UFKA9M309",
            "UFKG13683",
            "UFKLLLP1A",
            "UFKNK1SBG",
            "UFKQ3T6AG",
            "UFKR9FT55",
            "UFLKE29QW",
            "UFMGDSVM4",
            "UFNFYPX2T",
            "UFNHJMTE2",
            "UFP7PTM99",
            "UFPB4FETA",
            "UFPRT4B28",
            "UFPTYMH1S",
            "UFQFJRADC",
            "UFQSJ17NY",
            "UFQT0J4PP",
            "UFR6VRXL3",
            "UFRA83K2B",
            "UFS44Q1JS",
            "UFSPCA7L7",
            "UFT7XUWJX",
            "UFU237K1A",
            "UFU5MPXHS",
            "UFU72SLNB",
            "UFUQUNDRP",
            "UFV6YGMUL",
            "UFVJ4064D",
            "UFW2XS0HX",
            "UFWFV6VH7",
            "UFX085HUL",
            "UFX7Z1NUD",
            "UFYAHQYFK",
            "UFZT3QMU6",
            "UFZTDP64Q",
            "UG105SZ89",
            "UG134KF0U",
            "UG862J8F8",
            "UGAP317EJ",
            "UGKBP19QT",
            "UGLLHPNR2",
            "UH0SY898F"
        ],
        "topic": {
            "value": "<https:\/\/github.com\/JavaWebinar\/topjava\/blob\/doc\/doc\/graduation.md>",
            "creator": "UE1ULNT9V",
            "last_set": "1551301952"
        },
        "purpose": {
            "value": "",
            "creator": "",
            "last_set": "0"
        }
    },
    {
        "id": "CGJM8J1KM",
        "name": "hw4",
        "created": "1551302153",
        "creator": "UE1ULNT9V",
        "is_archived": false,
        "is_general": false,
        "members": [
            "UE1ULNT9V",
            "UELAS5TEC",
            "UELE85CTB",
            "UENRTQN91",
            "UEPA6TUHL",
            "UERCRCF6D",
            "UERDM12SG",
            "UEUTPR8KW",
            "UEVT82MNC",
            "UEXSG2830",
            "UEY47RCQZ",
            "UEZ1LSXC6",
            "UEZVBBE8Y",
            "UF0LBEZED",
            "UF0Q50M55",
            "UF0RL1TND",
            "UF0RTMJGZ",
            "UF1D6C6AF",
            "UF1D75EG5",
            "UF1DAUJE6",
            "UF1EPHMU7",
            "UF1PDKV37",
            "UF21PJZ7T",
            "UF2FGUDPH",
            "UF2LKNV70",
            "UF2MZBKAR",
            "UF3BP78SF",
            "UF3JGRQSX",
            "UF49VUDHR",
            "UF4AL5F1U",
            "UF4EWJ9N3",
            "UF523F939",
            "UF5T95Y7Q",
            "UF659SC66",
            "UF6CRCVPW",
            "UF6HMCG3X",
            "UF7MD83EU",
            "UF8AK4161",
            "UF91H1Y7Q",
            "UF954Q6RW",
            "UF99MJGKU",
            "UF9DY819B",
            "UFA0AFYAZ",
            "UFAG403GE",
            "UFAL6KZH8",
            "UFALPSH7D",
            "UFB18J10A",
            "UFB2HKGS1",
            "UFBA1SS4W",
            "UFBHB8PFS",
            "UFBKJAN87",
            "UFC19KSSJ",
            "UFCJPCJ4U",
            "UFDAYTBB4",
            "UFE740823",
            "UFE7TR83Z",
            "UFF1JGE9H",
            "UFFJ077SL",
            "UFGTW4BJS",
            "UFH1T9S1Y",
            "UFHBYDGL9",
            "UFHCGQ525",
            "UFHM1JVEK",
            "UFJBMRL7K",
            "UFJCHS6RE",
            "UFJJL4USF",
            "UFJM88NSF",
            "UFJMTDWBY",
            "UFKA9M309",
            "UFKG13683",
            "UFKLLLP1A",
            "UFKMGA8S3",
            "UFKNK1SBG",
            "UFKQ3T6AG",
            "UFLKE29QW",
            "UFM61AMHA",
            "UFMAVCYKB",
            "UFMGDSVM4",
            "UFNHJMTE2",
            "UFP7PTM99",
            "UFPB4FETA",
            "UFPCSUE4R",
            "UFPL22Z5E",
            "UFPN54N0L",
            "UFPRT4B28",
            "UFPTYMH1S",
            "UFPV5FPLK",
            "UFQ35BUP4",
            "UFQC67TED",
            "UFQFJRADC",
            "UFQSJ17NY",
            "UFQT0J4PP",
            "UFR0844ER",
            "UFR6VRXL3",
            "UFRA5FKN3",
            "UFRA83K2B",
            "UFS44Q1JS",
            "UFS7494J3",
            "UFS7914A0",
            "UFT7XUWJX",
            "UFTEY6H27",
            "UFTJAG1J4",
            "UFTLU8L02",
            "UFTSGQ7U5",
            "UFU237K1A",
            "UFU5MPXHS",
            "UFU8UQFK7",
            "UFU9C81QW",
            "UFUA3RR0R",
            "UFUQUNDRP",
            "UFV6YGMUL",
            "UFVG5Q7S6",
            "UFVJ4064D",
            "UFVN63TRT",
            "UFVQW8RD2",
            "UFVQWFQHM",
            "UFVTNRHNK",
            "UFW2XS0HX",
            "UFWE2NMAA",
            "UFWFV6VH7",
            "UFWL4245A",
            "UFWM2ABC5",
            "UFWQHQV1Q",
            "UFWU4LKK3",
            "UFXC11HGD",
            "UFXTZQA06",
            "UFY7K22SU",
            "UFYAHQYFK",
            "UFZT3QMU6",
            "UFZTDP64Q",
            "UG105SZ89",
            "UG134KF0U",
            "UG862J8F8",
            "UG92VFWFR",
            "UGAP317EJ",
            "UGBESR3T6",
            "UGKBP19QT",
            "UGNP0R32T",
            "UGW0NTE7N"
        ],
        "pins": [
            {
                "id": "1551557831.043100",
                "type": "C",
                "created": 1551677413,
                "user": "UFE7TR83Z",
                "owner": "UFLKE29QW"
            }
        ],
        "topic": {
            "value": "<https:\/\/github.com\/JavaWebinar\/topjava\/blob\/doc\/doc\/lesson04.md>",
            "creator": "UE1ULNT9V",
            "last_set": "1551302168"
        },
        "purpose": {
            "value": "",
            "creator": "",
            "last_set": "0"
        }
    },
    {
        "id": "CGSJ18NPQ",
        "name": "hw5",
        "created": "1551905911",
        "creator": "UE1ULNT9V",
        "is_archived": false,
        "is_general": false,
        "members": [
            "UE1ULNT9V",
            "UELAS5TEC",
            "UELE85CTB",
            "UENRTQN91",
            "UEPDLHM5J",
            "UEPH5LANR",
            "UERCRCF6D",
            "UERDM12SG",
            "UEUFBC345",
            "UEUTPR8KW",
            "UEXSG2830",
            "UEY47RCQZ",
            "UEZ1LSXC6",
            "UEZVBBE8Y",
            "UF0RL1TND",
            "UF0RTMJGZ",
            "UF1D75EG5",
            "UF1DAUJE6",
            "UF1EPHMU7",
            "UF2FGUDPH",
            "UF2LKNV70",
            "UF2MZBKAR",
            "UF3BP78SF",
            "UF3JGRQSX",
            "UF49VUDHR",
            "UF4EWJ9N3",
            "UF523F939",
            "UF5T95Y7Q",
            "UF659SC66",
            "UF6CRCVPW",
            "UF6HMCG3X",
            "UF7MD83EU",
            "UF8AK4161",
            "UF91H1Y7Q",
            "UF954Q6RW",
            "UF99MJGKU",
            "UF9DY819B",
            "UFA0AFYAZ",
            "UFAG403GE",
            "UFAL6KZH8",
            "UFALPSH7D",
            "UFB18J10A",
            "UFB2HKGS1",
            "UFBA1SS4W",
            "UFBHB8PFS",
            "UFBKJAN87",
            "UFC19KSSJ",
            "UFCJPCJ4U",
            "UFDAYTBB4",
            "UFE4U2FL5",
            "UFE740823",
            "UFE7TR83Z",
            "UFF1JGE9H",
            "UFFJ077SL",
            "UFGTW4BJS",
            "UFH1T9S1Y",
            "UFHBYDGL9",
            "UFHCGQ525",
            "UFJBMRL7K",
            "UFJCHS6RE",
            "UFJJL4USF",
            "UFJM88NSF",
            "UFJMTDWBY",
            "UFKA9M309",
            "UFKG13683",
            "UFKLLLP1A",
            "UFKMGA8S3",
            "UFKNK1SBG",
            "UFKQ3T6AG",
            "UFKR9FT55",
            "UFLKE29QW",
            "UFM61AMHA",
            "UFMAVCYKB",
            "UFMGDSVM4",
            "UFNHJMTE2",
            "UFP7PTM99",
            "UFPB4FETA",
            "UFPN54N0L",
            "UFPRT4B28",
            "UFPV5FPLK",
            "UFQ35BUP4",
            "UFQC67TED",
            "UFQFJRADC",
            "UFQSJ17NY",
            "UFQT0J4PP",
            "UFR0844ER",
            "UFR6VRXL3",
            "UFRA5FKN3",
            "UFRA83K2B",
            "UFS44Q1JS",
            "UFS7494J3",
            "UFS7914A0",
            "UFT7XUWJX",
            "UFTEY6H27",
            "UFTJAG1J4",
            "UFTLU8L02",
            "UFTSGQ7U5",
            "UFU237K1A",
            "UFU5MPXHS",
            "UFU8UQFK7",
            "UFU9C81QW",
            "UFUA3RR0R",
            "UFUQUNDRP",
            "UFV6YGMUL",
            "UFVG5Q7S6",
            "UFVJ4064D",
            "UFVN63TRT",
            "UFVQW8RD2",
            "UFVTNRHNK",
            "UFW2XS0HX",
            "UFWE2NMAA",
            "UFWFV6VH7",
            "UFWL4245A",
            "UFWM2ABC5",
            "UFWQHQV1Q",
            "UFWU4LKK3",
            "UFX085HUL",
            "UFXC11HGD",
            "UFXTZQA06",
            "UFY7K22SU",
            "UFYAHQYFK",
            "UFZT3QMU6",
            "UFZTDP64Q",
            "UG105SZ89",
            "UG134KF0U",
            "UG2UHV0KF",
            "UG862J8F8",
            "UG92VFWFR",
            "UGAP317EJ",
            "UGNP0R32T",
            "UGW0NTE7N"
        ],
        "topic": {
            "value": "<https:\/\/github.com\/JavaWebinar\/topjava\/blob\/doc\/doc\/lesson05.md>",
            "creator": "UE1ULNT9V",
            "last_set": "1551905922"
        },
        "purpose": {
            "value": "",
            "creator": "",
            "last_set": "0"
        }
    },
    {
        "id": "CGY6PL64C",
        "name": "hw6",
        "created": "1552521077",
        "creator": "UE1ULNT9V",
        "is_archived": false,
        "is_general": false,
        "members": [
            "UE1ULNT9V",
            "UELAS5TEC",
            "UELE85CTB",
            "UEPA6TUHL",
            "UEPH5LANR",
            "UERDM12SG",
            "UEUFBC345",
            "UEUTPR8KW",
            "UEXSG2830",
            "UEY47RCQZ",
            "UEZ1LSXC6",
            "UEZVBBE8Y",
            "UF0LBEZED",
            "UF0RL1TND",
            "UF0RTMJGZ",
            "UF1D75EG5",
            "UF1DAUJE6",
            "UF2FGUDPH",
            "UF2LKNV70",
            "UF2MZBKAR",
            "UF3JGRQSX",
            "UF49VUDHR",
            "UF4EWJ9N3",
            "UF523F939",
            "UF5T95Y7Q",
            "UF659SC66",
            "UF6HMCG3X",
            "UF7MD83EU",
            "UF8AK4161",
            "UF954Q6RW",
            "UF99MJGKU",
            "UF9DY819B",
            "UFA0AFYAZ",
            "UFAG403GE",
            "UFAL6KZH8",
            "UFALPSH7D",
            "UFB18J10A",
            "UFB2HKGS1",
            "UFBA1SS4W",
            "UFBHB8PFS",
            "UFBKJAN87",
            "UFC19KSSJ",
            "UFCJPCJ4U",
            "UFDAYTBB4",
            "UFE740823",
            "UFE7TR83Z",
            "UFF1JGE9H",
            "UFFJ077SL",
            "UFG902L7Q",
            "UFGTW4BJS",
            "UFH1T9S1Y",
            "UFHBYDGL9",
            "UFHCGQ525",
            "UFHM1JVEK",
            "UFJBMRL7K",
            "UFJCHS6RE",
            "UFJJL4USF",
            "UFJM88NSF",
            "UFJMTDWBY",
            "UFKG13683",
            "UFKLLLP1A",
            "UFKMGA8S3",
            "UFKNK1SBG",
            "UFKQ3T6AG",
            "UFLKE29QW",
            "UFMGDSVM4",
            "UFNFYPX2T",
            "UFNHJMTE2",
            "UFP7PTM99",
            "UFPB4FETA",
            "UFPN54N0L",
            "UFPRT4B28",
            "UFQ35BUP4",
            "UFQC67TED",
            "UFQFJRADC",
            "UFQSJ17NY",
            "UFQT0J4PP",
            "UFR6VRXL3",
            "UFRA5FKN3",
            "UFRA83K2B",
            "UFS44Q1JS",
            "UFS7494J3",
            "UFT7XUWJX",
            "UFTEY6H27",
            "UFTJAG1J4",
            "UFTLU8L02",
            "UFTSGQ7U5",
            "UFU237K1A",
            "UFU5MPXHS",
            "UFU6UEZB5",
            "UFU8UQFK7",
            "UFU9C81QW",
            "UFUA3RR0R",
            "UFUQUNDRP",
            "UFV6YGMUL",
            "UFVJ4064D",
            "UFVN63TRT",
            "UFVQW8RD2",
            "UFVTNRHNK",
            "UFW2XS0HX",
            "UFWE2NMAA",
            "UFWFV6VH7",
            "UFWL4245A",
            "UFWM2ABC5",
            "UFWMRGRGA",
            "UFWQHQV1Q",
            "UFWU4LKK3",
            "UFX085HUL",
            "UFXC11HGD",
            "UFYAHQYFK",
            "UFZT3QMU6",
            "UFZTDP64Q",
            "UG105SZ89",
            "UG134KF0U",
            "UG2UHV0KF",
            "UG862J8F8",
            "UG92VFWFR",
            "UGAP317EJ",
            "UGW0NTE7N",
            "UH0SY898F",
            "UH2NQ2QGJ"
        ],
        "topic": {
            "value": "<https:\/\/github.com\/JavaWebinar\/topjava\/blob\/doc\/doc\/lesson06.md>",
            "creator": "UE1ULNT9V",
            "last_set": "1552521086"
        },
        "purpose": {
            "value": "",
            "creator": "",
            "last_set": "0"
        }
    },
    {
        "id": "CHA8U6T40",
        "name": "hw7",
        "created": "1553726536",
        "creator": "UE1ULNT9V",
        "is_archived": false,
        "is_general": false,
        "members": [
            "UE1ULNT9V",
            "UELAS5TEC",
            "UELE85CTB",
            "UEPA6TUHL",
            "UEPH5LANR",
            "UERCRCF6D",
            "UEUFBC345",
            "UEUTPR8KW",
            "UEY47RCQZ",
            "UEZ1LSXC6",
            "UEZVBBE8Y",
            "UF0Q50M55",
            "UF0RL1TND",
            "UF0RTMJGZ",
            "UF1D75EG5",
            "UF1DAUJE6",
            "UF2FGUDPH",
            "UF2JE861M",
            "UF2LKNV70",
            "UF2MZBKAR",
            "UF3JGRQSX",
            "UF49VUDHR",
            "UF4EWJ9N3",
            "UF5T95Y7Q",
            "UF659SC66",
            "UF6HMCG3X",
            "UF7MD83EU",
            "UF8AK4161",
            "UF954Q6RW",
            "UF9DY819B",
            "UFAG403GE",
            "UFAL6KZH8",
            "UFALPSH7D",
            "UFB18J10A",
            "UFB2HKGS1",
            "UFBHB8PFS",
            "UFC19KSSJ",
            "UFCJPCJ4U",
            "UFDAYTBB4",
            "UFE740823",
            "UFE7TR83Z",
            "UFF1JGE9H",
            "UFFJ077SL",
            "UFGTW4BJS",
            "UFH1T9S1Y",
            "UFHBYDGL9",
            "UFHCGQ525",
            "UFJBMRL7K",
            "UFJCHS6RE",
            "UFJJL4USF",
            "UFJMTDWBY",
            "UFKG13683",
            "UFKLLLP1A",
            "UFKMGA8S3",
            "UFKNK1SBG",
            "UFKQ3T6AG",
            "UFKR9FT55",
            "UFLKE29QW",
            "UFMGDSVM4",
            "UFNFYPX2T",
            "UFNHJMTE2",
            "UFNTGKS5D",
            "UFP7PTM99",
            "UFPN54N0L",
            "UFPRT4B28",
            "UFQ35BUP4",
            "UFQC67TED",
            "UFQFJRADC",
            "UFQSJ17NY",
            "UFQT0J4PP",
            "UFR6VRXL3",
            "UFRA5FKN3",
            "UFS44Q1JS",
            "UFSPCA7L7",
            "UFT7XUWJX",
            "UFTJAG1J4",
            "UFTLU8L02",
            "UFU237K1A",
            "UFU5MPXHS",
            "UFU6UEZB5",
            "UFU8UQFK7",
            "UFU9C81QW",
            "UFUA3RR0R",
            "UFUQUNDRP",
            "UFV6YGMUL",
            "UFVG5Q7S6",
            "UFVJ4064D",
            "UFVTNRHNK",
            "UFW2XS0HX",
            "UFWE2NMAA",
            "UFWFV6VH7",
            "UFWM2ABC5",
            "UFWQHQV1Q",
            "UFX085HUL",
            "UFXC11HGD",
            "UFZT3QMU6",
            "UFZTDP64Q",
            "UG105SZ89",
            "UG134KF0U",
            "UG862J8F8",
            "UG92VFWFR",
            "UGAP317EJ"
        ],
        "topic": {
            "value": "<https:\/\/github.com\/JavaWebinar\/topjava\/blob\/doc\/doc\/lesson07.md>",
            "creator": "UE1ULNT9V",
            "last_set": "1553726547"
        },
        "purpose": {
            "value": "",
            "creator": "",
            "last_set": "0"
        }
    },
    {
        "id": "CHH460J3T",
        "name": "alexander_fomin",
        "created": "1554749104",
        "creator": "UHNENHQJU",
        "is_archived": false,
        "is_general": false,
        "members": [
            "UF7MD83EU",
            "UHNENHQJU"
        ],
        "topic": {
            "value": "",
            "creator": "",
            "last_set": "0"
        },
        "purpose": {
            "value": "",
            "creator": "",
            "last_set": "0"
        }
    },
    {
        "id": "CHND5C0EP",
        "name": "hw10",
        "created": "1555544085",
        "creator": "UE1ULNT9V",
        "is_archived": false,
        "is_general": false,
        "members": [
            "UE1ULNT9V",
            "UELAS5TEC",
            "UELE85CTB",
            "UEPA6TUHL",
            "UEUTPR8KW",
            "UEWSLHBTJ",
            "UEY47RCQZ",
            "UEZ1LSXC6",
            "UEZVBBE8Y",
            "UF0RTMJGZ",
            "UF1DAUJE6",
            "UF2FGUDPH",
            "UF2MZBKAR",
            "UF2PXFBBR",
            "UF3JGRQSX",
            "UF49VUDHR",
            "UF4EWJ9N3",
            "UF659SC66",
            "UF6HMCG3X",
            "UF7MD83EU",
            "UF8AK4161",
            "UF954Q6RW",
            "UF9DY819B",
            "UFAG403GE",
            "UFB18J10A",
            "UFB2HKGS1",
            "UFC19KSSJ",
            "UFCJPCJ4U",
            "UFE7TR83Z",
            "UFF1JGE9H",
            "UFFJ077SL",
            "UFH1T9S1Y",
            "UFHBYDGL9",
            "UFHCGQ525",
            "UFJCHS6RE",
            "UFKG13683",
            "UFKLLLP1A",
            "UFKMGA8S3",
            "UFKNK1SBG",
            "UFKQ3T6AG",
            "UFKR9FT55",
            "UFLKE29QW",
            "UFMGDSVM4",
            "UFNHJMTE2",
            "UFP7PTM99",
            "UFPRT4B28",
            "UFQFJRADC",
            "UFQSJ17NY",
            "UFQT0J4PP",
            "UFR6VRXL3",
            "UFRA5FKN3",
            "UFT7XUWJX",
            "UFTJAG1J4",
            "UFTLU8L02",
            "UFU5MPXHS",
            "UFU8UQFK7",
            "UFU9C81QW",
            "UFUQUNDRP",
            "UFV6YGMUL",
            "UFVJ4064D",
            "UFVTNRHNK",
            "UFW2XS0HX",
            "UFWE2NMAA",
            "UFWFV6VH7",
            "UFWM2ABC5",
            "UFWQHQV1Q",
            "UFXC11HGD",
            "UFYAHQYFK",
            "UFZT3QMU6",
            "UFZTDP64Q",
            "UG105SZ89",
            "UG134KF0U",
            "UG862J8F8",
            "UG92VFWFR",
            "UGAP317EJ"
        ],
        "topic": {
            "value": "<https:\/\/github.com\/JavaWebinar\/topjava\/blob\/doc\/doc\/lesson10.md>",
            "creator": "UE1ULNT9V",
            "last_set": "1555544091"
        },
        "purpose": {
            "value": "",
            "creator": "",
            "last_set": "0"
        }
    },
    {
        "id": "CHNJGPA0P",
        "name": "hw8",
        "created": "1554327786",
        "creator": "UE1ULNT9V",
        "is_archived": false,
        "is_general": false,
        "members": [
            "UE1ULNT9V",
            "UELAS5TEC",
            "UELE85CTB",
            "UEPA6TUHL",
            "UERCRCF6D",
            "UEUTPR8KW",
            "UEY47RCQZ",
            "UEZ1LSXC6",
            "UEZVBBE8Y",
            "UF0RL1TND",
            "UF1DAUJE6",
            "UF2FGUDPH",
            "UF2JE861M",
            "UF2LKNV70",
            "UF2MZBKAR",
            "UF3JGRQSX",
            "UF49VUDHR",
            "UF4AL5F1U",
            "UF4EWJ9N3",
            "UF5T95Y7Q",
            "UF659SC66",
            "UF6HMCG3X",
            "UF7MD83EU",
            "UF8AK4161",
            "UF954Q6RW",
            "UF9DY819B",
            "UFAG403GE",
            "UFAL6KZH8",
            "UFB18J10A",
            "UFB2HKGS1",
            "UFBA1SS4W",
            "UFBHB8PFS",
            "UFC19KSSJ",
            "UFCJPCJ4U",
            "UFE740823",
            "UFE7TR83Z",
            "UFF1JGE9H",
            "UFFJ077SL",
            "UFGTW4BJS",
            "UFH1T9S1Y",
            "UFHBYDGL9",
            "UFHCGQ525",
            "UFHM1JVEK",
            "UFJBMRL7K",
            "UFJCHS6RE",
            "UFJJL4USF",
            "UFJMTDWBY",
            "UFKG13683",
            "UFKLLLP1A",
            "UFKMGA8S3",
            "UFKNK1SBG",
            "UFKQ3T6AG",
            "UFKR9FT55",
            "UFLKE29QW",
            "UFMGDSVM4",
            "UFNFYPX2T",
            "UFNHJMTE2",
            "UFP7PTM99",
            "UFPN54N0L",
            "UFPRT4B28",
            "UFQC67TED",
            "UFQFJRADC",
            "UFQSJ17NY",
            "UFQT0J4PP",
            "UFR6VRXL3",
            "UFRA5FKN3",
            "UFS44Q1JS",
            "UFT7XUWJX",
            "UFTJAG1J4",
            "UFTLU8L02",
            "UFU5MPXHS",
            "UFU8UQFK7",
            "UFU9C81QW",
            "UFUA3RR0R",
            "UFUQUNDRP",
            "UFV6YGMUL",
            "UFVG5Q7S6",
            "UFVJ4064D",
            "UFVTNRHNK",
            "UFW2XS0HX",
            "UFWE2NMAA",
            "UFWFV6VH7",
            "UFWM2ABC5",
            "UFWQHQV1Q",
            "UFXC11HGD",
            "UFY7K22SU",
            "UFYAHQYFK",
            "UFZT3QMU6",
            "UFZTDP64Q",
            "UG105SZ89",
            "UG134KF0U",
            "UG862J8F8",
            "UG92VFWFR",
            "UGAP317EJ"
        ],
        "topic": {
            "value": "<https:\/\/github.com\/JavaWebinar\/topjava\/blob\/doc\/doc\/lesson08.md>",
            "creator": "UE1ULNT9V",
            "last_set": "1554327799"
        },
        "purpose": {
            "value": "",
            "creator": "",
            "last_set": "0"
        }
    },
    {
        "id": "CHW8K2G3Y",
        "name": "hw9",
        "created": "1554929109",
        "creator": "UE1ULNT9V",
        "is_archived": false,
        "is_general": false,
        "members": [
            "UE1ULNT9V",
            "UELAS5TEC",
            "UELE85CTB",
            "UEPA6TUHL",
            "UERCRCF6D",
            "UEUTPR8KW",
            "UEWSLHBTJ",
            "UEY47RCQZ",
            "UEZ1LSXC6",
            "UEZVBBE8Y",
            "UF0RL1TND",
            "UF1DAUJE6",
            "UF2FGUDPH",
            "UF2LKNV70",
            "UF2MZBKAR",
            "UF2PXFBBR",
            "UF3JGRQSX",
            "UF49VUDHR",
            "UF4EWJ9N3",
            "UF5T95Y7Q",
            "UF659SC66",
            "UF6HMCG3X",
            "UF7MD83EU",
            "UF8AK4161",
            "UF954Q6RW",
            "UF9DY819B",
            "UFAG403GE",
            "UFAL6KZH8",
            "UFB18J10A",
            "UFB2HKGS1",
            "UFBA1SS4W",
            "UFC19KSSJ",
            "UFCJPCJ4U",
            "UFE7TR83Z",
            "UFF1JGE9H",
            "UFFJ077SL",
            "UFGTW4BJS",
            "UFH1T9S1Y",
            "UFHBYDGL9",
            "UFHCGQ525",
            "UFHM1JVEK",
            "UFJBMRL7K",
            "UFJCHS6RE",
            "UFJMTDWBY",
            "UFKG13683",
            "UFKLLLP1A",
            "UFKMGA8S3",
            "UFKNK1SBG",
            "UFKQ3T6AG",
            "UFKR9FT55",
            "UFLKE29QW",
            "UFMGDSVM4",
            "UFNFYPX2T",
            "UFNHJMTE2",
            "UFNTGKS5D",
            "UFP7PTM99",
            "UFPRT4B28",
            "UFQC67TED",
            "UFQFJRADC",
            "UFQSJ17NY",
            "UFQT0J4PP",
            "UFR6VRXL3",
            "UFRA5FKN3",
            "UFS44Q1JS",
            "UFT7XUWJX",
            "UFTJAG1J4",
            "UFTLU8L02",
            "UFU4H443U",
            "UFU5MPXHS",
            "UFU9C81QW",
            "UFUA3RR0R",
            "UFUQUNDRP",
            "UFV6YGMUL",
            "UFVJ4064D",
            "UFVTNRHNK",
            "UFW2XS0HX",
            "UFWE2NMAA",
            "UFWFV6VH7",
            "UFWM2ABC5",
            "UFWQHQV1Q",
            "UFX085HUL",
            "UFXC11HGD",
            "UFYAHQYFK",
            "UFZT3QMU6",
            "UFZTDP64Q",
            "UG105SZ89",
            "UG134KF0U",
            "UG862J8F8",
            "UG92VFWFR",
            "UGAP317EJ",
            "UGKBP19QT"
        ],
        "topic": {
            "value": "<https:\/\/github.com\/JavaWebinar\/topjava\/blob\/doc\/doc\/lesson09.md>",
            "creator": "UE1ULNT9V",
            "last_set": "1554934250"
        },
        "purpose": {
            "value": "",
            "creator": "",
            "last_set": "0"
        }
    },
    {
        "id": "CJ45Z81JB",
        "name": "test_task",
        "created": "1555852333",
        "creator": "UFP7PTM99",
        "is_archived": false,
        "is_general": false,
        "members": [
            "UFT7XUWJX"
        ],
        "topic": {
            "value": "",
            "creator": "",
            "last_set": "0"
        },
        "purpose": {
            "value": "",
            "creator": "",
            "last_set": "0"
        }
    },
    {
        "id": "CJ5T7LCF2",
        "name": "hw11",
        "created": "1556155224",
        "creator": "UE1ULNT9V",
        "is_archived": false,
        "is_general": false,
        "members": [
            "UE1ULNT9V",
            "UEUTPR8KW",
            "UEY47RCQZ",
            "UEZVBBE8Y",
            "UF1DAUJE6",
            "UF2FGUDPH",
            "UF4EWJ9N3",
            "UF6HMCG3X",
            "UF7MD83EU",
            "UFAG403GE",
            "UFCJPCJ4U",
            "UFFJ077SL",
            "UFH1T9S1Y",
            "UFHCGQ525",
            "UFJCHS6RE",
            "UFKG13683",
            "UFKNK1SBG",
            "UFMGDSVM4",
            "UFPRT4B28",
            "UFQFJRADC",
            "UFQT0J4PP",
            "UFR6VRXL3",
            "UFRA5FKN3",
            "UFT7XUWJX",
            "UFTLU8L02",
            "UFU5MPXHS",
            "UFUQUNDRP",
            "UFZTDP64Q",
            "UG862J8F8"
        ],
        "topic": {
            "value": "<https:\/\/github.com\/JavaWebinar\/topjava\/blob\/doc\/doc\/lesson11.md>",
            "creator": "UE1ULNT9V",
            "last_set": "1556155233"
        },
        "purpose": {
            "value": "",
            "creator": "",
            "last_set": "0"
        }
    }
]