[
    {
        "user_id": "UFPV5FPLK",
        "user_name": "jenny2.hedeen",
        "date": "1550869669",
        "change_type": "resource_grant_created",
        "service_id": "546284394214",
        "service_type": "App",
        "scope": null,
        "channel": "private",
        "app_type": "GitHub",
        "app_id": "A8GBNUWU8"
    },
    {
        "user_id": "UF4EWJ9N3",
        "user_name": "andreww",
        "date": "1550867630",
        "change_type": "resource_grant_created",
        "service_id": "546284394214",
        "service_type": "App",
        "scope": null,
        "channel": "private",
        "app_type": "GitHub",
        "app_id": "A8GBNUWU8"
    },
    {
        "user_id": "UG862J8F8",
        "user_name": "basicprof",
        "date": "1550866613",
        "change_type": "resource_grant_created",
        "service_id": "546284394214",
        "service_type": "App",
        "scope": null,
        "channel": "CGCGU9E02",
        "app_type": "GitHub",
        "app_id": "A8GBNUWU8"
    },
    {
        "user_id": "UE1ULNT9V",
        "user_name": "admin",
        "date": "1549550074",
        "change_type": "resource_grant_created",
        "service_id": "546284394214",
        "service_type": "App",
        "scope": null,
        "channel": "private",
        "app_type": "GitHub",
        "app_id": "A8GBNUWU8"
    },
    {
        "user_id": "UE1ULNT9V",
        "user_name": "admin",
        "date": "1549550074",
        "change_type": "resource_grant_created",
        "service_id": "546284394214",
        "service_type": "App",
        "scope": null,
        "channel": "CG28BK1FG",
        "app_type": "GitHub",
        "app_id": "A8GBNUWU8"
    },
    {
        "user_id": "UE1ULNT9V",
        "user_name": "admin",
        "date": "1549550073",
        "change_type": "expanded",
        "service_id": "546284394214",
        "service_type": "App",
        "scope": null,
        "app_type": "GitHub",
        "app_id": "A8GBNUWU8"
    },
    {
        "user_id": "UE1ULNT9V",
        "user_name": "admin",
        "date": "1549550073",
        "change_type": "expanded",
        "service_id": "546284394214",
        "service_type": "App",
        "scope": null,
        "app_type": "GitHub",
        "app_id": "A8GBNUWU8"
    },
    {
        "user_id": "UE1ULNT9V",
        "user_name": "admin",
        "date": "1549550073",
        "change_type": "resource_grant_created",
        "service_id": "546284394214",
        "service_type": "App",
        "scope": null,
        "app_type": "GitHub",
        "app_id": "A8GBNUWU8"
    },
    {
        "user_id": "UE1ULNT9V",
        "user_name": "admin",
        "date": "1549550073",
        "change_type": "added",
        "app_type": "GitHub",
        "app_id": "A8GBNUWU8"
    },
    {
        "user_id": "UE1ULNT9V",
        "user_name": "admin",
        "date": "1543618344",
        "change_type": "expanded",
        "app_type": "Slack API Tester",
        "app_id": "A02",
        "scope": "identify,read,post,client,apps,admin"
    },
    {
        "user_id": "UE1ULNT9V",
        "user_name": "admin",
        "date": "1543618294",
        "change_type": "added",
        "app_type": "Slack API Tester",
        "app_id": "A02",
        "scope": "identify,read,post,client,apps,admin"
    }
]