[
    {
        "client_msg_id": "4db7d8fb-1fa6-42e0-86ff-1438a6073a7c",
        "type": "message",
        "text": "Но весь проект basejava - это разработка CRUD app, что эквивалентно hw_1 optional в курсе topjava. Для меня более эффективно пройти один раз с трудностями topjava, попытаться усвоить материал и для закрепления пройти курс повторно. Так как материалы курса всегда доступны, повторно проходить можно в любое время. Если необходимо живое общение, то можно и со следующим набором синхронизировать. Минус повторного прохождения - наличие уже готового решения после первого круга, но все зависит от собственной мотивации :slightly_smiling_face:",
        "user": "UFPV5FPLK",
        "ts": "1549968944.018100"
    },
    {
        "client_msg_id": "f1351d1e-50a9-4085-90b6-df7018ac5e94",
        "type": "message",
        "text": "на basejava, кроме разработки CRUD ДБ  приложения мы проходим основы. причем не теорию, а именно на практике- делаем много реализаций сохранения. с выделением общей части (паттерн темплайт метод), с работой jdbc и транзакциями и стратегией.\n<http:\/\/javaops.ru\/view\/basejava#program>\nесли в них плаваете- то повтор топждава не поможет...",
        "user": "UE1ULNT9V",
        "ts": "1549969534.019600",
        "edited": {
            "user": "UE1ULNT9V",
            "ts": "1549969921.000000"
        },
        "attachments": [
            {
                "service_name": "Java Online Projects",
                "title": "Java Core\/Web. БЕСПЛАТНОЕ вступительное занятие.",
                "title_link": "http:\/\/javaops.ru\/view\/basejava#program",
                "text": "Java программист:от новичка до профессионала. Бесплатные первые занятия. Core,Web,Веб,Maven,Spring 5,Security,JPA(Hibernate),REST,AJAX,Botstrap,Enterprise",
                "fallback": "Java Online Projects: Java Core\/Web. БЕСПЛАТНОЕ вступительное занятие.",
                "image_url": "http:\/\/javaops.ru\/static\/img\/javaopsBase.jpg",
                "from_url": "http:\/\/javaops.ru\/view\/basejava#program",
                "image_width": 537,
                "image_height": 240,
                "image_bytes": 38030,
                "service_icon": "http:\/\/javaops.ru\/static\/img\/java_big_cup.png",
                "id": 1,
                "original_url": "http:\/\/javaops.ru\/view\/basejava#program"
            }
        ]
    },
    {
        "client_msg_id": "e7a50034-6a6c-462b-aae1-72448b46b5ee",
        "type": "message",
        "text": "<@UE1ULNT9V> не могу найти, еще не выложили?",
        "user": "UF1DTEC9Z",
        "ts": "1550011413.028200",
        "thread_ts": "1549463194.075500",
        "parent_user_id": "UE1ULNT9V"
    },
    {
        "client_msg_id": "f70955e4-0cbe-4f9e-b894-646dd175ea8c",
        "type": "message",
        "text": "да этот слак ко всем пристает без разбора, лишь хоть ктонибудь ему денежку закинул)))",
        "user": "UF1DTEC9Z",
        "ts": "1550011665.028500",
        "thread_ts": "1549636400.105600",
        "parent_user_id": "UEQL1L1JS"
    },
    {
        "client_msg_id": "5c8c741a-1b16-4bce-a8e0-89bd745a629e",
        "type": "message",
        "text": "Скажите пожалуйста, вот мы сейчас делаем задание 1, у нас есть Meal, MealTo, MealTo это DTO для Meal? Для чего это нужно? Где можно про это почитать?",
        "user": "UFFJ077SL",
        "ts": "1550042986.030100",
        "thread_ts": "1550042986.030100",
        "reply_count": 19,
        "reply_users_count": 7,
        "latest_reply": "1550129798.039500",
        "reply_users": [
            "UF2MZBKAR",
            "UFFJ077SL",
            "UFTSGQ7U5",
            "UE1ULNT9V",
            "UFPRT4B28",
            "UF7MD83EU",
            "UFUQUNDRP"
        ],
        "replies": [
            {
                "user": "UF2MZBKAR",
                "ts": "1550043304.030200"
            },
            {
                "user": "UFFJ077SL",
                "ts": "1550043346.030400"
            },
            {
                "user": "UFFJ077SL",
                "ts": "1550043360.030600"
            },
            {
                "user": "UFFJ077SL",
                "ts": "1550043370.030800"
            },
            {
                "user": "UFFJ077SL",
                "ts": "1550043392.031000"
            },
            {
                "user": "UFFJ077SL",
                "ts": "1550043416.031200"
            },
            {
                "user": "UFFJ077SL",
                "ts": "1550043434.031400"
            },
            {
                "user": "UF2MZBKAR",
                "ts": "1550043487.031600"
            },
            {
                "user": "UFTSGQ7U5",
                "ts": "1550044081.031800"
            },
            {
                "user": "UF2MZBKAR",
                "ts": "1550044476.032200"
            },
            {
                "user": "UE1ULNT9V",
                "ts": "1550049930.032400"
            },
            {
                "user": "UFTSGQ7U5",
                "ts": "1550050179.032800"
            },
            {
                "user": "UFFJ077SL",
                "ts": "1550050278.033000"
            },
            {
                "user": "UFFJ077SL",
                "ts": "1550050282.033200"
            },
            {
                "user": "UFPRT4B28",
                "ts": "1550053308.033400"
            },
            {
                "user": "UF7MD83EU",
                "ts": "1550083424.033700"
            },
            {
                "user": "UE1ULNT9V",
                "ts": "1550085638.034200"
            },
            {
                "user": "UFTSGQ7U5",
                "ts": "1550126215.039200"
            },
            {
                "user": "UFUQUNDRP",
                "ts": "1550129798.039500"
            }
        ]
    },
    {
        "client_msg_id": "6ed39253-77e8-4b81-924c-463b48046cfe",
        "type": "message",
        "text": "Meal - это обычный Java объект, который хранится в базе данных. MealTransferObject - это то, что мы отображаем на View, он нужен для решения задачи, связанной с раскрашиванием еды. А хранить поле excess в Meal излишне.",
        "user": "UF2MZBKAR",
        "ts": "1550043304.030200",
        "thread_ts": "1550042986.030100",
        "parent_user_id": "UFFJ077SL"
    },
    {
        "client_msg_id": "bcf61528-a669-42f9-8f1a-365ee139ce3d",
        "type": "message",
        "text": "у меня вопрос появился, когда я начал делать hw1 Опционал",
        "user": "UFFJ077SL",
        "ts": "1550043346.030400",
        "thread_ts": "1550042986.030100",
        "parent_user_id": "UFFJ077SL"
    },
    {
        "client_msg_id": "740d6235-6565-4601-8f8a-4d4f6261a1a9",
        "type": "message",
        "text": "когда я добавляю через форму новый объект",
        "user": "UFFJ077SL",
        "ts": "1550043360.030600",
        "thread_ts": "1550042986.030100",
        "parent_user_id": "UFFJ077SL"
    },
    {
        "client_msg_id": "9653c0f9-2093-4b46-8336-914510e059be",
        "type": "message",
        "text": "я же его добавляю в List&lt;Meal&gt;?",
        "user": "UFFJ077SL",
        "ts": "1550043370.030800",
        "thread_ts": "1550042986.030100",
        "parent_user_id": "UFFJ077SL"
    },
    {
        "client_msg_id": "1d42256c-b09d-4571-9360-87ccde433931",
        "type": "message",
        "text": "напрямую, без всяких mealTo",
        "user": "UFFJ077SL",
        "ts": "1550043392.031000",
        "thread_ts": "1550042986.030100",
        "parent_user_id": "UFFJ077SL"
    },
    {
        "client_msg_id": "5fec0ceb-aa99-40b5-910e-ffc51f91a00c",
        "type": "message",
        "text": "просто непонятки появились, что в списке я показываю таблицу и беру данные из MealTo списка",
        "user": "UFFJ077SL",
        "ts": "1550043416.031200",
        "thread_ts": "1550042986.030100",
        "parent_user_id": "UFFJ077SL"
    },
    {
        "client_msg_id": "94ddbae4-eac8-4a73-ab91-1578f54fde8d",
        "type": "message",
        "text": "а когда я в этом списке выбираю какой то элемент для редактирования, я редактирую Meal объект",
        "user": "UFFJ077SL",
        "ts": "1550043434.031400",
        "thread_ts": "1550042986.030100",
        "parent_user_id": "UFFJ077SL"
    },
    {
        "client_msg_id": "1b0fcae1-491a-466f-aad3-6127849ecbf7",
        "type": "message",
        "text": "Да, конечно\nА логика с excess идет уже в контроллере (сервлете, пока что). Еда из базы данных (Map'ы) преображается в List MealTo.\nРедачишь ты тоже обычный Meal, затем при отображении все то же, что уже я написал выше",
        "user": "UF2MZBKAR",
        "ts": "1550043487.031600",
        "thread_ts": "1550042986.030100",
        "parent_user_id": "UFFJ077SL"
    },
    {
        "client_msg_id": "211dc544-16fb-4b7e-a117-d344aff7b0cc",
        "type": "message",
        "text": "<@UF2MZBKAR> а зачем мапу то использовать? Почему просто списком не хранить? Чтоб по ключу быстренько доставать?",
        "user": "UFTSGQ7U5",
        "ts": "1550044081.031800",
        "edited": {
            "user": "UFTSGQ7U5",
            "ts": "1550044159.000000"
        },
        "thread_ts": "1550042986.030100",
        "parent_user_id": "UFFJ077SL"
    },
    {
        "client_msg_id": "a6ae7911-7999-45e9-bdd3-63eeeb58c97e",
        "type": "message",
        "text": "С мапой простая реализация: Map&lt;Id,Meal&gt; довольно удобно работать, а с Листом будут проблемы - при удалении элемента все номера элементов будут сдвигаться",
        "user": "UF2MZBKAR",
        "ts": "1550044476.032200",
        "thread_ts": "1550042986.030100",
        "parent_user_id": "UFFJ077SL"
    }
]