[
    {
        "client_msg_id": "11A92019-ECCB-47C3-898C-965606E3B56F",
        "type": "message",
        "text": "<@UE1ULNT9V> Прошу прощения, сам виноват, не знал, что ночью со среды на четверг выходят уроки.",
        "user": "UFW2XS0HX",
        "ts": "1549624702.104500"
    },
    {
        "client_msg_id": "73e79795-65f0-4cbc-9614-b83b889003be",
        "type": "message",
        "text": "Здравствуйте. Имеет ли смысл переходить на Slack Standard plan (8$\/month)?",
        "user": "UEQL1L1JS",
        "ts": "1549636400.105600",
        "thread_ts": "1549636400.105600",
        "reply_count": 2,
        "reply_users_count": 2,
        "latest_reply": "1550011665.028500",
        "reply_users": [
            "UE1ULNT9V",
            "UF1DTEC9Z"
        ],
        "replies": [
            {
                "user": "UE1ULNT9V",
                "ts": "1549636761.105700"
            },
            {
                "user": "UF1DTEC9Z",
                "ts": "1550011665.028500"
            }
        ]
    },
    {
        "client_msg_id": "ad8a10f1-71d9-4756-bc91-ac331a810210",
        "type": "message",
        "text": "тебе:)?",
        "user": "UE1ULNT9V",
        "ts": "1549636761.105700",
        "thread_ts": "1549636400.105600",
        "parent_user_id": "UEQL1L1JS"
    },
    {
        "client_msg_id": "91747c0a-0b51-408e-87c4-8fc9300737c5",
        "type": "message",
        "text": "Народ, не заходит патч, и не могу найти ссылку на инструкцию если патч не работает, плиз дайте ссылку на нее(вроде помню что она где-то есть)",
        "user": "UFJBMRL7K",
        "ts": "1549661861.107600",
        "thread_ts": "1549661861.107600",
        "reply_count": 4,
        "reply_users_count": 3,
        "latest_reply": "1549663143.108300",
        "reply_users": [
            "UF9DY819B",
            "UF7MD83EU",
            "UFJBMRL7K"
        ],
        "replies": [
            {
                "user": "UF9DY819B",
                "ts": "1549662127.107700"
            },
            {
                "user": "UF9DY819B",
                "ts": "1549662173.107900"
            },
            {
                "user": "UF7MD83EU",
                "ts": "1549662394.108100"
            },
            {
                "user": "UFJBMRL7K",
                "ts": "1549663143.108300"
            }
        ]
    },
    {
        "client_msg_id": "e96f2484-cdca-4407-bb85-78cd7458e2b4",
        "type": "message",
        "text": "<https:\/\/github.com\/JavaOPs\/topjava\/wiki\/Git>",
        "user": "UF9DY819B",
        "ts": "1549662127.107700",
        "thread_ts": "1549661861.107600",
        "parent_user_id": "UFJBMRL7K"
    },
    {
        "client_msg_id": "2c63a1ed-82fd-4e5a-bb50-b16216f02a0b",
        "type": "message",
        "text": "Patch не накатывается (предлагает merge)",
        "user": "UF9DY819B",
        "ts": "1549662173.107900",
        "thread_ts": "1549661861.107600",
        "parent_user_id": "UFJBMRL7K"
    },
    {
        "client_msg_id": "8ff984b4-d509-48d8-97c5-096bd7ecd6b1",
        "type": "message",
        "text": "значит твой код отличается от оригинала, может пробел где-то лишний поставил или пустую строку",
        "user": "UF7MD83EU",
        "ts": "1549662394.108100",
        "thread_ts": "1549661861.107600",
        "parent_user_id": "UFJBMRL7K"
    },
    {
        "client_msg_id": "75a92640-543d-49d1-bb11-7356315d52ed",
        "type": "message",
        "text": "Понял, уже проверил и исправил, спасибо",
        "user": "UFJBMRL7K",
        "ts": "1549663143.108300",
        "thread_ts": "1549661861.107600",
        "parent_user_id": "UFJBMRL7K"
    }
]