[
    {
        "client_msg_id": "d445a589-4324-4271-a0de-7ae9036317a5",
        "type": "message",
        "text": "Все привет. Подскажите, че то туплю)) а почему после применения патчей нужно в ручную в maven нажимать clear? Ведь когда запускаю приложение maven сам должен все этапы пройти и clear в том числе прежде чем собрать проект. По идее в ручную не нужно, однако если в ручную не сделать то приложение после накатки некоторых патчей не работает.",
        "user": "UFRA06J1F",
        "ts": "1555676673.026600",
        "thread_ts": "1555676673.026600",
        "reply_count": 2,
        "reply_users_count": 2,
        "latest_reply": "1555761441.042800",
        "reply_users": [
            "UFRA5FKN3",
            "UE1ULNT9V"
        ],
        "replies": [
            {
                "user": "UFRA5FKN3",
                "ts": "1555689597.042100"
            },
            {
                "user": "UE1ULNT9V",
                "ts": "1555761441.042800"
            }
        ]
    },
    {
        "client_msg_id": "6049821A-C3A0-4E52-B5C4-712D2BF04B1B",
        "type": "message",
        "text": "Никак нет. В maven есть 3 Lifecycle: Clean Lifecycle (pre-clean, clean, post-clean), Default-Lifecycle (validate-initialize-compile- test-compile -test, package-verify-install-deploy) and  Site-Lifecycle(pre-site, Site, Post-Site,Site-deploy).\nЕсли написать команду install, то вызовутся все фазы от validate до install (с единственным исключением, что в ручную можно сказать не делать фазу тест, сказать, что надо пропустить стадию компиляции, например никак не выйдет. А так как clean входит в другой жизненный цикл, то и вызывать его надо отдельно. Точно также и с третим жизненным циклом. Я во всех своих проектах ставлю всегда  goals clean install or clean deploy. Абсолютно не хочу задумываться вот надо сейчас делать clean или итак сойдёт. Или разгребать проблемы, что clean, вроде, и не нужен, но все перестало работать или работает как-то не так. Ещё часто вижу не понимание жизненных циклов, когда пишут clean package install и другие разные комбинации",
        "user": "UFRA5FKN3",
        "ts": "1555689597.042100",
        "thread_ts": "1555676673.026600",
        "parent_user_id": "UFRA06J1F"
    }
]