[
    {
        "client_msg_id": "0ccb2709-a346-43ee-a066-68ac7f0fba51",
        "type": "message",
        "text": "Поддерживаю! На собеседовании как раз спросили, как такое лучше сделать..",
        "user": "UFE7TR83Z",
        "ts": "1556092490.052800",
        "thread_ts": "1556087389.052700",
        "parent_user_id": "UFFJ077SL"
    },
    {
        "client_msg_id": "d4d84194-01a8-4683-b976-78def2cd8d64",
        "type": "message",
        "text": "да это нужно в каждом тестовом будет, в котором будет таблица",
        "user": "UFFJ077SL",
        "ts": "1556092543.053000",
        "thread_ts": "1556087389.052700",
        "parent_user_id": "UFFJ077SL"
    },
    {
        "client_msg_id": "b1dcba11-bad4-454b-914d-1f425e424087",
        "type": "message",
        "text": "понятно дело, что можно в интернете нагуглить, но не понятно, правильно ли это будет сделано",
        "user": "UFFJ077SL",
        "ts": "1556092564.053200",
        "thread_ts": "1556087389.052700",
        "parent_user_id": "UFFJ077SL"
    },
    {
        "client_msg_id": "47c6c775-6b4b-4f86-bf13-ee1afed1ba4e",
        "type": "message",
        "text": "а то весь проект норм сделан, а пагинация заговнокожена",
        "user": "UFFJ077SL",
        "ts": "1556092583.053400",
        "thread_ts": "1556087389.052700",
        "parent_user_id": "UFFJ077SL"
    },
    {
        "client_msg_id": "1d3e6b90-a16c-448e-9f75-f0622fc3deed",
        "type": "message",
        "text": "такое себе",
        "user": "UFFJ077SL",
        "ts": "1556092584.053600",
        "thread_ts": "1556087389.052700",
        "parent_user_id": "UFFJ077SL"
    },
    {
        "client_msg_id": "f3915f86-3660-4526-a88b-259fe750fdde",
        "type": "message",
        "text": "поддерживаю:) на последнем занятии будут ваши доработки- там есть paginating. можно будет доработать. только не делайте своих велосипедов-его поддержка есть в spring-data-jpa. можете даже в выпускном сделать",
        "user": "UE1ULNT9V",
        "ts": "1556098001.053800",
        "edited": {
            "user": "UE1ULNT9V",
            "ts": "1556098036.000000"
        },
        "thread_ts": "1556087389.052700",
        "parent_user_id": "UFFJ077SL"
    },
    {
        "client_msg_id": "f79197d7-be78-4a7d-8ab5-ff1398c8b97c",
        "type": "message",
        "text": "о, если будет, то это прям чудесно )",
        "user": "UFFJ077SL",
        "ts": "1556098381.054100",
        "thread_ts": "1556087389.052700",
        "parent_user_id": "UFFJ077SL"
    },
    {
        "client_msg_id": "050a237a-ba84-4369-8ec1-23522a710129",
        "type": "message",
        "text": "+ интересно как с аяксом пагинация работает",
        "user": "UFFJ077SL",
        "ts": "1556098388.054300",
        "thread_ts": "1556087389.052700",
        "parent_user_id": "UFFJ077SL"
    },
    {
        "client_msg_id": "45594203-62d9-495c-8ba7-e85ea3718b8c",
        "type": "message",
        "text": "Пользователь сможет настраивать размер отдаваемых данных, или это будет в настройках приложения, а пагинация на клиенте - через флажок datatables?",
        "user": "UFUQUNDRP",
        "ts": "1556098739.054500",
        "thread_ts": "1556087389.052700",
        "parent_user_id": "UFFJ077SL"
    },
    {
        "client_msg_id": "88acf958-d002-481e-b14c-4327de26683c",
        "type": "message",
        "text": "там думаю не только флажок)",
        "user": "UFFJ077SL",
        "ts": "1556098758.054700",
        "thread_ts": "1556087389.052700",
        "parent_user_id": "UFFJ077SL"
    },
    {
        "client_msg_id": "6301eb2c-555e-4e9c-bd64-89ae6d6717a4",
        "type": "message",
        "text": "В смысле? Там если поставить \"paging\": true - он сгенерит пагинацию с выбором кол-ва выводимых записей.",
        "user": "UFUQUNDRP",
        "ts": "1556098906.055000",
        "thread_ts": "1556087389.052700",
        "parent_user_id": "UFFJ077SL"
    },
    {
        "client_msg_id": "488cc6d6-6e7e-4cbb-acbd-ad0b91d9ae2c",
        "type": "message",
        "text": "и сам 1,2,3, more добавит?",
        "user": "UFFJ077SL",
        "ts": "1556098940.055200",
        "thread_ts": "1556087389.052700",
        "parent_user_id": "UFFJ077SL"
    },
    {
        "client_msg_id": "b63a7f81-f0aa-4c5d-a3ea-da2bc83fb64d",
        "type": "message",
        "text": "снизу таблицы",
        "user": "UFFJ077SL",
        "ts": "1556098954.055400",
        "thread_ts": "1556087389.052700",
        "parent_user_id": "UFFJ077SL"
    },
    {
        "type": "message",
        "text": "попробуй )\n```\nmakeEditable({\n            ajaxUrl: \"ajax\/meals\/\",\n            datatableApi: $(\"#datatable\").DataTable({\n                \"paging\": true,\n                \"info\": true,\n```",
        "files": [
            {
                "id": "FHTLJC0R0",
                "created": 1556107537,
                "timestamp": 1556107537,
                "name": "datatables_pagination.png",
                "title": "datatables_pagination.png",
                "mimetype": "image\/png",
                "filetype": "png",
                "pretty_type": "PNG",
                "user": "UFUQUNDRP",
                "editable": false,
                "size": 49631,
                "mode": "hosted",
                "is_external": false,
                "external_type": "",
                "is_public": true,
                "public_url_shared": false,
                "display_as_bot": false,
                "username": "",
                "url_private": "https:\/\/files.slack.com\/files-pri\/TE09AK9BK-FHTLJC0R0\/datatables_pagination.png?t=xoxe-476316655393-618179035285-606757826531-bd1c7b831233e0d053294a8f47715ef5",
                "url_private_download": "https:\/\/files.slack.com\/files-pri\/TE09AK9BK-FHTLJC0R0\/download\/datatables_pagination.png?t=xoxe-476316655393-618179035285-606757826531-bd1c7b831233e0d053294a8f47715ef5",
                "thumb_64": "https:\/\/files.slack.com\/files-tmb\/TE09AK9BK-FHTLJC0R0-3c975caa53\/datatables_pagination_64.png?t=xoxe-476316655393-618179035285-606757826531-bd1c7b831233e0d053294a8f47715ef5",
                "thumb_80": "https:\/\/files.slack.com\/files-tmb\/TE09AK9BK-FHTLJC0R0-3c975caa53\/datatables_pagination_80.png?t=xoxe-476316655393-618179035285-606757826531-bd1c7b831233e0d053294a8f47715ef5",
                "thumb_360": "https:\/\/files.slack.com\/files-tmb\/TE09AK9BK-FHTLJC0R0-3c975caa53\/datatables_pagination_360.png?t=xoxe-476316655393-618179035285-606757826531-bd1c7b831233e0d053294a8f47715ef5",
                "thumb_360_w": 360,
                "thumb_360_h": 208,
                "thumb_480": "https:\/\/files.slack.com\/files-tmb\/TE09AK9BK-FHTLJC0R0-3c975caa53\/datatables_pagination_480.png?t=xoxe-476316655393-618179035285-606757826531-bd1c7b831233e0d053294a8f47715ef5",
                "thumb_480_w": 480,
                "thumb_480_h": 277,
                "thumb_160": "https:\/\/files.slack.com\/files-tmb\/TE09AK9BK-FHTLJC0R0-3c975caa53\/datatables_pagination_160.png?t=xoxe-476316655393-618179035285-606757826531-bd1c7b831233e0d053294a8f47715ef5",
                "thumb_720": "https:\/\/files.slack.com\/files-tmb\/TE09AK9BK-FHTLJC0R0-3c975caa53\/datatables_pagination_720.png?t=xoxe-476316655393-618179035285-606757826531-bd1c7b831233e0d053294a8f47715ef5",
                "thumb_720_w": 720,
                "thumb_720_h": 416,
                "thumb_800": "https:\/\/files.slack.com\/files-tmb\/TE09AK9BK-FHTLJC0R0-3c975caa53\/datatables_pagination_800.png?t=xoxe-476316655393-618179035285-606757826531-bd1c7b831233e0d053294a8f47715ef5",
                "thumb_800_w": 800,
                "thumb_800_h": 462,
                "thumb_960": "https:\/\/files.slack.com\/files-tmb\/TE09AK9BK-FHTLJC0R0-3c975caa53\/datatables_pagination_960.png?t=xoxe-476316655393-618179035285-606757826531-bd1c7b831233e0d053294a8f47715ef5",
                "thumb_960_w": 960,
                "thumb_960_h": 555,
                "thumb_1024": "https:\/\/files.slack.com\/files-tmb\/TE09AK9BK-FHTLJC0R0-3c975caa53\/datatables_pagination_1024.png?t=xoxe-476316655393-618179035285-606757826531-bd1c7b831233e0d053294a8f47715ef5",
                "thumb_1024_w": 1024,
                "thumb_1024_h": 592,
                "image_exif_rotation": 1,
                "original_w": 1405,
                "original_h": 812,
                "permalink": "https:\/\/topjava16.slack.com\/files\/UFUQUNDRP\/FHTLJC0R0\/datatables_pagination.png",
                "permalink_public": "https:\/\/slack-files.com\/TE09AK9BK-FHTLJC0R0-6ac4acca01",
                "has_rich_preview": false
            }
        ],
        "upload": true,
        "user": "UFUQUNDRP",
        "display_as_bot": false,
        "ts": "1556107539.055600",
        "client_msg_id": "43cc750a-4583-4018-a0e1-c6a554618ec4",
        "thread_ts": "1556087389.052700",
        "parent_user_id": "UFFJ077SL"
    },
    {
        "client_msg_id": "17dcdcbb-1bc1-4a17-a156-e5349692ca4d",
        "type": "message",
        "text": "да, есть страницы на стороне клиента- в datatable,\nесть на стороне сервера- чтобы данные отдавать порциями",
        "user": "UE1ULNT9V",
        "ts": "1556155441.056100",
        "thread_ts": "1556087389.052700",
        "parent_user_id": "UFFJ077SL"
    },
    {
        "client_msg_id": "4be891ee-521e-452e-9f0d-87703e718968",
        "type": "message",
        "text": "<!here>\n*------------------------------------------------------------------------------------------------------------------*\n*Ура: <#CJ5T7LCF2|hw11> - прошу на последнее занятие*\n*------------------------------------------------------------------------------------------------------------------*",
        "user": "UE1ULNT9V",
        "ts": "1556155511.057200",
        "edited": {
            "user": "UE1ULNT9V",
            "ts": "1556155521.000000"
        },
        "reactions": [
            {
                "name": "+1",
                "users": [
                    "UEWSLHBTJ",
                    "UFQFJRADC"
                ],
                "count": 2
            }
        ]
    },
    {
        "client_msg_id": "d169e627-d624-4f12-b73e-0219ab25f9e8",
        "type": "message",
        "text": "если у нас в базе миллион записей, лучше их по кусочкам дергать из базы",
        "user": "UFFJ077SL",
        "ts": "1556161414.057500",
        "thread_ts": "1556087389.052700",
        "parent_user_id": "UFFJ077SL"
    },
    {
        "client_msg_id": "544598a4-47af-46ab-b51c-67bc6b2dc3ad",
        "type": "message",
        "text": "если дататейбл запрашивает всю таблицу, а потом на нашей стороне скрывает лишнее - то это такое себе",
        "user": "UFFJ077SL",
        "ts": "1556161435.057700",
        "thread_ts": "1556087389.052700",
        "parent_user_id": "UFFJ077SL"
    }
]