[
    {
        "client_msg_id": "0bd4d975-a2e5-4151-853d-c8ad7da1478f",
        "type": "message",
        "text": "Друзья а может кто то скинуться в архиве патчи с урока 1 и урока 2? Я немного поздно начал решать задачи",
        "user": "UGBESR3T6",
        "ts": "1551005789.010200",
        "thread_ts": "1551005789.010200",
        "reply_count": 2,
        "reply_users_count": 2,
        "latest_reply": "1551094870.015000",
        "reply_users": [
            "UFS44Q1JS",
            "UGBESR3T6"
        ],
        "replies": [
            {
                "user": "UFS44Q1JS",
                "ts": "1551006009.011800"
            },
            {
                "user": "UGBESR3T6",
                "ts": "1551094870.015000"
            }
        ]
    },
    {
        "client_msg_id": "eb8f18f1-f9b5-4de9-81aa-a7b120f13f3e",
        "type": "message",
        "text": "на drive  их нет",
        "user": "UGBESR3T6",
        "ts": "1551005847.011200"
    },
    {
        "client_msg_id": "8506900b-8013-4fab-9d58-df7dbbe6a3d9",
        "type": "message",
        "text": "Ох, спасибо)",
        "user": "UGBESR3T6",
        "ts": "1551005988.011700"
    },
    {
        "client_msg_id": "e2af22d4-b344-47b5-8d18-6c3584a286d3",
        "type": "message",
        "text": "Лови <https:\/\/drive.google.com\/drive\/u\/0\/folders\/0B9Ye2auQ_NsFfjBSS1JhY0MtUFlaN3FFdWRSTVpXdWN5SGZ3M29KbFg4dTBKQ1Qxa2ZYNWc>",
        "user": "UFS44Q1JS",
        "ts": "1551006009.011800",
        "thread_ts": "1551005789.010200",
        "parent_user_id": "UGBESR3T6"
    },
    {
        "client_msg_id": "43234435-ed4d-4909-aa14-65e225bf8045",
        "type": "message",
        "text": "Вопрос по поводу настройки логирования. Мне кажется, что логгирование несет избыточную информацию\n`INFO  InMemoryUserRepositoryImpl [InMemoryUserRepositoryImpl.java:34] getAll`\nПолучается что класс указывается 2 раза.",
        "user": "UFJM88NSF",
        "ts": "1551007274.014000",
        "thread_ts": "1551007274.014000",
        "reply_count": 4,
        "reply_users_count": 2,
        "latest_reply": "1551358150.006700",
        "reply_users": [
            "UE1ULNT9V",
            "UFJM88NSF"
        ],
        "replies": [
            {
                "user": "UE1ULNT9V",
                "ts": "1551109623.015300"
            },
            {
                "user": "UFJM88NSF",
                "ts": "1551319815.040800"
            },
            {
                "user": "UFJM88NSF",
                "ts": "1551319843.041000"
            },
            {
                "user": "UE1ULNT9V",
                "ts": "1551358150.006700"
            }
        ]
    },
    {
        "client_msg_id": "d9100ce8-1e46-42c0-baef-1ea29e309370",
        "type": "message",
        "text": "Контейнер Spring также связывает множество объектов в соответствии с конфи- гурацией. Он конфигурируется с некоторыми задаваемыми параметрами и управ- ляет всем жизненным циклом объектов.\nСуществует два основных типа контейнеров Spring: фабрики компонентов;\nконтексты приложения.",
        "user": "UF2FGUDPH",
        "ts": "1551023101.014100",
        "thread_ts": "1550832531.007200",
        "parent_user_id": "UFTLU8L02"
    },
    {
        "client_msg_id": "fe5b14c7-8754-4551-b2f7-fd63651b9e2f",
        "type": "message",
        "text": "Это в книге Все паттерны проектирования так написано",
        "user": "UF2FGUDPH",
        "ts": "1551023147.014300",
        "thread_ts": "1550832531.007200",
        "parent_user_id": "UFTLU8L02"
    },
    {
        "client_msg_id": "dec3fbf9-eccd-4340-a134-3f0867a770be",
        "type": "message",
        "text": "Выходит контекст это один из видов контейнеров в спринг",
        "user": "UF2FGUDPH",
        "ts": "1551023193.014500",
        "thread_ts": "1550832531.007200",
        "parent_user_id": "UFTLU8L02"
    }
]