[
    {
        "client_msg_id": "3a6fb3c2-c20a-4ade-aedc-730b8b5e107b",
        "type": "message",
        "text": "Привет! Подскажите, чем можно потестить приложение под нагрузкой? Я для начала локально его задеплоил в томкат, хочу посмотреть что будет, если 1000 юзеров одновременно начнут обращаться к апи, как влияет кэширование\/сложность запросов на производительность и всё такое. Есть у кого ссылка на мануал какой-нибудь, а то гугл много слишком выдаёт.",
        "user": "UFCJPCJ4U",
        "ts": "1556042538.048400",
        "thread_ts": "1556042538.048400",
        "reply_count": 1,
        "reply_users_count": 1,
        "latest_reply": "1556054362.051200",
        "reply_users": [
            "UE1ULNT9V"
        ],
        "replies": [
            {
                "user": "UE1ULNT9V",
                "ts": "1556054362.051200"
            }
        ]
    },
    {
        "client_msg_id": "8569658b-75be-46cc-93ee-a25cab2a5043",
        "type": "message",
        "text": "<@UF1PDKV37> не советуешь короче?",
        "user": "UEWUS547K",
        "ts": "1556048517.048500",
        "thread_ts": "1554700641.008300",
        "parent_user_id": "UFFJ077SL"
    },
    {
        "client_msg_id": "883108fc-ac61-443b-9142-0edfad699ac0",
        "type": "message",
        "text": "Всем привет! Могу ли я в дебаге jsp страницы просмотреть что содержится в атрибуте, который я передал с контроллера. в контроллере: model.addAttribute(\"user\", user).\nи на jsp странице в переменной ${user} просмотреть что мне приходит. или нет такой возможности?",
        "user": "UG9618Y2X",
        "ts": "1556052424.051000",
        "thread_ts": "1556052424.051000",
        "reply_count": 1,
        "reply_users_count": 1,
        "latest_reply": "1556054410.051400",
        "reply_users": [
            "UE1ULNT9V"
        ],
        "replies": [
            {
                "user": "UE1ULNT9V",
                "ts": "1556054410.051400"
            }
        ]
    },
    {
        "client_msg_id": "6761b2bf-5cc7-4592-adcf-807896e96e06",
        "type": "message",
        "text": "вот простенькая вещь для нагрузки: <https:\/\/httpd.apache.org\/docs\/2.4\/programs\/ab.html>",
        "user": "UE1ULNT9V",
        "ts": "1556054362.051200",
        "thread_ts": "1556042538.048400",
        "parent_user_id": "UFCJPCJ4U"
    },
    {
        "client_msg_id": "6cc249e2-d878-4659-90d3-2b2e120394cb",
        "type": "message",
        "text": "<https:\/\/stackoverflow.com\/questions\/21977567\/debugging-inside-a-jsp-page\/40556256#40556256>",
        "user": "UE1ULNT9V",
        "ts": "1556054410.051400",
        "attachments": [
            {
                "service_name": "Stack Overflow",
                "title": "Debugging inside a JSP page?",
                "title_link": "https:\/\/stackoverflow.com\/questions\/21977567\/debugging-inside-a-jsp-page\/40556256#40556256",
                "text": "I'm using Java 1.6, Spring 3.4, Spring Webflow 2.3.2 and Tomcat 7. I'm trying to debug a JSP page which uses EL expressions like: &lt;c:if test=\"${myObject.myThing == SomeClass.ENUMVALUE.myvalue...",
                "fallback": "Stack Overflow: Debugging inside a JSP page?",
                "thumb_url": "https:\/\/cdn.sstatic.net\/Sites\/stackoverflow\/img\/apple-touch-icon@2.png?v=73d79a89bded",
                "from_url": "https:\/\/stackoverflow.com\/questions\/21977567\/debugging-inside-a-jsp-page\/40556256#40556256",
                "thumb_width": 316,
                "thumb_height": 316,
                "service_icon": "https:\/\/cdn.sstatic.net\/Sites\/stackoverflow\/img\/favicon.ico?v=4f32ecc8f43d",
                "id": 1,
                "original_url": "https:\/\/stackoverflow.com\/questions\/21977567\/debugging-inside-a-jsp-page\/40556256#40556256"
            }
        ],
        "thread_ts": "1556052424.051000",
        "parent_user_id": "UG9618Y2X"
    },
    {
        "client_msg_id": "aa1fef9a-e6e5-460c-85a0-382b22116233",
        "type": "message",
        "text": "к самому изложению материала в книге пока претензий нет, просто меня как-то смутило построение примеров, лично они для меня не понятны.",
        "user": "UF1PDKV37",
        "ts": "1556054870.051700",
        "thread_ts": "1554700641.008300",
        "parent_user_id": "UFFJ077SL"
    },
    {
        "client_msg_id": "c3134696-8a0f-405f-8118-d4aadc8cfffd",
        "type": "message",
        "text": "Давайте еще paginating прикрутим к проекту:( МОжет кто то и умеет, а кому то интересно будет. Особенно если оно с аяксом будет работать.",
        "user": "UFFJ077SL",
        "ts": "1556087389.052700",
        "thread_ts": "1556087389.052700",
        "reply_count": 17,
        "reply_users_count": 4,
        "latest_reply": "1556161435.057700",
        "reply_users": [
            "UFE7TR83Z",
            "UFFJ077SL",
            "UE1ULNT9V",
            "UFUQUNDRP"
        ],
        "replies": [
            {
                "user": "UFE7TR83Z",
                "ts": "1556092490.052800"
            },
            {
                "user": "UFFJ077SL",
                "ts": "1556092543.053000"
            },
            {
                "user": "UFFJ077SL",
                "ts": "1556092564.053200"
            },
            {
                "user": "UFFJ077SL",
                "ts": "1556092583.053400"
            },
            {
                "user": "UFFJ077SL",
                "ts": "1556092584.053600"
            },
            {
                "user": "UE1ULNT9V",
                "ts": "1556098001.053800"
            },
            {
                "user": "UFFJ077SL",
                "ts": "1556098381.054100"
            },
            {
                "user": "UFFJ077SL",
                "ts": "1556098388.054300"
            },
            {
                "user": "UFUQUNDRP",
                "ts": "1556098739.054500"
            },
            {
                "user": "UFFJ077SL",
                "ts": "1556098758.054700"
            },
            {
                "user": "UFUQUNDRP",
                "ts": "1556098906.055000"
            },
            {
                "user": "UFFJ077SL",
                "ts": "1556098940.055200"
            },
            {
                "user": "UFFJ077SL",
                "ts": "1556098954.055400"
            },
            {
                "user": "UFUQUNDRP",
                "ts": "1556107539.055600"
            },
            {
                "user": "UE1ULNT9V",
                "ts": "1556155441.056100"
            },
            {
                "user": "UFFJ077SL",
                "ts": "1556161414.057500"
            },
            {
                "user": "UFFJ077SL",
                "ts": "1556161435.057700"
            }
        ],
        "reactions": [
            {
                "name": "+1",
                "users": [
                    "UFUQUNDRP"
                ],
                "count": 1
            }
        ]
    }
]