[
    {
        "type": "message",
        "text": "Help! Что-то у меня сегодня после запуска Tomcat страница <http:\/\/localhost:8080\/> не открывается...\nВ чём может быть причина?\n\nПри этом <http:\/\/localhost:8080\/manager\/html> открывается нормально",
        "files": [
            {
                "id": "FHS2N7GJZ",
                "created": 1554735924,
                "timestamp": 1554735924,
                "name": "tomcat-8-04.JPG",
                "title": "tomcat-8-04.JPG",
                "mimetype": "image\/jpeg",
                "filetype": "jpg",
                "pretty_type": "JPEG",
                "user": "UGLLHPNR2",
                "editable": false,
                "size": 277599,
                "mode": "hosted",
                "is_external": false,
                "external_type": "",
                "is_public": true,
                "public_url_shared": false,
                "display_as_bot": false,
                "username": "",
                "url_private": "https:\/\/files.slack.com\/files-pri\/TE09AK9BK-FHS2N7GJZ\/tomcat-8-04.jpg?t=xoxe-476316655393-618179035285-606757826531-bd1c7b831233e0d053294a8f47715ef5",
                "url_private_download": "https:\/\/files.slack.com\/files-pri\/TE09AK9BK-FHS2N7GJZ\/download\/tomcat-8-04.jpg?t=xoxe-476316655393-618179035285-606757826531-bd1c7b831233e0d053294a8f47715ef5",
                "thumb_64": "https:\/\/files.slack.com\/files-tmb\/TE09AK9BK-FHS2N7GJZ-5fd39fa513\/tomcat-8-04_64.jpg?t=xoxe-476316655393-618179035285-606757826531-bd1c7b831233e0d053294a8f47715ef5",
                "thumb_80": "https:\/\/files.slack.com\/files-tmb\/TE09AK9BK-FHS2N7GJZ-5fd39fa513\/tomcat-8-04_80.jpg?t=xoxe-476316655393-618179035285-606757826531-bd1c7b831233e0d053294a8f47715ef5",
                "thumb_360": "https:\/\/files.slack.com\/files-tmb\/TE09AK9BK-FHS2N7GJZ-5fd39fa513\/tomcat-8-04_360.jpg?t=xoxe-476316655393-618179035285-606757826531-bd1c7b831233e0d053294a8f47715ef5",
                "thumb_360_w": 360,
                "thumb_360_h": 203,
                "thumb_480": "https:\/\/files.slack.com\/files-tmb\/TE09AK9BK-FHS2N7GJZ-5fd39fa513\/tomcat-8-04_480.jpg?t=xoxe-476316655393-618179035285-606757826531-bd1c7b831233e0d053294a8f47715ef5",
                "thumb_480_w": 480,
                "thumb_480_h": 271,
                "thumb_160": "https:\/\/files.slack.com\/files-tmb\/TE09AK9BK-FHS2N7GJZ-5fd39fa513\/tomcat-8-04_160.jpg?t=xoxe-476316655393-618179035285-606757826531-bd1c7b831233e0d053294a8f47715ef5",
                "thumb_720": "https:\/\/files.slack.com\/files-tmb\/TE09AK9BK-FHS2N7GJZ-5fd39fa513\/tomcat-8-04_720.jpg?t=xoxe-476316655393-618179035285-606757826531-bd1c7b831233e0d053294a8f47715ef5",
                "thumb_720_w": 720,
                "thumb_720_h": 406,
                "thumb_800": "https:\/\/files.slack.com\/files-tmb\/TE09AK9BK-FHS2N7GJZ-5fd39fa513\/tomcat-8-04_800.jpg?t=xoxe-476316655393-618179035285-606757826531-bd1c7b831233e0d053294a8f47715ef5",
                "thumb_800_w": 800,
                "thumb_800_h": 451,
                "thumb_960": "https:\/\/files.slack.com\/files-tmb\/TE09AK9BK-FHS2N7GJZ-5fd39fa513\/tomcat-8-04_960.jpg?t=xoxe-476316655393-618179035285-606757826531-bd1c7b831233e0d053294a8f47715ef5",
                "thumb_960_w": 960,
                "thumb_960_h": 542,
                "thumb_1024": "https:\/\/files.slack.com\/files-tmb\/TE09AK9BK-FHS2N7GJZ-5fd39fa513\/tomcat-8-04_1024.jpg?t=xoxe-476316655393-618179035285-606757826531-bd1c7b831233e0d053294a8f47715ef5",
                "thumb_1024_w": 1024,
                "thumb_1024_h": 578,
                "image_exif_rotation": 1,
                "original_w": 1845,
                "original_h": 1041,
                "permalink": "https:\/\/topjava16.slack.com\/files\/UGLLHPNR2\/FHS2N7GJZ\/tomcat-8-04.jpg",
                "permalink_public": "https:\/\/slack-files.com\/TE09AK9BK-FHS2N7GJZ-70de47fc4b",
                "has_rich_preview": false
            }
        ],
        "upload": true,
        "user": "UGLLHPNR2",
        "display_as_bot": false,
        "ts": "1554735930.010200",
        "client_msg_id": "afed8be4-19f0-4d20-9ec3-65e76a3f8fac",
        "thread_ts": "1554735930.010200",
        "reply_count": 4,
        "reply_users_count": 2,
        "latest_reply": "1554812408.013900",
        "reply_users": [
            "UE1ULNT9V",
            "UGLLHPNR2"
        ],
        "replies": [
            {
                "user": "UE1ULNT9V",
                "ts": "1554739854.010500"
            },
            {
                "user": "UGLLHPNR2",
                "ts": "1554740327.010700"
            },
            {
                "user": "UE1ULNT9V",
                "ts": "1554811280.013200"
            },
            {
                "user": "UGLLHPNR2",
                "ts": "1554812408.013900"
            }
        ]
    },
    {
        "client_msg_id": "bf2bdb24-4a41-4cfa-b00a-f75e79ec6776",
        "type": "message",
        "text": "TOMCAT_HOME\\webapps\\ROOT  - тут все на месте?",
        "user": "UE1ULNT9V",
        "ts": "1554739854.010500",
        "thread_ts": "1554735930.010200",
        "parent_user_id": "UGLLHPNR2"
    },
    {
        "client_msg_id": "ecff34b2-fd3b-47e0-be00-1b3e8296026a",
        "type": "message",
        "text": "Там 2 папки:  META-INF и WEB-INF",
        "user": "UGLLHPNR2",
        "ts": "1554740327.010700",
        "thread_ts": "1554735930.010200",
        "parent_user_id": "UGLLHPNR2"
    },
    {
        "client_msg_id": "c7b0841b-753d-4d67-8bc2-7f443a629fdd",
        "type": "message",
        "text": "волшебно!",
        "user": "UEWUS547K",
        "ts": "1554752911.010900",
        "thread_ts": "1554700641.008300",
        "parent_user_id": "UFFJ077SL"
    },
    {
        "client_msg_id": "67dceddc-c614-4a2a-b47d-cfcb4b093442",
        "type": "message",
        "text": "блин уже 4 книги скачал, когда читать буду :thinking_face: вообще времени нет  :white_frowning_face:",
        "user": "UEWUS547K",
        "ts": "1554753014.011100",
        "edited": {
            "user": "UEWUS547K",
            "ts": "1554753033.000000"
        },
        "thread_ts": "1554700641.008300",
        "parent_user_id": "UFFJ077SL"
    },
    {
        "client_msg_id": "93c64c61-f32b-4fb0-b61b-7c8a7ac9d6e1",
        "type": "message",
        "text": "у меня уже библиотека целая!",
        "user": "UFFJ077SL",
        "ts": "1554782207.011400",
        "thread_ts": "1554700641.008300",
        "parent_user_id": "UFFJ077SL"
    },
    {
        "client_msg_id": "26e81681-e69c-44bd-abf2-d0d847c4c9e6",
        "type": "message",
        "text": "тоже пока времени нет (",
        "user": "UFFJ077SL",
        "ts": "1554782213.011600",
        "thread_ts": "1554700641.008300",
        "parent_user_id": "UFFJ077SL"
    }
]