[
    {
        "client_msg_id": "4cae1f8e-7112-4a52-9aef-1bb58c5e4f51",
        "type": "message",
        "text": "можно пернести на след курс topjava17 остаток ДЗ. пиши в личку.\nможно взять HW индивидуально с доплатой 2тр",
        "user": "UE1ULNT9V",
        "ts": "1550652264.083600",
        "thread_ts": "1550606779.082300",
        "parent_user_id": "UFVQWFQHM"
    },
    {
        "type": "message",
        "subtype": "thread_broadcast",
        "text": "Что значит взять индивидуально с доплатой?",
        "user": "UFRA5FKN3",
        "ts": "1550699524.001700",
        "thread_ts": "1550606779.082300",
        "root": {
            "client_msg_id": "3489a3c8-1f07-48f4-b70d-6f1a5abab47b",
            "type": "message",
            "text": "А как там можно перенести дз? А то что то оно никак не заходит",
            "user": "UFVQWFQHM",
            "ts": "1550606779.082300",
            "thread_ts": "1550606779.082300",
            "reply_count": 3,
            "reply_users_count": 2,
            "latest_reply": "1550707620.002000",
            "reply_users": [
                "UE1ULNT9V",
                "UFRA5FKN3"
            ],
            "replies": [
                {
                    "user": "UE1ULNT9V",
                    "ts": "1550652264.083600"
                },
                {
                    "user": "UFRA5FKN3",
                    "ts": "1550699524.001700"
                },
                {
                    "user": "UE1ULNT9V",
                    "ts": "1550707620.002000"
                }
            ]
        },
        "client_msg_id": "A98FE5EE-B476-47EC-8EEA-6849DAA31B52"
    },
    {
        "client_msg_id": "8024340d-3833-4711-a552-a267164cd0ea",
        "type": "message",
        "text": "пиши в личку в чем вопрос",
        "user": "UE1ULNT9V",
        "ts": "1550707620.002000",
        "thread_ts": "1550606779.082300",
        "parent_user_id": "UFVQWFQHM"
    },
    {
        "client_msg_id": "7a4b38ef-8525-40cc-878e-1da2d97a453e",
        "type": "message",
        "text": "<!here>\n*--------------------------------------------------------------------------------------------------------------*\nДобро пожаловать на третье занятие: <#CGCGU9E02|hw3>\nПисьмо будет днем. Успехов!\n*--------------------------------------------------------------------------------------------------------------*",
        "user": "UE1ULNT9V",
        "ts": "1550708074.002900",
        "edited": {
            "user": "UE1ULNT9V",
            "ts": "1550708091.000000"
        }
    }
]