[
    {
        "client_msg_id": "30839010-756A-41FF-A53D-7FD02C19B8D6",
        "type": "message",
        "text": " Всем привет! Кто-то может посоветовать хорошую ссылку на spring basic authentication rest? Чтобы все с первого раза заработало :grinning:",
        "user": "UFRA5FKN3",
        "ts": "1553546113.053100",
        "thread_ts": "1553546113.053100",
        "reply_count": 5,
        "reply_users_count": 4,
        "latest_reply": "1553712671.064800",
        "reply_users": [
            "UF2JE861M",
            "UE1ULNT9V",
            "UFRA5FKN3",
            "UFZT3QMU6"
        ],
        "replies": [
            {
                "user": "UF2JE861M",
                "ts": "1553585220.057500"
            },
            {
                "user": "UF2JE861M",
                "ts": "1553585275.057700"
            },
            {
                "user": "UE1ULNT9V",
                "ts": "1553598788.059500"
            },
            {
                "user": "UFRA5FKN3",
                "ts": "1553630537.064500"
            },
            {
                "user": "UFZT3QMU6",
                "ts": "1553712671.064800"
            }
        ]
    },
    {
        "client_msg_id": "83869cd3-a3e6-48e2-a3ab-347781666373",
        "type": "message",
        "text": "<@UFRA5FKN3> Как вариант: <https:\/\/o7planning.org\/ru\/11649\/secure-spring-boot-restful-service-using-basic-authentication>",
        "user": "UEWSLHBTJ",
        "ts": "1553546513.053500",
        "edited": {
            "user": "UEWSLHBTJ",
            "ts": "1553546520.000000"
        }
    },
    {
        "client_msg_id": "28B0116A-51A7-4D96-95A8-310DE3DF0BCB",
        "type": "message",
        "text": "ООО вот он у меня пока не заработал. Первое, не понимаю, что делает вообще класс AuthenticationEntryPointImpl или даже скорее его второй метод afterPropertiesSet. Но вообще мне надо при каждом запросе передать логин\/пароль...пусть и в зашифрованном виде. Главное, не токенами :sweat_smile: в любом случае, спасибо!",
        "user": "UFRA5FKN3",
        "ts": "1553547321.057400"
    }
]