[
    {
        "client_msg_id": "a10829d9-6d2d-4739-ad98-fa4bc8484944",
        "type": "message",
        "text": "Hi to All) Как успехи?",
        "user": "UFZT3QMU6",
        "ts": "1549372804.068800",
        "reactions": [
            {
                "name": "male-student",
                "users": [
                    "UFVG5Q7S6",
                    "UFVJ4064D",
                    "UFP8P9N6M",
                    "UFP0T1Y79"
                ],
                "count": 4
            }
        ]
    },
    {
        "client_msg_id": "0F6FC54E-B168-4E33-AD5D-02E9D82404FB",
        "type": "message",
        "text": "Успешно :)",
        "user": "UFJMTDWBY",
        "ts": "1549385614.070200"
    },
    {
        "client_msg_id": "c33d9924-35ed-4e55-98ed-7082b16b6cdc",
        "type": "message",
        "text": "<!here>\nнапоминаю, у кого оплачена проверка\nсегодня дедлайн для первого ревью HW0\nзарегистрируйтесь в слаке по проверке ДЗ и сдайте свое решение на ревью\n\nу кого проверка не оплачена, у вас есть возможность получить тестовое ревью в ветке  <#CFWA9EVND|test_review>\nтакже добавили опцию \"оплатить проверку ДЗ 50% (по HW5) и 50% после\"",
        "user": "UF7MD83EU",
        "ts": "1549412177.073200",
        "edited": {
            "user": "UF7MD83EU",
            "ts": "1549412186.000000"
        }
    }
]