[
    {
        "client_msg_id": "23db1227-c3f8-4397-86d3-d1e780dbbf27",
        "type": "message",
        "text": "<@UFQ35BUP4> а что же тогда макось? Ядро то на основе фряхи написано.",
        "user": "UFTSGQ7U5",
        "ts": "1551257482.037200",
        "thread_ts": "1551173695.023000",
        "parent_user_id": "UFW2XS0HX"
    },
    {
        "client_msg_id": "ffaf9066-5b80-46f5-aefa-a6d22b44a872",
        "type": "message",
        "text": "<@UFTLU8L02> можно закрепить здесь <https:\/\/habr.com\/ru\/post\/419679\/> что есть контейнеры и контексты",
        "user": "UERCRCF6D",
        "ts": "1551282980.037600",
        "attachments": [
            {
                "title": "Реализация Spring Framework API с нуля. Пошаговое руководство для начинающих. Часть 1",
                "title_link": "https:\/\/habr.com\/ru\/post\/419679\/",
                "text": "Spring Framework является одним из самых сложных фремворков для понимания и изучения. Большинство разработчиков изучают его медленно, через практические задачи...",
                "fallback": "Реализация Spring Framework API с нуля. Пошаговое руководство для начинающих. Часть 1",
                "image_url": "https:\/\/habrastorage.org\/webt\/iw\/mz\/82\/iwmz824_ptetkxwvc6sqtwjmbjw.png",
                "from_url": "https:\/\/habr.com\/ru\/post\/419679\/",
                "image_width": 600,
                "image_height": 250,
                "image_bytes": 515041,
                "service_icon": "https:\/\/habr.com\/images\/apple-touch-icon.png",
                "service_name": "Хабр",
                "id": 1,
                "original_url": "https:\/\/habr.com\/ru\/post\/419679\/"
            }
        ],
        "thread_ts": "1550832531.007200",
        "parent_user_id": "UFTLU8L02"
    },
    {
        "client_msg_id": "8b89f193-2978-4316-9648-a95ac7a0c085",
        "type": "message",
        "text": "Что бы письма о уроках приходили на другую почту достаточно поменять почту в личном кабинете?",
        "user": "UFL6M7PR9",
        "ts": "1551285946.039100",
        "thread_ts": "1551285946.039100",
        "reply_count": 1,
        "reply_users_count": 1,
        "latest_reply": "1551298347.039400",
        "reply_users": [
            "UE1ULNT9V"
        ],
        "replies": [
            {
                "user": "UE1ULNT9V",
                "ts": "1551298347.039400"
            }
        ]
    },
    {
        "client_msg_id": "976b50b6-e173-4ea5-88a5-5becb65d00e2",
        "type": "message",
        "text": "spring 5- видео про отличия будет\nlombok- используем в masterjava и bootjava",
        "user": "UE1ULNT9V",
        "ts": "1551298320.039200",
        "thread_ts": "1551212011.035300",
        "parent_user_id": "UFPV5FPLK"
    },
    {
        "client_msg_id": "629effbc-9aa1-48e3-9924-d6bc4816288c",
        "type": "message",
        "text": "мне в личку напиши, в кабинете не поменяешь",
        "user": "UE1ULNT9V",
        "ts": "1551298347.039400",
        "thread_ts": "1551285946.039100",
        "parent_user_id": "UFL6M7PR9"
    },
    {
        "client_msg_id": "f7d52fb0-cd59-4f27-81c6-457249c1c09d",
        "type": "message",
        "text": "<!here>\n*----------------------------------------------------------------------------------------------------------------*\nДобро пожаловать на <#CGJM8J1KM|hw4>\nДомашнее задание на этом уроке небольшое, а полученных знаний уже достаточно, чтобы после его выполнения начинать делать выпускной проект, сделанный на нашем стеке\nWelcome!\n*----------------------------------------------------------------------------------------------------------------*",
        "user": "UE1ULNT9V",
        "ts": "1551302340.040500",
        "thread_ts": "1551302340.040500",
        "reply_count": 2,
        "reply_users_count": 2,
        "latest_reply": "1551336622.000100",
        "reply_users": [
            "UF2FGUDPH",
            "UFZTDP64Q"
        ],
        "replies": [
            {
                "user": "UF2FGUDPH",
                "ts": "1551311550.040600"
            },
            {
                "user": "UFZTDP64Q",
                "ts": "1551336622.000100"
            }
        ]
    },
    {
        "client_msg_id": "ba5727fa-f3f8-417b-ab26-4fb2bd54524e",
        "type": "message",
        "text": "А задание для выпускного уже доступно?",
        "user": "UF2FGUDPH",
        "ts": "1551311550.040600",
        "thread_ts": "1551302340.040500",
        "parent_user_id": "UE1ULNT9V"
    },
    {
        "client_msg_id": "22184c3d-6fdf-4b47-aff6-c6e63d20b1df",
        "type": "message",
        "text": "После патча 2_7 запускаю",
        "user": "UFJM88NSF",
        "ts": "1551319815.040800",
        "thread_ts": "1551007274.014000",
        "parent_user_id": "UFJM88NSF"
    },
    {
        "client_msg_id": "553d33cd-a717-4215-a60b-233dc61b11d3",
        "type": "message",
        "text": "Может быть в следующих патчах уже исправлено, не знаю ((",
        "user": "UFJM88NSF",
        "ts": "1551319843.041000",
        "thread_ts": "1551007274.014000",
        "parent_user_id": "UFJM88NSF"
    },
    {
        "client_msg_id": "9febb96d-6ae4-4fdc-b9da-759750c1297c",
        "type": "message",
        "text": "<@UF2FGUDPH> на странице 4 урока на гите все есть :wink:",
        "user": "UFZTDP64Q",
        "ts": "1551336622.000100",
        "thread_ts": "1551302340.040500",
        "parent_user_id": "UE1ULNT9V",
        "reactions": [
            {
                "name": "heavy_check_mark",
                "users": [
                    "UE1ULNT9V"
                ],
                "count": 1
            }
        ]
    }
]