[
    {
        "client_msg_id": "24d6caf6-6ad6-4821-a27b-875118e60d0b",
        "type": "message",
        "text": "Простите, а можно и мне?",
        "user": "UFS44Q1JS",
        "ts": "1551428229.013700",
        "thread_ts": "1551416632.009700",
        "parent_user_id": "UFW2XS0HX"
    },
    {
        "client_msg_id": "9da5dcc7-f7ee-4475-99dd-45e0b3e76ae1",
        "type": "message",
        "text": "Я к сожалению не могу выдать инвайт, не заслужил :slightly_smiling_face: Читал про inmac - говорят, что сервер умирает и инвайтоы несоклько лет не выдаются, не знаю на сколько это правда.",
        "user": "UFW2XS0HX",
        "ts": "1551428347.013900",
        "thread_ts": "1551416632.009700",
        "parent_user_id": "UFW2XS0HX"
    },
    {
        "client_msg_id": "daa141e6-ea7a-4584-9462-62504050e77d",
        "type": "message",
        "text": "<@UFS44Q1JS> лови в директ",
        "user": "UFPRT4B28",
        "ts": "1551428435.014100",
        "thread_ts": "1551416632.009700",
        "parent_user_id": "UFW2XS0HX"
    },
    {
        "client_msg_id": "4a872fe3-886e-4335-8bb3-ce69eb8ffb7d",
        "type": "message",
        "text": "Я по 1 варианту начинал. Сначала переводишь незнакомые слова со словарем. Далее все реже используешь словарь. А потом вообще без словаря, даже если попадаются незнакомые слова не всегда перевожу, по смыслу понимаешь",
        "user": "UF2FGUDPH",
        "ts": "1551428837.014300",
        "thread_ts": "1551426316.012000",
        "parent_user_id": "UFFJ077SL",
        "reactions": [
            {
                "name": "+1",
                "users": [
                    "UEWSLHBTJ"
                ],
                "count": 1
            }
        ]
    },
    {
        "client_msg_id": "91dda4a9-c1a4-48de-a98b-0987794e5af9",
        "type": "message",
        "text": "уже по слову \"каркас\" на обложке понятно, насколько \"хороший\" там перевод :slightly_smiling_face:",
        "user": "UFWFV6VH7",
        "ts": "1551431586.014600",
        "thread_ts": "1551425814.010200",
        "parent_user_id": "UFFJ077SL"
    },
    {
        "client_msg_id": "5d1183e7-6d19-4dc8-9938-448de8118474",
        "type": "message",
        "text": "Разобрался. Это находится в 4.1 и связано с алгоритмом поиска. Мы используем индексирование таблицы по какому-нибудь столбцу и используем бинарный поиск, тем самым уменьшая время нахождения элемента.",
        "user": "UERDM12SG",
        "ts": "1551432793.014800",
        "thread_ts": "1551344434.001400",
        "parent_user_id": "UERDM12SG"
    },
    {
        "client_msg_id": "282bdef6-6095-4b41-9c3d-e9d525cd0870",
        "type": "message",
        "text": "ааа.  сорри, картинку плохо поглядел. все тесты, включас AdminRestControllerTest должны находиться в папке test\nчто что в mail не видит зависимостей test. посмотри, почему патч плохо накатился (обычно создание каталога  test или test\/java помогает)\nили перенести тесты уже руками",
        "user": "UE1ULNT9V",
        "ts": "1551447774.015200",
        "edited": {
            "user": "UE1ULNT9V",
            "ts": "1551447794.000000"
        },
        "thread_ts": "1551354894.005600",
        "parent_user_id": "UFW2XS0HX",
        "reactions": [
            {
                "name": "100",
                "users": [
                    "UFW2XS0HX"
                ],
                "count": 1
            }
        ]
    },
    {
        "client_msg_id": "e323c88d-415a-4846-8413-d4903eedd9e7",
        "type": "message",
        "text": "Да, я так и сделал, мне помог твой проект на гитхабе, который ведётся параллельно с нашими. Я откатил до этого патча и понял, что где должно лежал. Просто руками перенёс.",
        "user": "UFW2XS0HX",
        "ts": "1551447882.015600",
        "thread_ts": "1551354894.005600",
        "parent_user_id": "UFW2XS0HX",
        "reactions": [
            {
                "name": "heavy_check_mark",
                "users": [
                    "UE1ULNT9V"
                ],
                "count": 1
            }
        ]
    },
    {
        "client_msg_id": "9fa87a15-6c37-44a5-ad7c-14ffcc00e554",
        "type": "message",
        "text": "в тех литература слова достаточно простые. те некоторая практика и уже нормально будешь читать... а вообще учить english- да, можно книжки на 2х языках\nу stakoverflow есть зеркала на русском. главное таки чтобы они были подмогой, а не основным источником",
        "user": "UE1ULNT9V",
        "ts": "1551447925.015800",
        "thread_ts": "1551426316.012000",
        "parent_user_id": "UFFJ077SL"
    },
    {
        "client_msg_id": "2e40637f-f1c8-4814-b57b-ec1097f26694",
        "type": "message",
        "text": "<@UFFJ077SL> о, на русском нашел, спасибо! А то я максимум по третьему видел",
        "user": "UEWUS547K",
        "ts": "1551469443.016400",
        "edited": {
            "user": "UEWUS547K",
            "ts": "1551469469.000000"
        },
        "thread_ts": "1551425814.010200",
        "parent_user_id": "UFFJ077SL"
    }
]