[
    {
        "client_msg_id": "cf55e781-4a28-4018-9cfc-5e932aa29570",
        "type": "message",
        "text": "<@UE1ULNT9V> А когда курс спринг Бут выйдет?",
        "user": "UFKG13683",
        "ts": "1550233463.040800",
        "thread_ts": "1550233463.040800",
        "reply_count": 3,
        "reply_users_count": 2,
        "latest_reply": "1550516569.080100",
        "reply_users": [
            "UE1ULNT9V",
            "UFPV5FPLK"
        ],
        "replies": [
            {
                "user": "UE1ULNT9V",
                "ts": "1550236659.040900"
            },
            {
                "user": "UFPV5FPLK",
                "ts": "1550240881.041100"
            },
            {
                "user": "UE1ULNT9V",
                "ts": "1550516569.080100"
            }
        ]
    },
    {
        "client_msg_id": "6262918c-6cec-417e-84e4-01bd7b0e7b4c",
        "type": "message",
        "text": "пока он в процессе...скорее что в начале весны пойдет, но медленно... пока неясно",
        "user": "UE1ULNT9V",
        "ts": "1550236659.040900",
        "thread_ts": "1550233463.040800",
        "parent_user_id": "UFKG13683"
    },
    {
        "client_msg_id": "0be7c8fb-25ba-4189-850d-3e391d4582e6",
        "type": "message",
        "text": "В первом приближении спринг-бут просто обертка над спрингом в плане конфигурации и в нем изначально уже много зависимостей. Сам код и структура проекта не отличаются. Неужели это стоит отдельного курса?",
        "user": "UFPV5FPLK",
        "ts": "1550240881.041100",
        "thread_ts": "1550233463.040800",
        "parent_user_id": "UFKG13683"
    },
    {
        "client_msg_id": "9a9749d3-a4a5-43ab-b628-c1e5d2abba76",
        "type": "message",
        "text": "Такой вопрос. Если бы этот проект был не учебным, ну то есть не надо было объяснять темы студентам. А вот на работе задали сделать такой проект. То сколько нужно трудодней для написания кода всего проекта? Мы 3 месяца его проходим, а опытный программист за сколько времени напишет? ",
        "user": "UFRA06J1F",
        "ts": "1550253677.045700",
        "thread_ts": "1550253677.045700",
        "reply_count": 2,
        "reply_users_count": 1,
        "latest_reply": "1550421840.062200",
        "reply_users": [
            "UFZT3QMU6"
        ],
        "replies": [
            {
                "user": "UFZT3QMU6",
                "ts": "1550421649.062000"
            },
            {
                "user": "UFZT3QMU6",
                "ts": "1550421840.062200"
            }
        ],
        "reactions": [
            {
                "name": "+1",
                "users": [
                    "UF2MZBKAR",
                    "UFRA06J1F"
                ],
                "count": 2
            }
        ]
    },
    {
        "client_msg_id": "365863f1-3935-444c-8a5a-ee9d2b0f90b7",
        "type": "message",
        "text": "если бы мне дали подобную задачу на предыдущем месте работы и использовать надо было те средства с которыми я работала и хорошо знаю, думаю день-два бы это заняло. хотя, как нас учили при оценке сроков, надо умножить на два и добавить еще половину, так что неделя.",
        "user": "UFPRT4B28",
        "ts": "1550254619.048100",
        "thread_ts": "1550254619.048100",
        "reply_count": 2,
        "reply_users_count": 2,
        "latest_reply": "1550518295.080500",
        "reply_users": [
            "UFKG13683",
            "UFPRT4B28"
        ],
        "replies": [
            {
                "user": "UFKG13683",
                "ts": "1550517845.080300"
            },
            {
                "user": "UFPRT4B28",
                "ts": "1550518295.080500"
            }
        ],
        "reactions": [
            {
                "name": "heavy_check_mark",
                "users": [
                    "UE1ULNT9V"
                ],
                "count": 1
            }
        ]
    },
    {
        "client_msg_id": "978415b8-8af3-4d82-8304-15a1e1dc681b",
        "type": "message",
        "text": "зато тут я трачу неделю чтоб решить какую-то мелочь:grin: и мне не хватает времени чтобы досконально разобраться",
        "user": "UFPRT4B28",
        "ts": "1550254691.048600",
        "edited": {
            "user": "UFPRT4B28",
            "ts": "1550256156.000000"
        },
        "reactions": [
            {
                "name": "100",
                "users": [
                    "UFW2XS0HX"
                ],
                "count": 1
            }
        ]
    },
    {
        "client_msg_id": "E441AFD9-F3B6-41A3-B265-2E821540D3FE",
        "type": "message",
        "text": "И ещё неделя на junits? :)",
        "user": "UFJMTDWBY",
        "ts": "1550258536.049200"
    }
]