[
    {
        "client_msg_id": "3f7f9dc6-32fa-4094-9ebe-4f454759db96",
        "type": "message",
        "text": "Кто что думает насчёт мастер жава? Идти ли.",
        "user": "UFPRT4B28",
        "ts": "1556176550.060400"
    },
    {
        "client_msg_id": "4dc2c1e9-1711-4635-b6cd-7979e419422f",
        "type": "message",
        "text": "<@UFPRT4B28> Иди. Многопоточность это must have.",
        "user": "UEWSLHBTJ",
        "ts": "1556177257.061200",
        "thread_ts": "1556177257.061200",
        "reply_count": 4,
        "reply_users_count": 3,
        "latest_reply": "1556188394.061900",
        "reply_users": [
            "UFPRT4B28",
            "UF2FGUDPH",
            "UF6HMCG3X"
        ],
        "replies": [
            {
                "user": "UFPRT4B28",
                "ts": "1556177392.061300"
            },
            {
                "user": "UF2FGUDPH",
                "ts": "1556186240.061500"
            },
            {
                "user": "UF6HMCG3X",
                "ts": "1556186771.061700"
            },
            {
                "user": "UF2FGUDPH",
                "ts": "1556188394.061900"
            }
        ],
        "reactions": [
            {
                "name": "heavy_check_mark",
                "users": [
                    "UE1ULNT9V"
                ],
                "count": 1
            }
        ]
    },
    {
        "client_msg_id": "22d83492-101e-4bdf-913b-90210106f608",
        "type": "message",
        "text": "Спасибо",
        "user": "UFPRT4B28",
        "ts": "1556177392.061300",
        "thread_ts": "1556177257.061200",
        "parent_user_id": "UEWSLHBTJ"
    },
    {
        "client_msg_id": "dc3098e5-cd10-4b16-ba64-2ba1a241ddee",
        "type": "message",
        "text": "Пройду в четвертый раз следующий Topjava и тоже пойду на Masterjava",
        "user": "UF2FGUDPH",
        "ts": "1556186240.061500",
        "thread_ts": "1556177257.061200",
        "parent_user_id": "UEWSLHBTJ"
    },
    {
        "client_msg_id": "0ba24702-8678-4314-b719-941d95faccf5",
        "type": "message",
        "text": "<@UF2FGUDPH> А зачем так много если не секрет?",
        "user": "UF6HMCG3X",
        "ts": "1556186771.061700",
        "thread_ts": "1556177257.061200",
        "parent_user_id": "UEWSLHBTJ"
    },
    {
        "client_msg_id": "8ae51919-7c71-4d81-876f-f7e106790f3f",
        "type": "message",
        "text": "<@UF6HMCG3X> Я в первый раз в 2016 году проходил, до половины дошел и бросил. Потом в прошлом году осенью прошел до конца, но не во всем разобрался. В текущей Topjava16 начал, но времени не мог нормально уделять для обучения. Вот следующий курс хочу уже точно нормально пройти",
        "user": "UF2FGUDPH",
        "ts": "1556188394.061900",
        "thread_ts": "1556177257.061200",
        "parent_user_id": "UEWSLHBTJ"
    },
    {
        "client_msg_id": "932e342c-9479-4dc0-b392-b514af3ec669",
        "type": "message",
        "text": "<!here>\nв профиле уже можно брать сертификат, хотя официальное окончание 02.05\nсейчас сделаю рассылку",
        "user": "UE1ULNT9V",
        "ts": "1556188770.063400"
    }
]