[
    {
        "client_msg_id": "7387a32f-02e1-4ae5-acc9-516a9f71e9d7",
        "type": "message",
        "text": "а meals_index.md для чего нужен, подскажите пожалуйста....упустил этот момент...",
        "user": "UERDM12SG",
        "ts": "1551344434.001400",
        "thread_ts": "1551344434.001400",
        "reply_count": 3,
        "reply_users_count": 2,
        "latest_reply": "1551432793.014800",
        "reply_users": [
            "UE1ULNT9V",
            "UERDM12SG"
        ],
        "replies": [
            {
                "user": "UE1ULNT9V",
                "ts": "1551357193.006100"
            },
            {
                "user": "UERDM12SG",
                "ts": "1551359800.007300"
            },
            {
                "user": "UERDM12SG",
                "ts": "1551432793.014800"
            }
        ]
    },
    {
        "client_msg_id": "9dd64c9d-e4aa-4860-a28d-3c8230883239",
        "type": "message",
        "text": "Спасибо за ответы!\n<@UERCRCF6D> Огромное спасибо за статью!\nПосле проработки кода статьи всё стало гораздо понятнее.",
        "user": "UFTLU8L02",
        "ts": "1551345592.001500",
        "thread_ts": "1550832531.007200",
        "parent_user_id": "UFTLU8L02"
    },
    {
        "client_msg_id": "bf01f559-e8ad-4262-9357-ab3d8f99b4cc",
        "type": "message",
        "text": "Контекст - это одна из реализаций контейнера.",
        "user": "UFTLU8L02",
        "ts": "1551345637.001700",
        "thread_ts": "1550832531.007200",
        "parent_user_id": "UFTLU8L02"
    },
    {
        "client_msg_id": "c7114492-486c-41ca-8633-339802ae5601",
        "type": "message",
        "text": "Вот еще из книги \"Spring in Action\":\nКонтейнер находится в ядре фреймворка Spring Framework. Для управления компонентами, составляющими приложение, он использует прием внедрения зависимостей (DI). Управление включает создание взаимосвязей между взаимодействующими компонентами.\nФреймворк Spring имеет не один контейнер. В его состав входят несколько реализаций контейнера, которые подразделяются на два разных типа. Фабрики компонентов (bean factories) (определяются интерфейсом org.springframework.beans.factory.BeanFactory ) – самые простые из контейнеров, обеспечивающие базовую поддержку DI. Контексты приложения (application contexts) (определяются интерфейсом org.springframework.context.ApplicationContext ) основаны на понятии фабрик компонентов и реализует прикладные службы фреймворка, такие как возможность приема текстовых сообщений из файлов свойств и возможность подписывать другие программные компоненты на события, возникающие в приложении.\nС фреймворком Spring можно работать, используя и фабрики компонентов, и контексты приложения, но для большинства приложений фабрики компонентов часто оказываются слишком низкоуровневым инструментом. Поэтому контексты приложения выглядят более предпочтительно, чем фабрики компонентов.",
        "user": "UFTLU8L02",
        "ts": "1551345953.001900",
        "edited": {
            "user": "UFTLU8L02",
            "ts": "1551346023.000000"
        },
        "thread_ts": "1550832531.007200",
        "parent_user_id": "UFTLU8L02"
    },
    {
        "type": "message",
        "text": "<@UE1ULNT9V> После применения патча 3_07_add_junit.patch 3 файла в пакете ru.javawebinar.topjava.repository.inmemory были перемещены в пакет test, после чего в классе ru.javawebinar.topjava.web.user.InMemoryAdminRestControllerTest появилась ошибка импорта со всеми вытекающими последствиями. Следующие несколько патчей ситуацию не исправляют. Это баг? Они должны были переместиться или скопироваться?",
        "files": [
            {
                "id": "FGKM6UC77",
                "created": 1551354890,
                "timestamp": 1551354890,
                "name": "image.png",
                "title": "Pasted image at 2019-02-28, 2:54 PM",
                "mimetype": "image\/png",
                "filetype": "png",
                "pretty_type": "PNG",
                "user": "UFW2XS0HX",
                "editable": false,
                "size": 316107,
                "mode": "hosted",
                "is_external": false,
                "external_type": "",
                "is_public": true,
                "public_url_shared": false,
                "display_as_bot": false,
                "username": "",
                "url_private": "https:\/\/files.slack.com\/files-pri\/TE09AK9BK-FGKM6UC77\/image.png?t=xoxe-476316655393-618179035285-606757826531-bd1c7b831233e0d053294a8f47715ef5",
                "url_private_download": "https:\/\/files.slack.com\/files-pri\/TE09AK9BK-FGKM6UC77\/download\/image.png?t=xoxe-476316655393-618179035285-606757826531-bd1c7b831233e0d053294a8f47715ef5",
                "thumb_64": "https:\/\/files.slack.com\/files-tmb\/TE09AK9BK-FGKM6UC77-548eff0ac1\/image_64.png?t=xoxe-476316655393-618179035285-606757826531-bd1c7b831233e0d053294a8f47715ef5",
                "thumb_80": "https:\/\/files.slack.com\/files-tmb\/TE09AK9BK-FGKM6UC77-548eff0ac1\/image_80.png?t=xoxe-476316655393-618179035285-606757826531-bd1c7b831233e0d053294a8f47715ef5",
                "thumb_360": "https:\/\/files.slack.com\/files-tmb\/TE09AK9BK-FGKM6UC77-548eff0ac1\/image_360.png?t=xoxe-476316655393-618179035285-606757826531-bd1c7b831233e0d053294a8f47715ef5",
                "thumb_360_w": 360,
                "thumb_360_h": 225,
                "thumb_480": "https:\/\/files.slack.com\/files-tmb\/TE09AK9BK-FGKM6UC77-548eff0ac1\/image_480.png?t=xoxe-476316655393-618179035285-606757826531-bd1c7b831233e0d053294a8f47715ef5",
                "thumb_480_w": 480,
                "thumb_480_h": 300,
                "thumb_160": "https:\/\/files.slack.com\/files-tmb\/TE09AK9BK-FGKM6UC77-548eff0ac1\/image_160.png?t=xoxe-476316655393-618179035285-606757826531-bd1c7b831233e0d053294a8f47715ef5",
                "thumb_720": "https:\/\/files.slack.com\/files-tmb\/TE09AK9BK-FGKM6UC77-548eff0ac1\/image_720.png?t=xoxe-476316655393-618179035285-606757826531-bd1c7b831233e0d053294a8f47715ef5",
                "thumb_720_w": 720,
                "thumb_720_h": 450,
                "thumb_800": "https:\/\/files.slack.com\/files-tmb\/TE09AK9BK-FGKM6UC77-548eff0ac1\/image_800.png?t=xoxe-476316655393-618179035285-606757826531-bd1c7b831233e0d053294a8f47715ef5",
                "thumb_800_w": 800,
                "thumb_800_h": 500,
                "thumb_960": "https:\/\/files.slack.com\/files-tmb\/TE09AK9BK-FGKM6UC77-548eff0ac1\/image_960.png?t=xoxe-476316655393-618179035285-606757826531-bd1c7b831233e0d053294a8f47715ef5",
                "thumb_960_w": 960,
                "thumb_960_h": 600,
                "thumb_1024": "https:\/\/files.slack.com\/files-tmb\/TE09AK9BK-FGKM6UC77-548eff0ac1\/image_1024.png?t=xoxe-476316655393-618179035285-606757826531-bd1c7b831233e0d053294a8f47715ef5",
                "thumb_1024_w": 1024,
                "thumb_1024_h": 640,
                "image_exif_rotation": 1,
                "original_w": 1440,
                "original_h": 900,
                "permalink": "https:\/\/topjava16.slack.com\/files\/UFW2XS0HX\/FGKM6UC77\/image.png",
                "permalink_public": "https:\/\/slack-files.com\/TE09AK9BK-FGKM6UC77-d04cde8265",
                "has_rich_preview": false
            }
        ],
        "upload": true,
        "user": "UFW2XS0HX",
        "display_as_bot": false,
        "ts": "1551354894.005600",
        "edited": {
            "user": "UFW2XS0HX",
            "ts": "1551354911.000000"
        },
        "thread_ts": "1551354894.005600",
        "reply_count": 13,
        "reply_users_count": 3,
        "latest_reply": "1551447882.015600",
        "reply_users": [
            "UE1ULNT9V",
            "UFW2XS0HX",
            "UFH1T9S1Y"
        ],
        "replies": [
            {
                "user": "UE1ULNT9V",
                "ts": "1551357271.006300"
            },
            {
                "user": "UFW2XS0HX",
                "ts": "1551357387.006500"
            },
            {
                "user": "UFW2XS0HX",
                "ts": "1551358811.006900"
            },
            {
                "user": "UFW2XS0HX",
                "ts": "1551359235.007100"
            },
            {
                "user": "UFH1T9S1Y",
                "ts": "1551363841.007500"
            },
            {
                "user": "UFW2XS0HX",
                "ts": "1551364213.007800"
            },
            {
                "user": "UFH1T9S1Y",
                "ts": "1551367622.008300"
            },
            {
                "user": "UFW2XS0HX",
                "ts": "1551367707.008500"
            },
            {
                "user": "UFW2XS0HX",
                "ts": "1551367808.008700"
            },
            {
                "user": "UFH1T9S1Y",
                "ts": "1551370653.008900"
            },
            {
                "user": "UFH1T9S1Y",
                "ts": "1551376679.009100"
            },
            {
                "user": "UE1ULNT9V",
                "ts": "1551447774.015200"
            },
            {
                "user": "UFW2XS0HX",
                "ts": "1551447882.015600"
            }
        ]
    },
    {
        "client_msg_id": "648fe5d7-3ebe-41f0-b8a6-907d8aeaf9b5",
        "type": "message",
        "text": "в уроке на него ссылка",
        "user": "UE1ULNT9V",
        "ts": "1551357193.006100",
        "thread_ts": "1551344434.001400",
        "parent_user_id": "UERDM12SG"
    },
    {
        "client_msg_id": "7dc67d5e-3de2-4b09-8f51-b4486f429616",
        "type": "message",
        "text": "1. это 3й урок? надо в hw3 писать\n2. переместили\n3. в maven сделай реимпорт",
        "user": "UE1ULNT9V",
        "ts": "1551357271.006300",
        "thread_ts": "1551354894.005600",
        "parent_user_id": "UFW2XS0HX"
    },
    {
        "client_msg_id": "72eeae13-658f-4076-aa20-fe526264f792",
        "type": "message",
        "text": "Написал в genegal, так как до дз HW3 не дошёл ещё. HW - это же Home Work, но логику понял, в следующий раз учту. Спасибо, сейчас попробую.",
        "user": "UFW2XS0HX",
        "ts": "1551357387.006500",
        "thread_ts": "1551354894.005600",
        "parent_user_id": "UFW2XS0HX"
    },
    {
        "client_msg_id": "738f5d42-d620-4613-9d73-704e3b327723",
        "type": "message",
        "text": "первое- класс, второе- файл. да, далее смотрю уже формат поменяли",
        "user": "UE1ULNT9V",
        "ts": "1551358150.006700",
        "thread_ts": "1551007274.014000",
        "parent_user_id": "UFJM88NSF"
    },
    {
        "client_msg_id": "a59e6ba8-440d-459b-b78d-1c521a668e02",
        "type": "message",
        "text": "реимпорт не помогает, это же наш импорт\nimport ru.javawebinar.topjava.repository.inmemory.InMemoryUserRepositoryImpl;\nкласса, который был перенесён",
        "user": "UFW2XS0HX",
        "ts": "1551358811.006900",
        "thread_ts": "1551354894.005600",
        "parent_user_id": "UFW2XS0HX"
    },
    {
        "client_msg_id": "20566bd0-e547-4ee5-b459-444ec5d0002a",
        "type": "message",
        "text": "Полагаю, что реимпорт долен помочь, если там используется импорт зависимостей, с которыми работаем maven.",
        "user": "UFW2XS0HX",
        "ts": "1551359235.007100",
        "thread_ts": "1551354894.005600",
        "parent_user_id": "UFW2XS0HX"
    },
    {
        "client_msg_id": "aaf6e0f4-8a62-4322-b025-02da96e84601",
        "type": "message",
        "text": "это в HW4?",
        "user": "UERDM12SG",
        "ts": "1551359800.007300",
        "thread_ts": "1551344434.001400",
        "parent_user_id": "UERDM12SG"
    },
    {
        "client_msg_id": "e84588fa-3397-435e-89ea-564844ce7d54",
        "type": "message",
        "text": "<@UFW2XS0HX> покажи version control log",
        "user": "UFH1T9S1Y",
        "ts": "1551363841.007500",
        "thread_ts": "1551354894.005600",
        "parent_user_id": "UFW2XS0HX"
    },
    {
        "type": "message",
        "text": "<@UFH1T9S1Y>",
        "files": [
            {
                "id": "FGKBSV9AP",
                "created": 1551364209,
                "timestamp": 1551364209,
                "name": "image.png",
                "title": "Pasted image at 2019-02-28, 5:30 PM",
                "mimetype": "image\/png",
                "filetype": "png",
                "pretty_type": "PNG",
                "user": "UFW2XS0HX",
                "editable": false,
                "size": 180245,
                "mode": "hosted",
                "is_external": false,
                "external_type": "",
                "is_public": true,
                "public_url_shared": false,
                "display_as_bot": false,
                "username": "",
                "url_private": "https:\/\/files.slack.com\/files-pri\/TE09AK9BK-FGKBSV9AP\/image.png?t=xoxe-476316655393-618179035285-606757826531-bd1c7b831233e0d053294a8f47715ef5",
                "url_private_download": "https:\/\/files.slack.com\/files-pri\/TE09AK9BK-FGKBSV9AP\/download\/image.png?t=xoxe-476316655393-618179035285-606757826531-bd1c7b831233e0d053294a8f47715ef5",
                "thumb_64": "https:\/\/files.slack.com\/files-tmb\/TE09AK9BK-FGKBSV9AP-8509c35e99\/image_64.png?t=xoxe-476316655393-618179035285-606757826531-bd1c7b831233e0d053294a8f47715ef5",
                "thumb_80": "https:\/\/files.slack.com\/files-tmb\/TE09AK9BK-FGKBSV9AP-8509c35e99\/image_80.png?t=xoxe-476316655393-618179035285-606757826531-bd1c7b831233e0d053294a8f47715ef5",
                "thumb_360": "https:\/\/files.slack.com\/files-tmb\/TE09AK9BK-FGKBSV9AP-8509c35e99\/image_360.png?t=xoxe-476316655393-618179035285-606757826531-bd1c7b831233e0d053294a8f47715ef5",
                "thumb_360_w": 360,
                "thumb_360_h": 353,
                "thumb_480": "https:\/\/files.slack.com\/files-tmb\/TE09AK9BK-FGKBSV9AP-8509c35e99\/image_480.png?t=xoxe-476316655393-618179035285-606757826531-bd1c7b831233e0d053294a8f47715ef5",
                "thumb_480_w": 480,
                "thumb_480_h": 471,
                "thumb_160": "https:\/\/files.slack.com\/files-tmb\/TE09AK9BK-FGKBSV9AP-8509c35e99\/image_160.png?t=xoxe-476316655393-618179035285-606757826531-bd1c7b831233e0d053294a8f47715ef5",
                "thumb_720": "https:\/\/files.slack.com\/files-tmb\/TE09AK9BK-FGKBSV9AP-8509c35e99\/image_720.png?t=xoxe-476316655393-618179035285-606757826531-bd1c7b831233e0d053294a8f47715ef5",
                "thumb_720_w": 720,
                "thumb_720_h": 707,
                "thumb_800": "https:\/\/files.slack.com\/files-tmb\/TE09AK9BK-FGKBSV9AP-8509c35e99\/image_800.png?t=xoxe-476316655393-618179035285-606757826531-bd1c7b831233e0d053294a8f47715ef5",
                "thumb_800_w": 800,
                "thumb_800_h": 785,
                "image_exif_rotation": 1,
                "original_w": 867,
                "original_h": 851,
                "permalink": "https:\/\/topjava16.slack.com\/files\/UFW2XS0HX\/FGKBSV9AP\/image.png",
                "permalink_public": "https:\/\/slack-files.com\/TE09AK9BK-FGKBSV9AP-2b127d8343",
                "has_rich_preview": false
            }
        ],
        "upload": true,
        "user": "UFW2XS0HX",
        "display_as_bot": false,
        "ts": "1551364213.007800",
        "edited": {
            "user": "UFW2XS0HX",
            "ts": "1551367379.000000"
        },
        "thread_ts": "1551354894.005600",
        "parent_user_id": "UFW2XS0HX"
    },
    {
        "client_msg_id": "3ced3385-a5d5-4eba-907f-36d546e1c671",
        "type": "message",
        "text": "Что ты делал, что бы пришлось выполнить git reset?",
        "user": "UFH1T9S1Y",
        "ts": "1551367622.008300",
        "thread_ts": "1551354894.005600",
        "parent_user_id": "UFW2XS0HX"
    },
    {
        "client_msg_id": "d9be7882-421a-4feb-8f4a-2c355aaf6fb4",
        "type": "message",
        "text": "Где ты увидел git reset?",
        "user": "UFW2XS0HX",
        "ts": "1551367707.008500",
        "thread_ts": "1551354894.005600",
        "parent_user_id": "UFW2XS0HX"
    },
    {
        "client_msg_id": "aaa58b3c-508b-4f07-8a5f-b97c6023b75e",
        "type": "message",
        "text": "У меня вначале были проблемы с накатом патчей, потому что я редактировал код в ветке master и тестировал код, затем откатился на ранний комит и всё заработало, если ты об этом.",
        "user": "UFW2XS0HX",
        "ts": "1551367808.008700",
        "thread_ts": "1551354894.005600",
        "parent_user_id": "UFW2XS0HX"
    },
    {
        "client_msg_id": "058c910d-adc6-4cc6-b0ef-3c1939732abb",
        "type": "message",
        "text": "Вот, а как ты откатывал патчи?",
        "user": "UFH1T9S1Y",
        "ts": "1551370653.008900",
        "thread_ts": "1551354894.005600",
        "parent_user_id": "UFW2XS0HX"
    },
    {
        "client_msg_id": "aed45b21-85e5-4e33-9432-9b25f76bd5b9",
        "type": "message",
        "text": "Выполни git status, станет понятнее",
        "user": "UFH1T9S1Y",
        "ts": "1551376679.009100",
        "thread_ts": "1551354894.005600",
        "parent_user_id": "UFW2XS0HX"
    },
    {
        "client_msg_id": "a2176e21-ae6b-43cb-ada6-a12c3075f83e",
        "type": "message",
        "text": "У кого-нибудь есть инвайты?\n<http:\/\/torrentmac.org\/|torrentmac.org\/>\n<http:\/\/inmac.org\/|inmac.org\/>",
        "user": "UFW2XS0HX",
        "ts": "1551416632.009700",
        "edited": {
            "user": "UFW2XS0HX",
            "ts": "1551416886.000000"
        },
        "thread_ts": "1551416632.009700",
        "reply_count": 7,
        "reply_users_count": 4,
        "latest_reply": "1551679163.019700",
        "reply_users": [
            "UFPRT4B28",
            "UFW2XS0HX",
            "UFS44Q1JS",
            "UFZT3QMU6"
        ],
        "replies": [
            {
                "user": "UFPRT4B28",
                "ts": "1551424211.010000"
            },
            {
                "user": "UFW2XS0HX",
                "ts": "1551426439.012100"
            },
            {
                "user": "UFS44Q1JS",
                "ts": "1551428229.013700"
            },
            {
                "user": "UFW2XS0HX",
                "ts": "1551428347.013900"
            },
            {
                "user": "UFPRT4B28",
                "ts": "1551428435.014100"
            },
            {
                "user": "UFZT3QMU6",
                "ts": "1551564397.017900"
            },
            {
                "user": "UFW2XS0HX",
                "ts": "1551679163.019700"
            }
        ]
    },
    {
        "client_msg_id": "5265c707-7d85-47c7-b7f4-a734d711406b",
        "type": "message",
        "text": "лови в директ",
        "user": "UFPRT4B28",
        "ts": "1551424211.010000",
        "thread_ts": "1551416632.009700",
        "parent_user_id": "UFW2XS0HX",
        "reactions": [
            {
                "name": "+1",
                "users": [
                    "UFW2XS0HX"
                ],
                "count": 1
            }
        ]
    },
    {
        "type": "message",
        "text": "может кому пригодится:)",
        "files": [
            {
                "id": "FGMPZ1WQN",
                "created": 1551425796,
                "timestamp": 1551425796,
                "name": "Spring 5 для профессионалов - 2019.pdf",
                "title": "Spring 5 для профессионалов - 2019.pdf",
                "mimetype": "application\/pdf",
                "filetype": "pdf",
                "pretty_type": "PDF",
                "user": "UFFJ077SL",
                "editable": false,
                "size": 97062142,
                "mode": "hosted",
                "is_external": false,
                "external_type": "",
                "is_public": true,
                "public_url_shared": false,
                "display_as_bot": false,
                "username": "",
                "url_private": "https:\/\/files.slack.com\/files-pri\/TE09AK9BK-FGMPZ1WQN\/spring_5_____________________________________-_2019.pdf?t=xoxe-476316655393-618179035285-606757826531-bd1c7b831233e0d053294a8f47715ef5",
                "url_private_download": "https:\/\/files.slack.com\/files-pri\/TE09AK9BK-FGMPZ1WQN\/download\/spring_5_____________________________________-_2019.pdf?t=xoxe-476316655393-618179035285-606757826531-bd1c7b831233e0d053294a8f47715ef5",
                "thumb_pdf": "https:\/\/files.slack.com\/files-tmb\/TE09AK9BK-FGMPZ1WQN-d38d004f1f\/spring_5_____________________________________-_2019_thumb_pdf.png?t=xoxe-476316655393-618179035285-606757826531-bd1c7b831233e0d053294a8f47715ef5",
                "thumb_pdf_w": 675,
                "thumb_pdf_h": 942,
                "permalink": "https:\/\/topjava16.slack.com\/files\/UFFJ077SL\/FGMPZ1WQN\/spring_5_____________________________________-_2019.pdf",
                "permalink_public": "https:\/\/slack-files.com\/TE09AK9BK-FGMPZ1WQN-a237700a78",
                "has_rich_preview": false
            }
        ],
        "upload": true,
        "user": "UFFJ077SL",
        "display_as_bot": false,
        "ts": "1551425814.010200",
        "thread_ts": "1551425814.010200",
        "reply_count": 14,
        "reply_users_count": 6,
        "latest_reply": "1551568852.018100",
        "reply_users": [
            "UFZTDP64Q",
            "UFFJ077SL",
            "UFWFV6VH7",
            "UEWUS547K",
            "UF7MD83EU",
            "UFZT3QMU6"
        ],
        "replies": [
            {
                "user": "UFZTDP64Q",
                "ts": "1551426097.011300"
            },
            {
                "user": "UFFJ077SL",
                "ts": "1551426157.011500"
            },
            {
                "user": "UFFJ077SL",
                "ts": "1551426282.011700"
            },
            {
                "user": "UFZTDP64Q",
                "ts": "1551426510.012400"
            },
            {
                "user": "UFZTDP64Q",
                "ts": "1551426615.012700"
            },
            {
                "user": "UFZTDP64Q",
                "ts": "1551426626.012900"
            },
            {
                "user": "UFFJ077SL",
                "ts": "1551426684.013100"
            },
            {
                "user": "UFZTDP64Q",
                "ts": "1551426693.013300"
            },
            {
                "user": "UFZTDP64Q",
                "ts": "1551426703.013500"
            },
            {
                "user": "UFWFV6VH7",
                "ts": "1551431586.014600"
            },
            {
                "user": "UEWUS547K",
                "ts": "1551469443.016400"
            },
            {
                "user": "UF7MD83EU",
                "ts": "1551549816.016800"
            },
            {
                "user": "UFZT3QMU6",
                "ts": "1551564156.017600"
            },
            {
                "user": "UF7MD83EU",
                "ts": "1551568852.018100"
            }
        ],
        "reactions": [
            {
                "name": "+1",
                "users": [
                    "UFPRT4B28",
                    "UFTLU8L02",
                    "UFZTDP64Q",
                    "UF1PDKV37",
                    "UFCJPCJ4U",
                    "UFHCGQ525",
                    "UFX085HUL",
                    "UEWSLHBTJ",
                    "UFP7PTM99",
                    "UEWUS547K",
                    "UFKMGA8S3",
                    "UF2RAAJCF"
                ],
                "count": 12
            }
        ]
    },
    {
        "client_msg_id": "a0c86204-f924-4f85-89c6-7513265a3796",
        "type": "message",
        "text": "спасибо! подскажи, плиз, на английском есть? От себя: не рекомендую читать литературу на русском :slightly_smiling_face:",
        "user": "UFZTDP64Q",
        "ts": "1551426097.011300",
        "thread_ts": "1551425814.010200",
        "parent_user_id": "UFFJ077SL"
    },
    {
        "client_msg_id": "6236a45d-e6c6-4132-b34b-a7f8b0369511",
        "type": "message",
        "text": "не, я целенаправленно на русском искал) на английском пока не тяну (",
        "user": "UFFJ077SL",
        "ts": "1551426157.011500",
        "thread_ts": "1551425814.010200",
        "parent_user_id": "UFFJ077SL"
    },
    {
        "client_msg_id": "e41333b0-a77c-4cf3-a1a7-df6cf828d79e",
        "type": "message",
        "text": "но если есть какие то советы, как начать читать техническую литературу на английском - поделитесь :slightly_smiling_face: сам нагуглил - 1. тупо переводить со словарем (такое себе), 2. скачать книгу и на русском и на английском, читать сперва на русском, потом на английском (говорят проще, потому что уже знаешь смысл). Если есть еще какие то методики - поделитесь кто знает )",
        "user": "UFFJ077SL",
        "ts": "1551426282.011700",
        "thread_ts": "1551425814.010200",
        "parent_user_id": "UFFJ077SL"
    },
    {
        "client_msg_id": "946fac92-c23b-4d6d-bb88-4f422949c8bf",
        "type": "message",
        "text": "если есть какие то советы, как начать читать техническую литературу на английском - поделитесь :slightly_smiling_face: сам нагуглил - 1. тупо переводить со словарем (такое себе), 2. скачать книгу и на русском и на английском, читать сперва на русском, потом на английском (говорят проще, потому что уже знаешь смысл). Если есть еще какие то методики - поделитесь кто знает )",
        "user": "UFFJ077SL",
        "ts": "1551426316.012000",
        "thread_ts": "1551426316.012000",
        "reply_count": 5,
        "reply_users_count": 4,
        "latest_reply": "1551681898.020000",
        "reply_users": [
            "UF2FGUDPH",
            "UE1ULNT9V",
            "UFZT3QMU6",
            "UF3BP78SF"
        ],
        "replies": [
            {
                "user": "UF2FGUDPH",
                "ts": "1551428837.014300"
            },
            {
                "user": "UE1ULNT9V",
                "ts": "1551447925.015800"
            },
            {
                "user": "UFZT3QMU6",
                "ts": "1551563052.017200"
            },
            {
                "user": "UFZT3QMU6",
                "ts": "1551563114.017400"
            },
            {
                "user": "UF3BP78SF",
                "ts": "1551681898.020000"
            }
        ]
    },
    {
        "client_msg_id": "b454b872-d7ff-4c9e-939d-0896eae6414d",
        "type": "message",
        "text": "Спасибо!",
        "user": "UFW2XS0HX",
        "ts": "1551426439.012100",
        "thread_ts": "1551416632.009700",
        "parent_user_id": "UFW2XS0HX",
        "reactions": [
            {
                "name": "+1",
                "users": [
                    "UFPRT4B28"
                ],
                "count": 1
            }
        ]
    },
    {
        "client_msg_id": "56a08021-f22f-4454-b011-f0b91dd1c11d",
        "type": "message",
        "text": "а ты привыкай, заведи словарик :slightly_smiling_face: выписывай туда слова, на google translate можно добавлять в слова. Со временем наберешься лексики и будешь читать как родной. Главное практика :slightly_smiling_face: ну и время. Методики как таковой нет, забыл слово - посмотрел. Ну и отказ от русской литературы. На старте тяжело, но тут главное долбить головой в стену и все будет айс :slightly_smiling_face:",
        "user": "UFZTDP64Q",
        "ts": "1551426510.012400",
        "thread_ts": "1551425814.010200",
        "parent_user_id": "UFFJ077SL"
    },
    {
        "client_msg_id": "0641a666-c8af-41ee-b70f-617183b48d79",
        "type": "message",
        "text": "<https:\/\/www.safaribooksonline.com\/>",
        "user": "UFZTDP64Q",
        "ts": "1551426615.012700",
        "thread_ts": "1551425814.010200",
        "parent_user_id": "UFFJ077SL"
    },
    {
        "client_msg_id": "f15972c6-9778-453b-9e2b-d58172b54df3",
        "type": "message",
        "text": "куча книг по программированию",
        "user": "UFZTDP64Q",
        "ts": "1551426626.012900",
        "thread_ts": "1551425814.010200",
        "parent_user_id": "UFFJ077SL"
    },
    {
        "client_msg_id": "499295cc-80d1-4033-8341-8248e6b87be3",
        "type": "message",
        "text": "только там вроде не бесплатное (",
        "user": "UFFJ077SL",
        "ts": "1551426684.013100",
        "thread_ts": "1551425814.010200",
        "parent_user_id": "UFFJ077SL"
    },
    {
        "client_msg_id": "63b32a43-bd24-4ddd-a5c9-bf2b6c9444e8",
        "type": "message",
        "text": "10 дней free, подтверждения почты не надо. Можешь региться каждые 10 дней под выдуманными ящиками :slightly_smiling_face:",
        "user": "UFZTDP64Q",
        "ts": "1551426693.013300",
        "thread_ts": "1551425814.010200",
        "parent_user_id": "UFFJ077SL"
    },
    {
        "client_msg_id": "ba01c5f8-b10d-429e-a921-b3c262b0f057",
        "type": "message",
        "text": "зарегиться 30 сек",
        "user": "UFZTDP64Q",
        "ts": "1551426703.013500",
        "thread_ts": "1551425814.010200",
        "parent_user_id": "UFFJ077SL"
    }
]