[
    {
        "client_msg_id": "0ca6253f-b85c-478c-a845-faa2fce4c309",
        "type": "message",
        "text": "Подскажите, есть канал для обсуждения выпускного проекта ? Есть пару вопросов, самый основной вот - пункт:\n5.3 НЕ надо делать классов репозиториев и сервисов, если там нет ничего, кроме делегирования.\n\nРазве MVC не предполагает в любом случае что есть слой сервисов и слой контроллеров и в контроллере минимум логики(или вообще нет логики). Ведь проект гипотетически должен расти и расширяться и в сервисы уже позже может быть добавлена логика.",
        "user": "UFP7PTM99",
        "ts": "1555853083.046100",
        "thread_ts": "1555853083.046100",
        "reply_count": 3,
        "reply_users_count": 2,
        "latest_reply": "1555877080.046900",
        "reply_users": [
            "UFT7XUWJX",
            "UFKG13683"
        ],
        "replies": [
            {
                "user": "UFT7XUWJX",
                "ts": "1555853198.046200"
            },
            {
                "user": "UFT7XUWJX",
                "ts": "1555853246.046400"
            },
            {
                "user": "UFKG13683",
                "ts": "1555877080.046900"
            }
        ]
    },
    {
        "client_msg_id": "f8cee6d1-9157-4b9b-96ac-eaf150bccc7b",
        "type": "message",
        "text": "<https:\/\/topjava16.slack.com\/messages\/CGJM539GB>",
        "user": "UFT7XUWJX",
        "ts": "1555853198.046200",
        "thread_ts": "1555853083.046100",
        "parent_user_id": "UFP7PTM99"
    },
    {
        "client_msg_id": "e7048640-b4df-4ec4-b40e-6919ed4c01f7",
        "type": "message",
        "text": "Кинул инвайт",
        "user": "UFT7XUWJX",
        "ts": "1555853246.046400",
        "thread_ts": "1555853083.046100",
        "parent_user_id": "UFP7PTM99",
        "reactions": [
            {
                "name": "smiley",
                "users": [
                    "UFP7PTM99"
                ],
                "count": 1
            }
        ]
    },
    {
        "client_msg_id": "f1286642-664f-49a4-a28f-7461d5a6316b",
        "type": "message",
        "text": "Если ты только делегируешь в сервисе в репозиторий то тогда сервис можно не делать",
        "user": "UFKG13683",
        "ts": "1555877080.046900",
        "thread_ts": "1555853083.046100",
        "parent_user_id": "UFP7PTM99"
    }
]