[
    {
        "client_msg_id": "684d78b4-4c7a-4f60-8d12-6a18a90bc076",
        "type": "message",
        "text": "с clean каждый раз все перекомпилируется, а так- только изменения. на большом проекте это будет сильно заметно. clean нужен, если чтото удалялось-перемещалось. и во всех случаях, когда непонятно, почему не работает",
        "user": "UE1ULNT9V",
        "ts": "1555761441.042800",
        "thread_ts": "1555676673.026600",
        "parent_user_id": "UFRA06J1F"
    }
]