[
    {
        "type": "message",
        "text": "Ребят, у всех пустая папка на гугл диске или только у меня?",
        "files": [
            {
                "id": "FFWUWECPP",
                "created": 1549192424,
                "timestamp": 1549192424,
                "name": "image.png",
                "title": "Pasted image at 2019-02-03, 2:13 PM",
                "mimetype": "image\/png",
                "filetype": "png",
                "pretty_type": "PNG",
                "user": "UFWJ43TPE",
                "editable": false,
                "size": 83487,
                "mode": "hosted",
                "is_external": false,
                "external_type": "",
                "is_public": true,
                "public_url_shared": false,
                "display_as_bot": false,
                "username": "",
                "url_private": "https:\/\/files.slack.com\/files-pri\/TE09AK9BK-FFWUWECPP\/image.png?t=xoxe-476316655393-618179035285-606757826531-bd1c7b831233e0d053294a8f47715ef5",
                "url_private_download": "https:\/\/files.slack.com\/files-pri\/TE09AK9BK-FFWUWECPP\/download\/image.png?t=xoxe-476316655393-618179035285-606757826531-bd1c7b831233e0d053294a8f47715ef5",
                "thumb_64": "https:\/\/files.slack.com\/files-tmb\/TE09AK9BK-FFWUWECPP-65ec53d96e\/image_64.png?t=xoxe-476316655393-618179035285-606757826531-bd1c7b831233e0d053294a8f47715ef5",
                "thumb_80": "https:\/\/files.slack.com\/files-tmb\/TE09AK9BK-FFWUWECPP-65ec53d96e\/image_80.png?t=xoxe-476316655393-618179035285-606757826531-bd1c7b831233e0d053294a8f47715ef5",
                "thumb_360": "https:\/\/files.slack.com\/files-tmb\/TE09AK9BK-FFWUWECPP-65ec53d96e\/image_360.png?t=xoxe-476316655393-618179035285-606757826531-bd1c7b831233e0d053294a8f47715ef5",
                "thumb_360_w": 360,
                "thumb_360_h": 177,
                "thumb_480": "https:\/\/files.slack.com\/files-tmb\/TE09AK9BK-FFWUWECPP-65ec53d96e\/image_480.png?t=xoxe-476316655393-618179035285-606757826531-bd1c7b831233e0d053294a8f47715ef5",
                "thumb_480_w": 480,
                "thumb_480_h": 236,
                "thumb_160": "https:\/\/files.slack.com\/files-tmb\/TE09AK9BK-FFWUWECPP-65ec53d96e\/image_160.png?t=xoxe-476316655393-618179035285-606757826531-bd1c7b831233e0d053294a8f47715ef5",
                "thumb_720": "https:\/\/files.slack.com\/files-tmb\/TE09AK9BK-FFWUWECPP-65ec53d96e\/image_720.png?t=xoxe-476316655393-618179035285-606757826531-bd1c7b831233e0d053294a8f47715ef5",
                "thumb_720_w": 720,
                "thumb_720_h": 354,
                "thumb_800": "https:\/\/files.slack.com\/files-tmb\/TE09AK9BK-FFWUWECPP-65ec53d96e\/image_800.png?t=xoxe-476316655393-618179035285-606757826531-bd1c7b831233e0d053294a8f47715ef5",
                "thumb_800_w": 800,
                "thumb_800_h": 393,
                "thumb_960": "https:\/\/files.slack.com\/files-tmb\/TE09AK9BK-FFWUWECPP-65ec53d96e\/image_960.png?t=xoxe-476316655393-618179035285-606757826531-bd1c7b831233e0d053294a8f47715ef5",
                "thumb_960_w": 960,
                "thumb_960_h": 472,
                "thumb_1024": "https:\/\/files.slack.com\/files-tmb\/TE09AK9BK-FFWUWECPP-65ec53d96e\/image_1024.png?t=xoxe-476316655393-618179035285-606757826531-bd1c7b831233e0d053294a8f47715ef5",
                "thumb_1024_w": 1024,
                "thumb_1024_h": 503,
                "image_exif_rotation": 1,
                "original_w": 1655,
                "original_h": 813,
                "permalink": "https:\/\/topjava16.slack.com\/files\/UFWJ43TPE\/FFWUWECPP\/image.png",
                "permalink_public": "https:\/\/slack-files.com\/TE09AK9BK-FFWUWECPP-18d11de0cf",
                "has_rich_preview": false
            }
        ],
        "upload": true,
        "user": "UFWJ43TPE",
        "display_as_bot": false,
        "ts": "1549192429.053000",
        "thread_ts": "1549192429.053000",
        "reply_count": 5,
        "reply_users_count": 3,
        "latest_reply": "1549203565.055300",
        "reply_users": [
            "UFJM88NSF",
            "UFWJ43TPE",
            "UE1ULNT9V"
        ],
        "replies": [
            {
                "user": "UFJM88NSF",
                "ts": "1549196005.053300"
            },
            {
                "user": "UFWJ43TPE",
                "ts": "1549198101.053500"
            },
            {
                "user": "UFJM88NSF",
                "ts": "1549198569.053700"
            },
            {
                "user": "UE1ULNT9V",
                "ts": "1549199641.053900"
            },
            {
                "user": "UFWJ43TPE",
                "ts": "1549203565.055300"
            }
        ]
    },
    {
        "client_msg_id": "604c4049-674c-4c62-8a73-9cf06f6dd252",
        "type": "message",
        "text": "Нормально. Пока ничего и не должно быть.",
        "user": "UFJM88NSF",
        "ts": "1549196005.053300",
        "thread_ts": "1549192429.053000",
        "parent_user_id": "UFWJ43TPE"
    },
    {
        "client_msg_id": "ed34c28f-7b58-444a-9154-0c2e4daaf7ed",
        "type": "message",
        "text": "А как же нулевое занятие?",
        "user": "UFWJ43TPE",
        "ts": "1549198101.053500",
        "thread_ts": "1549192429.053000",
        "parent_user_id": "UFWJ43TPE"
    },
    {
        "client_msg_id": "08bd80e6-2656-4f85-b561-99c631470abf",
        "type": "message",
        "text": "Нулевое - это вступительное, с домашним заданием HW0",
        "user": "UFJM88NSF",
        "ts": "1549198569.053700",
        "thread_ts": "1549192429.053000",
        "parent_user_id": "UFWJ43TPE"
    },
    {
        "client_msg_id": "991f9e85-b4e6-474c-927a-81d71020f155",
        "type": "message",
        "text": "перенес туда entrance, чтобы не смущать\n07.02 туда перенесу 1е занятие",
        "user": "UE1ULNT9V",
        "ts": "1549199641.053900",
        "edited": {
            "user": "UE1ULNT9V",
            "ts": "1549199647.000000"
        },
        "thread_ts": "1549192429.053000",
        "parent_user_id": "UFWJ43TPE"
    },
    {
        "client_msg_id": "eee43a35-7cd8-44c7-8cb1-1a03b3d5c9e5",
        "type": "message",
        "text": "В чем смысл бонусов? Как получить бонус, если все сделал по Optional2, но не оплатил проверку ДЗ?",
        "user": "UFVJ4064D",
        "ts": "1549201566.055200",
        "edited": {
            "user": "UFVJ4064D",
            "ts": "1549310914.000000"
        },
        "thread_ts": "1549201566.055200",
        "reply_count": 1,
        "reply_users_count": 1,
        "latest_reply": "1549232795.057100",
        "reply_users": [
            "UF7MD83EU"
        ],
        "replies": [
            {
                "user": "UF7MD83EU",
                "ts": "1549232795.057100"
            }
        ]
    },
    {
        "client_msg_id": "f36391c2-15cb-48b5-b3ce-2d3da1e81405",
        "type": "message",
        "text": "Спасибо!",
        "user": "UFWJ43TPE",
        "ts": "1549203565.055300",
        "thread_ts": "1549192429.053000",
        "parent_user_id": "UFWJ43TPE"
    },
    {
        "client_msg_id": "52018383-34df-4b01-8340-4f0afb3a2673",
        "type": "message",
        "text": "Почему UserMealWithExceed не наследуется от UserMeal?",
        "user": "UFW2XS0HX",
        "ts": "1549216040.056200",
        "thread_ts": "1549216040.056200",
        "reply_count": 2,
        "reply_users_count": 2,
        "latest_reply": "1549282946.065800",
        "reply_users": [
            "UFPRT4B28",
            "UFW2XS0HX"
        ],
        "replies": [
            {
                "user": "UFPRT4B28",
                "ts": "1549219930.056300"
            },
            {
                "user": "UFW2XS0HX",
                "ts": "1549282946.065800"
            }
        ]
    },
    {
        "client_msg_id": "e6b70bec-f5e7-4578-af92-2cbd068eff8a",
        "type": "message",
        "text": "второй пункт замечений к дз\n2: Наследовать UserMealWithExceed от UserMeal я не буду, т.к. это разные сущности: Transfer Object и Entity. Мы будет их проходить на 2м уроке.",
        "user": "UFPRT4B28",
        "ts": "1549219930.056300",
        "edited": {
            "user": "UFPRT4B28",
            "ts": "1549220366.000000"
        },
        "thread_ts": "1549216040.056200",
        "parent_user_id": "UFW2XS0HX"
    },
    {
        "client_msg_id": "5165a821-52e2-47b6-8ad7-37b437e96e66",
        "type": "message",
        "text": "<!here>\nРевью Вашего кода происходит в след порядке:\n  первое ревью\n  наши замечания (если необходимо),\n  ваши правки,\n  второе ревью.\nОбычно 2-х ревью достаточно, но если есть необходимость - то возможно 3-ее ревью.\n\nРевью кода делается вручную, без валидаторов и автотестов. Проверяется не только правильность решения, но также его оптимальность, соответствие основным паттернам, а также стиль написания.\n\nТе кто сомневаются в том, cтоит ли брать проверку ДЗ -  могут скинуть свое решение (ссылку на гитхаб) в ветку  <#CFWA9EVND|test_review> для получения \"тестового ревью\" (HW0)",
        "user": "UF7MD83EU",
        "ts": "1549232484.056800",
        "edited": {
            "user": "UF7MD83EU",
            "ts": "1549318184.000000"
        },
        "thread_ts": "1549232484.056800",
        "reply_count": 2,
        "reply_users_count": 2,
        "latest_reply": "1549317424.067700",
        "reply_users": [
            "UFPV5FPLK",
            "UF7MD83EU"
        ],
        "replies": [
            {
                "user": "UFPV5FPLK",
                "ts": "1549317033.067500"
            },
            {
                "user": "UF7MD83EU",
                "ts": "1549317424.067700"
            }
        ],
        "reactions": [
            {
                "name": "heavy_check_mark",
                "users": [
                    "UE1ULNT9V"
                ],
                "count": 1
            },
            {
                "name": "+1",
                "users": [
                    "UE1ULNT9V",
                    "UEWSLHBTJ",
                    "UFA0AFYAZ"
                ],
                "count": 3
            }
        ]
    },
    {
        "client_msg_id": "566c68fe-ed26-4ff4-b97d-b34658800eee",
        "type": "message",
        "text": "скинь решение в ЛС",
        "user": "UF7MD83EU",
        "ts": "1549232795.057100",
        "thread_ts": "1549201566.055200",
        "parent_user_id": "UFVJ4064D"
    }
]