[
    {
        "client_msg_id": "57f0c17b-f172-4864-ae38-dbcf41bba597",
        "type": "message",
        "text": "Ребята, помогите плиз настроить проект на маке.\nМне нужно:\n1. Настроить переменну среды JAVA_HOME\n2. Настроить переменную среды для maven\nОблазал кучу форумов, но там дают разные советы как это сделать через терминал, а я не хочу накосячить и что-нибудь сломать.\n\nМожете плиз дать проверенный ресурс или подсказать как мне это сделать?\nЗаранее спасибо! :+1:\nнабирая каманды:\njava -version\nи\njavac -version\nон отображает версии java. Получается, она сама в path добаввилась?",
        "user": "UFW2XS0HX",
        "ts": "1551173695.023000",
        "edited": {
            "user": "UFW2XS0HX",
            "ts": "1551174240.000000"
        },
        "thread_ts": "1551173695.023000",
        "reply_count": 36,
        "reply_users_count": 5,
        "latest_reply": "1551860227.034600",
        "reply_users": [
            "UFTSGQ7U5",
            "UFW2XS0HX",
            "UFPRT4B28",
            "UFQ35BUP4",
            "UFF1JGE9H"
        ],
        "replies": [
            {
                "user": "UFTSGQ7U5",
                "ts": "1551175209.023200"
            },
            {
                "user": "UFTSGQ7U5",
                "ts": "1551175388.023400"
            },
            {
                "user": "UFW2XS0HX",
                "ts": "1551177786.023600"
            },
            {
                "user": "UFPRT4B28",
                "ts": "1551178947.023800"
            },
            {
                "user": "UFTSGQ7U5",
                "ts": "1551183326.024100"
            },
            {
                "user": "UFW2XS0HX",
                "ts": "1551183394.024300"
            },
            {
                "user": "UFW2XS0HX",
                "ts": "1551183886.024500"
            },
            {
                "user": "UFW2XS0HX",
                "ts": "1551183936.024700"
            },
            {
                "user": "UFTSGQ7U5",
                "ts": "1551184053.025200"
            },
            {
                "user": "UFW2XS0HX",
                "ts": "1551184058.025400"
            },
            {
                "user": "UFW2XS0HX",
                "ts": "1551184232.025700"
            },
            {
                "user": "UFTSGQ7U5",
                "ts": "1551184447.025900"
            },
            {
                "user": "UFTSGQ7U5",
                "ts": "1551184490.026100"
            },
            {
                "user": "UFW2XS0HX",
                "ts": "1551184840.026700"
            },
            {
                "user": "UFW2XS0HX",
                "ts": "1551184875.026900"
            },
            {
                "user": "UFPRT4B28",
                "ts": "1551185329.027200"
            },
            {
                "user": "UFPRT4B28",
                "ts": "1551185341.027400"
            },
            {
                "user": "UFTSGQ7U5",
                "ts": "1551185524.027700"
            },
            {
                "user": "UFW2XS0HX",
                "ts": "1551185727.027900"
            },
            {
                "user": "UFQ35BUP4",
                "ts": "1551219041.036200"
            },
            {
                "user": "UFQ35BUP4",
                "ts": "1551219630.036600"
            },
            {
                "user": "UFPRT4B28",
                "ts": "1551252446.036800"
            },
            {
                "user": "UFPRT4B28",
                "ts": "1551252515.037000"
            },
            {
                "user": "UFTSGQ7U5",
                "ts": "1551257482.037200"
            },
            {
                "user": "UFF1JGE9H",
                "ts": "1551858123.022100"
            },
            {
                "user": "UFF1JGE9H",
                "ts": "1551858215.022300"
            },
            {
                "user": "UFW2XS0HX",
                "ts": "1551858587.026400"
            },
            {
                "user": "UFF1JGE9H",
                "ts": "1551858843.026600"
            },
            {
                "user": "UFW2XS0HX",
                "ts": "1551859735.030100"
            },
            {
                "user": "UFF1JGE9H",
                "ts": "1551859863.030300"
            },
            {
                "user": "UFW2XS0HX",
                "ts": "1551859930.031600"
            },
            {
                "user": "UFW2XS0HX",
                "ts": "1551859942.032000"
            },
            {
                "user": "UFF1JGE9H",
                "ts": "1551860002.032300"
            },
            {
                "user": "UFW2XS0HX",
                "ts": "1551860055.033600"
            },
            {
                "user": "UFF1JGE9H",
                "ts": "1551860181.033800"
            },
            {
                "user": "UFW2XS0HX",
                "ts": "1551860227.034600"
            }
        ]
    },
    {
        "client_msg_id": "52c2c17a-b78d-4208-b8c9-610a1f5a298c",
        "type": "message",
        "text": "<@UFW2XS0HX> Может и мавен уже прописался в переменные окружения?  \"проверь mvn -version\"",
        "user": "UFTSGQ7U5",
        "ts": "1551175209.023200",
        "thread_ts": "1551173695.023000",
        "parent_user_id": "UFW2XS0HX"
    },
    {
        "client_msg_id": "ce07eecd-6e05-4274-8c8d-7f733d18ac75",
        "type": "message",
        "text": "а вообще в unix все переменные задаются с помощью команды export.  export &lt;имя_переменной&gt; = 'значение'",
        "user": "UFTSGQ7U5",
        "ts": "1551175388.023400",
        "thread_ts": "1551173695.023000",
        "parent_user_id": "UFW2XS0HX"
    },
    {
        "client_msg_id": "0fb1fc58-9774-4694-a31a-fb762de56434",
        "type": "message",
        "text": "Куда нужно экпортировать?",
        "user": "UFW2XS0HX",
        "ts": "1551177786.023600",
        "thread_ts": "1551173695.023000",
        "parent_user_id": "UFW2XS0HX"
    },
    {
        "client_msg_id": "07776fa8-1621-4955-ad4c-bae5af02ed6a",
        "type": "message",
        "text": "мне подсказывают, если в терминале набрать set то покажет все установленные переменные окружения",
        "user": "UFPRT4B28",
        "ts": "1551178947.023800",
        "edited": {
            "user": "UFPRT4B28",
            "ts": "1551178960.000000"
        },
        "thread_ts": "1551173695.023000",
        "parent_user_id": "UFW2XS0HX"
    },
    {
        "client_msg_id": "c3c54f23-570f-4ee7-b35c-2de18d8fcd21",
        "type": "message",
        "text": "<@UFW2XS0HX> всмысле куда? В переменные окружения. О чем и был вопрос.",
        "user": "UFTSGQ7U5",
        "ts": "1551183326.024100",
        "thread_ts": "1551173695.023000",
        "parent_user_id": "UFW2XS0HX"
    },
    {
        "client_msg_id": "0be8fd0d-878b-4bfd-94d2-fde2c794d313",
        "type": "message",
        "text": "Запутался.",
        "user": "UFW2XS0HX",
        "ts": "1551183394.024300",
        "thread_ts": "1551173695.023000",
        "parent_user_id": "UFW2XS0HX"
    },
    {
        "client_msg_id": "ab8de9a6-94f9-43c4-ae4b-e5a339630c55",
        "type": "message",
        "text": "Отчаялся в нете искать, или не так запрос задаю, или одно из двух. Нашёл дома книжку про UNIX системы, и что-то это еще больше ввело меня в заблуждение. Вот скрин",
        "user": "UFW2XS0HX",
        "ts": "1551183886.024500",
        "edited": {
            "user": "UFW2XS0HX",
            "ts": "1551183942.000000"
        },
        "thread_ts": "1551173695.023000",
        "parent_user_id": "UFW2XS0HX"
    },
    {
        "type": "message",
        "text": "",
        "files": [
            {
                "id": "FGGEBR4KB",
                "created": 1551183922,
                "timestamp": 1551183922,
                "name": "Image from iOS.jpg",
                "title": "Image from iOS",
                "mimetype": "image\/jpeg",
                "filetype": "jpg",
                "pretty_type": "JPEG",
                "user": "UFW2XS0HX",
                "editable": false,
                "size": 2002665,
                "mode": "hosted",
                "is_external": false,
                "external_type": "",
                "is_public": true,
                "public_url_shared": false,
                "display_as_bot": false,
                "username": "",
                "url_private": "https:\/\/files.slack.com\/files-pri\/TE09AK9BK-FGGEBR4KB\/image_from_ios.jpg?t=xoxe-476316655393-618179035285-606757826531-bd1c7b831233e0d053294a8f47715ef5",
                "url_private_download": "https:\/\/files.slack.com\/files-pri\/TE09AK9BK-FGGEBR4KB\/download\/image_from_ios.jpg?t=xoxe-476316655393-618179035285-606757826531-bd1c7b831233e0d053294a8f47715ef5",
                "thumb_64": "https:\/\/files.slack.com\/files-tmb\/TE09AK9BK-FGGEBR4KB-588045fa9d\/image_from_ios_64.jpg?t=xoxe-476316655393-618179035285-606757826531-bd1c7b831233e0d053294a8f47715ef5",
                "thumb_80": "https:\/\/files.slack.com\/files-tmb\/TE09AK9BK-FGGEBR4KB-588045fa9d\/image_from_ios_80.jpg?t=xoxe-476316655393-618179035285-606757826531-bd1c7b831233e0d053294a8f47715ef5",
                "thumb_360": "https:\/\/files.slack.com\/files-tmb\/TE09AK9BK-FGGEBR4KB-588045fa9d\/image_from_ios_360.jpg?t=xoxe-476316655393-618179035285-606757826531-bd1c7b831233e0d053294a8f47715ef5",
                "thumb_360_w": 270,
                "thumb_360_h": 360,
                "thumb_480": "https:\/\/files.slack.com\/files-tmb\/TE09AK9BK-FGGEBR4KB-588045fa9d\/image_from_ios_480.jpg?t=xoxe-476316655393-618179035285-606757826531-bd1c7b831233e0d053294a8f47715ef5",
                "thumb_480_w": 360,
                "thumb_480_h": 480,
                "thumb_160": "https:\/\/files.slack.com\/files-tmb\/TE09AK9BK-FGGEBR4KB-588045fa9d\/image_from_ios_160.jpg?t=xoxe-476316655393-618179035285-606757826531-bd1c7b831233e0d053294a8f47715ef5",
                "thumb_720": "https:\/\/files.slack.com\/files-tmb\/TE09AK9BK-FGGEBR4KB-588045fa9d\/image_from_ios_720.jpg?t=xoxe-476316655393-618179035285-606757826531-bd1c7b831233e0d053294a8f47715ef5",
                "thumb_720_w": 540,
                "thumb_720_h": 720,
                "thumb_800": "https:\/\/files.slack.com\/files-tmb\/TE09AK9BK-FGGEBR4KB-588045fa9d\/image_from_ios_800.jpg?t=xoxe-476316655393-618179035285-606757826531-bd1c7b831233e0d053294a8f47715ef5",
                "thumb_800_w": 800,
                "thumb_800_h": 1067,
                "thumb_960": "https:\/\/files.slack.com\/files-tmb\/TE09AK9BK-FGGEBR4KB-588045fa9d\/image_from_ios_960.jpg?t=xoxe-476316655393-618179035285-606757826531-bd1c7b831233e0d053294a8f47715ef5",
                "thumb_960_w": 720,
                "thumb_960_h": 960,
                "thumb_1024": "https:\/\/files.slack.com\/files-tmb\/TE09AK9BK-FGGEBR4KB-588045fa9d\/image_from_ios_1024.jpg?t=xoxe-476316655393-618179035285-606757826531-bd1c7b831233e0d053294a8f47715ef5",
                "thumb_1024_w": 768,
                "thumb_1024_h": 1024,
                "image_exif_rotation": 6,
                "original_w": 4032,
                "original_h": 3024,
                "permalink": "https:\/\/topjava16.slack.com\/files\/UFW2XS0HX\/FGGEBR4KB\/image_from_ios.jpg",
                "permalink_public": "https:\/\/slack-files.com\/TE09AK9BK-FGGEBR4KB-316df69f46",
                "has_rich_preview": false
            }
        ],
        "upload": true,
        "user": "UFW2XS0HX",
        "display_as_bot": false,
        "ts": "1551183936.024700",
        "client_msg_id": "08380C5A-0DEA-4FAD-87DD-D60778AF5F30",
        "thread_ts": "1551173695.023000",
        "parent_user_id": "UFW2XS0HX"
    },
    {
        "client_msg_id": "767ac64e-90b4-4665-becd-70c484426dc9",
        "type": "message",
        "text": "да",
        "user": "UFTSGQ7U5",
        "ts": "1551184053.025200",
        "thread_ts": "1551173695.023000",
        "parent_user_id": "UFW2XS0HX"
    },
    {
        "client_msg_id": "3702dc7c-03f1-4974-8f39-a45beedeec7a",
        "type": "message",
        "text": "Путь к JAVA HOME каким-то образов нужно дописать в PATH, чтоли...",
        "user": "UFW2XS0HX",
        "ts": "1551184058.025400",
        "edited": {
            "user": "UFW2XS0HX",
            "ts": "1551184204.000000"
        },
        "thread_ts": "1551173695.023000",
        "parent_user_id": "UFW2XS0HX"
    },
    {
        "client_msg_id": "68c4ced2-1fea-4a7c-8a34-b6619221b2f7",
        "type": "message",
        "text": "Для этого нужно сначала установить JAVA HOME...",
        "user": "UFW2XS0HX",
        "ts": "1551184232.025700",
        "thread_ts": "1551173695.023000",
        "parent_user_id": "UFW2XS0HX"
    },
    {
        "client_msg_id": "9256552f-5b05-4ad4-bd95-a1d916491f01",
        "type": "message",
        "text": "PATH это тоже переменная окружения....что конкретно не получается?  и что нужно сделать?",
        "user": "UFTSGQ7U5",
        "ts": "1551184447.025900",
        "thread_ts": "1551173695.023000",
        "parent_user_id": "UFW2XS0HX"
    },
    {
        "client_msg_id": "381b5fb6-3fe6-4648-bd10-df9eeee130c7",
        "type": "message",
        "text": "чтоб текущее значение PATH не потереть, используй export PATH=${PATH}:${JAVA_HOME}.",
        "user": "UFTSGQ7U5",
        "ts": "1551184490.026100",
        "thread_ts": "1551173695.023000",
        "parent_user_id": "UFW2XS0HX"
    },
    {
        "client_msg_id": "c100419b-086c-4e17-a8a5-bf3eaab11196",
        "type": "message",
        "text": "Смотри. Я понимаю, что:\n1. Чтобы добавить переменную окружения java  - нужно добавить путь к папке bin.\n2. А можно добавить просто $JAVA_HOME.\n3. Но, чтобы система понимала, что $JAVA_HOME - это и есть пусть к папке bin java - нужно какой-то командой эй явно это сообщить.",
        "user": "UFW2XS0HX",
        "ts": "1551184840.026700",
        "thread_ts": "1551173695.023000",
        "parent_user_id": "UFW2XS0HX"
    },
    {
        "client_msg_id": "b93b9834-17c8-429b-a9d2-d1d3af838c30",
        "type": "message",
        "text": "То есть, нужно присвоить $JAVA_HOME путь до java, а затем добавить её в PATH",
        "user": "UFW2XS0HX",
        "ts": "1551184875.026900",
        "edited": {
            "user": "UFW2XS0HX",
            "ts": "1551184978.000000"
        },
        "thread_ts": "1551173695.023000",
        "parent_user_id": "UFW2XS0HX"
    },
    {
        "client_msg_id": "4b1f4c71-79de-494c-9f5b-3039a343d55d",
        "type": "message",
        "text": "launchctl setenv variable \"value\"",
        "user": "UFPRT4B28",
        "ts": "1551185329.027200",
        "thread_ts": "1551173695.023000",
        "parent_user_id": "UFW2XS0HX"
    },
    {
        "client_msg_id": "70257238-14de-4396-b655-5610dac2a8f8",
        "type": "message",
        "text": "отсюда <https:\/\/www.schrodinger.com\/kb\/1842>",
        "user": "UFPRT4B28",
        "ts": "1551185341.027400",
        "attachments": [
            {
                "title": "How do I set an environment variable? | Schrödinger",
                "title_link": "https:\/\/www.schrodinger.com\/kb\/1842",
                "text": "You can set an environment variable on a Linux, Windows, or Mac platform with the instructions given below.LinuxTo set an environment variable on Linux, enter the following command at a shell prompt, according to which shell you are using:csh\/tcsh: setenv variable value bash\/ksh: export variable=value",
                "fallback": "How do I set an environment variable? | Schrödinger",
                "from_url": "https:\/\/www.schrodinger.com\/kb\/1842",
                "service_icon": "https:\/\/www.schrodinger.com\/sites\/default\/files\/apple-icon-180x180_0.png",
                "service_name": "schrodinger.com",
                "id": 1,
                "original_url": "https:\/\/www.schrodinger.com\/kb\/1842"
            }
        ],
        "thread_ts": "1551173695.023000",
        "parent_user_id": "UFW2XS0HX"
    },
    {
        "client_msg_id": "7fc6b766-503c-4680-81c5-cb0932c8eb09",
        "type": "message",
        "text": "<@UFPRT4B28> человеку нужно объяснить что такое переменные окружения и для чего они используются.",
        "user": "UFTSGQ7U5",
        "ts": "1551185524.027700",
        "thread_ts": "1551173695.023000",
        "parent_user_id": "UFW2XS0HX"
    },
    {
        "client_msg_id": "c800b809-c5f5-4df3-8149-596b789d82d9",
        "type": "message",
        "text": "Спасибо большое, ребята! :grinning:",
        "user": "UFW2XS0HX",
        "ts": "1551185727.027900",
        "thread_ts": "1551173695.023000",
        "parent_user_id": "UFW2XS0HX"
    },
    {
        "client_msg_id": "a4f56f74-454a-4349-a7c3-66bddd46c3c9",
        "type": "message",
        "text": "что тут происходит? EnumSet.of(role, roles)",
        "user": "UFL6M7PR9",
        "ts": "1551186211.028200",
        "thread_ts": "1551186211.028200",
        "reply_count": 11,
        "reply_users_count": 2,
        "latest_reply": "1551197212.031400",
        "reply_users": [
            "UFTSGQ7U5",
            "UFL6M7PR9"
        ],
        "replies": [
            {
                "user": "UFTSGQ7U5",
                "ts": "1551186918.028700"
            },
            {
                "user": "UFTSGQ7U5",
                "ts": "1551186951.028900"
            },
            {
                "user": "UFTSGQ7U5",
                "ts": "1551186964.029100"
            },
            {
                "user": "UFTSGQ7U5",
                "ts": "1551187045.029300"
            },
            {
                "user": "UFL6M7PR9",
                "ts": "1551187229.029500"
            },
            {
                "user": "UFTSGQ7U5",
                "ts": "1551187828.029700"
            },
            {
                "user": "UFTSGQ7U5",
                "ts": "1551187850.029900"
            },
            {
                "user": "UFTSGQ7U5",
                "ts": "1551188064.030200"
            },
            {
                "user": "UFL6M7PR9",
                "ts": "1551188808.030400"
            },
            {
                "user": "UFTSGQ7U5",
                "ts": "1551190350.031100"
            },
            {
                "user": "UFL6M7PR9",
                "ts": "1551197212.031400"
            }
        ]
    },
    {
        "client_msg_id": "aadef2ba-57d1-4d65-b40c-0d7deb9ad1d2",
        "type": "message",
        "text": "создание множества ролей",
        "user": "UFTSGQ7U5",
        "ts": "1551186918.028700",
        "thread_ts": "1551186211.028200",
        "parent_user_id": "UFL6M7PR9"
    },
    {
        "client_msg_id": "5caba21f-31df-4f38-b7b5-6fe1f2fa6c50",
        "type": "message",
        "text": "Creates an enum set initially containing the specified elements.",
        "user": "UFTSGQ7U5",
        "ts": "1551186951.028900",
        "thread_ts": "1551186211.028200",
        "parent_user_id": "UFL6M7PR9"
    },
    {
        "client_msg_id": "9b099e79-a7bb-4192-a006-079516ee0618",
        "type": "message",
        "text": "всёж   в джавадоке написано",
        "user": "UFTSGQ7U5",
        "ts": "1551186964.029100",
        "thread_ts": "1551186211.028200",
        "parent_user_id": "UFL6M7PR9"
    },
    {
        "client_msg_id": "ed470c69-e532-407c-bb72-33b981cf92f8",
        "type": "message",
        "text": "<@UFL6M7PR9> или с varargs непонятно?",
        "user": "UFTSGQ7U5",
        "ts": "1551187045.029300",
        "thread_ts": "1551186211.028200",
        "parent_user_id": "UFL6M7PR9"
    },
    {
        "client_msg_id": "797c1039-46bd-4d94-8994-ef6f553347c9",
        "type": "message",
        "text": "метод of я не могу понять",
        "user": "UFL6M7PR9",
        "ts": "1551187229.029500",
        "thread_ts": "1551186211.028200",
        "parent_user_id": "UFL6M7PR9"
    },
    {
        "client_msg_id": "822deef3-1270-4ef1-aceb-ff4ab94facc2",
        "type": "message",
        "text": "<@UFL6M7PR9> фабричный метод, для создания экземпляра EnumSet, который будет проинициализирован значениями из параметров.",
        "user": "UFTSGQ7U5",
        "ts": "1551187828.029700",
        "thread_ts": "1551186211.028200",
        "parent_user_id": "UFL6M7PR9"
    },
    {
        "client_msg_id": "520bf166-2f9b-495d-8a70-714a761e8f98",
        "type": "message",
        "text": "статический метод of много где используется. Взять тот же самый LocalDateTime.of(....)",
        "user": "UFTSGQ7U5",
        "ts": "1551187850.029900",
        "edited": {
            "user": "UFTSGQ7U5",
            "ts": "1551187880.000000"
        },
        "thread_ts": "1551186211.028200",
        "parent_user_id": "UFL6M7PR9"
    },
    {
        "client_msg_id": "e8151c18-82ad-44d7-86d6-3261b09466d9",
        "type": "message",
        "text": "Это альтернатива конструктору",
        "user": "UFTSGQ7U5",
        "ts": "1551188064.030200",
        "thread_ts": "1551186211.028200",
        "parent_user_id": "UFL6M7PR9"
    },
    {
        "client_msg_id": "8ee2557d-b7cb-4450-9c6a-f40c83537747",
        "type": "message",
        "text": "значит на вход методу даем роли и нам возвращается Set этих ролей?",
        "user": "UFL6M7PR9",
        "ts": "1551188808.030400",
        "edited": {
            "user": "UFL6M7PR9",
            "ts": "1551188829.000000"
        },
        "thread_ts": "1551186211.028200",
        "parent_user_id": "UFL6M7PR9"
    },
    {
        "client_msg_id": "2d813446-dc13-4dc8-a832-755d5f09439d",
        "type": "message",
        "text": "да",
        "user": "UFTSGQ7U5",
        "ts": "1551190350.031100",
        "thread_ts": "1551186211.028200",
        "parent_user_id": "UFL6M7PR9"
    },
    {
        "client_msg_id": "5fdb4760-7ec3-4b17-b904-19a4c0e0ff24",
        "type": "message",
        "text": "спасибо)",
        "user": "UFL6M7PR9",
        "ts": "1551197212.031400",
        "thread_ts": "1551186211.028200",
        "parent_user_id": "UFL6M7PR9"
    },
    {
        "client_msg_id": "6e5c4fed-46ae-40ee-9c67-a489025ef931",
        "type": "message",
        "text": "Если кому-нибудь нужно, есть большая коллекция книг по Java.",
        "user": "UFZT3QMU6",
        "ts": "1551210468.032700",
        "thread_ts": "1551210468.032700",
        "reply_count": 4,
        "reply_users_count": 2,
        "latest_reply": "1551562672.017000",
        "reply_users": [
            "UFQ35BUP4",
            "UFZT3QMU6"
        ],
        "replies": [
            {
                "user": "UFQ35BUP4",
                "ts": "1551217593.035400"
            },
            {
                "user": "UFQ35BUP4",
                "ts": "1551218297.035600"
            },
            {
                "user": "UFQ35BUP4",
                "ts": "1551218339.036000"
            },
            {
                "user": "UFZT3QMU6",
                "ts": "1551562672.017000"
            }
        ]
    },
    {
        "client_msg_id": "2cf5d0c9-9c3f-409e-91a9-78bff2416d4a",
        "type": "message",
        "text": "<@UE1ULNT9V>, в проекте не используется Lombok? Есть на то веские причины?",
        "user": "UFPV5FPLK",
        "ts": "1551211921.033600",
        "thread_ts": "1551211921.033600",
        "reply_count": 3,
        "reply_users_count": 3,
        "latest_reply": "1551902014.038700",
        "reply_users": [
            "UFF1JGE9H",
            "UE1ULNT9V",
            "UFPV5FPLK"
        ],
        "replies": [
            {
                "user": "UFF1JGE9H",
                "ts": "1551861111.035700"
            },
            {
                "user": "UE1ULNT9V",
                "ts": "1551892128.038400"
            },
            {
                "user": "UFPV5FPLK",
                "ts": "1551902014.038700"
            }
        ]
    },
    {
        "client_msg_id": "c5f35051-dbab-4c10-9526-cdf7d403acb9",
        "type": "message",
        "text": "В расписании увидел - в 10м занятии \"Миграция на Spring 5\", но уже сейчас версия спринг 5.1.4 в проекте.  Что имеется ввиду под миграцией?",
        "user": "UFPV5FPLK",
        "ts": "1551212011.035300",
        "thread_ts": "1551212011.035300",
        "reply_count": 1,
        "reply_users_count": 1,
        "latest_reply": "1551298320.039200",
        "reply_users": [
            "UE1ULNT9V"
        ],
        "replies": [
            {
                "user": "UE1ULNT9V",
                "ts": "1551298320.039200"
            }
        ],
        "reactions": [
            {
                "name": "thinking_face",
                "users": [
                    "UFTSGQ7U5"
                ],
                "count": 1
            }
        ]
    },
    {
        "client_msg_id": "d4322072-6d5b-44e7-9a6f-f112f64fd7bf",
        "type": "message",
        "text": "решил завязать?))) почем продаешь?)))если чего в Питере готов на самовывоз)))",
        "user": "UFQ35BUP4",
        "ts": "1551217593.035400",
        "thread_ts": "1551210468.032700",
        "parent_user_id": "UFZT3QMU6"
    },
    {
        "type": "message",
        "text": "",
        "files": [
            {
                "id": "FGHH7BWGK",
                "created": 1551218291,
                "timestamp": 1551218291,
                "name": "20190227_005309.jpg",
                "title": "20190227_005309.jpg",
                "mimetype": "image\/jpeg",
                "filetype": "jpg",
                "pretty_type": "JPEG",
                "user": "UFQ35BUP4",
                "editable": false,
                "size": 3558884,
                "mode": "hosted",
                "is_external": false,
                "external_type": "",
                "is_public": true,
                "public_url_shared": false,
                "display_as_bot": false,
                "username": "",
                "url_private": "https:\/\/files.slack.com\/files-pri\/TE09AK9BK-FGHH7BWGK\/20190227_005309.jpg?t=xoxe-476316655393-618179035285-606757826531-bd1c7b831233e0d053294a8f47715ef5",
                "url_private_download": "https:\/\/files.slack.com\/files-pri\/TE09AK9BK-FGHH7BWGK\/download\/20190227_005309.jpg?t=xoxe-476316655393-618179035285-606757826531-bd1c7b831233e0d053294a8f47715ef5",
                "thumb_64": "https:\/\/files.slack.com\/files-tmb\/TE09AK9BK-FGHH7BWGK-9218d176f7\/20190227_005309_64.jpg?t=xoxe-476316655393-618179035285-606757826531-bd1c7b831233e0d053294a8f47715ef5",
                "thumb_80": "https:\/\/files.slack.com\/files-tmb\/TE09AK9BK-FGHH7BWGK-9218d176f7\/20190227_005309_80.jpg?t=xoxe-476316655393-618179035285-606757826531-bd1c7b831233e0d053294a8f47715ef5",
                "thumb_360": "https:\/\/files.slack.com\/files-tmb\/TE09AK9BK-FGHH7BWGK-9218d176f7\/20190227_005309_360.jpg?t=xoxe-476316655393-618179035285-606757826531-bd1c7b831233e0d053294a8f47715ef5",
                "thumb_360_w": 360,
                "thumb_360_h": 203,
                "thumb_480": "https:\/\/files.slack.com\/files-tmb\/TE09AK9BK-FGHH7BWGK-9218d176f7\/20190227_005309_480.jpg?t=xoxe-476316655393-618179035285-606757826531-bd1c7b831233e0d053294a8f47715ef5",
                "thumb_480_w": 480,
                "thumb_480_h": 270,
                "thumb_160": "https:\/\/files.slack.com\/files-tmb\/TE09AK9BK-FGHH7BWGK-9218d176f7\/20190227_005309_160.jpg?t=xoxe-476316655393-618179035285-606757826531-bd1c7b831233e0d053294a8f47715ef5",
                "thumb_720": "https:\/\/files.slack.com\/files-tmb\/TE09AK9BK-FGHH7BWGK-9218d176f7\/20190227_005309_720.jpg?t=xoxe-476316655393-618179035285-606757826531-bd1c7b831233e0d053294a8f47715ef5",
                "thumb_720_w": 720,
                "thumb_720_h": 405,
                "thumb_800": "https:\/\/files.slack.com\/files-tmb\/TE09AK9BK-FGHH7BWGK-9218d176f7\/20190227_005309_800.jpg?t=xoxe-476316655393-618179035285-606757826531-bd1c7b831233e0d053294a8f47715ef5",
                "thumb_800_w": 800,
                "thumb_800_h": 450,
                "thumb_960": "https:\/\/files.slack.com\/files-tmb\/TE09AK9BK-FGHH7BWGK-9218d176f7\/20190227_005309_960.jpg?t=xoxe-476316655393-618179035285-606757826531-bd1c7b831233e0d053294a8f47715ef5",
                "thumb_960_w": 960,
                "thumb_960_h": 540,
                "thumb_1024": "https:\/\/files.slack.com\/files-tmb\/TE09AK9BK-FGHH7BWGK-9218d176f7\/20190227_005309_1024.jpg?t=xoxe-476316655393-618179035285-606757826531-bd1c7b831233e0d053294a8f47715ef5",
                "thumb_1024_w": 1024,
                "thumb_1024_h": 576,
                "image_exif_rotation": 1,
                "original_w": 4128,
                "original_h": 2322,
                "permalink": "https:\/\/topjava16.slack.com\/files\/UFQ35BUP4\/FGHH7BWGK\/20190227_005309.jpg",
                "permalink_public": "https:\/\/slack-files.com\/TE09AK9BK-FGHH7BWGK-974c10c652",
                "has_rich_preview": false
            }
        ],
        "upload": true,
        "user": "UFQ35BUP4",
        "display_as_bot": false,
        "ts": "1551218297.035600",
        "thread_ts": "1551210468.032700",
        "parent_user_id": "UFZT3QMU6"
    },
    {
        "client_msg_id": "0f5403d3-0557-42ff-b64c-3b1d3204c1c9",
        "type": "message",
        "text": ":sleeping:",
        "user": "UFQ35BUP4",
        "ts": "1551218339.036000",
        "thread_ts": "1551210468.032700",
        "parent_user_id": "UFZT3QMU6"
    },
    {
        "client_msg_id": "a76d8bff-602d-4180-9449-ef15dfb65e40",
        "type": "message",
        "text": "блин...у него вобщето макось,..какой юникс? терминал на маке он 2 дня будет искать...ему скорее Григорий поможет чем мы...на скринах видил что у него макинтошка вроде как? хотя могет быть и линух...окошки с шариками как в маке",
        "user": "UFQ35BUP4",
        "ts": "1551219041.036200",
        "edited": {
            "user": "UFQ35BUP4",
            "ts": "1551219489.000000"
        },
        "thread_ts": "1551173695.023000",
        "parent_user_id": "UFW2XS0HX"
    },
    {
        "client_msg_id": "a27fc359-33d6-4dce-a5eb-0bf52e80cc2e",
        "type": "message",
        "text": "ага...объяснить - точно подметил...особенно когда на английском...ну...слава богу не на китайском )))",
        "user": "UFQ35BUP4",
        "ts": "1551219630.036600",
        "thread_ts": "1551173695.023000",
        "parent_user_id": "UFW2XS0HX"
    },
    {
        "client_msg_id": "2141bd22-d79b-413e-859d-ba4688831c97",
        "type": "message",
        "text": "<@UFQ35BUP4>, так мак на основе юникса написан",
        "user": "UFPRT4B28",
        "ts": "1551252446.036800",
        "thread_ts": "1551173695.023000",
        "parent_user_id": "UFW2XS0HX"
    },
    {
        "client_msg_id": "b10d3c1e-8add-4b98-be29-bb9ad8c91c2a",
        "type": "message",
        "text": "с наличием гугл переводчика, по-моему незнание английского перестает быть проблемой для чтения доков)",
        "user": "UFPRT4B28",
        "ts": "1551252515.037000",
        "thread_ts": "1551173695.023000",
        "parent_user_id": "UFW2XS0HX"
    }
]