[
    {
        "client_msg_id": "5e87cac6-c737-4d19-8023-0b283ebeae08",
        "type": "message",
        "text": "Я не понимаю как формируются объекты request и response в методе doGet в сервлете.\nИ как работает метод forward? Что он делает с request  и response? В документации как-то просто написано: направляет запрос от сервлета к ресурсу (например к jsp или html файлу.",
        "user": "UFW2XS0HX",
        "ts": "1550413968.056500",
        "thread_ts": "1550413968.056500",
        "reply_count": 3,
        "reply_users_count": 3,
        "latest_reply": "1550513150.079900",
        "reply_users": [
            "UFZT3QMU6",
            "UFPV5FPLK",
            "UFRA06J1F"
        ],
        "replies": [
            {
                "user": "UFZT3QMU6",
                "ts": "1550421973.062400"
            },
            {
                "user": "UFPV5FPLK",
                "ts": "1550426195.063600"
            },
            {
                "user": "UFRA06J1F",
                "ts": "1550513150.079900"
            }
        ]
    },
    {
        "client_msg_id": "dc8baa5c-ac06-4838-a96f-33dfa22d0e25",
        "type": "message",
        "text": "Вопрос по поводу метода delete в Repository. Есть ли практика возвращения сущности (Meal, User) при удалении из БД как в методе save?",
        "user": "UFAG403GE",
        "ts": "1550420176.060100",
        "thread_ts": "1550420176.060100",
        "reply_count": 8,
        "reply_users_count": 5,
        "latest_reply": "1550434069.070700",
        "reply_users": [
            "UFZT3QMU6",
            "UFRA5FKN3",
            "UFT7XUWJX",
            "UFPV5FPLK",
            "UFAG403GE"
        ],
        "replies": [
            {
                "user": "UFZT3QMU6",
                "ts": "1550422049.062600"
            },
            {
                "user": "UFRA5FKN3",
                "ts": "1550423583.063100"
            },
            {
                "user": "UFT7XUWJX",
                "ts": "1550425425.063300"
            },
            {
                "user": "UFPV5FPLK",
                "ts": "1550426493.063800"
            },
            {
                "user": "UFZT3QMU6",
                "ts": "1550427022.064200"
            },
            {
                "user": "UFPV5FPLK",
                "ts": "1550427265.064500"
            },
            {
                "user": "UFAG403GE",
                "ts": "1550433062.070300"
            },
            {
                "user": "UFPV5FPLK",
                "ts": "1550434069.070700"
            }
        ]
    },
    {
        "client_msg_id": "559137ca-0d74-4fb7-af78-825b436f6f24",
        "type": "message",
        "text": "Вопрос по сущности User, Meal. Почему бы не сделать конструктор для создания Null_User || Null_Meal во избежании NullPointerException?",
        "user": "UFAG403GE",
        "ts": "1550420364.061900",
        "thread_ts": "1550420364.061900",
        "reply_count": 2,
        "reply_users_count": 2,
        "latest_reply": "1550426629.064000",
        "reply_users": [
            "UFZT3QMU6",
            "UFPV5FPLK"
        ],
        "replies": [
            {
                "user": "UFZT3QMU6",
                "ts": "1550422168.062900"
            },
            {
                "user": "UFPV5FPLK",
                "ts": "1550426629.064000"
            }
        ]
    },
    {
        "client_msg_id": "70d8b380-c475-4a5e-981c-b25ae57aeaca",
        "type": "message",
        "text": "Сеньор за неделю, наверное, напишет.",
        "user": "UFZT3QMU6",
        "ts": "1550421649.062000",
        "thread_ts": "1550253677.045700",
        "parent_user_id": "UFRA06J1F"
    },
    {
        "client_msg_id": "2acaf5d9-1755-4f14-b785-a5ecb300c750",
        "type": "message",
        "text": "А вообще, все зависит от желания разраба сделать проект немного крутым, крутым, очень крутым.. Функционал сам по себе небольшой мы пишем. Его можно реализовать быстро. Но если хочется сделать очень-очень круто - придется повозиться.",
        "user": "UFZT3QMU6",
        "ts": "1550421840.062200",
        "thread_ts": "1550253677.045700",
        "parent_user_id": "UFRA06J1F"
    },
    {
        "client_msg_id": "72b6469f-9333-417b-9e02-634a50d9cb92",
        "type": "message",
        "text": "Это Стандарт работы Сервлетов. Если хотите, можете почитать спецификацию Сервлетов или посмотреть их коды.",
        "user": "UFZT3QMU6",
        "ts": "1550421973.062400",
        "thread_ts": "1550413968.056500",
        "parent_user_id": "UFW2XS0HX"
    },
    {
        "client_msg_id": "19c9b2bc-d889-4447-af8b-84bd1e160958",
        "type": "message",
        "text": "Да, есть",
        "user": "UFZT3QMU6",
        "ts": "1550422049.062600",
        "edited": {
            "user": "UFZT3QMU6",
            "ts": "1550422062.000000"
        },
        "thread_ts": "1550420176.060100",
        "parent_user_id": "UFAG403GE"
    },
    {
        "client_msg_id": "1243e425-a388-4df8-b4e7-2251906bee31",
        "type": "message",
        "text": "Используйте Optional&lt;User&gt;, Optional&lt;Meal&gt;. Конструктор вам не сильно поможет.",
        "user": "UFZT3QMU6",
        "ts": "1550422168.062900",
        "thread_ts": "1550420364.061900",
        "parent_user_id": "UFAG403GE"
    },
    {
        "client_msg_id": "94204083-8200-4f5b-b7ac-92772d86c37d",
        "type": "message",
        "text": "И какая сущность вернется, если она удалена из БД?",
        "user": "UFRA5FKN3",
        "ts": "1550423583.063100",
        "thread_ts": "1550420176.060100",
        "parent_user_id": "UFAG403GE"
    },
    {
        "client_msg_id": "624c4b2c-b85c-40f4-82bb-c52a154fcb5c",
        "type": "message",
        "text": "объект, который теперь не в бд, а в памяти.... видел такое... а можно вернуть булеан: удален или не было такого",
        "user": "UFT7XUWJX",
        "ts": "1550425425.063300",
        "thread_ts": "1550420176.060100",
        "parent_user_id": "UFAG403GE"
    },
    {
        "client_msg_id": "289e86c8-643b-4dc8-8945-81d2eda2f644",
        "type": "message",
        "text": "Про сервлеты очень разжевано тут <https:\/\/doc.lagout.org\/programmation\/Java\/Head%20First%20Servlets%20%26%20JSP_%20Passing%20the%20Sun%20Certified%20Web%20Component%20Developer%20Exam%20%282nd%20ed.%29%20%5BBasham%2C%20Sierra%20%26%20Bates%202008-04-04%5D.pdf>",
        "user": "UFPV5FPLK",
        "ts": "1550426195.063600",
        "thread_ts": "1550413968.056500",
        "parent_user_id": "UFW2XS0HX",
        "reactions": [
            {
                "name": "heavy_check_mark",
                "users": [
                    "UE1ULNT9V",
                    "UEWSLHBTJ"
                ],
                "count": 2
            }
        ]
    },
    {
        "client_msg_id": "a18f94bf-8f17-4972-b3c5-b3e3dde19261",
        "type": "message",
        "text": "В java метод удаления из мапы возвращает объект. В jdbc методы удаления, сохранения, обновления возвращают количество модифицированных строк, но не сами объекты.",
        "user": "UFPV5FPLK",
        "ts": "1550426493.063800",
        "thread_ts": "1550420176.060100",
        "parent_user_id": "UFAG403GE"
    },
    {
        "client_msg_id": "7be6d6a7-3c5c-4a95-8216-b3276757480a",
        "type": "message",
        "text": "Плодить конструкторы (в том числе и телескопические) не спринговый подход. Достаточно дефолтного, остальное - сеттерами.",
        "user": "UFPV5FPLK",
        "ts": "1550426629.064000",
        "thread_ts": "1550420364.061900",
        "parent_user_id": "UFAG403GE",
        "reactions": [
            {
                "name": "+1",
                "users": [
                    "UFZT3QMU6"
                ],
                "count": 1
            }
        ]
    },
    {
        "client_msg_id": "e6dcbda4-e699-4eb3-9c7c-416361bd8b70",
        "type": "message",
        "text": "Верно. Но среди новичков такими словами лучше не ругаться:)",
        "user": "UFZT3QMU6",
        "ts": "1550427022.064200",
        "thread_ts": "1550420176.060100",
        "parent_user_id": "UFAG403GE"
    },
    {
        "client_msg_id": "0911ec5f-b321-4fd2-82ce-cfb55c64b58d",
        "type": "message",
        "text": "Тут стоит задать встречный вопрос - а зачем мне сущность которую я удаляю? Для какой-то допоплнительной валидации? То есть, взять из базы пользователя по id, проверить его имя и вдруг там депутат, то не удалять? :slightly_smiling_face:",
        "user": "UFPV5FPLK",
        "ts": "1550427265.064500",
        "thread_ts": "1550420176.060100",
        "parent_user_id": "UFAG403GE"
    },
    {
        "client_msg_id": "90a916fe-ace6-4a1b-a951-616402f78824",
        "type": "message",
        "text": "Где можно посмотреть вебинар \"завтраки с iChars\"? С Григорием Кислиным? Говорили, что запишут его. На YouTube до сих пор не вышел.",
        "user": "UFW2XS0HX",
        "ts": "1550429896.067000",
        "thread_ts": "1550429896.067000",
        "reply_count": 5,
        "reply_users_count": 3,
        "latest_reply": "1550435667.071100",
        "reply_users": [
            "UFMAVCYKB",
            "UFW2XS0HX",
            "UE1ULNT9V"
        ],
        "replies": [
            {
                "user": "UFMAVCYKB",
                "ts": "1550429945.067200"
            },
            {
                "user": "UFW2XS0HX",
                "ts": "1550431100.068600"
            },
            {
                "user": "UE1ULNT9V",
                "ts": "1550431161.068800"
            },
            {
                "user": "UFW2XS0HX",
                "ts": "1550433262.070500"
            },
            {
                "user": "UFMAVCYKB",
                "ts": "1550435667.071100"
            }
        ]
    },
    {
        "client_msg_id": "cc7e42cb-d2e6-4697-b0c4-115df06f0eea",
        "type": "message",
        "text": "На почту приходили уведомления с записями.",
        "user": "UFMAVCYKB",
        "ts": "1550429945.067200",
        "thread_ts": "1550429896.067000",
        "parent_user_id": "UFW2XS0HX"
    },
    {
        "client_msg_id": "1f9dbef1-5733-4905-bdb6-e086322b6cff",
        "type": "message",
        "text": "Друзья в патчах ко второму уроку разве не нужно в помнике исключать в зависимостях spring-jcl?",
        "user": "UFMAVCYKB",
        "ts": "1550430007.068400"
    },
    {
        "client_msg_id": "5bb39ab3-5d3e-4a90-9d0e-19f4a1932f74",
        "type": "message",
        "text": "Ссылка есть?",
        "user": "UFW2XS0HX",
        "ts": "1550431100.068600",
        "thread_ts": "1550429896.067000",
        "parent_user_id": "UFW2XS0HX"
    },
    {
        "client_msg_id": "816a90cf-9a62-4695-8a8c-a6ed23208a1a",
        "type": "message",
        "text": "записи до сих пор нет:( говорят что тех. проблемы, но обещают",
        "user": "UE1ULNT9V",
        "ts": "1550431161.068800",
        "thread_ts": "1550429896.067000",
        "parent_user_id": "UFW2XS0HX"
    },
    {
        "client_msg_id": "202869bd-bfeb-4214-a696-949d2a103df1",
        "type": "message",
        "text": "<@UFMAVCYKB> spring-common-logging может ты имеешь в виду? у нас в уроке будет видео про spring 5. он уже поддерживает slf4j",
        "user": "UE1ULNT9V",
        "ts": "1550431230.069900",
        "edited": {
            "user": "UE1ULNT9V",
            "ts": "1550431241.000000"
        },
        "thread_ts": "1550431230.069900",
        "reply_count": 1,
        "reply_users_count": 1,
        "latest_reply": "1550435517.070900",
        "reply_users": [
            "UFMAVCYKB"
        ],
        "replies": [
            {
                "user": "UFMAVCYKB",
                "ts": "1550435517.070900"
            }
        ],
        "reactions": [
            {
                "name": "+1",
                "users": [
                    "UEWSLHBTJ"
                ],
                "count": 1
            }
        ]
    },
    {
        "client_msg_id": "dbf91b46-f3fe-442c-9b64-97de01a94d19",
        "type": "message",
        "text": "Если необходимо в контроллере вернуть объект который удален, допустим, для логов",
        "user": "UFAG403GE",
        "ts": "1550433062.070300",
        "thread_ts": "1550420176.060100",
        "parent_user_id": "UFAG403GE"
    },
    {
        "client_msg_id": "1106e2ef-63dc-4518-bdf2-636df2d9ce7b",
        "type": "message",
        "text": "Жаль, очень хотелось бы посмотреть. Надеюсь, что смогут выложить.",
        "user": "UFW2XS0HX",
        "ts": "1550433262.070500",
        "thread_ts": "1550429896.067000",
        "parent_user_id": "UFW2XS0HX"
    },
    {
        "client_msg_id": "36ae58b1-299f-4925-9488-b8061537c72c",
        "type": "message",
        "text": "На уровне базы за один запрос это не сделать. А вот стоит ли лишний запрос в базу только для того чтобы добавить в лог объект? Id не достаточно? Да и логировать такие действия лучше на том же слое, где и сама логика.",
        "user": "UFPV5FPLK",
        "ts": "1550434069.070700",
        "thread_ts": "1550420176.060100",
        "parent_user_id": "UFAG403GE"
    },
    {
        "client_msg_id": "1437a730-cf54-4e47-b364-eb509a27aec6",
        "type": "message",
        "text": "Принял информацию, благодарю) я имел в виду spring-jcl (Spring Commons Logging Bridge) - зависимость на которую ссылается spring-core, на который ссылается spring-context.",
        "user": "UFMAVCYKB",
        "ts": "1550435517.070900",
        "thread_ts": "1550431230.069900",
        "parent_user_id": "UE1ULNT9V"
    },
    {
        "client_msg_id": "8d643b3f-09e3-4088-9c7c-101841fd4f39",
        "type": "message",
        "text": "<@UFW2XS0HX> сори, оказывается я напутал, не те уведомления, только что пересмотрел...:smirk:",
        "user": "UFMAVCYKB",
        "ts": "1550435667.071100",
        "thread_ts": "1550429896.067000",
        "parent_user_id": "UFW2XS0HX"
    },
    {
        "client_msg_id": "a7620854-6494-48f8-a2f4-c94936565ef7",
        "type": "message",
        "text": "Почему в этой статье\n<http:\/\/java-course.ru\/student\/book1\/jsp\/>\nпрописывают свою библиотеку тэгов в web.xml, а нам этого не требуется (в случае с functions)?",
        "user": "UFW2XS0HX",
        "ts": "1550438452.072300",
        "edited": {
            "user": "UFW2XS0HX",
            "ts": "1550438481.000000"
        },
        "thread_ts": "1550438452.072300",
        "reply_count": 1,
        "reply_users_count": 1,
        "latest_reply": "1550441813.072600",
        "reply_users": [
            "UE1ULNT9V"
        ],
        "replies": [
            {
                "user": "UE1ULNT9V",
                "ts": "1550441813.072600"
            }
        ]
    },
    {
        "client_msg_id": "436bbc7d-149e-462b-88be-f2dad0e8e0bc",
        "type": "message",
        "text": "`&lt;%@ taglib prefix=\"fn\" uri=\"<http:\/\/topjava.javawebinar.ru\/functions>\" %&gt;`-это наша библиотека",
        "user": "UE1ULNT9V",
        "ts": "1550441813.072600",
        "thread_ts": "1550438452.072300",
        "parent_user_id": "UFW2XS0HX",
        "reactions": [
            {
                "name": "+1",
                "users": [
                    "UFW2XS0HX"
                ],
                "count": 1
            }
        ]
    }
]