[
    {
        "client_msg_id": "b0a2cc8c-2485-459b-a615-02e8c8a56ab8",
        "type": "message",
        "text": "Так в итоге то как нужно сдавать? к примеру один коммит на основное задание. второй коммит на дополнительное. Но если в дополнительном 2 метода и они называются одинаково, то что с ними делать? Закомментировать или переименовать методы?",
        "user": "UFVQWFQHM",
        "ts": "1549274894.060800",
        "edited": {
            "user": "UFVQWFQHM",
            "ts": "1549274915.000000"
        }
    },
    {
        "client_msg_id": "031ca327-f04e-488b-b465-f0672d71f030",
        "type": "message",
        "text": "второй метод сделайте, допишите к нему StreamAPI в названии как вариант",
        "user": "UFFJ077SL",
        "ts": "1549274941.061500"
    },
    {
        "client_msg_id": "b854be4d-f29d-49d3-88f3-196f55cbe5cb",
        "type": "message",
        "text": "я так сдавал",
        "user": "UFFJ077SL",
        "ts": "1549274942.061700"
    },
    {
        "client_msg_id": "62fdc9ea-fdf5-42ae-9a5a-6a0b36658351",
        "type": "message",
        "text": "ну и коммитов может быть сколько угодно поидее, нет условия что один коммит это первое, второй - второе",
        "user": "UFFJ077SL",
        "ts": "1549274973.062200"
    },
    {
        "client_msg_id": "31026067-762d-44cc-a9e7-38b589d37ee9",
        "type": "message",
        "text": "просили делать один коммит с двумя методами. так проверяющим проще",
        "user": "UFPRT4B28",
        "ts": "1549275794.062800",
        "reactions": [
            {
                "name": "heavy_check_mark",
                "users": [
                    "UE1ULNT9V",
                    "UFVQWFQHM"
                ],
                "count": 2
            },
            {
                "name": "slightly_smiling_face",
                "users": [
                    "UFVQWFQHM"
                ],
                "count": 1
            }
        ]
    },
    {
        "client_msg_id": "8dc856a5-2ef3-4aed-a527-23f6c93b2f1f",
        "type": "message",
        "text": "Увидел, спасибо.",
        "user": "UFW2XS0HX",
        "ts": "1549282946.065800",
        "edited": {
            "user": "UFW2XS0HX",
            "ts": "1549293331.000000"
        },
        "thread_ts": "1549216040.056200",
        "parent_user_id": "UFW2XS0HX"
    },
    {
        "client_msg_id": "b6ca9a74-58ce-416a-ad07-b8f4cbdc96ee",
        "type": "message",
        "text": "С тремя может?)",
        "user": "UFVQWFQHM",
        "ts": "1549310036.067100",
        "thread_ts": "1549310036.067100",
        "reply_count": 1,
        "reply_users_count": 1,
        "latest_reply": "1549318342.068000",
        "reply_users": [
            "UF7MD83EU"
        ],
        "replies": [
            {
                "user": "UF7MD83EU",
                "ts": "1549318342.068000"
            }
        ]
    },
    {
        "client_msg_id": "549c89e3-17b3-4ccd-b8ae-1e6daa9d2a47",
        "type": "message",
        "text": "<@UF7MD83EU>, разовое код ревью возможно только для нулевого урока или любого вплоть до 7го?",
        "user": "UFPV5FPLK",
        "ts": "1549317033.067500",
        "thread_ts": "1549232484.056800",
        "parent_user_id": "UF7MD83EU"
    },
    {
        "client_msg_id": "54fecfba-96e9-4ad5-8598-b624f79ec6f0",
        "type": "message",
        "text": "<@UFPV5FPLK> только HW0",
        "user": "UF7MD83EU",
        "ts": "1549317424.067700",
        "thread_ts": "1549232484.056800",
        "parent_user_id": "UF7MD83EU"
    },
    {
        "client_msg_id": "a2c6b362-bcfe-4888-8578-a2a9d266673c",
        "type": "message",
        "text": "можно и больше",
        "user": "UF7MD83EU",
        "ts": "1549318342.068000",
        "thread_ts": "1549310036.067100",
        "parent_user_id": "UFVQWFQHM"
    }
]