[
    {
        "client_msg_id": "62f355bc-68ee-4158-a855-7dfd58bf790a",
        "type": "message",
        "text": "у меня есть pdf а англ",
        "user": "UF7MD83EU",
        "ts": "1551549816.016800",
        "thread_ts": "1551425814.010200",
        "parent_user_id": "UFFJ077SL"
    },
    {
        "client_msg_id": "7e0f4cdf-7e2f-4052-93dc-bb2b774d4283",
        "type": "message",
        "text": "Не, я имел ввиду электронные. Правда скоро с облака все поудаляю..",
        "user": "UFZT3QMU6",
        "ts": "1551562672.017000",
        "thread_ts": "1551210468.032700",
        "parent_user_id": "UFZT3QMU6"
    },
    {
        "client_msg_id": "d3866ee3-9a55-4069-a6c8-c19c268f1593",
        "type": "message",
        "text": "Читать зарубежные книжки - одно удовольствие :slightly_smiling_face: Потом понимаешь, что наши книги не очень интересные. В процессе еще и учишь английский. А еще у меня есть прога, с кот-й текст можно прям с PDF'a вытащить и в Google Translate вставить) Эт прям, когда совсем нет времени и прочитать нужно быстро",
        "user": "UFZT3QMU6",
        "ts": "1551563052.017200",
        "thread_ts": "1551426316.012000",
        "parent_user_id": "UFFJ077SL",
        "reactions": [
            {
                "name": "+1::skin-tone-6",
                "users": [
                    "UF3BP78SF"
                ],
                "count": 1
            }
        ]
    },
    {
        "client_msg_id": "2a0dcd64-50c7-415c-920f-421495e46af5",
        "type": "message",
        "text": "Например Advanced Wildfly, Wildfly Java EE..",
        "user": "UFZT3QMU6",
        "ts": "1551563114.017400",
        "thread_ts": "1551426316.012000",
        "parent_user_id": "UFFJ077SL"
    },
    {
        "client_msg_id": "b4cbadc0-8e1b-4c9d-9c51-8817925dbf53",
        "type": "message",
        "text": "Если более свежая (следующее издание) - я возьму)",
        "user": "UFZT3QMU6",
        "ts": "1551564156.017600",
        "thread_ts": "1551425814.010200",
        "parent_user_id": "UFFJ077SL"
    },
    {
        "client_msg_id": "08507f3e-9ee5-44b2-9f9c-8383434883c4",
        "type": "message",
        "text": "Что за инвайты?",
        "user": "UFZT3QMU6",
        "ts": "1551564397.017900",
        "thread_ts": "1551416632.009700",
        "parent_user_id": "UFW2XS0HX"
    },
    {
        "client_msg_id": "ded29a93-f63f-4f71-8ca5-d0f927b5df5e",
        "type": "message",
        "text": "это вроде и есть последнее, 5ое 2017г\n<https:\/\/www.amazon.ca\/Pro-Spring-Depth-Guide-Framework\/dp\/1484228073\/ref=sr_1_2?qid=1551568786&amp;refinements=p_27%3AIuliana+Cosmina&amp;s=books&amp;sr=1-2>",
        "user": "UF7MD83EU",
        "ts": "1551568852.018100",
        "attachments": [
            {
                "title": "Pro Spring 5: An In-Depth Guide to the Spring Framework and Its Tools",
                "title_link": "https:\/\/www.amazon.ca\/Pro-Spring-Depth-Guide-Framework\/dp\/1484228073\/ref=sr_1_2?qid=1551568786&refinements=p_27%3AIuliana+Cosmina&s=books&sr=1-2",
                "text": "Pro Spring 5: An In-Depth Guide to the Spring Framework and Its Tools",
                "fallback": "Pro Spring 5: An In-Depth Guide to the Spring Framework and Its Tools",
                "image_url": "https:\/\/images-na.ssl-images-amazon.com\/images\/I\/41Wenr9Zz7L._SR600%2c315_PIWhiteStrip%2cBottomLeft%2c0%2c35_PIAmznPrime%2cBottomLeft%2c0%2c-5_SCLZZZZZZZ_.jpg",
                "from_url": "https:\/\/www.amazon.ca\/Pro-Spring-Depth-Guide-Framework\/dp\/1484228073\/ref=sr_1_2?qid=1551568786&refinements=p_27%3AIuliana+Cosmina&s=books&sr=1-2",
                "image_width": 429,
                "image_height": 250,
                "image_bytes": 18865,
                "service_icon": "https:\/\/www.amazon.ca\/favicon.ico",
                "service_name": "amazon.ca",
                "id": 1,
                "original_url": "https:\/\/www.amazon.ca\/Pro-Spring-Depth-Guide-Framework\/dp\/1484228073\/ref=sr_1_2?qid=1551568786&amp;refinements=p_27%3AIuliana+Cosmina&amp;s=books&amp;sr=1-2"
            }
        ],
        "thread_ts": "1551425814.010200",
        "parent_user_id": "UFFJ077SL"
    }
]