[
    {
        "client_msg_id": "dbce6ebb-1e0b-400b-8585-fb03632e9fdf",
        "type": "message",
        "text": "MealRestConroller",
        "user": "UE1ULNT9V",
        "ts": "1552480118.026900",
        "thread_ts": "1552408072.026600",
        "parent_user_id": "UF2FGUDPH"
    },
    {
        "client_msg_id": "dcaa5409-35ed-4991-b3ba-ae188d0bc146",
        "type": "message",
        "text": "<!here>\n*----------------------------------------------------------------------------------------------------------------*\nГотово 6-е занятие: <#CGY6PL64C|hw6>\nДобро пожаловать. По расписанию написал в канале занятия.\n*----------------------------------------------------------------------------------------------------------------*",
        "user": "UE1ULNT9V",
        "ts": "1552521381.028300",
        "reactions": [
            {
                "name": "+1",
                "users": [
                    "UEWSLHBTJ",
                    "UFW2XS0HX",
                    "UFFJ077SL",
                    "UFM61AMHA"
                ],
                "count": 4
            }
        ]
    }
]