[
    {
        "client_msg_id": "e63d4c28-8889-43bf-8810-cce5710ec137",
        "type": "message",
        "text": "Добрый день.\nХотел бы спросить про фундаментальные понятия Spring: контейнер и контекст.\nДело в том, что во многих статьях эти понятия часто переплетены так, что невозможно их отделить друг от друга.\nА хотелось бы.\n\nКак я понимаю (по простому):\nБины - это объекты, которые \"живут\" в контейнере.\nКонтейнер - управляет жизненным циклом бинов и имеет некий дополнительный функционал.\nНо вот, что такое тогда контекст?\nЕсть хорошая статья: <https:\/\/habr.com\/ru\/post\/334448\/>\nНо и из нее мне не совсем понятно, что такое контекст: \"Представлен интерфейсом ApplicationContext. По сути, представляет собой само приложение Spring.\"\n\nВ Spring документации написано:\n\"The org.springframework.context.ApplicationContext interface represents the Spring IoC container and is responsible for instantiating, configuring, and assembling the beans.\"\nТ.е. контекст - это просто интерфейс, через который мы имеем доступ к функциональности контейнера?\nПравильно ли я понимаю или нет?\nБуду признателен за ответы, можно на пальцах))",
        "user": "UFTLU8L02",
        "ts": "1550832531.007200",
        "edited": {
            "user": "UFTLU8L02",
            "ts": "1550832642.000000"
        },
        "attachments": [
            {
                "title": "Обратная сторона Spring",
                "title_link": "https:\/\/habr.com\/ru\/post\/334448\/",
                "text": "Неделя Spring на Хабре, судя по всему, открыта. Хочется сказать спасибо переводчику и комментаторам статьи \"Почему я ненавижу Spring\", которая не смотря на сильн...",
                "fallback": "Обратная сторона Spring",
                "image_url": "https:\/\/habr.com\/images\/habr.png",
                "image_width": 476,
                "image_height": 250,
                "from_url": "https:\/\/habr.com\/ru\/post\/334448\/",
                "image_bytes": 51330,
                "service_icon": "https:\/\/habr.com\/images\/apple-touch-icon.png",
                "service_name": "Хабр",
                "id": 1,
                "original_url": "https:\/\/habr.com\/ru\/post\/334448\/"
            }
        ],
        "thread_ts": "1550832531.007200",
        "reply_count": 9,
        "reply_users_count": 4,
        "latest_reply": "1551345953.001900",
        "reply_users": [
            "UF3BP78SF",
            "UF2FGUDPH",
            "UERCRCF6D",
            "UFTLU8L02"
        ],
        "replies": [
            {
                "user": "UF3BP78SF",
                "ts": "1550840926.007700"
            },
            {
                "user": "UF3BP78SF",
                "ts": "1550841027.008000"
            },
            {
                "user": "UF2FGUDPH",
                "ts": "1551023101.014100"
            },
            {
                "user": "UF2FGUDPH",
                "ts": "1551023147.014300"
            },
            {
                "user": "UF2FGUDPH",
                "ts": "1551023193.014500"
            },
            {
                "user": "UERCRCF6D",
                "ts": "1551282980.037600"
            },
            {
                "user": "UFTLU8L02",
                "ts": "1551345592.001500"
            },
            {
                "user": "UFTLU8L02",
                "ts": "1551345637.001700"
            },
            {
                "user": "UFTLU8L02",
                "ts": "1551345953.001900"
            }
        ]
    },
    {
        "client_msg_id": "43a53e45-ded0-4eda-b275-50c8d17f3921",
        "type": "message",
        "text": "\"По сути, представляет собой само приложение Spring\" - как по мне это наиболее точно отображает понятие контекста. В интеграционных тестах спринга например используются аннотации @SpringBootTest или @ContextConfiguration которые позволяют пррямо в тесте по сути запустить приложение. Обычно говорят что  в таком случае в тесте поднимается, подтягивается контекст, т.е. по сути это синоним самого приложения.",
        "user": "UF3BP78SF",
        "ts": "1550840926.007700",
        "edited": {
            "user": "UF3BP78SF",
            "ts": "1550840958.000000"
        },
        "thread_ts": "1550832531.007200",
        "parent_user_id": "UFTLU8L02"
    },
    {
        "client_msg_id": "07a5f284-32aa-4e36-87db-d84a994e4bdb",
        "type": "message",
        "text": "Еще из документации самого интерфейса - Central interface to provide configuration for an application.",
        "user": "UF3BP78SF",
        "ts": "1550841027.008000",
        "thread_ts": "1550832531.007200",
        "parent_user_id": "UFTLU8L02"
    }
]