[
    {
        "client_msg_id": "a2482dc4-5378-469f-ae77-f0fc6372de63",
        "type": "message",
        "text": "Спасибо ",
        "user": "UGBESR3T6",
        "ts": "1551094870.015000",
        "thread_ts": "1551005789.010200",
        "parent_user_id": "UGBESR3T6"
    },
    {
        "client_msg_id": "171116f6-bfe8-45a0-9e1a-60ffd0984d0a",
        "type": "message",
        "text": "скажи плз - после какого патча и что запускаешь?",
        "user": "UE1ULNT9V",
        "ts": "1551109623.015300",
        "thread_ts": "1551007274.014000",
        "parent_user_id": "UFJM88NSF"
    }
]