[
    {
        "client_msg_id": "1473bd80-cfff-4c15-84d8-b7bb93631f1a",
        "type": "message",
        "text": "Я не понимаю суть - от чего защитит закон? Никто не сможет отключить Россию и сейчас, на территории России есть корневой сервер днс, который обеспечит работу с сайтами, которые от нас не закрыли иностранные гос-ва. Ничего иного сделать невозможно.... Что они там собрались спасать не понимаю.",
        "user": "UFF1JGE9H",
        "ts": "1552406835.025300",
        "thread_ts": "1552251188.020600",
        "parent_user_id": "UFT7XUWJX"
    },
    {
        "client_msg_id": "e5b37a35-e6aa-4b90-ad78-dbc69b2f1a0d",
        "type": "message",
        "text": "Где в topjava в каком уроке описание создания еды для конкретного пользователя? Пытаюсь сделать в выпускном проекте наподобие такого же  - добавление еды для ресторана",
        "user": "UF2FGUDPH",
        "ts": "1552408072.026600",
        "thread_ts": "1552408072.026600",
        "reply_count": 1,
        "reply_users_count": 1,
        "latest_reply": "1552480118.026900",
        "reply_users": [
            "UE1ULNT9V"
        ],
        "replies": [
            {
                "user": "UE1ULNT9V",
                "ts": "1552480118.026900"
            }
        ]
    },
    {
        "client_msg_id": "4f1f0e2d-3e09-4e00-82eb-e2cee1ca73fd",
        "type": "message",
        "text": "Вопрос сильно политический. Ответ можно найти если гуглить и думать. Мог бы ответить, но это очень большой и долгий офтоп.",
        "user": "UFT7XUWJX",
        "ts": "1552408239.026700",
        "thread_ts": "1552251188.020600",
        "parent_user_id": "UFT7XUWJX",
        "reactions": [
            {
                "name": "heavy_check_mark",
                "users": [
                    "UE1ULNT9V"
                ],
                "count": 1
            }
        ]
    }
]