[
    {
        "client_msg_id": "e6f818ab-1b40-4105-a8d7-563c0540b0e7",
        "type": "message",
        "text": "Выбирай <https:\/\/www.baeldung.com\/category\/spring-security\/tag\/authentication\/>",
        "user": "UF2JE861M",
        "ts": "1553585220.057500",
        "thread_ts": "1553546113.053100",
        "parent_user_id": "UFRA5FKN3"
    },
    {
        "client_msg_id": "9fc9bdb7-add4-444a-9104-5613b270e8db",
        "type": "message",
        "text": "<https:\/\/www.baeldung.com\/securing-a-restful-web-service-with-spring-security>",
        "user": "UF2JE861M",
        "ts": "1553585275.057700",
        "attachments": [
            {
                "service_name": "Baeldung",
                "title": "Spring Security for a REST API | Baeldung",
                "title_link": "https:\/\/www.baeldung.com\/securing-a-restful-web-service-with-spring-security",
                "text": "How to Secure a REST API with Spring Security - the XML Configuration, the web.xml, the HTTP status codes for authentication, etc.",
                "fallback": "Baeldung: Spring Security for a REST API | Baeldung",
                "image_url": "https:\/\/www.baeldung.com\/wp-content\/uploads\/2016\/10\/social-Spring-Security-dark.jpg",
                "ts": 1388658735,
                "from_url": "https:\/\/www.baeldung.com\/securing-a-restful-web-service-with-spring-security",
                "image_width": 478,
                "image_height": 250,
                "image_bytes": 17227,
                "service_icon": "https:\/\/www.baeldung.com\/wp-content\/themes\/baeldung\/favicon\/apple-touch-icon-57x57.png",
                "id": 1,
                "original_url": "https:\/\/www.baeldung.com\/securing-a-restful-web-service-with-spring-security"
            }
        ],
        "thread_ts": "1553546113.053100",
        "parent_user_id": "UFRA5FKN3"
    },
    {
        "client_msg_id": "4161884b-d4d0-49d6-9458-a95dd07b7f39",
        "type": "message",
        "text": "логин с паролем при basic аутентификации передаются в заголовке ‘Authorization: Basic token’, где токен это строка вида логин:пароль, закодированная в base64",
        "user": "UF2JE861M",
        "ts": "1553585514.059400"
    },
    {
        "client_msg_id": "e05ef5b5-bf41-497a-a8df-cfcc0044a71f",
        "type": "message",
        "text": "авторизацию  на 8-9 занятии будем делать",
        "user": "UE1ULNT9V",
        "ts": "1553598788.059500",
        "thread_ts": "1553546113.053100",
        "parent_user_id": "UFRA5FKN3"
    },
    {
        "client_msg_id": "FAF96204-4CFB-42CA-8536-CC49BB8A7AC7",
        "type": "message",
        "text": "Эх не дождалась 8го занятия :)\nВполне сегодня все заработало, не нравится только, что окно с диалогом для авторизации выскакивает. Такое же как в конце <https:\/\/o7planning.org\/ru\/11649\/secure-spring-boot-restful-service-using-basic-authentication>\nМожет, кто-то знает, как от него отказаться? Моему WebService окно с авторизацией совсем ни к чему. А в хедере очень даже хорошо передаются параметры авторизации :+1:",
        "user": "UFRA5FKN3",
        "ts": "1553630537.064500",
        "attachments": [
            {
                "service_name": "o7planning.org",
                "title": "          Защита Spring Boot RESTful Service используя Basic Authentication       ",
                "title_link": "https:\/\/o7planning.org\/ru\/11649\/secure-spring-boot-restful-service-using-basic-authentication",
                "text": "Защита Spring Boot RESTful Service используя Basic Authentication",
                "fallback": "o7planning.org:           Защита Spring Boot RESTful Service используя Basic Authentication       ",
                "image_url": "https:\/\/o7planning.org\/templates\/o7planning\/resources\/icons\/triceratops.png",
                "image_width": 393,
                "image_height": 250,
                "from_url": "https:\/\/o7planning.org\/ru\/11649\/secure-spring-boot-restful-service-using-basic-authentication",
                "image_bytes": 153365,
                "service_icon": "https:\/\/o7planning.org\/templates\/o7planning\/resources\/images\/favi.png",
                "id": 1,
                "original_url": "https:\/\/o7planning.org\/ru\/11649\/secure-spring-boot-restful-service-using-basic-authentication"
            }
        ],
        "thread_ts": "1553546113.053100",
        "parent_user_id": "UFRA5FKN3"
    }
]