[
    {
        "client_msg_id": "ed43a575-f265-4b4e-948a-2c225cdfd120",
        "type": "message",
        "text": "Запутался. Зачем нужны отдельно MealRestController, MealUIController, RootController. И какой порядок обращений между контроллерами. Спасибо!",
        "user": "UFBA1SS4W",
        "ts": "1555248377.003900",
        "thread_ts": "1555248377.003900",
        "reply_count": 19,
        "reply_users_count": 3,
        "latest_reply": "1555362763.008800",
        "reply_users": [
            "UF2MZBKAR",
            "UE1ULNT9V",
            "UFBA1SS4W"
        ],
        "replies": [
            {
                "user": "UF2MZBKAR",
                "ts": "1555248737.004000"
            },
            {
                "user": "UE1ULNT9V",
                "ts": "1555275439.004400"
            },
            {
                "user": "UFBA1SS4W",
                "ts": "1555305619.004700"
            },
            {
                "user": "UFBA1SS4W",
                "ts": "1555305728.004900"
            },
            {
                "user": "UFBA1SS4W",
                "ts": "1555305746.005100"
            },
            {
                "user": "UFBA1SS4W",
                "ts": "1555305822.005300"
            },
            {
                "user": "UFBA1SS4W",
                "ts": "1555305881.005500"
            },
            {
                "user": "UFBA1SS4W",
                "ts": "1555305975.005800"
            },
            {
                "user": "UFBA1SS4W",
                "ts": "1555306002.006000"
            },
            {
                "user": "UFBA1SS4W",
                "ts": "1555306005.006200"
            },
            {
                "user": "UFBA1SS4W",
                "ts": "1555306101.006400"
            },
            {
                "user": "UFBA1SS4W",
                "ts": "1555361922.007100"
            },
            {
                "user": "UE1ULNT9V",
                "ts": "1555362370.007300"
            },
            {
                "user": "UE1ULNT9V",
                "ts": "1555362439.007500"
            },
            {
                "user": "UE1ULNT9V",
                "ts": "1555362512.007800"
            },
            {
                "user": "UE1ULNT9V",
                "ts": "1555362533.008100"
            },
            {
                "user": "UE1ULNT9V",
                "ts": "1555362657.008400"
            },
            {
                "user": "UE1ULNT9V",
                "ts": "1555362675.008600"
            },
            {
                "user": "UE1ULNT9V",
                "ts": "1555362763.008800"
            }
        ]
    },
    {
        "client_msg_id": "81782c3d-661d-467d-8b1c-d91fb307fb0b",
        "type": "message",
        "text": "У контроллеров разное назначение, соответсвенно разные типы возвращаемых и приходящих данных (produces и consumes). На нашем вебе используются RootController и UIController's, а Rest контроллеры существуют отдельно, мы их делаем для получения практики - на работе будешь часто встречать",
        "user": "UF2MZBKAR",
        "ts": "1555248737.004000",
        "thread_ts": "1555248377.003900",
        "parent_user_id": "UFBA1SS4W",
        "reactions": [
            {
                "name": "heavy_check_mark",
                "users": [
                    "UE1ULNT9V"
                ],
                "count": 1
            }
        ]
    },
    {
        "client_msg_id": "282fb9db-7090-457e-b8b9-aa85b488a5a6",
        "type": "message",
        "text": "2. между собой контроллеры не общаются",
        "user": "UE1ULNT9V",
        "ts": "1555275439.004400",
        "thread_ts": "1555248377.003900",
        "parent_user_id": "UFBA1SS4W"
    },
    {
        "client_msg_id": "6d9940ac-1b17-42c6-a606-1668874db3e8",
        "type": "message",
        "text": "<@UE1ULNT9V> тогда подскажите, почему у нас есть в RootController функция public String users(Model model) и отдельно в AdminUIController функция public List&lt;User&gt; getAll()",
        "user": "UFBA1SS4W",
        "ts": "1555305619.004700",
        "edited": {
            "user": "UFBA1SS4W",
            "ts": "1555305923.000000"
        },
        "thread_ts": "1555248377.003900",
        "parent_user_id": "UFBA1SS4W"
    },
    {
        "client_msg_id": "5e0269d9-f783-4753-b936-a3972a3ec439",
        "type": "message",
        "text": "у меня было такое понимание, что запрос из .js попадает в public List&lt;User&gt; getAll() в AdminUIController",
        "user": "UFBA1SS4W",
        "ts": "1555305728.004900",
        "thread_ts": "1555248377.003900",
        "parent_user_id": "UFBA1SS4W"
    },
    {
        "client_msg_id": "e7ea432c-8e8e-4b22-8af7-a9ec516f59e1",
        "type": "message",
        "text": "его ответ сериализуется в JSON",
        "user": "UFBA1SS4W",
        "ts": "1555305746.005100",
        "thread_ts": "1555248377.003900",
        "parent_user_id": "UFBA1SS4W"
    },
    {
        "client_msg_id": "98463d23-8534-4b21-8527-5ec3e8b8c14e",
        "type": "message",
        "text": "далее этот ответ приходит в RootController в public String users(Model model)",
        "user": "UFBA1SS4W",
        "ts": "1555305822.005300",
        "thread_ts": "1555248377.003900",
        "parent_user_id": "UFBA1SS4W"
    },
    {
        "client_msg_id": "48188f4f-069a-41eb-bbda-74cbb600080a",
        "type": "message",
        "text": "далее по возвращаемому значению - String \"users\" система понимает, что резолвится вьюха users.jsp",
        "user": "UFBA1SS4W",
        "ts": "1555305881.005500",
        "thread_ts": "1555248377.003900",
        "parent_user_id": "UFBA1SS4W"
    },
    {
        "client_msg_id": "20b817f8-d618-4100-84f3-86d07438011a",
        "type": "message",
        "text": "и тем самым в users.jsp приходят данные и ложатся в таблицу",
        "user": "UFBA1SS4W",
        "ts": "1555305975.005800",
        "thread_ts": "1555248377.003900",
        "parent_user_id": "UFBA1SS4W"
    },
    {
        "client_msg_id": "e3d2f8af-a1d3-4f2d-bace-451638a0b535",
        "type": "message",
        "text": "подскажите пожалуйста, что в этой логике не верно?",
        "user": "UFBA1SS4W",
        "ts": "1555306002.006000",
        "thread_ts": "1555248377.003900",
        "parent_user_id": "UFBA1SS4W"
    },
    {
        "client_msg_id": "7ebe5169-9818-43e6-8228-da7d4174c2d4",
        "type": "message",
        "text": "спасибо!",
        "user": "UFBA1SS4W",
        "ts": "1555306005.006200",
        "thread_ts": "1555248377.003900",
        "parent_user_id": "UFBA1SS4W"
    },
    {
        "client_msg_id": "d7c6dd4c-3a15-4739-8f87-5d9b17e7783e",
        "type": "message",
        "text": "у меня было понимание, что эти два контроллера общаются через DispatcherServlet",
        "user": "UFBA1SS4W",
        "ts": "1555306101.006400",
        "thread_ts": "1555248377.003900",
        "parent_user_id": "UFBA1SS4W"
    }
]