[
    {
        "client_msg_id": "e3d42a22-4e4c-44b6-91fe-d5e0a9bbefab",
        "type": "message",
        "text": "Всем привет! Скажите, назрел вопрос) А как в приложении спринга мы управляем многопоточностью? Я ее сам реализую? Именно если я хочу вычисления какие то сделать, или еще что-нибудь? Тоесть если мне нужна многопоточность, не связаная с коннекцией",
        "user": "UFFJ077SL",
        "ts": "1552993750.040900",
        "edited": {
            "user": "UFFJ077SL",
            "ts": "1552994149.000000"
        },
        "thread_ts": "1552993750.040900",
        "reply_count": 4,
        "reply_users_count": 4,
        "latest_reply": "1553155093.043600",
        "reply_users": [
            "UFP7PTM99",
            "UFX085HUL",
            "UE1ULNT9V",
            "UFZT3QMU6"
        ],
        "replies": [
            {
                "user": "UFP7PTM99",
                "ts": "1553000855.041400"
            },
            {
                "user": "UFX085HUL",
                "ts": "1553007069.042000"
            },
            {
                "user": "UE1ULNT9V",
                "ts": "1553073704.042500"
            },
            {
                "user": "UFZT3QMU6",
                "ts": "1553155093.043600"
            }
        ]
    },
    {
        "client_msg_id": "6bb08e42-e799-4485-b81c-8ff2fe4c3905",
        "type": "message",
        "text": "нашел такое:\n<https:\/\/docs.spring.io\/spring-security\/site\/docs\/5.0.x\/reference\/html\/concurrency.html>\n\n<https:\/\/stackoverflow.com\/questions\/13776728\/how-does-spring-bean-handle-concurrency>\n\n<https:\/\/www.baeldung.com\/java-concurrency>\n\nНасколько я понимаю, если нужны какие-то вычисления связанные с логикой, спринг приплетать не нужно, можно пользоваться его функционалом, как IOC контейнера, но вроде как создание потоков и работа с ними в любом случае работа JVM.\n\nupd: <http:\/\/www.cyberforum.ru\/java-j2ee\/thread1864911.html>\nЕсть некий ThreadPoolTaskExecutor погугли, вроде то что тебе нужно.",
        "user": "UFP7PTM99",
        "ts": "1553000855.041400",
        "edited": {
            "user": "UFP7PTM99",
            "ts": "1553001523.000000"
        },
        "thread_ts": "1552993750.040900",
        "parent_user_id": "UFFJ077SL"
    },
    {
        "client_msg_id": "f2919514-d167-4824-a24d-1366f23e4541",
        "type": "message",
        "text": "Если имеется в виду метод с долгим вычислением, можно посмотреть в сторону @Async, такой метод выполняется в отдельном потоке и возвращает Future&lt;...&gt;",
        "user": "UFX085HUL",
        "ts": "1553007069.042000",
        "thread_ts": "1552993750.040900",
        "parent_user_id": "UFFJ077SL"
    },
    {
        "client_msg_id": "f1189e21-8689-46b0-8c09-4fa468b8e7af",
        "type": "message",
        "text": "я брекпоинт ставлю в jsp и до того момента как она загрузиться и покажется мне в браузере, брекпоинт срабатывает 3 раза на этой jsp",
        "user": "UG9618Y2X",
        "ts": "1553026274.042300",
        "thread_ts": "1552831211.039400",
        "parent_user_id": "UG9618Y2X"
    }
]