[
    {
        "client_msg_id": "3489a3c8-1f07-48f4-b70d-6f1a5abab47b",
        "type": "message",
        "text": "А как там можно перенести дз? А то что то оно никак не заходит",
        "user": "UFVQWFQHM",
        "ts": "1550606779.082300",
        "thread_ts": "1550606779.082300",
        "reply_count": 3,
        "reply_users_count": 2,
        "latest_reply": "1550707620.002000",
        "reply_users": [
            "UE1ULNT9V",
            "UFRA5FKN3"
        ],
        "replies": [
            {
                "user": "UE1ULNT9V",
                "ts": "1550652264.083600"
            },
            {
                "user": "UFRA5FKN3",
                "ts": "1550699524.001700"
            },
            {
                "user": "UE1ULNT9V",
                "ts": "1550707620.002000"
            }
        ]
    }
]