[
    {
        "client_msg_id": "98b00afc-4c92-4f2a-82ce-7bebb7e53950",
        "type": "message",
        "text": "Могу подсказать, как делать OAuth, если будет нужно.",
        "user": "UFZT3QMU6",
        "ts": "1553712671.064800",
        "thread_ts": "1553546113.053100",
        "parent_user_id": "UFRA5FKN3"
    },
    {
        "client_msg_id": "e1c5ef0d-1db7-4016-9952-0e276359389e",
        "type": "message",
        "text": "<!here>\n*------------------------------------------   LESSON07 ----------------------------------------------*\nДобро пожаловать в долгожданный <#CHA8U6T40|hw7>\n*--------------------------------------------------------------------------------------------------------*",
        "user": "UE1ULNT9V",
        "ts": "1553726677.066300",
        "reactions": [
            {
                "name": "+1",
                "users": [
                    "UEWSLHBTJ",
                    "UF4EWJ9N3"
                ],
                "count": 2
            }
        ]
    }
]