[
    {
        "client_msg_id": "d89fb301-77a2-4bf1-bbee-5efd43121d7e",
        "type": "message",
        "text": "Пункт Build в Идее в EditConfiguration. Может быть жмете сразу на запуск Томката и не обращаете внимание. Там есть красная кн. \"-\", чтобы Build удалить.",
        "user": "UFZT3QMU6",
        "ts": "1549873051.000200",
        "thread_ts": "1549819995.121300",
        "parent_user_id": "UFZT3QMU6"
    },
    {
        "client_msg_id": "33684a68-2295-4bf4-a7f0-3d6e808d8228",
        "type": "message",
        "text": "подскажите плиз в 4м видео (Видео \"Приложение Spring Pet \") к последнему уроку есть ссылка на вебинар, в котором тоже много всяких полезных ссылок. Но сейчас по этой ссылке вебинара уже нет. Сейчас этот вебинар  можно где-то посмотреть? или оно уже все не актуальное?",
        "user": "UFYAHQYFK",
        "ts": "1549883467.004500",
        "thread_ts": "1549883467.004500",
        "reply_count": 2,
        "reply_users_count": 2,
        "latest_reply": "1549891509.004900",
        "reply_users": [
            "UE1ULNT9V",
            "UFYAHQYFK"
        ],
        "replies": [
            {
                "user": "UE1ULNT9V",
                "ts": "1549888714.004600"
            },
            {
                "user": "UFYAHQYFK",
                "ts": "1549891509.004900"
            }
        ]
    },
    {
        "client_msg_id": "bfb75c1f-1244-4ce8-8752-6032274ca416",
        "type": "message",
        "text": "<http:\/\/javawebinar.ru\/topjava\/info.html>\nвот старенькое есть. то ттам думаю многие ссылки уже не рабочие",
        "user": "UE1ULNT9V",
        "ts": "1549888714.004600",
        "attachments": [
            {
                "title": "Topjava",
                "title_link": "http:\/\/javawebinar.ru\/topjava\/info.html",
                "text": "Maven Spring Security JPA Hibernate REST Jackson Bootstrap jQuery csrf Java обучение курсы online онлайн обучение e-lerning семинар вебинар программирование Санкт-Петербург СПб практика джава удаленное обучение корпоративное обучение webinar",
                "fallback": "Topjava",
                "from_url": "http:\/\/javawebinar.ru\/topjava\/info.html",
                "service_icon": "http:\/\/javawebinar.ru\/img\/java.ico",
                "service_name": "javawebinar.ru",
                "id": 1,
                "original_url": "http:\/\/javawebinar.ru\/topjava\/info.html"
            }
        ],
        "thread_ts": "1549883467.004500",
        "parent_user_id": "UFYAHQYFK"
    },
    {
        "client_msg_id": "4201f983-67f2-4d9d-84db-4640722cc168",
        "type": "message",
        "text": "спасибо",
        "user": "UFYAHQYFK",
        "ts": "1549891509.004900",
        "thread_ts": "1549883467.004500",
        "parent_user_id": "UFYAHQYFK"
    },
    {
        "client_msg_id": "d27b4242-9a49-481b-a96c-9e07d4a495c8",
        "type": "message",
        "text": "В режиме дебага странички виснут и не открываются. Если запускать в обычном, то всё нормально работает. Настройки стоят как в проекте в видео. Браузер Google Chrome.",
        "user": "UFW2XS0HX",
        "ts": "1549907481.006500",
        "edited": {
            "user": "UFW2XS0HX",
            "ts": "1549907522.000000"
        },
        "thread_ts": "1549907481.006500",
        "reply_count": 6,
        "reply_users_count": 3,
        "latest_reply": "1549910370.007800",
        "reply_users": [
            "UEUTPR8KW",
            "UFR6VRXL3",
            "UFW2XS0HX"
        ],
        "replies": [
            {
                "user": "UEUTPR8KW",
                "ts": "1549907628.006800"
            },
            {
                "user": "UFR6VRXL3",
                "ts": "1549907643.007000"
            },
            {
                "user": "UFW2XS0HX",
                "ts": "1549907803.007200"
            },
            {
                "user": "UFW2XS0HX",
                "ts": "1549908020.007400"
            },
            {
                "user": "UFR6VRXL3",
                "ts": "1549908363.007600"
            },
            {
                "user": "UFW2XS0HX",
                "ts": "1549910370.007800"
            }
        ]
    },
    {
        "client_msg_id": "d1a473ff-4d13-4216-8205-862b62c751cf",
        "type": "message",
        "text": "в режиме дебага ты как бы приостанавливаешь выполнение программы, следовательно твой браузер ждет ответа от сервера, а его нет, если в режиме дебага вдруг остановишь сервер, то вернется страница с ошибкой(нет ответа)",
        "user": "UEUTPR8KW",
        "ts": "1549907628.006800",
        "thread_ts": "1549907481.006500",
        "parent_user_id": "UFW2XS0HX"
    },
    {
        "client_msg_id": "bb6b37f2-0fa6-401f-8887-50eafbd618ee",
        "type": "message",
        "text": "проверь брейкпоинты",
        "user": "UFR6VRXL3",
        "ts": "1549907643.007000",
        "thread_ts": "1549907481.006500",
        "parent_user_id": "UFW2XS0HX"
    },
    {
        "client_msg_id": "fa3bed10-71f1-48d2-8274-759d3311d69c",
        "type": "message",
        "text": "Всё, я понял! Спасибо, ребята!",
        "user": "UFW2XS0HX",
        "ts": "1549907803.007200",
        "thread_ts": "1549907481.006500",
        "parent_user_id": "UFW2XS0HX"
    },
    {
        "client_msg_id": "d2b78a6f-529c-40f0-8fdd-6376905b9072",
        "type": "message",
        "text": "Брейк поинты убрал, приостанавливать уже нечего, но страничка так же висит. Я чёт запутался.",
        "user": "UFW2XS0HX",
        "ts": "1549908020.007400",
        "thread_ts": "1549907481.006500",
        "parent_user_id": "UFW2XS0HX"
    },
    {
        "client_msg_id": "bb71bd4f-dbe2-4cd3-b4fc-baa90200e8a4",
        "type": "message",
        "text": "F9",
        "user": "UFR6VRXL3",
        "ts": "1549908363.007600",
        "thread_ts": "1549907481.006500",
        "parent_user_id": "UFW2XS0HX"
    },
    {
        "client_msg_id": "760583db-8dc2-4cd1-875b-1b8846528561",
        "type": "message",
        "text": "Спасибо",
        "user": "UFW2XS0HX",
        "ts": "1549910370.007800",
        "thread_ts": "1549907481.006500",
        "parent_user_id": "UFW2XS0HX"
    },
    {
        "client_msg_id": "b72cd681-a5b5-4e2c-b9b3-833c7bd26e03",
        "type": "message",
        "text": "Возьму Junior'a в свое менторство)",
        "user": "UFZT3QMU6",
        "ts": "1549911510.008600",
        "thread_ts": "1549911510.008600",
        "reply_count": 14,
        "reply_users_count": 11,
        "latest_reply": "1549931335.012100",
        "reply_users": [
            "UFU5XFS5D",
            "UFPRT4B28",
            "UFW2XS0HX",
            "UFT7XUWJX",
            "UFAG403GE",
            "UFLKE29QW",
            "UFVG5Q7S6",
            "UFPV5FPLK",
            "UF7MD83EU",
            "UFZT3QMU6",
            "UFQ35BUP4"
        ],
        "replies": [
            {
                "user": "UFU5XFS5D",
                "ts": "1549911574.008700"
            },
            {
                "user": "UFPRT4B28",
                "ts": "1549912112.008900"
            },
            {
                "user": "UFW2XS0HX",
                "ts": "1549912299.009100"
            },
            {
                "user": "UFT7XUWJX",
                "ts": "1549912765.009400"
            },
            {
                "user": "UFU5XFS5D",
                "ts": "1549912976.009600"
            },
            {
                "user": "UFAG403GE",
                "ts": "1549913218.009800"
            },
            {
                "user": "UFLKE29QW",
                "ts": "1549916163.010000"
            },
            {
                "user": "UFVG5Q7S6",
                "ts": "1549916688.010200"
            },
            {
                "user": "UFPV5FPLK",
                "ts": "1549917174.010400"
            },
            {
                "user": "UF7MD83EU",
                "ts": "1549917247.010600"
            },
            {
                "user": "UFZT3QMU6",
                "ts": "1549921192.011500"
            },
            {
                "user": "UFQ35BUP4",
                "ts": "1549921774.011700"
            },
            {
                "user": "UFPV5FPLK",
                "ts": "1549922654.011900"
            },
            {
                "user": "UFQ35BUP4",
                "ts": "1549931335.012100"
            }
        ]
    },
    {
        "client_msg_id": "cc50d091-9db0-4b60-a71d-a0382d3822c6",
        "type": "message",
        "text": "Возьми меня, сенсей.)) кроме шуток, вместе веселее. ",
        "user": "UFU5XFS5D",
        "ts": "1549911574.008700",
        "thread_ts": "1549911510.008600",
        "parent_user_id": "UFZT3QMU6"
    },
    {
        "client_msg_id": "d8a6ff2a-1f75-4831-ba1c-91a615d2b83c",
        "type": "message",
        "text": "и меня, но после стажировки)",
        "user": "UFPRT4B28",
        "ts": "1549912112.008900",
        "thread_ts": "1549911510.008600",
        "parent_user_id": "UFZT3QMU6"
    },
    {
        "client_msg_id": "0a9b8302-a4d4-41bd-92c1-2e19ee10e3b6",
        "type": "message",
        "text": "Тяну руку! :smiley: Хочу ментора :smiley:",
        "user": "UFW2XS0HX",
        "ts": "1549912299.009100",
        "edited": {
            "user": "UFW2XS0HX",
            "ts": "1549912340.000000"
        },
        "thread_ts": "1549911510.008600",
        "parent_user_id": "UFZT3QMU6"
    },
    {
        "client_msg_id": "b2a5ae63-cb61-41b7-a14e-0cd5adc6e079",
        "type": "message",
        "text": "Я с вами",
        "user": "UFT7XUWJX",
        "ts": "1549912765.009400",
        "thread_ts": "1549911510.008600",
        "parent_user_id": "UFZT3QMU6"
    },
    {
        "client_msg_id": "b64798be-8be6-40e4-a2b5-f6bb7680eb58",
        "type": "message",
        "text": "<@UFZT3QMU6> смотри сколько желающих. ))",
        "user": "UFU5XFS5D",
        "ts": "1549912976.009600",
        "thread_ts": "1549911510.008600",
        "parent_user_id": "UFZT3QMU6"
    },
    {
        "client_msg_id": "217c5699-355d-4966-8a19-93e3c0f5c358",
        "type": "message",
        "text": "Я готов присоединиться",
        "user": "UFAG403GE",
        "ts": "1549913218.009800",
        "thread_ts": "1549911510.008600",
        "parent_user_id": "UFZT3QMU6"
    },
    {
        "client_msg_id": "20d4c625-4497-4e98-8bd3-dbf07df8c347",
        "type": "message",
        "text": "Я тоже в очередь стану)",
        "user": "UFLKE29QW",
        "ts": "1549916163.010000",
        "thread_ts": "1549911510.008600",
        "parent_user_id": "UFZT3QMU6"
    },
    {
        "client_msg_id": "6df2df23-1af8-4fec-9da0-fd3a66559567",
        "type": "message",
        "text": ":thinking_face::male-student:",
        "user": "UFVG5Q7S6",
        "ts": "1549916688.010200",
        "thread_ts": "1549911510.008600",
        "parent_user_id": "UFZT3QMU6"
    },
    {
        "client_msg_id": "44eb3a8c-9f83-4dda-89aa-847d51af19f9",
        "type": "message",
        "text": "Оплата через киви?",
        "user": "UFPV5FPLK",
        "ts": "1549917174.010400",
        "thread_ts": "1549911510.008600",
        "parent_user_id": "UFZT3QMU6"
    },
    {
        "client_msg_id": "696df5eb-3f0c-45ef-9ac0-3499cc21b916",
        "type": "message",
        "text": ":thinking_face:",
        "user": "UF7MD83EU",
        "ts": "1549917247.010600",
        "thread_ts": "1549911510.008600",
        "parent_user_id": "UFZT3QMU6"
    },
    {
        "client_msg_id": "5d9eb09b-f797-4773-8c2b-3c5d1416ef5e",
        "type": "message",
        "text": "<!here>\nПервые уроки достаточно объемные и нужно обработать и переварить большой объем информации, но домашние задание  сами по себе несложные.\nПоэтому, если чувствуете, что слишком многое непонятно и сложно  - то подумайте над тем, чтобы начать с более простого курса basejava.\n\nповтор топджава - бесплатный",
        "user": "UF7MD83EU",
        "ts": "1549918984.011300",
        "reactions": [
            {
                "name": "heavy_check_mark",
                "users": [
                    "UE1ULNT9V"
                ],
                "count": 1
            }
        ]
    },
    {
        "client_msg_id": "d89eef65-d523-4ab0-b1e4-bed1b3a49496",
        "type": "message",
        "text": "Шутка)",
        "user": "UFZT3QMU6",
        "ts": "1549921192.011500",
        "thread_ts": "1549911510.008600",
        "parent_user_id": "UFZT3QMU6"
    },
    {
        "client_msg_id": "58e28696-fdba-434e-bd6f-f3b2e660c239",
        "type": "message",
        "text": "блин...я походу один останусь опять",
        "user": "UFQ35BUP4",
        "ts": "1549921774.011700",
        "thread_ts": "1549911510.008600",
        "parent_user_id": "UFZT3QMU6"
    },
    {
        "client_msg_id": "900afc20-c433-4bfa-9f18-3b720067450d",
        "type": "message",
        "text": "так бери и ты себе июня",
        "user": "UFPV5FPLK",
        "ts": "1549922654.011900",
        "thread_ts": "1549911510.008600",
        "parent_user_id": "UFZT3QMU6"
    },
    {
        "client_msg_id": "fdd8145e-c0ce-4c4e-a864-d78b76f24f67",
        "type": "message",
        "text": "ага...одна голова - хорошо...а две хорошо-хорошо",
        "user": "UFQ35BUP4",
        "ts": "1549931335.012100",
        "thread_ts": "1549911510.008600",
        "parent_user_id": "UFZT3QMU6",
        "reactions": [
            {
                "name": "blush",
                "users": [
                    "UFW2XS0HX"
                ],
                "count": 1
            },
            {
                "name": "slightly_smiling_face",
                "users": [
                    "UFQ7PQN3A"
                ],
                "count": 1
            }
        ]
    },
    {
        "client_msg_id": "B6A37BBF-5DD7-4DE3-85FF-7BA06DBAF0FF",
        "type": "message",
        "text": "На этот точно пойдёт ",
        "user": "UF2JE861M",
        "ts": "1549949653.012600",
        "thread_ts": "1549811234.116900",
        "parent_user_id": "UFW2XS0HX",
        "reactions": [
            {
                "name": "100",
                "users": [
                    "UFW2XS0HX"
                ],
                "count": 1
            }
        ]
    }
]