[
    {
        "client_msg_id": "35327b12-8b64-43bb-8972-54dd52bcee26",
        "type": "message",
        "text": "Вспомнил. Есть Hibernate High Performance. Только читать самому некогда) Нужна кому? - обращайтесь. А еще известная \"Concurrency in practice\". Stream'ы - тоже - 1-2 книги.",
        "user": "UFZT3QMU6",
        "ts": "1551644774.019500",
        "edited": {
            "user": "UFZT3QMU6",
            "ts": "1551644938.000000"
        }
    },
    {
        "client_msg_id": "7f7600d5-10e4-4098-a3bb-ae4c9be5344f",
        "type": "message",
        "text": "Без инвайтов не зарегестрируешься на этих сервисах.",
        "user": "UFW2XS0HX",
        "ts": "1551679163.019700",
        "thread_ts": "1551416632.009700",
        "parent_user_id": "UFW2XS0HX"
    },
    {
        "client_msg_id": "e1c29212-02d8-428a-96c7-71bcf15bbabc",
        "type": "message",
        "text": "по своему опыту вариант 1 лучше. Я так учился в вузе. Мы сдавали т.н. тысячи. Сначала переводиш со словарем, выписываеш в тетрадь незнакомые слова с переводом. Потом препод (или жена, мама, брат :)) тычет пальцем в текст и ты должен перевести. Помоему после гдето 500 тысяч знаков появляется опыт который позволяет читать английскую техническую литературу практически без словаря (для чтения художественной литературы нужно соотвественно читать худ. л-ру). Это путь через который необходимо пройти.",
        "user": "UF3BP78SF",
        "ts": "1551681898.020000",
        "edited": {
            "user": "UF3BP78SF",
            "ts": "1551682147.000000"
        },
        "thread_ts": "1551426316.012000",
        "parent_user_id": "UFFJ077SL"
    }
]