[
    {
        "client_msg_id": "a7f99490-3830-4965-9053-39c790721621",
        "type": "message",
        "text": "Всем привет! МОжет кому пригодится НА РУССКОМ\n<https:\/\/yadi.sk\/i\/n9qghqxe2E10pg>",
        "user": "UFFJ077SL",
        "ts": "1554700641.008300",
        "attachments": [
            {
                "service_name": "Yandex.Disk",
                "title": "Java Persistence API и Hibernate.pdf",
                "title_link": "https:\/\/yadi.sk\/i\/n9qghqxe2E10pg",
                "text": "View and download from Yandex.Disk",
                "fallback": "Yandex.Disk: Java Persistence API и Hibernate.pdf",
                "thumb_url": "https:\/\/downloader.disk.yandex.ru\/preview\/7cf751bfeea51864719e46a6fc54f46265789471d22cbdafe04b9eac98836586\/5cab1166\/TkKKRfGBEz8vMWi4uSJ41yPW90vkDFodYn50C1HzxUZGie6x1ZIM2RyyxBog0Q-Tdy6LN-XdqKrLv3O6mBMIrg%3D%3D?uid=0&filename=Java%20Persistence%20API%20%D0%B8%20Hibernate.pdf&disposition=inline&hash=&limit=0&content_type=image%2Fjpeg&tknv=v2&crop=1&size=200x200&logo=1",
                "from_url": "https:\/\/yadi.sk\/i\/n9qghqxe2E10pg",
                "thumb_width": 200,
                "thumb_height": 200,
                "service_icon": "https:\/\/yastatic.net\/disk\/public3\/_\/a79hfasWFx-VPKvoJjjz56jrHzX.png",
                "id": 1,
                "original_url": "https:\/\/yadi.sk\/i\/n9qghqxe2E10pg"
            }
        ],
        "thread_ts": "1554700641.008300",
        "reply_count": 11,
        "reply_users_count": 4,
        "latest_reply": "1556054870.051700",
        "reply_users": [
            "UFJCHS6RE",
            "UFFJ077SL",
            "UF1PDKV37",
            "UEWUS547K"
        ],
        "replies": [
            {
                "user": "UFJCHS6RE",
                "ts": "1554701425.008500"
            },
            {
                "user": "UFFJ077SL",
                "ts": "1554701822.008700"
            },
            {
                "user": "UF1PDKV37",
                "ts": "1554704333.009100"
            },
            {
                "user": "UEWUS547K",
                "ts": "1554752911.010900"
            },
            {
                "user": "UEWUS547K",
                "ts": "1554753014.011100"
            },
            {
                "user": "UFFJ077SL",
                "ts": "1554782207.011400"
            },
            {
                "user": "UFFJ077SL",
                "ts": "1554782213.011600"
            },
            {
                "user": "UF1PDKV37",
                "ts": "1555918523.047200"
            },
            {
                "user": "UF1PDKV37",
                "ts": "1555918595.047400"
            },
            {
                "user": "UEWUS547K",
                "ts": "1556048517.048500"
            },
            {
                "user": "UF1PDKV37",
                "ts": "1556054870.051700"
            }
        ],
        "reactions": [
            {
                "name": "+1",
                "users": [
                    "UF1PDKV37",
                    "UFHCGQ525",
                    "UFPRT4B28",
                    "UF4EWJ9N3",
                    "UFR6VRXL3",
                    "UFQFJRADC",
                    "UFF1JGE9H",
                    "UEWUS547K"
                ],
                "count": 8
            }
        ]
    },
    {
        "client_msg_id": "1a991697-4803-4991-a4cb-da3961d389d8",
        "type": "message",
        "text": "спасибо",
        "user": "UFJCHS6RE",
        "ts": "1554701425.008500",
        "thread_ts": "1554700641.008300",
        "parent_user_id": "UFFJ077SL"
    },
    {
        "client_msg_id": "f513832b-4590-42ef-9f2e-5c8d99cff8f0",
        "type": "message",
        "text": "да незачто :slightly_smiling_face:",
        "user": "UFFJ077SL",
        "ts": "1554701822.008700",
        "thread_ts": "1554700641.008300",
        "parent_user_id": "UFFJ077SL"
    },
    {
        "client_msg_id": "45f0b15b-3e85-4b41-b6fb-aacc3ed8132f",
        "type": "message",
        "text": "Спасибо!",
        "user": "UF1PDKV37",
        "ts": "1554704333.009100",
        "thread_ts": "1554700641.008300",
        "parent_user_id": "UFFJ077SL"
    }
]