[
    {
        "user": "UE1ULNT9V",
        "type": "message",
        "subtype": "channel_join",
        "ts": "1555544085.000200",
        "text": "<@UE1ULNT9V> has joined the channel"
    },
    {
        "client_msg_id": "a7e0fe49-813d-484e-8392-e81a1572ebe5",
        "type": "message",
        "text": "Предпоследнее занятие: <https:\/\/github.com\/JavaWebinar\/topjava\/blob\/doc\/doc\/lesson10.md>\nУспехов! Держимся до последнего:)",
        "user": "UE1ULNT9V",
        "ts": "1555544177.001100",
        "edited": {
            "user": "UE1ULNT9V",
            "ts": "1555544188.000000"
        },
        "reactions": [
            {
                "name": "+1",
                "users": [
                    "UFZT3QMU6",
                    "UFVJ4064D",
                    "UEWSLHBTJ"
                ],
                "count": 3
            }
        ]
    },
    {
        "user": "UFHCGQ525",
        "type": "message",
        "subtype": "channel_join",
        "ts": "1555544271.001500",
        "text": "<@UFHCGQ525> has joined the channel"
    },
    {
        "user": "UF7MD83EU",
        "type": "message",
        "subtype": "channel_join",
        "ts": "1555544991.001700",
        "text": "<@UF7MD83EU> has joined the channel"
    },
    {
        "user": "UFE7TR83Z",
        "type": "message",
        "subtype": "channel_join",
        "ts": "1555548293.001900",
        "text": "<@UFE7TR83Z> has joined the channel"
    },
    {
        "user": "UFQT0J4PP",
        "type": "message",
        "subtype": "channel_join",
        "ts": "1555550296.002100",
        "text": "<@UFQT0J4PP> has joined the channel"
    },
    {
        "user": "UFFJ077SL",
        "type": "message",
        "subtype": "channel_join",
        "ts": "1555555717.002300",
        "text": "<@UFFJ077SL> has joined the channel"
    },
    {
        "user": "UF2FGUDPH",
        "type": "message",
        "subtype": "channel_join",
        "ts": "1555556096.002500",
        "text": "<@UF2FGUDPH> has joined the channel"
    },
    {
        "user": "UF954Q6RW",
        "type": "message",
        "subtype": "channel_join",
        "ts": "1555556714.002700",
        "text": "<@UF954Q6RW> has joined the channel"
    },
    {
        "user": "UFR6VRXL3",
        "type": "message",
        "subtype": "channel_join",
        "ts": "1555560335.002900",
        "text": "<@UFR6VRXL3> has joined the channel"
    },
    {
        "user": "UELE85CTB",
        "type": "message",
        "subtype": "channel_join",
        "ts": "1555561367.003100",
        "text": "<@UELE85CTB> has joined the channel"
    },
    {
        "user": "UFH1T9S1Y",
        "type": "message",
        "subtype": "channel_join",
        "ts": "1555564187.003300",
        "text": "<@UFH1T9S1Y> has joined the channel"
    },
    {
        "user": "UEY47RCQZ",
        "type": "message",
        "subtype": "channel_join",
        "ts": "1555564793.003500",
        "text": "<@UEY47RCQZ> has joined the channel"
    },
    {
        "user": "UFKLLLP1A",
        "type": "message",
        "subtype": "channel_join",
        "ts": "1555564808.003700",
        "text": "<@UFKLLLP1A> has joined the channel"
    },
    {
        "user": "UF3JGRQSX",
        "type": "message",
        "subtype": "channel_join",
        "ts": "1555565564.003900",
        "text": "<@UF3JGRQSX> has joined the channel"
    },
    {
        "user": "UF4EWJ9N3",
        "type": "message",
        "subtype": "channel_join",
        "ts": "1555566688.004100",
        "text": "<@UF4EWJ9N3> has joined the channel"
    },
    {
        "user": "UFQFJRADC",
        "type": "message",
        "subtype": "channel_join",
        "ts": "1555567050.004300",
        "text": "<@UFQFJRADC> has joined the channel"
    },
    {
        "user": "UFU5MPXHS",
        "type": "message",
        "subtype": "channel_join",
        "ts": "1555567169.004500",
        "text": "<@UFU5MPXHS> has joined the channel"
    },
    {
        "user": "UEZ1LSXC6",
        "type": "message",
        "subtype": "channel_join",
        "ts": "1555567244.004700",
        "text": "<@UEZ1LSXC6> has joined the channel"
    },
    {
        "user": "UG862J8F8",
        "type": "message",
        "subtype": "channel_join",
        "ts": "1555567328.004900",
        "text": "<@UG862J8F8> has joined the channel"
    },
    {
        "user": "UFT7XUWJX",
        "type": "message",
        "subtype": "channel_join",
        "ts": "1555568414.005100",
        "text": "<@UFT7XUWJX> has joined the channel"
    }
]