[
    {
        "client_msg_id": "2f5866df-5ae9-4690-90ce-660306df253f",
        "type": "message",
        "text": "@Validated and Default group - <http:\/\/forum.spring.io\/forum\/spring-projects\/web\/117289-validated-s-given-groups-should-consider-default-group-or-not>",
        "user": "UFZTDP64Q",
        "ts": "1555601200.007500"
    },
    {
        "client_msg_id": "c5247d09-ccbe-4356-a9bf-74c830c10933",
        "type": "message",
        "text": "плохая ссылка",
        "user": "UFZTDP64Q",
        "ts": "1555601208.007900",
        "thread_ts": "1555601208.007900",
        "reply_count": 1,
        "reply_users_count": 1,
        "latest_reply": "1555760159.025100",
        "reply_users": [
            "UE1ULNT9V"
        ],
        "replies": [
            {
                "user": "UE1ULNT9V",
                "ts": "1555760159.025100"
            }
        ]
    },
    {
        "client_msg_id": "6c950e9b-9d84-4e80-894f-6f340597a0e1",
        "type": "message",
        "text": "Легаси, однако :grin:",
        "user": "UFZTDP64Q",
        "ts": "1555601260.008200"
    }
]