[
    {
        "client_msg_id": "f4de2aa4-8bf1-499f-b2ef-27d4f1561a54",
        "type": "message",
        "text": "<@UFFJ077SL> Invalid JSON - Не корректный Json отправляешь. Почитай про корректную передачу в JSON. (все должно быть в кавычках, а у тебя в 3м сообщении некорректный JSON)",
        "user": "UFZT3QMU6",
        "ts": "1556099131.057700",
        "thread_ts": "1555744334.009900",
        "parent_user_id": "UFFJ077SL"
    },
    {
        "client_msg_id": "5babc369-acf9-4ac4-928c-6bafac3b9a88",
        "type": "message",
        "text": "Есть сервис для проверки на корректность - <http:\/\/jsonlint.com|jsonlint.com> . Туда вставляешь JSON, потом в свой запрос.",
        "user": "UFZT3QMU6",
        "ts": "1556099242.057900",
        "thread_ts": "1555744334.009900",
        "parent_user_id": "UFFJ077SL"
    },
    {
        "client_msg_id": "09b38033-939d-466f-8fb7-8755579e8bec",
        "type": "message",
        "text": "<@UFT7XUWJX> Советую почитать про advices - Before, After, Around.., и вообще про аспекты в Спринге.",
        "user": "UFZT3QMU6",
        "ts": "1556099580.058100",
        "thread_ts": "1555752702.022800",
        "parent_user_id": "UFT7XUWJX"
    },
    {
        "client_msg_id": "554aa0c3-a34c-411e-8af7-f9b20cc6d4e6",
        "type": "message",
        "text": "<@UE1ULNT9V> да. В отдельной опциональной ветке.",
        "user": "UFT7XUWJX",
        "ts": "1556107918.058300",
        "thread_ts": "1556000745.052600",
        "parent_user_id": "UFLKE29QW"
    },
    {
        "client_msg_id": "67a5ce4b-9093-4cbe-9626-118c6657aed0",
        "type": "message",
        "text": "В чем смысл задания 2 - избавиться от BindingResult? Если так, то не пойму, почему не работает. Надо MappingJacksonJsonView прописывать? А то не совсем понятно что делать по не актуальной инфе, когда Спринг уже не 3й, а 5й, и много чего поменялось..",
        "user": "UFZT3QMU6",
        "ts": "1556124559.060800",
        "thread_ts": "1556124559.060800",
        "reply_count": 4,
        "reply_users_count": 3,
        "latest_reply": "1556148865.062800",
        "reply_users": [
            "UFZT3QMU6",
            "UE1ULNT9V",
            "UFKG13683"
        ],
        "replies": [
            {
                "user": "UFZT3QMU6",
                "ts": "1556125947.061100"
            },
            {
                "user": "UE1ULNT9V",
                "ts": "1556133705.062400"
            },
            {
                "user": "UFZT3QMU6",
                "ts": "1556139766.062600"
            },
            {
                "user": "UFKG13683",
                "ts": "1556148865.062800"
            }
        ]
    },
    {
        "client_msg_id": "ee801e1f-77e3-4bc2-9b77-7f7e406e5c2d",
        "type": "message",
        "text": "Блин, в 5ом спринге этого класса уже нет((",
        "user": "UFFJ077SL",
        "ts": "1556124765.060900",
        "thread_ts": "1555936328.048800",
        "parent_user_id": "UFPRT4B28"
    },
    {
        "client_msg_id": "fb852f48-1581-43b8-9adc-f77f2a78e920",
        "type": "message",
        "text": "<https:\/\/optimumcode.wordpress.com\/2016\/03\/19\/mappingjacksonjsonview-not-working-with-spring-4-x-x\/>",
        "user": "UFZT3QMU6",
        "ts": "1556125947.061100",
        "attachments": [
            {
                "service_name": "Classic Coder !",
                "service_url": "http:\/\/optimumcode.wordpress.com",
                "title": "MappingJacksonJsonView not working with Spring 4.x.x",
                "title_link": "https:\/\/optimumcode.wordpress.com\/2016\/03\/19\/mappingjacksonjsonview-not-working-with-spring-4-x-x\/",
                "author_name": "Shardul Singh Bartwal",
                "author_link": "https:\/\/optimumcode.wordpress.com\/author\/shardulbartwal\/",
                "text": "You can see this error line with spring 4.x.x. as:-\nCannot find class [org.springframework.web.servlet.view.json.MappingJacksonJsonView] with Spring 4.2.5.\nYou may get this error with any version of spring with 4.x.During upgrade of my spring application this issue wasted enough time of mine.Below is bit stack trace of this one issue:-\norg.springframework.beans.factory.BeanCreationException: Error creating bean with name &lsquo;org.springframework.web.servlet.mvc.method.annotation.RequestMappingHandlerMapping&rsquo;: Invocation of init method failed; nested exception is org.springframework.beans.factory.CannotLoadBeanClassException: Cannot find class [org.springframework.web.servlet.view.json.MappingJacksonJsonView] for bean with name &lsquo;xyz&rsquo; defined in ServletContext resource [\/WEB-INF\/xyz-servlet.xml]; nested exception is java.lang.ClassNotFoundException: org.springframework.web.servlet.view.json.MappingJacksonJsonView&hellip;&hellip;&hellip;&hellip;..\nWhen I verified this issue with some other 4.x release than also this issue was there.The reason of this issue is that &ldquo;MappingJacksonJsonView&rdquo; class is deprecated\n\nand as I was having the version 2.x in my POM for Jackson so above&nbsp;error was coming.\nFor resolving this issue you will be require to use MappingJackson2JsonView with Jackson 2.x.\nI am using my POM entry for Jackson as :-\n\n       com.fasterxml.jackson.corejackson-databind2.6.5\nand servlet entry for bean as:-\n\n\t\nAnd now it&rsquo;s working perfectly.\nHope this will help some one.",
                "fallback": "Classic Coder ! Link: MappingJacksonJsonView not working with Spring&nbsp;4.x.x",
                "from_url": "https:\/\/optimumcode.wordpress.com\/2016\/03\/19\/mappingjacksonjsonview-not-working-with-spring-4-x-x\/",
                "service_icon": "https:\/\/s2.wp.com\/i\/webclip.png",
                "id": 1,
                "original_url": "https:\/\/optimumcode.wordpress.com\/2016\/03\/19\/mappingjacksonjsonview-not-working-with-spring-4-x-x\/"
            }
        ],
        "thread_ts": "1556124559.060800",
        "parent_user_id": "UFZT3QMU6"
    },
    {
        "client_msg_id": "692748b0-d571-48b5-aaef-96d8f1818b1f",
        "type": "message",
        "text": "очень легко гуглится чем его заменить",
        "user": "UFPRT4B28",
        "ts": "1556126531.061400",
        "thread_ts": "1555936328.048800",
        "parent_user_id": "UFPRT4B28"
    },
    {
        "client_msg_id": "75aa2560-aca1-41ee-9839-258dc90c3fb1",
        "type": "message",
        "text": "<@UFLKE29QW> у меня так было когда делала setValidator вместо addValidator\nset - чистит все существующие валидаторы и заменяет твоим",
        "user": "UFPRT4B28",
        "ts": "1556127848.061600",
        "thread_ts": "1556000745.052600",
        "parent_user_id": "UFLKE29QW"
    },
    {
        "client_msg_id": "0c640767-c51b-4739-9926-7e214b6d3cfa",
        "type": "message",
        "text": "Ну это я понял тоже когда никакая другая валидация не выполнялась. Спасибо.",
        "user": "UFLKE29QW",
        "ts": "1556128920.061800",
        "thread_ts": "1556000745.052600",
        "parent_user_id": "UFLKE29QW"
    },
    {
        "client_msg_id": "ce7661b4-f0c5-4649-b525-ea79c2360009",
        "type": "message",
        "text": "смысл задания 2- сделать валидацию в ExceptionInfoHandler, те в одном месте. В spring 5 она работает точно также",
        "user": "UE1ULNT9V",
        "ts": "1556133705.062400",
        "thread_ts": "1556124559.060800",
        "parent_user_id": "UFZT3QMU6"
    },
    {
        "client_msg_id": "d93098dd-24a8-4cbf-9164-809d5e2fb04f",
        "type": "message",
        "text": "Что касается ExceptionInfoHandler - тут все ясно - кидаешь exception и он туда уходит. В задании нужно избавиться от BindingResult и возвращать void, если я правильно понял.",
        "user": "UFZT3QMU6",
        "ts": "1556139766.062600",
        "thread_ts": "1556124559.060800",
        "parent_user_id": "UFZT3QMU6"
    },
    {
        "client_msg_id": "fe586688-5e74-4c14-8027-b0e74300309c",
        "type": "message",
        "text": "<@UFZT3QMU6> обработку валидации сделать в хендлере нужно, поэтому и binding Result можно убрать с параметров. Также ещё и тесты сделать нужно для невалидных данных",
        "user": "UFKG13683",
        "ts": "1556148865.062800",
        "thread_ts": "1556124559.060800",
        "parent_user_id": "UFZT3QMU6"
    }
]