[
    {
        "client_msg_id": "7587af4c-396d-47f3-b33e-bfc1295251a0",
        "type": "message",
        "text": "Можно раскрыть подробней про \"... если мы энкодим пароль, то на один и тот же пароль будут каждый раз получаться новые значения\" (не дословно). Как тогда сравнение происходит, если хэш от пароля разный при каждой проверке?",
        "user": "UFUQUNDRP",
        "ts": "1556010408.054100",
        "thread_ts": "1556010408.054100",
        "reply_count": 2,
        "reply_users_count": 1,
        "latest_reply": "1556055283.056900",
        "reply_users": [
            "UE1ULNT9V"
        ],
        "replies": [
            {
                "user": "UE1ULNT9V",
                "ts": "1556055182.056700"
            },
            {
                "user": "UE1ULNT9V",
                "ts": "1556055283.056900"
            }
        ]
    },
    {
        "client_msg_id": "fde148ba-0e3f-48f2-90d7-4b69f9db6c52",
        "type": "message",
        "text": "Мне этот способ понравился больше... Если такой ящик есть, то корректно обрабатывается ошибка и выводится предупрждение. А вот если его нет, то падает NPE.\nПроверка в валидаторе выглядит так:\nreturn repository.getByEmail(email) == null;",
        "user": "UFT7XUWJX",
        "ts": "1556015932.054300",
        "edited": {
            "user": "UFT7XUWJX",
            "ts": "1556015975.000000"
        },
        "thread_ts": "1556000745.052600",
        "parent_user_id": "UFLKE29QW"
    },
    {
        "client_msg_id": "12c69760-b660-48b8-9ede-61e712f49637",
        "type": "message",
        "text": "а как решить?",
        "user": "UFLKE29QW",
        "ts": "1556015997.054600",
        "thread_ts": "1556000745.052600",
        "parent_user_id": "UFLKE29QW"
    },
    {
        "client_msg_id": "a15de17b-e4db-416d-922c-20cb162ff97d",
        "type": "message",
        "text": "А в имплементации валидатора спринг нужно все поля проверять на валидность?",
        "user": "UFLKE29QW",
        "ts": "1556016071.054800",
        "thread_ts": "1556000745.052600",
        "parent_user_id": "UFLKE29QW"
    },
    {
        "client_msg_id": "7fd866da-4d8a-44dc-8966-388490250723",
        "type": "message",
        "text": "не думаю..",
        "user": "UFT7XUWJX",
        "ts": "1556016098.055000",
        "thread_ts": "1556000745.052600",
        "parent_user_id": "UFLKE29QW"
    },
    {
        "client_msg_id": "34d71c9d-445a-47d0-b2fe-31d4b59dc6c4",
        "type": "message",
        "text": "<https:\/\/stackoverflow.com\/questions\/5141403\/utf-8-encoding-in-spring-mvc-problem-with-forms>",
        "user": "UFLKE29QW",
        "ts": "1556033107.055600",
        "attachments": [
            {
                "service_name": "Stack Overflow",
                "title": "UTF-8 encoding in Spring MVC, problem with FORMs",
                "title_link": "https:\/\/stackoverflow.com\/questions\/5141403\/utf-8-encoding-in-spring-mvc-problem-with-forms",
                "text": "I have this in web.xml &lt;filter&gt; &lt;filter-name&gt;encoding-filter&lt;\/filter-name&gt; &lt;filter-class&gt; org.springframework.web.filter.CharacterEncodingFil...",
                "fallback": "Stack Overflow: UTF-8 encoding in Spring MVC, problem with FORMs",
                "thumb_url": "https:\/\/cdn.sstatic.net\/Sites\/stackoverflow\/img\/apple-touch-icon@2.png?v=73d79a89bded",
                "from_url": "https:\/\/stackoverflow.com\/questions\/5141403\/utf-8-encoding-in-spring-mvc-problem-with-forms",
                "thumb_width": 316,
                "thumb_height": 316,
                "service_icon": "https:\/\/cdn.sstatic.net\/Sites\/stackoverflow\/img\/favicon.ico?v=4f32ecc8f43d",
                "id": 1,
                "original_url": "https:\/\/stackoverflow.com\/questions\/5141403\/utf-8-encoding-in-spring-mvc-problem-with-forms"
            }
        ],
        "thread_ts": "1556033107.055600",
        "reply_count": 1,
        "reply_users_count": 1,
        "latest_reply": "1556055427.057100",
        "reply_users": [
            "UE1ULNT9V"
        ],
        "replies": [
            {
                "user": "UE1ULNT9V",
                "ts": "1556055427.057100"
            }
        ]
    },
    {
        "client_msg_id": "689ccd9f-d410-4073-92c3-e1721c8c308c",
        "type": "message",
        "text": "скорее так: <https:\/\/docs.spring.io\/spring-security\/site\/docs\/current\/reference\/html\/web-app-security.html#csrf-using>\n<https:\/\/docs.spring.io\/spring-security\/site\/docs\/current\/reference\/html\/web-app-security.html#csrf-include-csrf-token-ajax>\nспасибо, поправил",
        "user": "UE1ULNT9V",
        "ts": "1556054834.056300",
        "thread_ts": "1555845411.043000",
        "parent_user_id": "UFT7XUWJX"
    },
    {
        "client_msg_id": "eb34274e-d1e1-4a1b-84b9-936e88b5092e",
        "type": "message",
        "text": "<@UFLKE29QW> <@UFT7XUWJX> интересно. попробовали сделать?",
        "user": "UE1ULNT9V",
        "ts": "1556055053.056500",
        "thread_ts": "1556000745.052600",
        "parent_user_id": "UFLKE29QW"
    },
    {
        "client_msg_id": "34b131ad-cd70-4186-98bd-cc86ac260d9b",
        "type": "message",
        "text": "вот так: org.springframework.security.crypto.bcrypt.BCryptPasswordEncoder#matches",
        "user": "UE1ULNT9V",
        "ts": "1556055182.056700",
        "thread_ts": "1556010408.054100",
        "parent_user_id": "UFUQUNDRP"
    },
    {
        "client_msg_id": "b005378b-9ac9-4bb9-83aa-f37fc8cd71c5",
        "type": "message",
        "text": "поправка: при генерации хэш от парооля хранится в базе. он не меняется при проверка. но на один и тот же пароль генерятся разные хэши",
        "user": "UE1ULNT9V",
        "ts": "1556055283.056900",
        "thread_ts": "1556010408.054100",
        "parent_user_id": "UFUQUNDRP",
        "reactions": [
            {
                "name": "heavy_check_mark",
                "users": [
                    "UFUQUNDRP"
                ],
                "count": 1
            }
        ]
    },
    {
        "client_msg_id": "671a8c2a-29cd-4fc9-b2cd-2ebee10110f4",
        "type": "message",
        "text": "добавь, что последнее решение:)",
        "user": "UE1ULNT9V",
        "ts": "1556055427.057100",
        "thread_ts": "1556033107.055600",
        "parent_user_id": "UFLKE29QW"
    },
    {
        "client_msg_id": "eec70d19-9f38-473a-8958-96a5299dad53",
        "type": "message",
        "text": "<@UE1ULNT9V> при валидации на слое контроллеров проходит нормально. А при валидации перед сохранением\/обновлением userService не инжектится. Почему?",
        "user": "UFLKE29QW",
        "ts": "1556085860.057300",
        "thread_ts": "1556000745.052600",
        "parent_user_id": "UFLKE29QW"
    }
]