[
    {
        "client_msg_id": "0ec55323-0916-4dbb-83fa-1e70e3c7665b",
        "type": "message",
        "text": "Убрал form:form из ajax запросов: там csrf работает через header. Проверьте в вкладке браузера Network.",
        "user": "UFT7XUWJX",
        "ts": "1555843419.036900",
        "thread_ts": "1555843419.036900",
        "reply_count": 5,
        "reply_users_count": 2,
        "latest_reply": "1555846468.043300",
        "reply_users": [
            "UFT7XUWJX",
            "UFFJ077SL"
        ],
        "replies": [
            {
                "user": "UFT7XUWJX",
                "ts": "1555843509.037800"
            },
            {
                "user": "UFT7XUWJX",
                "ts": "1555843578.038800"
            },
            {
                "user": "UFT7XUWJX",
                "ts": "1555844497.041000"
            },
            {
                "user": "UFT7XUWJX",
                "ts": "1555844545.042200"
            },
            {
                "user": "UFFJ077SL",
                "ts": "1555846468.043300"
            }
        ]
    },
    {
        "client_msg_id": "1a91a94d-6bd2-4849-8c98-827d9d468bf1",
        "type": "message",
        "text": "Не нашел в header (скрин). Куда посмотреть.",
        "user": "UFT7XUWJX",
        "ts": "1555843509.037800",
        "thread_ts": "1555843419.036900",
        "parent_user_id": "UFT7XUWJX"
    },
    {
        "type": "message",
        "text": "",
        "files": [
            {
                "id": "FJ1P9266Q",
                "created": 1555843573,
                "timestamp": 1555843573,
                "name": "image.png",
                "title": "Pasted image at 2019-04-21, 1:46 PM",
                "mimetype": "image\/png",
                "filetype": "png",
                "pretty_type": "PNG",
                "user": "UFT7XUWJX",
                "editable": false,
                "size": 121542,
                "mode": "hosted",
                "is_external": false,
                "external_type": "",
                "is_public": true,
                "public_url_shared": false,
                "display_as_bot": false,
                "username": "",
                "url_private": "https:\/\/files.slack.com\/files-pri\/TE09AK9BK-FJ1P9266Q\/image.png?t=xoxe-476316655393-618179035285-606757826531-bd1c7b831233e0d053294a8f47715ef5",
                "url_private_download": "https:\/\/files.slack.com\/files-pri\/TE09AK9BK-FJ1P9266Q\/download\/image.png?t=xoxe-476316655393-618179035285-606757826531-bd1c7b831233e0d053294a8f47715ef5",
                "thumb_64": "https:\/\/files.slack.com\/files-tmb\/TE09AK9BK-FJ1P9266Q-8df9fcfe91\/image_64.png?t=xoxe-476316655393-618179035285-606757826531-bd1c7b831233e0d053294a8f47715ef5",
                "thumb_80": "https:\/\/files.slack.com\/files-tmb\/TE09AK9BK-FJ1P9266Q-8df9fcfe91\/image_80.png?t=xoxe-476316655393-618179035285-606757826531-bd1c7b831233e0d053294a8f47715ef5",
                "thumb_360": "https:\/\/files.slack.com\/files-tmb\/TE09AK9BK-FJ1P9266Q-8df9fcfe91\/image_360.png?t=xoxe-476316655393-618179035285-606757826531-bd1c7b831233e0d053294a8f47715ef5",
                "thumb_360_w": 360,
                "thumb_360_h": 187,
                "thumb_480": "https:\/\/files.slack.com\/files-tmb\/TE09AK9BK-FJ1P9266Q-8df9fcfe91\/image_480.png?t=xoxe-476316655393-618179035285-606757826531-bd1c7b831233e0d053294a8f47715ef5",
                "thumb_480_w": 480,
                "thumb_480_h": 249,
                "thumb_160": "https:\/\/files.slack.com\/files-tmb\/TE09AK9BK-FJ1P9266Q-8df9fcfe91\/image_160.png?t=xoxe-476316655393-618179035285-606757826531-bd1c7b831233e0d053294a8f47715ef5",
                "thumb_720": "https:\/\/files.slack.com\/files-tmb\/TE09AK9BK-FJ1P9266Q-8df9fcfe91\/image_720.png?t=xoxe-476316655393-618179035285-606757826531-bd1c7b831233e0d053294a8f47715ef5",
                "thumb_720_w": 720,
                "thumb_720_h": 373,
                "thumb_800": "https:\/\/files.slack.com\/files-tmb\/TE09AK9BK-FJ1P9266Q-8df9fcfe91\/image_800.png?t=xoxe-476316655393-618179035285-606757826531-bd1c7b831233e0d053294a8f47715ef5",
                "thumb_800_w": 800,
                "thumb_800_h": 415,
                "thumb_960": "https:\/\/files.slack.com\/files-tmb\/TE09AK9BK-FJ1P9266Q-8df9fcfe91\/image_960.png?t=xoxe-476316655393-618179035285-606757826531-bd1c7b831233e0d053294a8f47715ef5",
                "thumb_960_w": 960,
                "thumb_960_h": 498,
                "thumb_1024": "https:\/\/files.slack.com\/files-tmb\/TE09AK9BK-FJ1P9266Q-8df9fcfe91\/image_1024.png?t=xoxe-476316655393-618179035285-606757826531-bd1c7b831233e0d053294a8f47715ef5",
                "thumb_1024_w": 1024,
                "thumb_1024_h": 531,
                "image_exif_rotation": 1,
                "original_w": 1514,
                "original_h": 785,
                "permalink": "https:\/\/topjava16.slack.com\/files\/UFT7XUWJX\/FJ1P9266Q\/image.png",
                "permalink_public": "https:\/\/slack-files.com\/TE09AK9BK-FJ1P9266Q-7ba86a2fa8",
                "has_rich_preview": false
            }
        ],
        "upload": true,
        "user": "UFT7XUWJX",
        "display_as_bot": false,
        "ts": "1555843578.038800",
        "client_msg_id": "1111544e-f67a-477b-87f9-e14a1f995db7",
        "thread_ts": "1555843419.036900",
        "parent_user_id": "UFT7XUWJX"
    },
    {
        "client_msg_id": "616d24e3-be74-4632-b344-d911d65d26e2",
        "type": "message",
        "text": "Нашел... Нужно что-то сделать не с методом get",
        "user": "UFT7XUWJX",
        "ts": "1555844497.041000",
        "thread_ts": "1555843419.036900",
        "parent_user_id": "UFT7XUWJX"
    },
    {
        "type": "message",
        "text": "",
        "files": [
            {
                "id": "FJ28U830D",
                "created": 1555844543,
                "timestamp": 1555844543,
                "name": "image.png",
                "title": "Pasted image at 2019-04-21, 2:02 PM",
                "mimetype": "image\/png",
                "filetype": "png",
                "pretty_type": "PNG",
                "user": "UFT7XUWJX",
                "editable": false,
                "size": 82846,
                "mode": "hosted",
                "is_external": false,
                "external_type": "",
                "is_public": true,
                "public_url_shared": false,
                "display_as_bot": false,
                "username": "",
                "url_private": "https:\/\/files.slack.com\/files-pri\/TE09AK9BK-FJ28U830D\/image.png?t=xoxe-476316655393-618179035285-606757826531-bd1c7b831233e0d053294a8f47715ef5",
                "url_private_download": "https:\/\/files.slack.com\/files-pri\/TE09AK9BK-FJ28U830D\/download\/image.png?t=xoxe-476316655393-618179035285-606757826531-bd1c7b831233e0d053294a8f47715ef5",
                "thumb_64": "https:\/\/files.slack.com\/files-tmb\/TE09AK9BK-FJ28U830D-d07ab46d91\/image_64.png?t=xoxe-476316655393-618179035285-606757826531-bd1c7b831233e0d053294a8f47715ef5",
                "thumb_80": "https:\/\/files.slack.com\/files-tmb\/TE09AK9BK-FJ28U830D-d07ab46d91\/image_80.png?t=xoxe-476316655393-618179035285-606757826531-bd1c7b831233e0d053294a8f47715ef5",
                "thumb_360": "https:\/\/files.slack.com\/files-tmb\/TE09AK9BK-FJ28U830D-d07ab46d91\/image_360.png?t=xoxe-476316655393-618179035285-606757826531-bd1c7b831233e0d053294a8f47715ef5",
                "thumb_360_w": 360,
                "thumb_360_h": 319,
                "thumb_480": "https:\/\/files.slack.com\/files-tmb\/TE09AK9BK-FJ28U830D-d07ab46d91\/image_480.png?t=xoxe-476316655393-618179035285-606757826531-bd1c7b831233e0d053294a8f47715ef5",
                "thumb_480_w": 480,
                "thumb_480_h": 426,
                "thumb_160": "https:\/\/files.slack.com\/files-tmb\/TE09AK9BK-FJ28U830D-d07ab46d91\/image_160.png?t=xoxe-476316655393-618179035285-606757826531-bd1c7b831233e0d053294a8f47715ef5",
                "thumb_720": "https:\/\/files.slack.com\/files-tmb\/TE09AK9BK-FJ28U830D-d07ab46d91\/image_720.png?t=xoxe-476316655393-618179035285-606757826531-bd1c7b831233e0d053294a8f47715ef5",
                "thumb_720_w": 720,
                "thumb_720_h": 638,
                "thumb_800": "https:\/\/files.slack.com\/files-tmb\/TE09AK9BK-FJ28U830D-d07ab46d91\/image_800.png?t=xoxe-476316655393-618179035285-606757826531-bd1c7b831233e0d053294a8f47715ef5",
                "thumb_800_w": 800,
                "thumb_800_h": 709,
                "image_exif_rotation": 1,
                "original_w": 936,
                "original_h": 830,
                "permalink": "https:\/\/topjava16.slack.com\/files\/UFT7XUWJX\/FJ28U830D\/image.png",
                "permalink_public": "https:\/\/slack-files.com\/TE09AK9BK-FJ28U830D-c0bc9872a8",
                "has_rich_preview": false
            }
        ],
        "upload": true,
        "user": "UFT7XUWJX",
        "display_as_bot": false,
        "ts": "1555844545.042200",
        "client_msg_id": "81724267-7803-4d56-8077-5a6a64a7c98c",
        "thread_ts": "1555843419.036900",
        "parent_user_id": "UFT7XUWJX"
    },
    {
        "type": "message",
        "text": "Вторая ссылка сверху - 404.\nНашел валидную:\n<https:\/\/docs.spring.io\/spring-security\/site\/docs\/4.1.x\/reference\/html\/csrf.html#csrf-using>",
        "files": [
            {
                "id": "FHQTZ0B18",
                "created": 1555845409,
                "timestamp": 1555845409,
                "name": "image.png",
                "title": "Pasted image at 2019-04-21, 2:16 PM",
                "mimetype": "image\/png",
                "filetype": "png",
                "pretty_type": "PNG",
                "user": "UFT7XUWJX",
                "editable": false,
                "size": 61197,
                "mode": "hosted",
                "is_external": false,
                "external_type": "",
                "is_public": true,
                "public_url_shared": false,
                "display_as_bot": false,
                "username": "",
                "url_private": "https:\/\/files.slack.com\/files-pri\/TE09AK9BK-FHQTZ0B18\/image.png?t=xoxe-476316655393-618179035285-606757826531-bd1c7b831233e0d053294a8f47715ef5",
                "url_private_download": "https:\/\/files.slack.com\/files-pri\/TE09AK9BK-FHQTZ0B18\/download\/image.png?t=xoxe-476316655393-618179035285-606757826531-bd1c7b831233e0d053294a8f47715ef5",
                "thumb_64": "https:\/\/files.slack.com\/files-tmb\/TE09AK9BK-FHQTZ0B18-5f9c0b5283\/image_64.png?t=xoxe-476316655393-618179035285-606757826531-bd1c7b831233e0d053294a8f47715ef5",
                "thumb_80": "https:\/\/files.slack.com\/files-tmb\/TE09AK9BK-FHQTZ0B18-5f9c0b5283\/image_80.png?t=xoxe-476316655393-618179035285-606757826531-bd1c7b831233e0d053294a8f47715ef5",
                "thumb_360": "https:\/\/files.slack.com\/files-tmb\/TE09AK9BK-FHQTZ0B18-5f9c0b5283\/image_360.png?t=xoxe-476316655393-618179035285-606757826531-bd1c7b831233e0d053294a8f47715ef5",
                "thumb_360_w": 360,
                "thumb_360_h": 191,
                "thumb_480": "https:\/\/files.slack.com\/files-tmb\/TE09AK9BK-FHQTZ0B18-5f9c0b5283\/image_480.png?t=xoxe-476316655393-618179035285-606757826531-bd1c7b831233e0d053294a8f47715ef5",
                "thumb_480_w": 480,
                "thumb_480_h": 255,
                "thumb_160": "https:\/\/files.slack.com\/files-tmb\/TE09AK9BK-FHQTZ0B18-5f9c0b5283\/image_160.png?t=xoxe-476316655393-618179035285-606757826531-bd1c7b831233e0d053294a8f47715ef5",
                "thumb_720": "https:\/\/files.slack.com\/files-tmb\/TE09AK9BK-FHQTZ0B18-5f9c0b5283\/image_720.png?t=xoxe-476316655393-618179035285-606757826531-bd1c7b831233e0d053294a8f47715ef5",
                "thumb_720_w": 720,
                "thumb_720_h": 382,
                "thumb_800": "https:\/\/files.slack.com\/files-tmb\/TE09AK9BK-FHQTZ0B18-5f9c0b5283\/image_800.png?t=xoxe-476316655393-618179035285-606757826531-bd1c7b831233e0d053294a8f47715ef5",
                "thumb_800_w": 800,
                "thumb_800_h": 424,
                "image_exif_rotation": 1,
                "original_w": 860,
                "original_h": 456,
                "permalink": "https:\/\/topjava16.slack.com\/files\/UFT7XUWJX\/FHQTZ0B18\/image.png",
                "permalink_public": "https:\/\/slack-files.com\/TE09AK9BK-FHQTZ0B18-c7ad34a520",
                "has_rich_preview": false
            }
        ],
        "upload": true,
        "user": "UFT7XUWJX",
        "display_as_bot": false,
        "ts": "1555845411.043000",
        "client_msg_id": "f47cdb16-75f3-4c1c-bfec-6c31cb08aebe",
        "thread_ts": "1555845411.043000",
        "reply_count": 2,
        "reply_users_count": 2,
        "latest_reply": "1556054834.056300",
        "reply_users": [
            "UFT7XUWJX",
            "UE1ULNT9V"
        ],
        "replies": [
            {
                "user": "UFT7XUWJX",
                "ts": "1555848550.043600"
            },
            {
                "user": "UE1ULNT9V",
                "ts": "1556054834.056300"
            }
        ]
    },
    {
        "client_msg_id": "6449c4e5-6e89-4dcc-b964-ca3692929284",
        "type": "message",
        "text": "да, в видео же говорилось, что csfr не работает для get )",
        "user": "UFFJ077SL",
        "ts": "1555846468.043300",
        "thread_ts": "1555843419.036900",
        "parent_user_id": "UFT7XUWJX"
    },
    {
        "client_msg_id": "8671e088-208e-4d3d-8cb6-16e1cfb0f457",
        "type": "message",
        "text": "Соответственно 3я ссылка:\n<https:\/\/docs.spring.io\/spring-security\/site\/docs\/4.1.x\/reference\/html\/csrf.html#csrf-include-csrf-token-ajax>",
        "user": "UFT7XUWJX",
        "ts": "1555848550.043600",
        "thread_ts": "1555845411.043000",
        "parent_user_id": "UFT7XUWJX"
    },
    {
        "client_msg_id": "bcb90f58-48f7-46ac-ac1f-f14dcab056ac",
        "type": "message",
        "text": "у кого-то еще двоится текст ошибки из Validatorа в BindingResult? не пойму где это происходит",
        "user": "UFPRT4B28",
        "ts": "1555875753.045100",
        "edited": {
            "user": "UFPRT4B28",
            "ts": "1555875777.000000"
        }
    }
]