[
    {
        "client_msg_id": "8ee3f5ed-1820-459c-b4cf-20014faea9cb",
        "type": "message",
        "text": "Народ, если после накатки патчей пытаюсь запустить сразу Tomcat, то часто получаю ошибки, например только что выпала 500-ая с пояснением что не удается найти бин converters.DateTimeFormatters;\nЛечиться это передеплоем в Maven-e. Вопрос, это нормальная практика после изменений каждый раз делать deploy, и не должен ли он автоматически происходить перед запуском сервера? Подозреваю что упустил какую-то важную галочку.\nВедь про такой бин, которого раньше не было приложение спрашивает, если оно запускает устаревшую версию WAR-ка, откуда ему знать про этот бин? Нестыковки.",
        "user": "UFP7PTM99",
        "ts": "1554547210.016800",
        "thread_ts": "1554547210.016800",
        "reply_count": 3,
        "reply_users_count": 2,
        "latest_reply": "1554739885.030100",
        "reply_users": [
            "UE1ULNT9V",
            "UFP7PTM99"
        ],
        "replies": [
            {
                "user": "UE1ULNT9V",
                "ts": "1554675627.026300"
            },
            {
                "user": "UFP7PTM99",
                "ts": "1554677184.028400"
            },
            {
                "user": "UE1ULNT9V",
                "ts": "1554739885.030100"
            }
        ]
    },
    {
        "client_msg_id": "6763cf27-a9c8-485a-80c4-469812ee5c9c",
        "type": "message",
        "text": "Что то про async и defer в загрузке скриптов не понятно.\nПоправьте пож, если неправильно понял это “Unlike async scripts, defer scripts are only executed after the entire document has been loaded.”\nТоесть c asynch скрипты грузятся параллельно с загрузкой страницы и выполняются сразу, как загрузятся? А с defer скрипты грузятся тоже параллельно, не блокируя загрузку страницы, но когда загрузятся, не выполнятся, дождутся загрузки всей html страницы и выполнятся после этого?",
        "user": "UFFJ077SL",
        "ts": "1554559084.019800",
        "thread_ts": "1554559084.019800",
        "reply_count": 3,
        "reply_users_count": 2,
        "latest_reply": "1554675856.027000",
        "reply_users": [
            "UFPRT4B28",
            "UE1ULNT9V"
        ],
        "replies": [
            {
                "user": "UFPRT4B28",
                "ts": "1554559423.022200"
            },
            {
                "user": "UFPRT4B28",
                "ts": "1554559440.022500"
            },
            {
                "user": "UE1ULNT9V",
                "ts": "1554675856.027000"
            }
        ]
    },
    {
        "client_msg_id": "bb58d16b-1cf7-413b-9463-df1ba45d8f3b",
        "type": "message",
        "text": "да все правильно",
        "user": "UFPRT4B28",
        "ts": "1554559423.022200",
        "thread_ts": "1554559084.019800",
        "parent_user_id": "UFFJ077SL"
    },
    {
        "client_msg_id": "e7ea55f1-4cea-4010-8bb0-e9b949200d83",
        "type": "message",
        "text": "Возможно глупый вопрос, но что-то я на этом уроке вообще не догоняю. Объясните пожалуйста, как страницы формируются. Ну, т.е. вот у нас есть jsp страница c таблицей `&lt;table id=\"datatable\"&gt;`. А если запустить и посмотреть ее код в браузере, то там она уже обернута в несколько блоков div, поле для поиска добавлено, стрелочки для сортировки и т.д. Вот это все откуда берется?",
        "user": "UFKNK1SBG",
        "ts": "1554559433.022400",
        "thread_ts": "1554559433.022400",
        "reply_count": 2,
        "reply_users_count": 2,
        "latest_reply": "1554675999.027400",
        "reply_users": [
            "UFP7PTM99",
            "UE1ULNT9V"
        ],
        "replies": [
            {
                "user": "UFP7PTM99",
                "ts": "1554637072.025000"
            },
            {
                "user": "UE1ULNT9V",
                "ts": "1554675999.027400"
            }
        ],
        "reactions": [
            {
                "name": "+1",
                "users": [
                    "UG134KF0U"
                ],
                "count": 1
            }
        ]
    },
    {
        "client_msg_id": "aa532d9a-48a9-4204-86c6-70bb71c39e09",
        "type": "message",
        "text": "вот тут например подробно расписано на русском <https:\/\/learn.javascript.ru\/external-script>",
        "user": "UFPRT4B28",
        "ts": "1554559440.022500",
        "thread_ts": "1554559084.019800",
        "parent_user_id": "UFFJ077SL",
        "reactions": [
            {
                "name": "+1",
                "users": [
                    "UFP7PTM99",
                    "UE1ULNT9V"
                ],
                "count": 2
            }
        ]
    },
    {
        "client_msg_id": "5bc64c3a-e3b6-45b9-a44b-e1ed5a923ce7",
        "type": "message",
        "text": "&lt;beans:bean name=“noopEncoder” class=“org.springframework.security.crypto.password.NoOpPasswordEncoder”\/&gt;\nпомечен как deprecated, будем что-то вместо него использовать?",
        "user": "UFFJ077SL",
        "ts": "1554614868.024500",
        "thread_ts": "1554614868.024500",
        "reply_count": 2,
        "reply_users_count": 2,
        "latest_reply": "1554676703.028000",
        "reply_users": [
            "UFFJ077SL",
            "UE1ULNT9V"
        ],
        "replies": [
            {
                "user": "UFFJ077SL",
                "ts": "1554616305.024600"
            },
            {
                "user": "UE1ULNT9V",
                "ts": "1554676703.028000"
            }
        ]
    },
    {
        "client_msg_id": "3e54c267-5a4b-4324-85fc-3c6b24784b78",
        "type": "message",
        "text": "или позже мы будем использовать BCryptPasswordEncoder ? Когда хэш пароля в базу будем сохранять",
        "user": "UFFJ077SL",
        "ts": "1554616305.024600",
        "thread_ts": "1554614868.024500",
        "parent_user_id": "UFFJ077SL"
    }
]