[
    {
        "client_msg_id": "1c862c90-b843-4151-abb7-8084e955ffc1",
        "type": "message",
        "text": "Подскажите кто делал, уже долго бьюсь с ajax-ом, а конкретно с фильтрацией, вот к чему пришел:\n\nfunction filterTable() {\n    event.preventDefault();\n    $.ajax({\n        type: \"GET\",\n        url: ajaxUrl + \"filter\",\n        data: $('#filter').serialize(),\n    }).done(updateTable);\n}\nНо таблица не обновляется, что я упустил?",
        "user": "UG134KF0U",
        "ts": "1554795495.052400",
        "edited": {
            "user": "UG134KF0U",
            "ts": "1554795954.000000"
        },
        "thread_ts": "1554795495.052400",
        "reply_count": 8,
        "reply_users_count": 3,
        "latest_reply": "1554815469.056500",
        "reply_users": [
            "UFPRT4B28",
            "UG134KF0U",
            "UFT7XUWJX"
        ],
        "replies": [
            {
                "user": "UFPRT4B28",
                "ts": "1554797039.052600"
            },
            {
                "user": "UFPRT4B28",
                "ts": "1554797863.052900"
            },
            {
                "user": "UG134KF0U",
                "ts": "1554798232.053200"
            },
            {
                "user": "UFPRT4B28",
                "ts": "1554798304.053400"
            },
            {
                "user": "UFPRT4B28",
                "ts": "1554803634.053600"
            },
            {
                "user": "UFPRT4B28",
                "ts": "1554803833.054000"
            },
            {
                "user": "UG134KF0U",
                "ts": "1554804350.054200"
            },
            {
                "user": "UFT7XUWJX",
                "ts": "1554815469.056500"
            }
        ]
    },
    {
        "client_msg_id": "fad310b6-bfd5-4ecf-a061-fe6bb5d0be35",
        "type": "message",
        "text": "в updateTable вызывается Get и вытаскиваются все данные",
        "user": "UFPRT4B28",
        "ts": "1554797039.052600",
        "thread_ts": "1554795495.052400",
        "parent_user_id": "UG134KF0U",
        "reactions": [
            {
                "name": "100",
                "users": [
                    "UG134KF0U"
                ],
                "count": 1
            }
        ]
    },
    {
        "client_msg_id": "c3f5ccc1-44c3-4909-8a10-c70632b574c2",
        "type": "message",
        "text": "у меня правда тоже не работает :joy:",
        "user": "UFPRT4B28",
        "ts": "1554797863.052900",
        "edited": {
            "user": "UFPRT4B28",
            "ts": "1554797887.000000"
        },
        "thread_ts": "1554795495.052400",
        "parent_user_id": "UG134KF0U"
    },
    {
        "client_msg_id": "3d411b3f-02fe-4ad1-8458-1d5c7c31f6a0",
        "type": "message",
        "text": ":joy:\nв итоге вставил строчку\n.done(function (data) {\n        context.datatableApi.clear().rows.add(data).draw()});\nи отрисовалась корректно, но без jsp форматирования.\nхотя я так часа три назад пробовал и не работало:exploding_head:",
        "user": "UG134KF0U",
        "ts": "1554798232.053200",
        "thread_ts": "1554795495.052400",
        "parent_user_id": "UG134KF0U",
        "reactions": [
            {
                "name": "+1",
                "users": [
                    "UFT7XUWJX"
                ],
                "count": 1
            }
        ]
    },
    {
        "client_msg_id": "b21608af-cdd0-4c4c-b572-7da0530b8e37",
        "type": "message",
        "text": "вот у меня почему-то так не работает, борюсь",
        "user": "UFPRT4B28",
        "ts": "1554798304.053400",
        "thread_ts": "1554795495.052400",
        "parent_user_id": "UG134KF0U"
    },
    {
        "client_msg_id": "7f8f8cab-ce6a-4766-8c43-2c770b30f96e",
        "type": "message",
        "text": "вызывался после фильтрации getAll из рут контроллера, из-за того что я кнопку фильтра не вынесла из формы",
        "user": "UFPRT4B28",
        "ts": "1554803634.053600",
        "thread_ts": "1554795495.052400",
        "parent_user_id": "UG134KF0U"
    },
    {
        "client_msg_id": "97984df6-30e3-49dc-9fab-a91aebe3d50b",
        "type": "message",
        "text": "<@UFZT3QMU6> никак) примера же нет чтобы сориентироваться. В задании написано рано пока.",
        "user": "UFP7PTM99",
        "ts": "1554803831.053800",
        "thread_ts": "1554754289.044700",
        "parent_user_id": "UFP7PTM99"
    },
    {
        "client_msg_id": "2c12e908-a1ac-4f3c-94c1-8b090ac9163a",
        "type": "message",
        "text": "теперь тоже все стили пропадают",
        "user": "UFPRT4B28",
        "ts": "1554803833.054000",
        "thread_ts": "1554795495.052400",
        "parent_user_id": "UG134KF0U"
    },
    {
        "client_msg_id": "0815024e-4ab6-4d6c-b929-ef13d63d22e6",
        "type": "message",
        "text": "то что стили пропадают вроде же ок, в таске написано же, что будем фиксить позже:slightly_smiling_face:",
        "user": "UG134KF0U",
        "ts": "1554804350.054200",
        "edited": {
            "user": "UG134KF0U",
            "ts": "1554804370.000000"
        },
        "thread_ts": "1554795495.052400",
        "parent_user_id": "UG134KF0U",
        "reactions": [
            {
                "name": "+1",
                "users": [
                    "UFPRT4B28"
                ],
                "count": 1
            }
        ]
    },
    {
        "client_msg_id": "6c55a23f-5c55-42ee-9fa4-52687231d832",
        "type": "message",
        "text": "datetime-local использовал как input, но вся магия и красота пропала (Firefox) руками в строчку теперь просто вбивать\n\"2018-02-21T19:05\"\nА в chrome работает более-менее красивая форма, но все равно не такая как в демо.",
        "user": "UFP7PTM99",
        "ts": "1554805236.054800",
        "thread_ts": "1554754289.044700",
        "parent_user_id": "UFP7PTM99"
    },
    {
        "client_msg_id": "4bb1072d-8755-4919-9304-835f022e57cf",
        "type": "message",
        "text": "у меня так работает с onclic",
        "user": "UFKR9FT55",
        "ts": "1554809486.055500",
        "thread_ts": "1554742201.036600",
        "parent_user_id": "UFP7PTM99"
    },
    {
        "client_msg_id": "2686ef92-0e63-4994-a211-7078d69a7b47",
        "type": "message",
        "text": "if (confirm('Are you sure?')) {\n            $(this).onclick();",
        "user": "UFKR9FT55",
        "ts": "1554809489.055700",
        "thread_ts": "1554742201.036600",
        "parent_user_id": "UFP7PTM99"
    },
    {
        "client_msg_id": "5c2cc6fa-cd8e-4272-8819-7d23691b80a1",
        "type": "message",
        "text": "а в классе delete: onclick=\"deleteRow(${user.id}",
        "user": "UFKR9FT55",
        "ts": "1554809534.055900",
        "thread_ts": "1554742201.036600",
        "parent_user_id": "UFP7PTM99"
    },
    {
        "client_msg_id": "df00c8d7-b664-485e-b311-e4949116f58e",
        "type": "message",
        "text": "<@UG134KF0U> спасибо. Если просто updateTable поставить, то не фильтруется. data надо свою.",
        "user": "UFT7XUWJX",
        "ts": "1554815469.056500",
        "thread_ts": "1554795495.052400",
        "parent_user_id": "UG134KF0U",
        "reactions": [
            {
                "name": "wink",
                "users": [
                    "UG134KF0U"
                ],
                "count": 1
            }
        ]
    },
    {
        "client_msg_id": "c46b5c33-f01d-4996-a6bb-f31a52eda873",
        "type": "message",
        "text": "Форма фильтра должна очищаться?",
        "user": "UFR6VRXL3",
        "ts": "1554837035.057500",
        "thread_ts": "1554837035.057500",
        "reply_count": 5,
        "reply_users_count": 2,
        "latest_reply": "1554840114.059600",
        "reply_users": [
            "UFPRT4B28",
            "UFR6VRXL3"
        ],
        "replies": [
            {
                "user": "UFPRT4B28",
                "ts": "1554837918.057600"
            },
            {
                "user": "UFR6VRXL3",
                "ts": "1554839706.059000"
            },
            {
                "user": "UFPRT4B28",
                "ts": "1554839774.059200"
            },
            {
                "user": "UFPRT4B28",
                "ts": "1554839782.059400"
            },
            {
                "user": "UFR6VRXL3",
                "ts": "1554840114.059600"
            }
        ]
    },
    {
        "client_msg_id": "2d10e373-6490-4c16-97e7-9a6a7c342701",
        "type": "message",
        "text": "да, по кнопке",
        "user": "UFPRT4B28",
        "ts": "1554837918.057600",
        "thread_ts": "1554837035.057500",
        "parent_user_id": "UFR6VRXL3"
    },
    {
        "client_msg_id": "a355d526-701e-4923-b839-ac593c1328c2",
        "type": "message",
        "text": "видео 6 перестало подгружаться",
        "user": "UFBA1SS4W",
        "ts": "1554838541.058000"
    },
    {
        "client_msg_id": "e6ae3d6a-cc49-4321-98e4-84e96a356fad",
        "type": "message",
        "text": "<https:\/\/drive.google.com\/drive\/folders\/0B9Ye2auQ_NsFfkpMd2UyWjBsc2JsSE4tRDFkU3BvMktFQkhUN1J6VExxSUUzOHlSR0RhNm8>",
        "user": "UFBA1SS4W",
        "ts": "1554838542.058200"
    },
    {
        "client_msg_id": "fef10576-ef3f-40f5-9773-56d836ec88d2",
        "type": "message",
        "text": "пробовал так: `$(\"#filterForm\")[0].reset();` - не очищается",
        "user": "UFR6VRXL3",
        "ts": "1554839706.059000",
        "thread_ts": "1554837035.057500",
        "parent_user_id": "UFR6VRXL3"
    },
    {
        "client_msg_id": "57a11aa1-a38f-49c6-bf0e-bb362dac7867",
        "type": "message",
        "text": "в методе add есть очищение полей формы",
        "user": "UFPRT4B28",
        "ts": "1554839774.059200",
        "thread_ts": "1554837035.057500",
        "parent_user_id": "UFR6VRXL3"
    },
    {
        "client_msg_id": "6e09a4ad-dd2b-4d2c-b6c6-2b0e9c85e1be",
        "type": "message",
        "text": "в topjava.common.js",
        "user": "UFPRT4B28",
        "ts": "1554839782.059400",
        "thread_ts": "1554837035.057500",
        "parent_user_id": "UFR6VRXL3"
    },
    {
        "client_msg_id": "36e8d264-d487-4ec2-a6a6-d634d1ab78bc",
        "type": "message",
        "text": "ага, спасибо",
        "user": "UFR6VRXL3",
        "ts": "1554840114.059600",
        "thread_ts": "1554837035.057500",
        "parent_user_id": "UFR6VRXL3"
    },
    {
        "client_msg_id": "9b0a0185-ac17-42f0-b260-52d133a20ef5",
        "type": "message",
        "text": "Почему возникает ошибка 405 когда делаю PATCH или PUT к юзеру?",
        "user": "UF954Q6RW",
        "ts": "1554840458.060600",
        "thread_ts": "1554840458.060600",
        "reply_count": 6,
        "reply_users_count": 3,
        "latest_reply": "1554969820.000100",
        "reply_users": [
            "UF954Q6RW",
            "UFPRT4B28",
            "UE1ULNT9V"
        ],
        "replies": [
            {
                "user": "UF954Q6RW",
                "ts": "1554840915.060700"
            },
            {
                "user": "UF954Q6RW",
                "ts": "1554841515.060900"
            },
            {
                "user": "UF954Q6RW",
                "ts": "1554844215.061100"
            },
            {
                "user": "UFPRT4B28",
                "ts": "1554877120.072500"
            },
            {
                "user": "UE1ULNT9V",
                "ts": "1554899376.075500"
            },
            {
                "user": "UF954Q6RW",
                "ts": "1554969820.000100"
            }
        ]
    },
    {
        "client_msg_id": "e65c3097-a842-4ac6-957f-c9bbbb64bc93",
        "type": "message",
        "text": "Такой запрос:\ncurl -X PATCH \\\n '<http:\/\/localhost:8080\/topjava\/ajax\/admin\/users\/100000?enabled=false>'\n\nВозвращает\nHTTP Status 405 – Method Not Allowed Request method \"PATCH\" not supported The method received in the request-line is known by the origin server but not supported by the target resource.",
        "user": "UF954Q6RW",
        "ts": "1554840915.060700",
        "thread_ts": "1554840458.060600",
        "parent_user_id": "UF954Q6RW"
    },
    {
        "client_msg_id": "f5e7d0e3-462b-457b-bbab-5fae503e5a9d",
        "type": "message",
        "text": "Нашёл ошибку: в контроллере мапинг был неправильно настроен.",
        "user": "UF954Q6RW",
        "ts": "1554841515.060900",
        "thread_ts": "1554840458.060600",
        "parent_user_id": "UF954Q6RW"
    },
    {
        "client_msg_id": "759eee5f-62b4-4fda-9b8d-b95543d7c65b",
        "type": "message",
        "text": "Теперь сам запрос через curl отрабатывает нормально и возвращает 204. Но если в веб-приложении вызываю через ajax\n    $.ajax({\n        url: context.ajaxUrl + userId+\"?enabled=\"+enabled,\n        type: \"PATCH\"\n    }).done(function () {\n        updateTable();\n        successNoty(\"Updated\");\n    });\n\nто почему-то выдает сразу и сообщение \"Updated\" и \"Error status: 405\".",
        "user": "UF954Q6RW",
        "ts": "1554844215.061100",
        "thread_ts": "1554840458.060600",
        "parent_user_id": "UF954Q6RW"
    },
    {
        "client_msg_id": "d3831fb0-ee30-4874-ab45-fb812a793128",
        "type": "message",
        "text": "\"1: enable\/disable делать c @Transactional (можно реализовать как на уровне репозитория, так и на уровне сервиса через несколько sql, которые должны быть в одной транзакции)\"\n\nНаверно глупый вопрос, но кто-нибудь сделал эту таску на уровне сервиса? Интересно посмотреть реализацию. Я сделал через репо, дергаю метод в репо из сервиса и меняю булеан значение через sql.\nЕсли работаем через сервис, означает ли это, что сам сервис должен обращаться к базе напрямую без userRepository? Тогда же нужно впрыскивать в него классы работы с базой и sql, а у нас профайлы и слой сервиса вроде ничего не должен знать о базе, т.е. неправильно.\n\nНемного недогоняю, поясните)",
        "user": "UG134KF0U",
        "ts": "1554867259.069900",
        "edited": {
            "user": "UG134KF0U",
            "ts": "1554867295.000000"
        },
        "thread_ts": "1554867259.069900",
        "reply_count": 13,
        "reply_users_count": 4,
        "latest_reply": "1554881601.072900",
        "reply_users": [
            "UFFJ077SL",
            "UG134KF0U",
            "UFPRT4B28",
            "UFUQUNDRP"
        ],
        "replies": [
            {
                "user": "UFFJ077SL",
                "ts": "1554870346.070200"
            },
            {
                "user": "UFFJ077SL",
                "ts": "1554870369.070400"
            },
            {
                "user": "UFFJ077SL",
                "ts": "1554870377.070600"
            },
            {
                "user": "UFFJ077SL",
                "ts": "1554870380.070800"
            },
            {
                "user": "UFFJ077SL",
                "ts": "1554870384.071000"
            },
            {
                "user": "UFFJ077SL",
                "ts": "1554870393.071200"
            },
            {
                "user": "UFFJ077SL",
                "ts": "1554870406.071400"
            },
            {
                "user": "UFFJ077SL",
                "ts": "1554870409.071600"
            },
            {
                "user": "UG134KF0U",
                "ts": "1554872597.071800"
            },
            {
                "user": "UFFJ077SL",
                "ts": "1554872747.072100"
            },
            {
                "user": "UFFJ077SL",
                "ts": "1554872752.072300"
            },
            {
                "user": "UFPRT4B28",
                "ts": "1554877250.072700"
            },
            {
                "user": "UFUQUNDRP",
                "ts": "1554881601.072900"
            }
        ]
    },
    {
        "client_msg_id": "fdaf8c13-a8fa-4356-acbb-47c80e591f22",
        "type": "message",
        "text": "я делал через уровнь сервиса",
        "user": "UFFJ077SL",
        "ts": "1554870346.070200",
        "thread_ts": "1554867259.069900",
        "parent_user_id": "UG134KF0U"
    },
    {
        "client_msg_id": "03a026bf-3736-4dab-8f55-0fd7b0775ba7",
        "type": "message",
        "text": "для себя я понял, что если у метода стоит нода @Transactional то при старте метода открывается транзакция",
        "user": "UFFJ077SL",
        "ts": "1554870369.070400",
        "thread_ts": "1554867259.069900",
        "parent_user_id": "UG134KF0U",
        "reactions": [
            {
                "name": "+1",
                "users": [
                    "UFZTDP64Q"
                ],
                "count": 1
            }
        ]
    },
    {
        "client_msg_id": "d6bcc897-bc40-4156-906e-5a59ead42e39",
        "type": "message",
        "text": "если ты в методе на 10 разных",
        "user": "UFFJ077SL",
        "ts": "1554870377.070600",
        "thread_ts": "1554867259.069900",
        "parent_user_id": "UG134KF0U"
    },
    {
        "client_msg_id": "95f4f677-7653-4796-9399-1d8e97f969b0",
        "type": "message",
        "text": "репозиториев ссылаешься",
        "user": "UFFJ077SL",
        "ts": "1554870380.070800",
        "thread_ts": "1554867259.069900",
        "parent_user_id": "UG134KF0U"
    },
    {
        "client_msg_id": "ff72b573-30eb-466a-9301-6c08eb3a7e5c",
        "type": "message",
        "text": "ну составной у тебя объект",
        "user": "UFFJ077SL",
        "ts": "1554870384.071000",
        "thread_ts": "1554867259.069900",
        "parent_user_id": "UG134KF0U"
    },
    {
        "client_msg_id": "ae9c5794-0cfe-4909-87f0-a3ebcf1fd31b",
        "type": "message",
        "text": "то все выполнится в одной транзакции",
        "user": "UFFJ077SL",
        "ts": "1554870393.071200",
        "thread_ts": "1554867259.069900",
        "parent_user_id": "UG134KF0U"
    },
    {
        "client_msg_id": "3ed54725-675a-462f-abdf-bf61f441d4fd",
        "type": "message",
        "text": "если хоть на одном шаге что то сломается, какой нить репозиторий вернет эррор",
        "user": "UFFJ077SL",
        "ts": "1554870406.071400",
        "thread_ts": "1554867259.069900",
        "parent_user_id": "UG134KF0U"
    },
    {
        "client_msg_id": "dd7821c2-51a6-4aa0-8403-165e1c7da962",
        "type": "message",
        "text": "то транзакция откатится",
        "user": "UFFJ077SL",
        "ts": "1554870409.071600",
        "thread_ts": "1554867259.069900",
        "parent_user_id": "UG134KF0U"
    },
    {
        "client_msg_id": "579a91ea-fdfd-4975-9626-05311eb07908",
        "type": "message",
        "text": "По-моему понял, по сути описание задачи сводится к указанию transactional в правильном месте сервис или репо.\n\nСмутило фраза \"так и на уровне сервиса через несколько sql, \" - там всего же один sql Update. И лишних методов не дергается, получается можно и так и так.",
        "user": "UG134KF0U",
        "ts": "1554872597.071800",
        "edited": {
            "user": "UG134KF0U",
            "ts": "1554872615.000000"
        },
        "thread_ts": "1554867259.069900",
        "parent_user_id": "UG134KF0U"
    },
    {
        "client_msg_id": "12a8268a-3200-4589-90b5-222d699a5cab",
        "type": "message",
        "text": "получается можно унести в репо",
        "user": "UFFJ077SL",
        "ts": "1554872747.072100",
        "thread_ts": "1554867259.069900",
        "parent_user_id": "UG134KF0U"
    },
    {
        "client_msg_id": "1da6f411-e6e4-429a-8ef4-4fb91219d4b6",
        "type": "message",
        "text": "как остальные методы",
        "user": "UFFJ077SL",
        "ts": "1554872752.072300",
        "thread_ts": "1554867259.069900",
        "parent_user_id": "UG134KF0U"
    },
    {
        "client_msg_id": "49a4b38b-aa05-4415-ac75-204de5693494",
        "type": "message",
        "text": "у меня через PUT работает",
        "user": "UFPRT4B28",
        "ts": "1554877120.072500",
        "thread_ts": "1554840458.060600",
        "parent_user_id": "UF954Q6RW"
    },
    {
        "client_msg_id": "fd08c6b6-3f70-4974-bfa9-020f9c1c1bbe",
        "type": "message",
        "text": "я думаю, про несколько sql написано, потому что в сервисе мы будем просто гет и сэйв вызывать а не писать один запрос",
        "user": "UFPRT4B28",
        "ts": "1554877250.072700",
        "thread_ts": "1554867259.069900",
        "parent_user_id": "UG134KF0U"
    }
]