[
    {
        "client_msg_id": "0ce2d037-a143-4c5d-9d1a-975883a074fe",
        "type": "message",
        "text": "Скорее всего отсюда <https:\/\/www.datatables.net\/>\nМы в topjava.users.js делаем магию datatableApi: $(\"#datatable\").DataTable(\nИ потом библиотека на ходу генерирует миллион функционала включая сортировку, поиск и т.п. причем все это с помощью JS-a на клиенте, сервер в JSON данные передал, в браузер отдал, а дальше уже все на фронте происходит.\n\nПо крайне мере так мне это видиться. Могу ошибаться.\nP.s. то бишь библиотечные скрипты вставляют прямо в наш jsp куски html кода вместе с подвязанным функционалом. Ну а за красоту отвечает bootstrap;",
        "user": "UFP7PTM99",
        "ts": "1554637072.025000",
        "edited": {
            "user": "UFP7PTM99",
            "ts": "1554637458.000000"
        },
        "thread_ts": "1554559433.022400",
        "parent_user_id": "UFKNK1SBG"
    },
    {
        "type": "message",
        "text": "поясни- ты Tomcat из idea запускаешь? без пересборки проекта ?",
        "files": [
            {
                "id": "FHB0N2V1R",
                "created": 1554675625,
                "timestamp": 1554675625,
                "name": "image.png",
                "title": "Pasted image at 2019-04-08, 1:20 AM",
                "mimetype": "image\/png",
                "filetype": "png",
                "pretty_type": "PNG",
                "user": "UE1ULNT9V",
                "editable": false,
                "size": 33978,
                "mode": "hosted",
                "is_external": false,
                "external_type": "",
                "is_public": true,
                "public_url_shared": false,
                "display_as_bot": false,
                "username": "",
                "url_private": "https:\/\/files.slack.com\/files-pri\/TE09AK9BK-FHB0N2V1R\/image.png?t=xoxe-476316655393-618179035285-606757826531-bd1c7b831233e0d053294a8f47715ef5",
                "url_private_download": "https:\/\/files.slack.com\/files-pri\/TE09AK9BK-FHB0N2V1R\/download\/image.png?t=xoxe-476316655393-618179035285-606757826531-bd1c7b831233e0d053294a8f47715ef5",
                "thumb_64": "https:\/\/files.slack.com\/files-tmb\/TE09AK9BK-FHB0N2V1R-6daa522ebe\/image_64.png?t=xoxe-476316655393-618179035285-606757826531-bd1c7b831233e0d053294a8f47715ef5",
                "thumb_80": "https:\/\/files.slack.com\/files-tmb\/TE09AK9BK-FHB0N2V1R-6daa522ebe\/image_80.png?t=xoxe-476316655393-618179035285-606757826531-bd1c7b831233e0d053294a8f47715ef5",
                "thumb_360": "https:\/\/files.slack.com\/files-tmb\/TE09AK9BK-FHB0N2V1R-6daa522ebe\/image_360.png?t=xoxe-476316655393-618179035285-606757826531-bd1c7b831233e0d053294a8f47715ef5",
                "thumb_360_w": 360,
                "thumb_360_h": 229,
                "thumb_480": "https:\/\/files.slack.com\/files-tmb\/TE09AK9BK-FHB0N2V1R-6daa522ebe\/image_480.png?t=xoxe-476316655393-618179035285-606757826531-bd1c7b831233e0d053294a8f47715ef5",
                "thumb_480_w": 480,
                "thumb_480_h": 305,
                "thumb_160": "https:\/\/files.slack.com\/files-tmb\/TE09AK9BK-FHB0N2V1R-6daa522ebe\/image_160.png?t=xoxe-476316655393-618179035285-606757826531-bd1c7b831233e0d053294a8f47715ef5",
                "thumb_720": "https:\/\/files.slack.com\/files-tmb\/TE09AK9BK-FHB0N2V1R-6daa522ebe\/image_720.png?t=xoxe-476316655393-618179035285-606757826531-bd1c7b831233e0d053294a8f47715ef5",
                "thumb_720_w": 720,
                "thumb_720_h": 458,
                "thumb_800": "https:\/\/files.slack.com\/files-tmb\/TE09AK9BK-FHB0N2V1R-6daa522ebe\/image_800.png?t=xoxe-476316655393-618179035285-606757826531-bd1c7b831233e0d053294a8f47715ef5",
                "thumb_800_w": 800,
                "thumb_800_h": 509,
                "image_exif_rotation": 1,
                "original_w": 824,
                "original_h": 524,
                "permalink": "https:\/\/topjava16.slack.com\/files\/UE1ULNT9V\/FHB0N2V1R\/image.png",
                "permalink_public": "https:\/\/slack-files.com\/TE09AK9BK-FHB0N2V1R-f486f6c057",
                "has_rich_preview": false
            }
        ],
        "upload": true,
        "user": "UE1ULNT9V",
        "display_as_bot": false,
        "ts": "1554675627.026300",
        "edited": {
            "user": "UE1ULNT9V",
            "ts": "1554675651.000000"
        },
        "client_msg_id": "85283cfc-6da5-4ca9-a5ac-d4c82616697c",
        "thread_ts": "1554547210.016800",
        "parent_user_id": "UFP7PTM99"
    },
    {
        "client_msg_id": "a277b144-5f0c-4ac1-9182-17cb0cf0fbd4",
        "type": "message",
        "text": "хотел в урок вставить- сомтрю, ссылка оттуда:)",
        "user": "UE1ULNT9V",
        "ts": "1554675856.027000",
        "thread_ts": "1554559084.019800",
        "parent_user_id": "UFFJ077SL",
        "reactions": [
            {
                "name": "+1",
                "users": [
                    "UFPRT4B28"
                ],
                "count": 1
            }
        ]
    },
    {
        "client_msg_id": "297c12d6-0ad4-478b-989b-6685d18cc8ed",
        "type": "message",
        "text": "все верно, за исключением того, что \"вставляют в jsp\".\njsp отдает html на клиента, там играется скрипт $(\"#datatable\").DataTable и в модель dom уже в браузере скрипт вставляет все плюшки\n\n<@UFKNK1SBG> спасибо за вопрос, добавил в урок",
        "user": "UE1ULNT9V",
        "ts": "1554675999.027400",
        "edited": {
            "user": "UE1ULNT9V",
            "ts": "1554676643.000000"
        },
        "thread_ts": "1554559433.022400",
        "parent_user_id": "UFKNK1SBG"
    },
    {
        "client_msg_id": "6bf83cca-75e7-4cd7-a961-272e4cbe22a6",
        "type": "message",
        "text": "будем.\n<https:\/\/github.com\/JavaWebinar\/topjava#1804-10-е-занятие>\n- Encoding password",
        "user": "UE1ULNT9V",
        "ts": "1554676703.028000",
        "edited": {
            "user": "UE1ULNT9V",
            "ts": "1554676708.000000"
        },
        "thread_ts": "1554614868.024500",
        "parent_user_id": "UFFJ077SL"
    },
    {
        "client_msg_id": "39391622-e75d-4aff-ace4-5702d60993fd",
        "type": "message",
        "text": "Из идеи запускаю, но вот внизу у меня как раз было\n\"There are no tasks to run before launch\"\nСпасибо, добавлю build;",
        "user": "UFP7PTM99",
        "ts": "1554677184.028400",
        "thread_ts": "1554547210.016800",
        "parent_user_id": "UFP7PTM99"
    }
]