[
    {
        "client_msg_id": "9100a09f-4e21-4dc1-87e0-a9aafa34d936",
        "type": "message",
        "text": "через сервис get и update - т.е. запросов как раз несколько, всё верно.",
        "user": "UFUQUNDRP",
        "ts": "1554881601.072900",
        "thread_ts": "1554867259.069900",
        "parent_user_id": "UG134KF0U"
    },
    {
        "client_msg_id": "c852297a-6d40-45fd-b478-5aa1174d61a5",
        "type": "message",
        "text": "Подскажите пож, что то запутался уже. Я могу задать событие onclick=\"update()\" на intup type=checkbox в JSP и в js файле обработать функцию update , а могу задать $(\":checkbox\").click(function () {....} и сразу ее обработать. Можно делать и так и так? Или есть ньюансы? Просто сейчас мне кажется что первый вариант это просто javascript, а второй вариант это jquery.",
        "user": "UFFJ077SL",
        "ts": "1554892044.075400"
    },
    {
        "client_msg_id": "ece2d91e-d4ea-4dbd-9f14-a33d533b0cb5",
        "type": "message",
        "text": "до бэкэнда не доходит?\nсравни, в чем разница в заголовках от ajax и curl",
        "user": "UE1ULNT9V",
        "ts": "1554899376.075500",
        "edited": {
            "user": "UE1ULNT9V",
            "ts": "1554899382.000000"
        },
        "thread_ts": "1554840458.060600",
        "parent_user_id": "UF954Q6RW"
    },
    {
        "client_msg_id": "2c5319d7-c81a-42b4-9a25-b4c805481cc1",
        "type": "message",
        "text": "можно и так и так. мне кажется первый проще. еще возможно кто-то скажет, что надо отделять html от js и 2й предпочтительнее",
        "user": "UE1ULNT9V",
        "ts": "1554899458.076500",
        "edited": {
            "user": "UE1ULNT9V",
            "ts": "1554899470.000000"
        }
    },
    {
        "client_msg_id": "1cada9ad-4e7e-414b-be75-0d0cc799a59b",
        "type": "message",
        "text": "скажите пожалуйста, немного непонятно, а зачем мы используем webjar? для удобства? Мы же могли просто выкачать jsки, как мы используем наши jsки и все. Зачем мы через мавен их добавляем?",
        "user": "UFFJ077SL",
        "ts": "1554912332.077900",
        "thread_ts": "1554912332.077900",
        "reply_count": 1,
        "reply_users_count": 1,
        "latest_reply": "1554929070.078900",
        "reply_users": [
            "UE1ULNT9V"
        ],
        "replies": [
            {
                "user": "UE1ULNT9V",
                "ts": "1554929070.078900"
            }
        ]
    },
    {
        "client_msg_id": "19028be3-3011-40db-a0d8-a982c50ab93c",
        "type": "message",
        "text": "как получить селектор строки на которой меняешь checkbox?",
        "user": "UFLKE29QW",
        "ts": "1554924998.078800",
        "thread_ts": "1554924998.078800",
        "reply_count": 2,
        "reply_users_count": 2,
        "latest_reply": "1554929707.079400",
        "reply_users": [
            "UE1ULNT9V",
            "UFLKE29QW"
        ],
        "replies": [
            {
                "user": "UE1ULNT9V",
                "ts": "1554929083.079100"
            },
            {
                "user": "UFLKE29QW",
                "ts": "1554929707.079400"
            }
        ]
    },
    {
        "client_msg_id": "53767ec0-769d-4155-bedc-77678881aaf3",
        "type": "message",
        "text": "для удобства",
        "user": "UE1ULNT9V",
        "ts": "1554929070.078900",
        "thread_ts": "1554912332.077900",
        "parent_user_id": "UFFJ077SL"
    },
    {
        "client_msg_id": "a3797479-593f-4e8c-8756-27999f78fd29",
        "type": "message",
        "text": "this в параметрах",
        "user": "UE1ULNT9V",
        "ts": "1554929083.079100",
        "edited": {
            "user": "UE1ULNT9V",
            "ts": "1554929100.000000"
        },
        "thread_ts": "1554924998.078800",
        "parent_user_id": "UFLKE29QW",
        "reactions": [
            {
                "name": "+1",
                "users": [
                    "UFLKE29QW"
                ],
                "count": 1
            }
        ]
    },
    {
        "client_msg_id": "9fda846f-946e-4c0f-82a9-c59daa3f1963",
        "type": "message",
        "text": "спс",
        "user": "UFLKE29QW",
        "ts": "1554929707.079400",
        "thread_ts": "1554924998.078800",
        "parent_user_id": "UFLKE29QW"
    }
]