[
    {
        "client_msg_id": "f7e1a202-c450-44eb-b242-9f64744b2c22",
        "type": "message",
        "text": "может кому пригодится: <https:\/\/www.youtube.com\/watch?v=BWXggB-T1jQ>",
        "user": "UFZTDP64Q",
        "ts": "1554462765.009500",
        "attachments": [
            {
                "service_name": "YouTube",
                "service_url": "https:\/\/www.youtube.com\/",
                "title": "JQuery Tutorial",
                "title_link": "https:\/\/www.youtube.com\/watch?v=BWXggB-T1jQ",
                "author_name": "Derek Banas",
                "author_link": "https:\/\/www.youtube.com\/user\/derekbanas",
                "thumb_url": "https:\/\/i.ytimg.com\/vi\/BWXggB-T1jQ\/hqdefault.jpg",
                "thumb_width": 480,
                "thumb_height": 360,
                "fallback": "YouTube Video: JQuery Tutorial",
                "video_html": "<iframe width=\"400\" height=\"225\" src=\"https:\/\/www.youtube.com\/embed\/BWXggB-T1jQ?feature=oembed&autoplay=1&iv_load_policy=3\" frameborder=\"0\" allow=\"accelerometer; autoplay; encrypted-media; gyroscope; picture-in-picture\" allowfullscreen><\/iframe>",
                "video_html_width": 400,
                "video_html_height": 225,
                "from_url": "https:\/\/www.youtube.com\/watch?v=BWXggB-T1jQ",
                "service_icon": "https:\/\/a.slack-edge.com\/2089\/img\/unfurl_icons\/youtube.png",
                "id": 1,
                "original_url": "https:\/\/www.youtube.com\/watch?v=BWXggB-T1jQ"
            }
        ],
        "reactions": [
            {
                "name": "+1",
                "users": [
                    "UFPRT4B28",
                    "UFLKE29QW",
                    "UG134KF0U"
                ],
                "count": 3
            }
        ]
    },
    {
        "client_msg_id": "fd2062e9-24d8-4309-b9f1-625b93cd16ba",
        "type": "message",
        "text": "Что то я пока не понимаю про какое дублирование говориться в п.2 дз",
        "user": "UFKG13683",
        "ts": "1554489627.011900",
        "thread_ts": "1554489627.011900",
        "reply_count": 16,
        "reply_users_count": 4,
        "latest_reply": "1554745446.039600",
        "reply_users": [
            "UFKNK1SBG",
            "UFKG13683",
            "UFT7XUWJX",
            "UFP7PTM99"
        ],
        "replies": [
            {
                "user": "UFKNK1SBG",
                "ts": "1554490549.012000"
            },
            {
                "user": "UFKG13683",
                "ts": "1554490934.012200"
            },
            {
                "user": "UFT7XUWJX",
                "ts": "1554736306.029500"
            },
            {
                "user": "UFT7XUWJX",
                "ts": "1554736313.029700"
            },
            {
                "user": "UFKNK1SBG",
                "ts": "1554736808.029900"
            },
            {
                "user": "UFT7XUWJX",
                "ts": "1554741672.034600"
            },
            {
                "user": "UFT7XUWJX",
                "ts": "1554742537.036900"
            },
            {
                "user": "UFT7XUWJX",
                "ts": "1554742545.037100"
            },
            {
                "user": "UFKNK1SBG",
                "ts": "1554742717.037300"
            },
            {
                "user": "UFT7XUWJX",
                "ts": "1554742883.037600"
            },
            {
                "user": "UFT7XUWJX",
                "ts": "1554743407.038400"
            },
            {
                "user": "UFP7PTM99",
                "ts": "1554744333.038700"
            },
            {
                "user": "UFT7XUWJX",
                "ts": "1554745219.038900"
            },
            {
                "user": "UFT7XUWJX",
                "ts": "1554745345.039200"
            },
            {
                "user": "UFT7XUWJX",
                "ts": "1554745356.039400"
            },
            {
                "user": "UFP7PTM99",
                "ts": "1554745446.039600"
            }
        ]
    },
    {
        "client_msg_id": "79c75f7e-0d91-4249-b23c-060dfed633d2",
        "type": "message",
        "text": "Дважды используется `id=\"${user.id}` в enabled (где чекбокс) и в delete",
        "user": "UFKNK1SBG",
        "ts": "1554490549.012000",
        "thread_ts": "1554489627.011900",
        "parent_user_id": "UFKG13683",
        "reactions": [
            {
                "name": "+1",
                "users": [
                    "UFKG13683"
                ],
                "count": 1
            }
        ]
    },
    {
        "client_msg_id": "354ba506-b060-49c5-b248-eda01474c56b",
        "type": "message",
        "text": "Спасибо не заметил",
        "user": "UFKG13683",
        "ts": "1554490934.012200",
        "edited": {
            "user": "UFKG13683",
            "ts": "1554491964.000000"
        },
        "thread_ts": "1554489627.011900",
        "parent_user_id": "UFKG13683"
    }
]