[
    {
        "client_msg_id": "14460eb4-0d90-4754-bff0-52743fdebe7d",
        "type": "message",
        "text": "Подскажите по хранению еды.\nНужно ли хранить для ресторанов постоянное меню, из которого будет составляться ежедневное ланч меню?\nили достаточно таблицы с ежедневным ланч меню? если не достаточно, то цена на блюдо из \"меню дня\" может отличаться от цены этого же блюда из основного меню? или в постоянном меню просто блюда без цен",
        "user": "UFPRT4B28",
        "ts": "1552555229.028500",
        "thread_ts": "1552555229.028500",
        "reply_count": 1,
        "reply_users_count": 1,
        "latest_reply": "1552564507.030500",
        "reply_users": [
            "UE1ULNT9V"
        ],
        "replies": [
            {
                "user": "UE1ULNT9V",
                "ts": "1552564507.030500"
            }
        ]
    },
    {
        "client_msg_id": "10ec6040-5a42-4161-a96e-8ccfe0b4f712",
        "type": "message",
        "text": "Вопрос. Юзеру который голосует подборка еды должна выводиться с количеством голосов или можно без них?",
        "user": "UFKG13683",
        "ts": "1552557841.030400",
        "thread_ts": "1552557841.030400",
        "reply_count": 4,
        "reply_users_count": 3,
        "latest_reply": "1552770633.039800",
        "reply_users": [
            "UE1ULNT9V",
            "UFKG13683",
            "UFBHB8PFS"
        ],
        "replies": [
            {
                "user": "UE1ULNT9V",
                "ts": "1552564532.030700"
            },
            {
                "user": "UFKG13683",
                "ts": "1552565502.031000"
            },
            {
                "user": "UFBHB8PFS",
                "ts": "1552585058.036000"
            },
            {
                "user": "UE1ULNT9V",
                "ts": "1552770633.039800"
            }
        ]
    },
    {
        "client_msg_id": "f8cfa6ac-1218-4b8d-b9a6-59094007119a",
        "type": "message",
        "text": "вопрос хороший. можно сделать как хочешь, со справочником еды мне кажется красивее. цену тоже можно разместить в разных местах",
        "user": "UE1ULNT9V",
        "ts": "1552564507.030500",
        "thread_ts": "1552555229.028500",
        "parent_user_id": "UFPRT4B28",
        "reactions": [
            {
                "name": "heavy_check_mark",
                "users": [
                    "UFPRT4B28"
                ],
                "count": 1
            }
        ]
    },
    {
        "client_msg_id": "36502e72-8460-4db5-92a5-4bf08e500bad",
        "type": "message",
        "text": "в ТЗ ничего про количество не сказано...",
        "user": "UE1ULNT9V",
        "ts": "1552564532.030700",
        "thread_ts": "1552557841.030400",
        "parent_user_id": "UFKG13683"
    },
    {
        "client_msg_id": "e2fa8215-9f25-4353-ade5-f56c350f6503",
        "type": "message",
        "text": "<@UE1ULNT9V> Спасибо. Просто я подумал что если юзер решает где пообедать, то он должен видеть сколько голосов в каждой подборке еды",
        "user": "UFKG13683",
        "ts": "1552565502.031000",
        "thread_ts": "1552557841.030400",
        "parent_user_id": "UFKG13683"
    },
    {
        "client_msg_id": "4f273f1f-5b2b-4922-8f7d-76b401848cfd",
        "type": "message",
        "text": "```20: ORM работает с объектами. В простейших случаях fk_id как поля допустимы, но при этом JPA их уже никак не обрабатывает и не используйте их вместе с объектами. Ссылка на stackoverwrflow в коде обязательна!```\n\nЯ создавал структуру БД через sql скрипт и там же у меня создание FK.\nТо есть в sql не нужно было создавать FK ?",
        "user": "UF2FGUDPH",
        "ts": "1552565995.032900",
        "edited": {
            "user": "UF2FGUDPH",
            "ts": "1552566022.000000"
        },
        "thread_ts": "1552565995.032900",
        "reply_count": 2,
        "reply_users_count": 2,
        "latest_reply": "1552578187.033300",
        "reply_users": [
            "UEUTPR8KW",
            "UF2FGUDPH"
        ],
        "replies": [
            {
                "user": "UEUTPR8KW",
                "ts": "1552577538.033100"
            },
            {
                "user": "UF2FGUDPH",
                "ts": "1552578187.033300"
            }
        ]
    },
    {
        "client_msg_id": "1d1bafad-b47b-4a88-8284-83e47918444f",
        "type": "message",
        "text": "тут имеется в виду, что не надо создавать, например, в классе еды поле ```Long ReataurantId```",
        "user": "UEUTPR8KW",
        "ts": "1552577538.033100",
        "thread_ts": "1552565995.032900",
        "parent_user_id": "UF2FGUDPH",
        "reactions": [
            {
                "name": "heavy_check_mark",
                "users": [
                    "UE1ULNT9V"
                ],
                "count": 1
            }
        ]
    },
    {
        "client_msg_id": "53af4ccd-001c-4b7c-9780-28fff8b799ac",
        "type": "message",
        "text": "понял",
        "user": "UF2FGUDPH",
        "ts": "1552578187.033300",
        "thread_ts": "1552565995.032900",
        "parent_user_id": "UF2FGUDPH"
    },
    {
        "client_msg_id": "9148efbd-7227-4cfb-9b4b-4345f1dc2116",
        "type": "message",
        "text": "Как правильно разделить запросы в контроллере\nНапример у меня есть\n```@RequestMapping(\"\/dishes\")```\nИ есть два метода\nодин возвращает конкретное блюдо\n```@GetMapping(\"\/{id}\")```\nа другой возвращает все блюда конкретного ресторана\n```@GetMapping(\"\/{restaurantId}\")```",
        "user": "UF2FGUDPH",
        "ts": "1552584147.035500",
        "thread_ts": "1552584147.035500",
        "reply_count": 7,
        "reply_users_count": 3,
        "latest_reply": "1553180711.046700",
        "reply_users": [
            "UF2FGUDPH",
            "UFKG13683",
            "UE1ULNT9V"
        ],
        "replies": [
            {
                "user": "UF2FGUDPH",
                "ts": "1552584208.035600"
            },
            {
                "user": "UF2FGUDPH",
                "ts": "1552584265.035800"
            },
            {
                "user": "UFKG13683",
                "ts": "1552590284.036200"
            },
            {
                "user": "UF2FGUDPH",
                "ts": "1552667132.036800"
            },
            {
                "user": "UE1ULNT9V",
                "ts": "1552770993.040100"
            },
            {
                "user": "UFKG13683",
                "ts": "1553178916.046500"
            },
            {
                "user": "UE1ULNT9V",
                "ts": "1553180711.046700"
            }
        ]
    },
    {
        "client_msg_id": "ffcce603-de5e-419a-a32e-e17a3c1aca8a",
        "type": "message",
        "text": "у них получается один и тот же URL",
        "user": "UF2FGUDPH",
        "ts": "1552584208.035600",
        "thread_ts": "1552584147.035500",
        "parent_user_id": "UF2FGUDPH"
    },
    {
        "client_msg_id": "8db4eec8-98d5-4af4-a2ef-a41670f502b0",
        "type": "message",
        "text": "например\n```\/dishes\/1```",
        "user": "UF2FGUDPH",
        "ts": "1552584265.035800",
        "thread_ts": "1552584147.035500",
        "parent_user_id": "UF2FGUDPH"
    },
    {
        "client_msg_id": "6ba58a40-8b18-49f1-9e6f-f53e7d3135e8",
        "type": "message",
        "text": "в практически любых опросах сначала голос, потом результат",
        "user": "UFBHB8PFS",
        "ts": "1552585058.036000",
        "thread_ts": "1552557841.030400",
        "parent_user_id": "UFKG13683"
    },
    {
        "client_msg_id": "076c15ca-2384-4f4d-9970-ecd298f7da01",
        "type": "message",
        "text": "У меня например несколько контроллеров\nУ меня бы это было так\n\/{restaurantId}\/dishes\/{dishId}",
        "user": "UFKG13683",
        "ts": "1552590284.036200",
        "thread_ts": "1552584147.035500",
        "parent_user_id": "UF2FGUDPH"
    }
]