[
    {
        "client_msg_id": "71bed853-8ea0-4167-bbe6-3730e451e8e5",
        "type": "message",
        "text": "<@UE1ULNT9V> Нужна ли нам функциональность по менеджменту юзеров у администратора?\nПо ТЗ сказано, что админ может только добавлять еду и рестораны",
        "user": "UFKG13683",
        "ts": "1553242495.049400",
        "thread_ts": "1553242495.049400",
        "reply_count": 1,
        "reply_users_count": 1,
        "latest_reply": "1553257426.049700",
        "reply_users": [
            "UE1ULNT9V"
        ],
        "replies": [
            {
                "user": "UE1ULNT9V",
                "ts": "1553257426.049700"
            }
        ]
    },
    {
        "client_msg_id": "6ac7855c-3783-414c-bc53-e651cfaef0a9",
        "type": "message",
        "text": "да, в ТЗ нет. на усмотрение разработчика",
        "user": "UE1ULNT9V",
        "ts": "1553257426.049700",
        "thread_ts": "1553242495.049400",
        "parent_user_id": "UFKG13683",
        "reactions": [
            {
                "name": "+1",
                "users": [
                    "UFKG13683"
                ],
                "count": 1
            }
        ]
    }
]