[
    {
        "client_msg_id": "778d1131-1648-4e71-9e44-408d8b90607e",
        "type": "message",
        "text": "главное - не налажайте, если решите имплементить. ключевая фраза- юзеров ооочень много",
        "user": "UE1ULNT9V",
        "ts": "1552770633.039800",
        "thread_ts": "1552557841.030400",
        "parent_user_id": "UFKG13683"
    },
    {
        "client_msg_id": "8d431af2-a89b-4ed1-8fa1-cae772979f26",
        "type": "message",
        "text": "в общей группе вроде была ссыолка на so про иерархии в rest. общий смысл- неглубокие можно, но лучше без них\n`\/dishes?restaurantId=1234`",
        "user": "UE1ULNT9V",
        "ts": "1552770993.040100",
        "edited": {
            "user": "UE1ULNT9V",
            "ts": "1552771011.000000"
        },
        "thread_ts": "1552584147.035500",
        "parent_user_id": "UF2FGUDPH"
    },
    {
        "client_msg_id": "3f4b4d07-6824-4def-a407-b3d5b1e68113",
        "type": "message",
        "text": "а что за хрень  `\/{userId}` в запросе??",
        "user": "UE1ULNT9V",
        "ts": "1552771049.040500",
        "thread_ts": "1552669360.039100",
        "parent_user_id": "UF2FGUDPH"
    },
    {
        "client_msg_id": "a97b746c-e162-46dc-83d5-b084e10b2393",
        "type": "message",
        "text": "для того, чтобы проголосовать НЕОБХОДИМО и ДОСТАТОЧНО restaurantId. в ТЗ замечаниях специально написал",
        "user": "UE1ULNT9V",
        "ts": "1552771126.040700",
        "edited": {
            "user": "UE1ULNT9V",
            "ts": "1552771139.000000"
        },
        "thread_ts": "1552669360.039100",
        "parent_user_id": "UF2FGUDPH"
    },
    {
        "client_msg_id": "5460c65e-c5a2-46d2-8ac2-b71a8fdb054a",
        "type": "message",
        "text": "<@UE1ULNT9V> понял.\nНо есть один вопрос. Судя по ссылкам о том как правильно создавать рест сервисы, у меня должно быть так\n```@PostMapping(\"\/restaurants\/{restaurantId}\/votes\")``` - создание голоса в контроллере ресторана.\nЯ же пытался создание сделать в контроллере голосов\n```@PostMapping(\"\/votes\/{restaurantId}\")``` - это совсем не правильно или допустимо?",
        "user": "UF2FGUDPH",
        "ts": "1552800265.041000",
        "thread_ts": "1552669360.039100",
        "parent_user_id": "UF2FGUDPH"
    }
]