[
    {
        "client_msg_id": "de8e7010-2dc9-4e1a-87d1-b8cfb97de33b",
        "type": "message",
        "text": "что то народу в этом канале мало",
        "user": "UF2FGUDPH",
        "ts": "1551705990.008000",
        "thread_ts": "1551705990.008000",
        "reply_count": 1,
        "reply_users_count": 1,
        "latest_reply": "1551712078.008200",
        "reply_users": [
            "UFS44Q1JS"
        ],
        "replies": [
            {
                "user": "UFS44Q1JS",
                "ts": "1551712078.008200"
            }
        ]
    },
    {
        "client_msg_id": "6e81cd20-5650-4494-9e1a-fe5d69e39560",
        "type": "message",
        "text": "все с домашкой воюют",
        "user": "UFS44Q1JS",
        "ts": "1551712078.008200",
        "thread_ts": "1551705990.008000",
        "parent_user_id": "UF2FGUDPH"
    }
]