[
    {
        "client_msg_id": "1d0d49b6-0f39-48f0-acfc-94af0bb946a1",
        "type": "message",
        "text": "<@UFKG13683> то есть у тебя количество контроллеров не равно количеству энтити?",
        "user": "UF2FGUDPH",
        "ts": "1552667132.036800",
        "thread_ts": "1552584147.035500",
        "parent_user_id": "UF2FGUDPH"
    },
    {
        "client_msg_id": "c5b94498-7be8-45bf-b1c6-c5119ca557f8",
        "type": "message",
        "text": "Делаю создание голоса\n```@PostMapping(\"\/{userId}\/{restaurantId}\")```\nСам голос в БД выглядит так\n```{\n        \"id\": 1,\n        \"dateTime\": \"2018-05-30T11:00:00\",\n        \"restaurant\": {\n            \"id\": 1,\n            \"description\": \"Golpas\"\n        },\n        \"user\": {\n            \"id\": 2,\n            \"username\": \"user1\",\n            \"password\": \"123\",\n            \"email\": \"<mailto:user1@mail.ru|user1@mail.ru>\",\n            \"registered\": \"2019-03-15\",\n            \"active\": true,\n            \"roles\": [\n                \"ROLE_USER\"\n            ]\n        }```\nНо что в теле запроса посылать, если Id голоса и время генерируются автоматически?",
        "user": "UF2FGUDPH",
        "ts": "1552669360.039100",
        "thread_ts": "1552669360.039100",
        "reply_count": 9,
        "reply_users_count": 3,
        "latest_reply": "1553092593.042000",
        "reply_users": [
            "UF2FGUDPH",
            "UE1ULNT9V",
            "UFKG13683"
        ],
        "replies": [
            {
                "user": "UF2FGUDPH",
                "ts": "1552669431.039200"
            },
            {
                "user": "UF2FGUDPH",
                "ts": "1552669814.039400"
            },
            {
                "user": "UF2FGUDPH",
                "ts": "1552669933.039600"
            },
            {
                "user": "UE1ULNT9V",
                "ts": "1552771049.040500"
            },
            {
                "user": "UE1ULNT9V",
                "ts": "1552771126.040700"
            },
            {
                "user": "UF2FGUDPH",
                "ts": "1552800265.041000"
            },
            {
                "user": "UE1ULNT9V",
                "ts": "1552806315.041400"
            },
            {
                "user": "UFKG13683",
                "ts": "1553090864.041800"
            },
            {
                "user": "UE1ULNT9V",
                "ts": "1553092593.042000"
            }
        ]
    },
    {
        "client_msg_id": "7080f754-3710-4049-832b-9c5a9973603d",
        "type": "message",
        "text": "Пустое тело нельзя отправить",
        "user": "UF2FGUDPH",
        "ts": "1552669431.039200",
        "thread_ts": "1552669360.039100",
        "parent_user_id": "UF2FGUDPH"
    },
    {
        "client_msg_id": "e571b8d4-2386-42c2-8158-ed2fe6805929",
        "type": "message",
        "text": "В контроллере я принимаю Vote\n```@PostMapping(\"\/{userId}\/{restaurantId}\")\n    public ResponseEntity&lt;Vote&gt; createVote(\n            @RequestBody Vote vote,\n            @PathVariable (\"userId\") Long userId,\n            @PathVariable (\"restaurantId\") Long restaurantId)```",
        "user": "UF2FGUDPH",
        "ts": "1552669814.039400",
        "thread_ts": "1552669360.039100",
        "parent_user_id": "UF2FGUDPH"
    },
    {
        "client_msg_id": "83c7344a-3c07-47f6-86e7-a8ae71e0b8cd",
        "type": "message",
        "text": "Хотя наверное неправильно. Я же должен создавать новый голос в контроллере",
        "user": "UF2FGUDPH",
        "ts": "1552669933.039600",
        "thread_ts": "1552669360.039100",
        "parent_user_id": "UF2FGUDPH"
    }
]