[
    {
        "client_msg_id": "b0d2593b-6853-4b41-b181-afa6376def79",
        "type": "message",
        "text": "Вроде все так. Юзеру доступны все рестораны, их блюда и история голосования, чтобы посмотреть, кто за что голосовал. Админ может добавлять рестораны и блюда, голосовать сам (?), а блюда привязаны к ресторану. Историю голосования можно только пополнять, менять нельзя.\nЗначит юзеру и админу доступно все посмотреть, но админ может еще и менять рестораны и блюда.\nПри удалении ресторана удаляются все блюда (?), но я бы сделал так, чтобы рестораны вообще нельзя было удалять, в том числе чтобы корректно сохранялась история голосования.\nРесторан к блюдам зависимость один-ко-многим.\nГолосование связано с пользователями многие-к-одному (?), т.к. пользователь один, а голосует несколько раз.\nГолосование к ресторану - многие к одному, чтобы можно было посмотреть, кто и сколько проголосовали за данный ресторан.\nВроде все.",
        "user": "UFS44Q1JS",
        "ts": "1552031729.018800",
        "edited": {
            "user": "UFS44Q1JS",
            "ts": "1552031977.000000"
        },
        "thread_ts": "1551874008.017200",
        "parent_user_id": "UFKR9FT55"
    }
]