[
    {
        "client_msg_id": "b43e5310-1a30-4f6a-ab74-2f778330e97d",
        "type": "message",
        "text": "нигде в приведенном коде T не увидел.. смотри эксепшен полностью и ищи код",
        "user": "UE1ULNT9V",
        "ts": "1554199205.003200",
        "edited": {
            "user": "UE1ULNT9V",
            "ts": "1554199216.000000"
        }
    },
    {
        "client_msg_id": "d6dbf361-93b3-4483-946b-7022f04a5d52",
        "type": "message",
        "text": "addFilter содержит 'T'\n\n public final &lt;T extends B&gt; T addFilter(Filter filter, String... urlPatterns)",
        "user": "UF1DAUJE6",
        "ts": "1554202578.003900"
    },
    {
        "client_msg_id": "2f4ecc5f-32f4-47a2-b64e-e6c7cc2c7029",
        "type": "message",
        "text": ".addFilter(CHARACTER_ENCODING_FILTER) - это не нравиться, если попробовать ввести .addFilter(\"\"), т.е. явно вызвать ошибку - то получаем точно такую же ошибку.",
        "user": "UF1DAUJE6",
        "ts": "1554202664.004900"
    },
    {
        "client_msg_id": "c7ba4ff4-ed59-4cce-82ee-225fa988b7cc",
        "type": "message",
        "text": "Подскажите плз, как побороть ошибку  Driver for test database type [H2] is not available\n\nв *pom.xml* прописала\n       &lt;dependency&gt;\n            &lt;groupId&gt;com.h2database&lt;\/groupId&gt;\n            &lt;artifactId&gt;h2&lt;\/artifactId&gt;\n            &lt;version&gt;${h2.version}&lt;\/version&gt;\n        &lt;\/dependency&gt;\n\nв *h2.properties*\ndatabase.url=jdbc:h2:file:D:\/Vika\/projects\/h2\n#database.url=jdbc:h2:mem:votes\ndatabase.username=user\ndatabase.password=password\ndatabase.driverClassName=org.h2.jdbcDriver\ndatabase.init=true\njdbc.initLocation=initDB_hsql.sql\njpa.showSql=true\nhibernate.format_sql=true\nhibernate.use_sql_comments=true\n\nв *spring-db.xml*\n    &lt;jdbc:embedded-database id=\"dataSource\" database-name=\"votes\" type=\"H2\"&gt;\n        &lt;jdbc:script location=\"classpath:db\/initDB.sql\"\/&gt;\n        &lt;jdbc:script location=\"classpath:db\/populateDB.sql\" \/&gt;\n    &lt;\/jdbc:embedded-database&gt;\n\n    &lt;tx:annotation-driven\/&gt;\n\n    &lt;beans&gt;\n        &lt;context:property-placeholder location=\"classpath:db\/h2.properties\" system-properties-mode=\"OVERRIDE\"\/&gt;\n....\n\nчто я забыла, что еще можно проверить?\nв переменных окружения есть H2 = C:\\Program Files (x86)\\H2\\bin\\h2-1.4.198.jar\nспасибо",
        "user": "UFPRT4B28",
        "ts": "1554208758.008100",
        "thread_ts": "1554208758.008100",
        "reply_count": 4,
        "reply_users_count": 2,
        "latest_reply": "1554228639.009100",
        "reply_users": [
            "UF1DAUJE6",
            "UFPRT4B28"
        ],
        "replies": [
            {
                "user": "UF1DAUJE6",
                "ts": "1554211784.008200"
            },
            {
                "user": "UFPRT4B28",
                "ts": "1554212929.008400"
            },
            {
                "user": "UFPRT4B28",
                "ts": "1554222247.008900"
            },
            {
                "user": "UFPRT4B28",
                "ts": "1554228639.009100"
            }
        ]
    },
    {
        "client_msg_id": "60d2113d-d974-4d42-bbb0-14e66004384e",
        "type": "message",
        "text": "Могу ошибаться, но у меня сомнения по этой строке\ndatabase.driverClassName=org.h2.jdbcDriver\norg.h2.jdbcDriver - не нахожу такого драйвера.\nЯ взял драйвер из того что Идея подсказывает spring.datasource.driverClassName=org.h2.Driver",
        "user": "UF1DAUJE6",
        "ts": "1554211784.008200",
        "thread_ts": "1554208758.008100",
        "parent_user_id": "UFPRT4B28"
    },
    {
        "client_msg_id": "6a88e6eb-3b87-4fef-8279-27bf5d2629d0",
        "type": "message",
        "text": "спасибо\nпопробовала поменять\nк сожалению, ошибка осталась(",
        "user": "UFPRT4B28",
        "ts": "1554212929.008400",
        "edited": {
            "user": "UFPRT4B28",
            "ts": "1554212941.000000"
        },
        "thread_ts": "1554208758.008100",
        "parent_user_id": "UFPRT4B28"
    },
    {
        "client_msg_id": "4ccb088e-d12a-46bc-ac8f-67c7e9e3d919",
        "type": "message",
        "text": "если вызвать Class.forName(\"org.h2.Driver\"); тоже ругается java.lang.ClassNotFoundException: org.h2.Driver\nно во вкладке Database в Idea , таблицы создаются, просматриваются",
        "user": "UFPRT4B28",
        "ts": "1554222247.008900",
        "thread_ts": "1554208758.008100",
        "parent_user_id": "UFPRT4B28"
    },
    {
        "client_msg_id": "52fdb866-a82a-4aab-95ee-4fe762fa13a1",
        "type": "message",
        "text": "добавила руками в libraries из maven библиотеку, работает",
        "user": "UFPRT4B28",
        "ts": "1554228639.009100",
        "thread_ts": "1554208758.008100",
        "parent_user_id": "UFPRT4B28"
    }
]