[
    {
        "client_msg_id": "83d61f39-ff51-4718-ad35-33a2c16158f3",
        "type": "message",
        "text": "Есть у кого-нибудь мысли, как быть с авторизацией пользователей, где их брать? Или наш бэкэнд вообще не должен об этом думать?",
        "user": "UFE7TR83Z",
        "ts": "1551845845.012100",
        "thread_ts": "1551845845.012100",
        "reply_count": 7,
        "reply_users_count": 3,
        "latest_reply": "1551860549.013400",
        "reply_users": [
            "UFE7TR83Z",
            "UF2FGUDPH",
            "UE1ULNT9V"
        ],
        "replies": [
            {
                "user": "UFE7TR83Z",
                "ts": "1551845897.012200"
            },
            {
                "user": "UF2FGUDPH",
                "ts": "1551849330.012400"
            },
            {
                "user": "UF2FGUDPH",
                "ts": "1551849360.012600"
            },
            {
                "user": "UFE7TR83Z",
                "ts": "1551849520.012800"
            },
            {
                "user": "UF2FGUDPH",
                "ts": "1551851306.013000"
            },
            {
                "user": "UE1ULNT9V",
                "ts": "1551860541.013200"
            },
            {
                "user": "UE1ULNT9V",
                "ts": "1551860549.013400"
            }
        ]
    },
    {
        "client_msg_id": "2d197132-ddf1-4aee-83a3-667c022e9d6b",
        "type": "message",
        "text": "Я склоняюсь к последнему варианту:)",
        "user": "UFE7TR83Z",
        "ts": "1551845897.012200",
        "thread_ts": "1551845845.012100",
        "parent_user_id": "UFE7TR83Z"
    },
    {
        "client_msg_id": "c525bd7f-b1c5-4d1e-acab-f931ac100bdf",
        "type": "message",
        "text": "Ну там же есть пользователи, их  2 вида - обычный и админ. Значит авторизация должна быть",
        "user": "UF2FGUDPH",
        "ts": "1551849330.012400",
        "thread_ts": "1551845845.012100",
        "parent_user_id": "UFE7TR83Z"
    },
    {
        "client_msg_id": "ae31125e-0b25-4d77-8ec7-4e7aee4803d3",
        "type": "message",
        "text": "Правда думаю что это уже в конце делать",
        "user": "UF2FGUDPH",
        "ts": "1551849360.012600",
        "thread_ts": "1551845845.012100",
        "parent_user_id": "UFE7TR83Z"
    },
    {
        "client_msg_id": "cfc99b4a-9040-4c8c-88dd-d54e27614c2e",
        "type": "message",
        "text": "Может авторизацией фронт будет заниматься и нам будет только сообщать id user'а?",
        "user": "UFE7TR83Z",
        "ts": "1551849520.012800",
        "thread_ts": "1551845845.012100",
        "parent_user_id": "UFE7TR83Z"
    },
    {
        "client_msg_id": "f182a2bb-52e8-4c53-802b-f265950724da",
        "type": "message",
        "text": "в задании сказано создать бэкенд так чтобы пользоваться будет фронтенд, Пока правда не знаю как это",
        "user": "UF2FGUDPH",
        "ts": "1551851306.013000",
        "thread_ts": "1551845845.012100",
        "parent_user_id": "UFE7TR83Z"
    }
]