[
    {
        "client_msg_id": "c387c4ab-3f21-4284-ac98-8f22ec2f9728",
        "type": "message",
        "text": "то, что UserServiceTest не работает это норм? Нужно будет что то допиливать в нем?",
        "user": "UFFJ077SL",
        "ts": "1550999868.069300",
        "thread_ts": "1550999868.069300",
        "reply_count": 59,
        "reply_users_count": 3,
        "latest_reply": "1551003928.083800",
        "reply_users": [
            "UFKG13683",
            "UFFJ077SL",
            "UFT7XUWJX"
        ],
        "replies": [
            {
                "user": "UFKG13683",
                "ts": "1551001408.069800"
            },
            {
                "user": "UFFJ077SL",
                "ts": "1551001456.070000"
            },
            {
                "user": "UFFJ077SL",
                "ts": "1551001466.070200"
            },
            {
                "user": "UFFJ077SL",
                "ts": "1551001478.070400"
            },
            {
                "user": "UFFJ077SL",
                "ts": "1551001493.070600"
            },
            {
                "user": "UFKG13683",
                "ts": "1551001666.070900"
            },
            {
                "user": "UFFJ077SL",
                "ts": "1551002292.071100"
            },
            {
                "user": "UFFJ077SL",
                "ts": "1551002294.071300"
            },
            {
                "user": "UFFJ077SL",
                "ts": "1551002353.071500"
            },
            {
                "user": "UFFJ077SL",
                "ts": "1551002360.071700"
            },
            {
                "user": "UFT7XUWJX",
                "ts": "1551003129.071900"
            },
            {
                "user": "UFT7XUWJX",
                "ts": "1551003163.072100"
            },
            {
                "user": "UFFJ077SL",
                "ts": "1551003206.073100"
            },
            {
                "user": "UFFJ077SL",
                "ts": "1551003216.073400"
            },
            {
                "user": "UFFJ077SL",
                "ts": "1551003246.074300"
            },
            {
                "user": "UFFJ077SL",
                "ts": "1551003266.074800"
            },
            {
                "user": "UFFJ077SL",
                "ts": "1551003281.075300"
            },
            {
                "user": "UFFJ077SL",
                "ts": "1551003310.075600"
            },
            {
                "user": "UFFJ077SL",
                "ts": "1551003323.075800"
            },
            {
                "user": "UFT7XUWJX",
                "ts": "1551003338.076000"
            },
            {
                "user": "UFT7XUWJX",
                "ts": "1551003344.076200"
            },
            {
                "user": "UFFJ077SL",
                "ts": "1551003369.076400"
            },
            {
                "user": "UFFJ077SL",
                "ts": "1551003381.076600"
            },
            {
                "user": "UFT7XUWJX",
                "ts": "1551003381.076800"
            },
            {
                "user": "UFT7XUWJX",
                "ts": "1551003411.077000"
            },
            {
                "user": "UFT7XUWJX",
                "ts": "1551003422.077200"
            },
            {
                "user": "UFFJ077SL",
                "ts": "1551003451.077400"
            },
            {
                "user": "UFFJ077SL",
                "ts": "1551003464.077600"
            },
            {
                "user": "UFFJ077SL",
                "ts": "1551003480.077800"
            },
            {
                "user": "UFT7XUWJX",
                "ts": "1551003481.078000"
            },
            {
                "user": "UFT7XUWJX",
                "ts": "1551003485.078200"
            },
            {
                "user": "UFT7XUWJX",
                "ts": "1551003486.078400"
            },
            {
                "user": "UFT7XUWJX",
                "ts": "1551003504.078600"
            },
            {
                "user": "UFT7XUWJX",
                "ts": "1551003514.078800"
            },
            {
                "user": "UFFJ077SL",
                "ts": "1551003529.079000"
            },
            {
                "user": "UFFJ077SL",
                "ts": "1551003535.079200"
            },
            {
                "user": "UFFJ077SL",
                "ts": "1551003539.079400"
            },
            {
                "user": "UFT7XUWJX",
                "ts": "1551003541.079600"
            },
            {
                "user": "UFT7XUWJX",
                "ts": "1551003545.079800"
            },
            {
                "user": "UFFJ077SL",
                "ts": "1551003560.080000"
            },
            {
                "user": "UFT7XUWJX",
                "ts": "1551003562.080200"
            },
            {
                "user": "UFFJ077SL",
                "ts": "1551003586.080400"
            },
            {
                "user": "UFFJ077SL",
                "ts": "1551003592.080600"
            },
            {
                "user": "UFFJ077SL",
                "ts": "1551003599.080800"
            },
            {
                "user": "UFT7XUWJX",
                "ts": "1551003671.081000"
            },
            {
                "user": "UFT7XUWJX",
                "ts": "1551003677.081200"
            },
            {
                "user": "UFFJ077SL",
                "ts": "1551003713.081400"
            },
            {
                "user": "UFFJ077SL",
                "ts": "1551003725.081600"
            },
            {
                "user": "UFT7XUWJX",
                "ts": "1551003729.081800"
            },
            {
                "user": "UFT7XUWJX",
                "ts": "1551003737.082000"
            },
            {
                "user": "UFT7XUWJX",
                "ts": "1551003740.082200"
            },
            {
                "user": "UFT7XUWJX",
                "ts": "1551003822.082400"
            },
            {
                "user": "UFT7XUWJX",
                "ts": "1551003825.082600"
            },
            {
                "user": "UFFJ077SL",
                "ts": "1551003873.082800"
            },
            {
                "user": "UFFJ077SL",
                "ts": "1551003882.083000"
            },
            {
                "user": "UFFJ077SL",
                "ts": "1551003890.083200"
            },
            {
                "user": "UFFJ077SL",
                "ts": "1551003896.083400"
            },
            {
                "user": "UFT7XUWJX",
                "ts": "1551003899.083600"
            },
            {
                "user": "UFT7XUWJX",
                "ts": "1551003928.083800"
            }
        ]
    },
    {
        "client_msg_id": "d8ddb3a6-5385-4a87-9f71-7a0decb45bf6",
        "type": "message",
        "text": "в нем же нет инициализации юзеров для теста, init не вызывается",
        "user": "UFFJ077SL",
        "ts": "1550999917.069700"
    },
    {
        "client_msg_id": "856bdb10-e3df-4e65-847a-ec79bfbc7f53",
        "type": "message",
        "text": "Все тесты должны работать. В этом и смысл optional дз , починить тесты",
        "user": "UFKG13683",
        "ts": "1551001408.069800",
        "thread_ts": "1550999868.069300",
        "parent_user_id": "UFFJ077SL"
    },
    {
        "client_msg_id": "d3c00812-9d3a-4163-863d-a2019308d15a",
        "type": "message",
        "text": "я когда смотрю видео, я дз даже не видел, откуда мне знать, что что то нужно чинить?(",
        "user": "UFFJ077SL",
        "ts": "1551001456.070000",
        "thread_ts": "1550999868.069300",
        "parent_user_id": "UFFJ077SL"
    },
    {
        "client_msg_id": "b1dcf09d-8041-4742-a23e-95850a93118f",
        "type": "message",
        "text": "я смотрю видео, в видео все работает",
        "user": "UFFJ077SL",
        "ts": "1551001466.070200",
        "thread_ts": "1550999868.069300",
        "parent_user_id": "UFFJ077SL"
    },
    {
        "client_msg_id": "0479aae9-38e5-4f80-b9ef-53411dfd392a",
        "type": "message",
        "text": "единственное, что там было сказано, что нужно будет тоже самое сделать для meal",
        "user": "UFFJ077SL",
        "ts": "1551001478.070400",
        "thread_ts": "1550999868.069300",
        "parent_user_id": "UFFJ077SL"
    },
    {
        "client_msg_id": "cf461fb6-b26c-4ba0-99ec-3abcf5164220",
        "type": "message",
        "text": "или нужно сначала читать дз, а потом уже видео смотреть?",
        "user": "UFFJ077SL",
        "ts": "1551001493.070600",
        "edited": {
            "user": "UFFJ077SL",
            "ts": "1551001631.000000"
        },
        "thread_ts": "1550999868.069300",
        "parent_user_id": "UFFJ077SL"
    },
    {
        "client_msg_id": "15b22c79-323e-4c88-bcb4-50104c56ce9c",
        "type": "message",
        "text": "Что именно не работает в UserServiceTest?\nМы же его не трогаем, он должен работать",
        "user": "UFKG13683",
        "ts": "1551001666.070900",
        "thread_ts": "1550999868.069300",
        "parent_user_id": "UFFJ077SL"
    },
    {
        "client_msg_id": "a835d8ab-0475-4342-848c-cd8c5071d7b5",
        "type": "message",
        "text": "Tests failed 7",
        "user": "UFFJ077SL",
        "ts": "1551002292.071100",
        "thread_ts": "1550999868.069300",
        "parent_user_id": "UFFJ077SL"
    },
    {
        "client_msg_id": "8c23a37f-9587-40e7-b8f6-c26969085cb1",
        "type": "message",
        "text": ":slightly_smiling_face:",
        "user": "UFFJ077SL",
        "ts": "1551002294.071300",
        "thread_ts": "1550999868.069300",
        "parent_user_id": "UFFJ077SL"
    },
    {
        "client_msg_id": "68569636-6b03-45e1-9e97-3d8aabca80b5",
        "type": "message",
        "text": "сами тесты запускаются без проблем",
        "user": "UFFJ077SL",
        "ts": "1551002353.071500",
        "thread_ts": "1550999868.069300",
        "parent_user_id": "UFFJ077SL"
    },
    {
        "client_msg_id": "d6d73002-f323-4716-ab50-286e8ea92ff2",
        "type": "message",
        "text": "просто не проходятся",
        "user": "UFFJ077SL",
        "ts": "1551002360.071700",
        "thread_ts": "1550999868.069300",
        "parent_user_id": "UFFJ077SL"
    },
    {
        "client_msg_id": "a95da5ef-a27d-40b6-b820-8ac473af3d0f",
        "type": "message",
        "text": "посмотри логи: там либо нет такого бина, либо два бина",
        "user": "UFT7XUWJX",
        "ts": "1551003129.071900",
        "thread_ts": "1550999868.069300",
        "parent_user_id": "UFFJ077SL"
    },
    {
        "client_msg_id": "c84d52a5-668b-44f1-983f-794aae2fb588",
        "type": "message",
        "text": "если нет такого, то одбавляй в контекст, если два, то укажи аннотацией какой использовать",
        "user": "UFT7XUWJX",
        "ts": "1551003163.072100",
        "thread_ts": "1550999868.069300",
        "parent_user_id": "UFFJ077SL"
    },
    {
        "client_msg_id": "640e6863-ba5f-4298-aceb-521d1417f9db",
        "type": "message",
        "text": "assertMatch(service.getAll(), ADMIN, newUser, USER);",
        "user": "UFFJ077SL",
        "ts": "1551003206.073100",
        "thread_ts": "1550999868.069300",
        "parent_user_id": "UFFJ077SL"
    },
    {
        "client_msg_id": "31216457-c1a2-41cc-a7e1-8326ccd08592",
        "type": "message",
        "text": "в методе create",
        "user": "UFFJ077SL",
        "ts": "1551003216.073400",
        "edited": {
            "user": "UFFJ077SL",
            "ts": "1551003239.000000"
        },
        "thread_ts": "1550999868.069300",
        "parent_user_id": "UFFJ077SL"
    },
    {
        "client_msg_id": "93fcca36-f2e8-46de-9fbe-cd464fa91533",
        "type": "message",
        "text": "в UserServiceTest",
        "user": "UFFJ077SL",
        "ts": "1551003246.074300",
        "thread_ts": "1550999868.069300",
        "parent_user_id": "UFFJ077SL"
    },
    {
        "client_msg_id": "6dabf616-eae7-4619-8824-e56a473b065f",
        "type": "message",
        "text": "getAll возвращает только 1 элемент, который мы сами туда и засунули",
        "user": "UFFJ077SL",
        "ts": "1551003266.074800",
        "thread_ts": "1550999868.069300",
        "parent_user_id": "UFFJ077SL"
    },
    {
        "client_msg_id": "5a32131a-6cc1-4178-b7a0-48135e19dc1d",
        "type": "message",
        "text": "где мы туда заносим админа и юзера, я не нашел",
        "user": "UFFJ077SL",
        "ts": "1551003281.075300",
        "thread_ts": "1550999868.069300",
        "parent_user_id": "UFFJ077SL"
    },
    {
        "client_msg_id": "77d9d573-c906-4714-9706-f8e00f8111d0",
        "type": "message",
        "text": "Вопрос поинтереснее, почему ели даже в таблице есть время, то при сождании meal дата-время = null. В примере с пользователями обошли хитро: сразу иннициализация новой датой ). В еде так нельзя (превышение не посчитать). Прошу подсказки.",
        "user": "UFT7XUWJX",
        "ts": "1551003283.075500"
    },
    {
        "client_msg_id": "c170239c-cf06-4dd0-a835-2d30e7a62577",
        "type": "message",
        "text": "в тестах контроллеров мы вызываем     @Before\n    public void setUp() throws Exception {\n        repository.init();\n    }",
        "user": "UFFJ077SL",
        "ts": "1551003310.075600",
        "thread_ts": "1550999868.069300",
        "parent_user_id": "UFFJ077SL"
    },
    {
        "client_msg_id": "b00b01d4-e46b-4a4a-b17e-0193c37e64a9",
        "type": "message",
        "text": "который заполняет репозиторий тестовыми данными",
        "user": "UFFJ077SL",
        "ts": "1551003323.075800",
        "thread_ts": "1550999868.069300",
        "parent_user_id": "UFFJ077SL"
    },
    {
        "client_msg_id": "2201cea0-145e-4dcc-a681-548d836017cb",
        "type": "message",
        "text": "используй inmemory для этого теста",
        "user": "UFT7XUWJX",
        "ts": "1551003338.076000",
        "thread_ts": "1550999868.069300",
        "parent_user_id": "UFFJ077SL"
    },
    {
        "client_msg_id": "e3004c51-e81a-4449-855e-a4c34892d8f5",
        "type": "message",
        "text": "там заполняется",
        "user": "UFT7XUWJX",
        "ts": "1551003344.076200",
        "thread_ts": "1550999868.069300",
        "parent_user_id": "UFFJ077SL"
    },
    {
        "client_msg_id": "d98c226b-2b70-4dd5-a1d8-824ea116085f",
        "type": "message",
        "text": "public void init() {\n        entryMap.clear();\n        entryMap.put(UserTestData.USER_ID, USER);\n        entryMap.put(UserTestData.ADMIN_ID, ADMIN);\n    }",
        "user": "UFFJ077SL",
        "ts": "1551003369.076400",
        "thread_ts": "1550999868.069300",
        "parent_user_id": "UFFJ077SL"
    },
    {
        "client_msg_id": "33c4f087-be14-458c-9e8f-477560ee67e5",
        "type": "message",
        "text": "пока этот метод не вызовешь - врятли там что то заполнился )",
        "user": "UFFJ077SL",
        "ts": "1551003381.076600",
        "thread_ts": "1550999868.069300",
        "parent_user_id": "UFFJ077SL"
    },
    {
        "client_msg_id": "a985d0cb-23ec-4037-8182-cfb257fa2b2d",
        "type": "message",
        "text": "тьфу",
        "user": "UFT7XUWJX",
        "ts": "1551003381.076800",
        "thread_ts": "1550999868.069300",
        "parent_user_id": "UFFJ077SL"
    },
    {
        "client_msg_id": "684b6598-376d-4984-9a34-3fbe15d18486",
        "type": "message",
        "text": "еще раз вопрос, пожалуйста",
        "user": "UFT7XUWJX",
        "ts": "1551003411.077000",
        "thread_ts": "1550999868.069300",
        "parent_user_id": "UFFJ077SL"
    },
    {
        "client_msg_id": "0a9f942a-ed32-442a-8925-264179f72bcc",
        "type": "message",
        "text": "я думал у тебя как у меня ошибки были",
        "user": "UFT7XUWJX",
        "ts": "1551003422.077200",
        "thread_ts": "1550999868.069300",
        "parent_user_id": "UFFJ077SL"
    },
    {
        "client_msg_id": "50dcd898-0dac-448a-bce3-2de9a7ff5e30",
        "type": "message",
        "text": "я применил все патчи, последовательно",
        "user": "UFFJ077SL",
        "ts": "1551003451.077400",
        "thread_ts": "1550999868.069300",
        "parent_user_id": "UFFJ077SL"
    },
    {
        "client_msg_id": "c2c6ce6d-1510-4f63-90d3-859d9a6ea4c2",
        "type": "message",
        "text": "сравнил араксисом даже, что у меня проект такой же, как в мастер ветке преподавателя",
        "user": "UFFJ077SL",
        "ts": "1551003464.077600",
        "thread_ts": "1550999868.069300",
        "parent_user_id": "UFFJ077SL"
    },
    {
        "client_msg_id": "6d60a80a-d6d7-4877-b765-78b7fd45b9eb",
        "type": "message",
        "text": "смотрю видео Тестирование UserService через AssertJ.",
        "user": "UFFJ077SL",
        "ts": "1551003480.077800",
        "thread_ts": "1550999868.069300",
        "parent_user_id": "UFFJ077SL"
    },
    {
        "client_msg_id": "49d45752-94d0-4234-925e-c08db24c380e",
        "type": "message",
        "text": "все равно не понял )",
        "user": "UFT7XUWJX",
        "ts": "1551003481.078000",
        "thread_ts": "1550999868.069300",
        "parent_user_id": "UFFJ077SL"
    },
    {
        "client_msg_id": "e3c36d0c-4eef-4fab-803f-961ce80384de",
        "type": "message",
        "text": "отвечу как понял",
        "user": "UFT7XUWJX",
        "ts": "1551003485.078200",
        "thread_ts": "1550999868.069300",
        "parent_user_id": "UFFJ077SL"
    },
    {
        "client_msg_id": "55b24264-98b9-4019-b614-4f6bbb6de676",
        "type": "message",
        "text": "@Autowired\n    public UserServiceImpl(@Qualifier(\"jdbcUserRepositoryImpl\") UserRepository repository) {\n        this.repository = repository;\n    }",
        "user": "UFT7XUWJX",
        "ts": "1551003486.078400",
        "thread_ts": "1550999868.069300",
        "parent_user_id": "UFFJ077SL"
    },
    {
        "client_msg_id": "2a1e00f3-1f7f-4f01-bb2b-7df61e16a0a3",
        "type": "message",
        "text": "в юзерсервис",
        "user": "UFT7XUWJX",
        "ts": "1551003504.078600",
        "thread_ts": "1550999868.069300",
        "parent_user_id": "UFFJ077SL"
    },
    {
        "client_msg_id": "316edf1e-023f-48cb-a4d2-11868d6d90ce",
        "type": "message",
        "text": "ты же тетируешь из памяти",
        "user": "UFT7XUWJX",
        "ts": "1551003514.078800",
        "thread_ts": "1550999868.069300",
        "parent_user_id": "UFFJ077SL"
    },
    {
        "client_msg_id": "ac6a4953-5581-42bf-8c0b-d377a6288e93",
        "type": "message",
        "text": "да из памяти )",
        "user": "UFFJ077SL",
        "ts": "1551003529.079000",
        "thread_ts": "1550999868.069300",
        "parent_user_id": "UFFJ077SL"
    },
    {
        "client_msg_id": "c852a765-7d8d-4412-be48-45877ddb0fc3",
        "type": "message",
        "text": "у меня все норм работает",
        "user": "UFFJ077SL",
        "ts": "1551003535.079200",
        "thread_ts": "1550999868.069300",
        "parent_user_id": "UFFJ077SL"
    },
    {
        "client_msg_id": "8f557553-8c3c-4410-97e2-d94d118d947d",
        "type": "message",
        "text": "берется из памяти",
        "user": "UFFJ077SL",
        "ts": "1551003539.079400",
        "thread_ts": "1550999868.069300",
        "parent_user_id": "UFFJ077SL"
    },
    {
        "client_msg_id": "cdbfe6a4-39e8-411f-92c6-f2862109525a",
        "type": "message",
        "text": "\/\/    @Autowired\n\/\/    public UserServiceImpl(@Qualifier(\"inMemoryUserRepositoryImpl\") UserRepository repository) {\n\/\/        this.repository = repository;\n\/\/    }",
        "user": "UFT7XUWJX",
        "ts": "1551003541.079600",
        "thread_ts": "1550999868.069300",
        "parent_user_id": "UFFJ077SL"
    },
    {
        "client_msg_id": "c6d99cb6-35ff-4386-b93c-7d031af92cea",
        "type": "message",
        "text": "тогда так",
        "user": "UFT7XUWJX",
        "ts": "1551003545.079800",
        "thread_ts": "1550999868.069300",
        "parent_user_id": "UFFJ077SL"
    },
    {
        "client_msg_id": "5721a7cf-0a7b-4f8d-bfa0-ce0d0361c3fe",
        "type": "message",
        "text": "а как репозиторий значениями заполнился у вас?",
        "user": "UFFJ077SL",
        "ts": "1551003560.080000",
        "thread_ts": "1550999868.069300",
        "parent_user_id": "UFFJ077SL"
    },
    {
        "client_msg_id": "9cd89561-f1c3-49f2-9524-acbedbaad06a",
        "type": "message",
        "text": "тебе надо указать какой бин использовать в контексте",
        "user": "UFT7XUWJX",
        "ts": "1551003562.080200",
        "thread_ts": "1550999868.069300",
        "parent_user_id": "UFFJ077SL"
    },
    {
        "client_msg_id": "885ebc75-70c6-4d10-abb3-27552f55becf",
        "type": "message",
        "text": "если не вызвать метод init",
        "user": "UFFJ077SL",
        "ts": "1551003586.080400",
        "thread_ts": "1550999868.069300",
        "parent_user_id": "UFFJ077SL"
    },
    {
        "client_msg_id": "07d60035-eb5c-42a7-97ec-19039586654d",
        "type": "message",
        "text": "репозиторий будет пустой",
        "user": "UFFJ077SL",
        "ts": "1551003592.080600",
        "thread_ts": "1550999868.069300",
        "parent_user_id": "UFFJ077SL"
    },
    {
        "client_msg_id": "e2d837a2-8e73-4c74-a4b3-9a70f4d4a89b",
        "type": "message",
        "text": "в нем не будет никаких данных",
        "user": "UFFJ077SL",
        "ts": "1551003599.080800",
        "thread_ts": "1550999868.069300",
        "parent_user_id": "UFFJ077SL"
    },
    {
        "client_msg_id": "e5338645-3dcb-4a0c-91a0-3ca45365f01e",
        "type": "message",
        "text": "да",
        "user": "UFT7XUWJX",
        "ts": "1551003671.081000",
        "thread_ts": "1550999868.069300",
        "parent_user_id": "UFFJ077SL"
    },
    {
        "client_msg_id": "6ed4d016-cedf-4759-a6bf-ac6786ef5188",
        "type": "message",
        "text": "а зачем его убирать?",
        "user": "UFT7XUWJX",
        "ts": "1551003677.081200",
        "thread_ts": "1550999868.069300",
        "parent_user_id": "UFFJ077SL"
    },
    {
        "client_msg_id": "6be66d0d-0e34-4ecc-a9a6-c7bead650ab3",
        "type": "message",
        "text": "в UserServiceTest не вызывается метод init",
        "user": "UFFJ077SL",
        "ts": "1551003713.081400",
        "thread_ts": "1550999868.069300",
        "parent_user_id": "UFFJ077SL"
    },
    {
        "client_msg_id": "cbfbbc9e-9975-4d44-aa68-3b119eebe9c4",
        "type": "message",
        "text": "вот я и спрашиваю, откуда в репозитории возьмутся данные )",
        "user": "UFFJ077SL",
        "ts": "1551003725.081600",
        "thread_ts": "1550999868.069300",
        "parent_user_id": "UFFJ077SL"
    },
    {
        "client_msg_id": "f6b232b5-3b18-495e-a9bc-5319a3dccf67",
        "type": "message",
        "text": "понял, что надо )",
        "user": "UFT7XUWJX",
        "ts": "1551003729.081800",
        "thread_ts": "1550999868.069300",
        "parent_user_id": "UFFJ077SL"
    },
    {
        "client_msg_id": "cd781419-4d95-4e8a-8160-634a8533f5a5",
        "type": "message",
        "text": "сейчас посмотрю",
        "user": "UFT7XUWJX",
        "ts": "1551003737.082000",
        "thread_ts": "1550999868.069300",
        "parent_user_id": "UFFJ077SL"
    },
    {
        "client_msg_id": "bef517eb-2f23-4562-9936-7af043585415",
        "type": "message",
        "text": "у меня работает",
        "user": "UFT7XUWJX",
        "ts": "1551003740.082200",
        "thread_ts": "1550999868.069300",
        "parent_user_id": "UFFJ077SL"
    },
    {
        "client_msg_id": "b682b8f2-99ca-4d6d-90e4-6f96cf94f25f",
        "type": "message",
        "text": "он с базы )",
        "user": "UFT7XUWJX",
        "ts": "1551003822.082400",
        "thread_ts": "1550999868.069300",
        "parent_user_id": "UFFJ077SL"
    },
    {
        "client_msg_id": "1ea7641e-b547-410b-ad6d-5767810e7c89",
        "type": "message",
        "text": "у меня так",
        "user": "UFT7XUWJX",
        "ts": "1551003825.082600",
        "thread_ts": "1550999868.069300",
        "parent_user_id": "UFFJ077SL"
    },
    {
        "client_msg_id": "9fd53ea0-b0c7-43fc-ba29-9727f9ef1ddd",
        "type": "message",
        "text": "нашел косяк, когда я “фиксил” чтобы у нас брались данные не из базы, а моки",
        "user": "UFFJ077SL",
        "ts": "1551003873.082800",
        "thread_ts": "1550999868.069300",
        "parent_user_id": "UFFJ077SL"
    },
    {
        "client_msg_id": "dd8d2ab2-67b9-4ccb-9d7b-135d3a80ef31",
        "type": "message",
        "text": "я прописал второй конфиг спринга в тестовых ресурсах",
        "user": "UFFJ077SL",
        "ts": "1551003882.083000",
        "thread_ts": "1550999868.069300",
        "parent_user_id": "UFFJ077SL"
    },
    {
        "client_msg_id": "f4e2c920-8b61-414b-a6cf-1d8f4a512fa0",
        "type": "message",
        "text": "это все и развалило :slightly_smiling_face:",
        "user": "UFFJ077SL",
        "ts": "1551003890.083200",
        "thread_ts": "1550999868.069300",
        "parent_user_id": "UFFJ077SL"
    },
    {
        "client_msg_id": "b7391256-2387-4c03-9bb6-9b0181201137",
        "type": "message",
        "text": "извините, что вынес всем мозг :slightly_smiling_face:",
        "user": "UFFJ077SL",
        "ts": "1551003896.083400",
        "thread_ts": "1550999868.069300",
        "parent_user_id": "UFFJ077SL"
    },
    {
        "client_msg_id": "436278d5-71bf-47e8-98b3-77b06fd44299",
        "type": "message",
        "text": ":slightly_smiling_face:",
        "user": "UFT7XUWJX",
        "ts": "1551003899.083600",
        "thread_ts": "1550999868.069300",
        "parent_user_id": "UFFJ077SL"
    },
    {
        "client_msg_id": "4b1dd35e-3f2d-422d-906e-202737fec355",
        "type": "message",
        "text": "замечательно )) моя очередь",
        "user": "UFT7XUWJX",
        "ts": "1551003928.083800",
        "thread_ts": "1550999868.069300",
        "parent_user_id": "UFFJ077SL"
    },
    {
        "client_msg_id": "713817b3-0b54-41b4-9cf1-cb8c05ee34bb",
        "type": "message",
        "text": "Почему нул в меал если в бд есть дата-время?",
        "user": "UFT7XUWJX",
        "ts": "1551005377.084400",
        "thread_ts": "1551005377.084400",
        "reply_count": 88,
        "reply_users_count": 3,
        "latest_reply": "1551018538.107600",
        "reply_users": [
            "UFVTNRHNK",
            "UFT7XUWJX",
            "UFKG13683"
        ],
        "replies": [
            {
                "user": "UFVTNRHNK",
                "ts": "1551005543.085200"
            },
            {
                "user": "UFT7XUWJX",
                "ts": "1551005787.085600"
            },
            {
                "user": "UFT7XUWJX",
                "ts": "1551005827.085800"
            },
            {
                "user": "UFT7XUWJX",
                "ts": "1551005835.086000"
            },
            {
                "user": "UFT7XUWJX",
                "ts": "1551005886.086200"
            },
            {
                "user": "UFT7XUWJX",
                "ts": "1551005914.086400"
            },
            {
                "user": "UFVTNRHNK",
                "ts": "1551006109.086600"
            },
            {
                "user": "UFT7XUWJX",
                "ts": "1551006119.086800"
            },
            {
                "user": "UFVTNRHNK",
                "ts": "1551006140.087000"
            },
            {
                "user": "UFT7XUWJX",
                "ts": "1551006152.087200"
            },
            {
                "user": "UFT7XUWJX",
                "ts": "1551006158.087400"
            },
            {
                "user": "UFVTNRHNK",
                "ts": "1551006181.087600"
            },
            {
                "user": "UFT7XUWJX",
                "ts": "1551006202.087800"
            },
            {
                "user": "UFT7XUWJX",
                "ts": "1551006218.088000"
            },
            {
                "user": "UFT7XUWJX",
                "ts": "1551006227.088200"
            },
            {
                "user": "UFT7XUWJX",
                "ts": "1551006243.088400"
            },
            {
                "user": "UFT7XUWJX",
                "ts": "1551006265.088600"
            },
            {
                "user": "UFT7XUWJX",
                "ts": "1551006281.088800"
            },
            {
                "user": "UFVTNRHNK",
                "ts": "1551006343.089000"
            },
            {
                "user": "UFT7XUWJX",
                "ts": "1551006377.089200"
            },
            {
                "user": "UFVTNRHNK",
                "ts": "1551006393.089400"
            },
            {
                "user": "UFT7XUWJX",
                "ts": "1551006394.089600"
            },
            {
                "user": "UFVTNRHNK",
                "ts": "1551006452.089800"
            },
            {
                "user": "UFT7XUWJX",
                "ts": "1551006548.090000"
            },
            {
                "user": "UFKG13683",
                "ts": "1551007014.090200"
            },
            {
                "user": "UFT7XUWJX",
                "ts": "1551008442.090400"
            },
            {
                "user": "UFT7XUWJX",
                "ts": "1551008471.090600"
            },
            {
                "user": "UFT7XUWJX",
                "ts": "1551009879.090900"
            },
            {
                "user": "UFT7XUWJX",
                "ts": "1551009882.091100"
            },
            {
                "user": "UFT7XUWJX",
                "ts": "1551009903.091300"
            },
            {
                "user": "UFT7XUWJX",
                "ts": "1551009907.091500"
            },
            {
                "user": "UFT7XUWJX",
                "ts": "1551009919.091700"
            },
            {
                "user": "UFKG13683",
                "ts": "1551010059.091900"
            },
            {
                "user": "UFT7XUWJX",
                "ts": "1551010088.092100"
            },
            {
                "user": "UFT7XUWJX",
                "ts": "1551010099.092300"
            },
            {
                "user": "UFT7XUWJX",
                "ts": "1551010133.092500"
            },
            {
                "user": "UFT7XUWJX",
                "ts": "1551010135.092700"
            },
            {
                "user": "UFKG13683",
                "ts": "1551010176.092900"
            },
            {
                "user": "UFT7XUWJX",
                "ts": "1551010204.093100"
            },
            {
                "user": "UFT7XUWJX",
                "ts": "1551010210.093400"
            },
            {
                "user": "UFKG13683",
                "ts": "1551010228.093600"
            },
            {
                "user": "UFKG13683",
                "ts": "1551010316.093800"
            },
            {
                "user": "UFT7XUWJX",
                "ts": "1551010416.094100"
            },
            {
                "user": "UFT7XUWJX",
                "ts": "1551010449.094300"
            },
            {
                "user": "UFT7XUWJX",
                "ts": "1551010463.094500"
            },
            {
                "user": "UFT7XUWJX",
                "ts": "1551010474.094700"
            },
            {
                "user": "UFT7XUWJX",
                "ts": "1551010508.094900"
            },
            {
                "user": "UFKG13683",
                "ts": "1551010511.095100"
            },
            {
                "user": "UFT7XUWJX",
                "ts": "1551010518.095300"
            },
            {
                "user": "UFT7XUWJX",
                "ts": "1551010536.095500"
            },
            {
                "user": "UFT7XUWJX",
                "ts": "1551010542.095700"
            },
            {
                "user": "UFT7XUWJX",
                "ts": "1551010547.095900"
            },
            {
                "user": "UFT7XUWJX",
                "ts": "1551010567.096100"
            },
            {
                "user": "UFT7XUWJX",
                "ts": "1551010589.096300"
            },
            {
                "user": "UFT7XUWJX",
                "ts": "1551010613.096500"
            },
            {
                "user": "UFT7XUWJX",
                "ts": "1551010617.096700"
            },
            {
                "user": "UFT7XUWJX",
                "ts": "1551010636.096900"
            },
            {
                "user": "UFT7XUWJX",
                "ts": "1551010650.097100"
            },
            {
                "user": "UFT7XUWJX",
                "ts": "1551010655.097300"
            },
            {
                "user": "UFKG13683",
                "ts": "1551010703.097500"
            },
            {
                "user": "UFKG13683",
                "ts": "1551011541.097700"
            },
            {
                "user": "UFT7XUWJX",
                "ts": "1551011550.097900"
            },
            {
                "user": "UFKG13683",
                "ts": "1551011551.098100"
            },
            {
                "user": "UFT7XUWJX",
                "ts": "1551011559.098300"
            },
            {
                "user": "UFKG13683",
                "ts": "1551011603.098500"
            },
            {
                "user": "UFT7XUWJX",
                "ts": "1551011607.098700"
            },
            {
                "user": "UFKG13683",
                "ts": "1551011625.098900"
            },
            {
                "user": "UFT7XUWJX",
                "ts": "1551011630.099100"
            },
            {
                "user": "UFT7XUWJX",
                "ts": "1551011637.099300"
            },
            {
                "user": "UFKG13683",
                "ts": "1551011657.099500"
            },
            {
                "user": "UFT7XUWJX",
                "ts": "1551011664.099700"
            },
            {
                "user": "UFT7XUWJX",
                "ts": "1551011667.099900"
            },
            {
                "user": "UFT7XUWJX",
                "ts": "1551011680.100100"
            },
            {
                "user": "UFKG13683",
                "ts": "1551011730.100300"
            },
            {
                "user": "UFT7XUWJX",
                "ts": "1551011855.100500"
            },
            {
                "user": "UFT7XUWJX",
                "ts": "1551011930.100700"
            },
            {
                "user": "UFT7XUWJX",
                "ts": "1551011935.100900"
            },
            {
                "user": "UFT7XUWJX",
                "ts": "1551011937.101100"
            },
            {
                "user": "UFT7XUWJX",
                "ts": "1551011968.101300"
            },
            {
                "user": "UFT7XUWJX",
                "ts": "1551011989.101500"
            },
            {
                "user": "UFKG13683",
                "ts": "1551012057.101700"
            },
            {
                "user": "UFKG13683",
                "ts": "1551012226.101900"
            },
            {
                "user": "UFT7XUWJX",
                "ts": "1551012591.102100"
            },
            {
                "user": "UFT7XUWJX",
                "ts": "1551012610.102300"
            },
            {
                "user": "UFT7XUWJX",
                "ts": "1551012710.102500"
            },
            {
                "user": "UFT7XUWJX",
                "ts": "1551012713.102700"
            },
            {
                "user": "UFT7XUWJX",
                "ts": "1551018502.107400"
            },
            {
                "user": "UFT7XUWJX",
                "ts": "1551018538.107600"
            }
        ]
    },
    {
        "client_msg_id": "d6d141e7-99ed-4d1d-9d67-0c63cf10af4a",
        "type": "message",
        "text": "А что в логе? что-то такое есть no property found for column mapped to field ? И скажи как называется поле для даты-времени в бд ?",
        "user": "UFVTNRHNK",
        "ts": "1551005543.085200",
        "edited": {
            "user": "UFVTNRHNK",
            "ts": "1551005698.000000"
        },
        "thread_ts": "1551005377.084400",
        "parent_user_id": "UFT7XUWJX"
    },
    {
        "client_msg_id": "f2ab8030-72c4-4456-afae-46750d95a228",
        "type": "message",
        "text": "24-Feb-2019 13:47:58.945 SEVERE [http-nio-8080-exec-5] org.apache.catalina.core.StandardWrapperValve.invoke Servlet.service() for servlet [mealServlet] in context with path [\/topjava] threw exception\n java.lang.NullPointerException\n\tat ru.javawebinar.topjava.util.MealsUtil.lambda$getFilteredWithExcess$2(MealsUtil.java:43)",
        "user": "UFT7XUWJX",
        "ts": "1551005787.085600",
        "thread_ts": "1551005377.084400",
        "parent_user_id": "UFT7XUWJX"
    },
    {
        "client_msg_id": "c23dd693-262e-4883-9477-aa9a40faba01",
        "type": "message",
        "text": "все остальные поля возвращает со значениями",
        "user": "UFT7XUWJX",
        "ts": "1551005827.085800",
        "thread_ts": "1551005377.084400",
        "parent_user_id": "UFT7XUWJX"
    },
    {
        "client_msg_id": "c92d4ee6-6586-42b1-a333-f9f26aa1585f",
        "type": "message",
        "text": "а именно дату не хочет",
        "user": "UFT7XUWJX",
        "ts": "1551005835.086000",
        "thread_ts": "1551005377.084400",
        "parent_user_id": "UFT7XUWJX"
    },
    {
        "client_msg_id": "789c0228-fec0-405b-83a8-6a5b669f3fc4",
        "type": "message",
        "text": "public List&lt;Meal&gt; getAll() {\n        return jdbcTemplate.query(\"SELECT * FROM meals ORDER BY registered\", MEAL_ROW_MAPPER);\n    }",
        "user": "UFT7XUWJX",
        "ts": "1551005886.086200",
        "thread_ts": "1551005377.084400",
        "parent_user_id": "UFT7XUWJX"
    },
    {
        "client_msg_id": "845d729a-9f29-43b3-969b-f3b7d82b24a7",
        "type": "message",
        "text": "Возвращает лист, в листе все с пустыми датами",
        "user": "UFT7XUWJX",
        "ts": "1551005914.086400",
        "thread_ts": "1551005377.084400",
        "parent_user_id": "UFT7XUWJX"
    },
    {
        "client_msg_id": "d17643f5-d18a-43fc-928a-dae68dfc404e",
        "type": "message",
        "text": "в таблице meal в поле для дыты тоже registered ?",
        "user": "UFVTNRHNK",
        "ts": "1551006109.086600",
        "thread_ts": "1551005377.084400",
        "parent_user_id": "UFT7XUWJX"
    },
    {
        "client_msg_id": "5d78f2e0-67a5-4e8a-a064-4f51b664c1ed",
        "type": "message",
        "text": "да",
        "user": "UFT7XUWJX",
        "ts": "1551006119.086800",
        "thread_ts": "1551005377.084400",
        "parent_user_id": "UFT7XUWJX"
    },
    {
        "client_msg_id": "9ee8239c-7e5e-4770-83d0-a363e7b2a5c2",
        "type": "message",
        "text": "в getAll() для meal user_id передаем же",
        "user": "UFVTNRHNK",
        "ts": "1551006140.087000",
        "thread_ts": "1551005377.084400",
        "parent_user_id": "UFT7XUWJX"
    },
    {
        "client_msg_id": "ab62cb06-d8b4-40c1-89c1-f94d679f788e",
        "type": "message",
        "text": "пока хоть без него",
        "user": "UFT7XUWJX",
        "ts": "1551006152.087200",
        "thread_ts": "1551005377.084400",
        "parent_user_id": "UFT7XUWJX"
    },
    {
        "client_msg_id": "477898b3-fe2b-4ae5-8886-dbbffac06aac",
        "type": "message",
        "text": "это потом легко доделать",
        "user": "UFT7XUWJX",
        "ts": "1551006158.087400",
        "thread_ts": "1551005377.084400",
        "parent_user_id": "UFT7XUWJX"
    },
    {
        "client_msg_id": "d90728d3-03a9-4faf-86ba-5804e33a898b",
        "type": "message",
        "text": "в запрос думаю стоит добавть where user_id = ?",
        "user": "UFVTNRHNK",
        "ts": "1551006181.087600",
        "thread_ts": "1551005377.084400",
        "parent_user_id": "UFT7XUWJX"
    },
    {
        "client_msg_id": "f3e2ae81-0dd6-47e1-9525-7c01cd02766a",
        "type": "message",
        "text": "я пока простую таблицу без связки с таблцей userId не могу доделать",
        "user": "UFT7XUWJX",
        "ts": "1551006202.087800",
        "thread_ts": "1551005377.084400",
        "parent_user_id": "UFT7XUWJX"
    },
    {
        "client_msg_id": "bd7edcfa-6060-4b3d-89fd-d5662e291d15",
        "type": "message",
        "text": "у меня в балице ПОКА нет такой колонки",
        "user": "UFT7XUWJX",
        "ts": "1551006218.088000",
        "thread_ts": "1551005377.084400",
        "parent_user_id": "UFT7XUWJX"
    },
    {
        "client_msg_id": "b7d03e42-5eb8-4392-b7b4-6f0450b87daf",
        "type": "message",
        "text": "даты побежу - добавлю",
        "user": "UFT7XUWJX",
        "ts": "1551006227.088200",
        "thread_ts": "1551005377.084400",
        "parent_user_id": "UFT7XUWJX"
    },
    {
        "client_msg_id": "a34cf2f5-dda1-4eb7-94d3-a11ca8da19b4",
        "type": "message",
        "text": "проблемы проще по одной побеждать )",
        "user": "UFT7XUWJX",
        "ts": "1551006243.088400",
        "thread_ts": "1551005377.084400",
        "parent_user_id": "UFT7XUWJX"
    },
    {
        "client_msg_id": "44b0164f-b928-491d-9bc1-0e2746d7cf88",
        "type": "message",
        "text": "так какого поле с датой null?",
        "user": "UFT7XUWJX",
        "ts": "1551006265.088600",
        "thread_ts": "1551005377.084400",
        "parent_user_id": "UFT7XUWJX"
    },
    {
        "client_msg_id": "89787a44-6483-47c5-bec4-1439ee326e6a",
        "type": "message",
        "text": "переименовать название колонки? в этом дело?",
        "user": "UFT7XUWJX",
        "ts": "1551006281.088800",
        "thread_ts": "1551005377.084400",
        "parent_user_id": "UFT7XUWJX"
    },
    {
        "client_msg_id": "ca6f6e64-df4e-4b94-b9bb-ef38e3e8b8ad",
        "type": "message",
        "text": "думаю нет, у меня вчера было, но я там с колонками накосячил, тут что-то другое сожет быть...",
        "user": "UFVTNRHNK",
        "ts": "1551006343.089000",
        "thread_ts": "1551005377.084400",
        "parent_user_id": "UFT7XUWJX"
    },
    {
        "client_msg_id": "a9520e93-35ad-4091-8da9-853fc9fca609",
        "type": "message",
        "text": "а у тебя дата берется из колонок?",
        "user": "UFT7XUWJX",
        "ts": "1551006377.089200",
        "thread_ts": "1551005377.084400",
        "parent_user_id": "UFT7XUWJX"
    },
    {
        "client_msg_id": "83431159-bd92-42c6-be62-4a3804bfdbcb",
        "type": "message",
        "text": "да, берется",
        "user": "UFVTNRHNK",
        "ts": "1551006393.089400",
        "thread_ts": "1551005377.084400",
        "parent_user_id": "UFT7XUWJX"
    },
    {
        "client_msg_id": "2a648fd5-2f67-4696-a670-3d5059fe4b4b",
        "type": "message",
        "text": "ни чего не менял в полях meal или сеттерах\/геттерах?",
        "user": "UFT7XUWJX",
        "ts": "1551006394.089600",
        "thread_ts": "1551005377.084400",
        "parent_user_id": "UFT7XUWJX"
    },
    {
        "client_msg_id": "bf4fbf29-bffa-43a0-a87e-61526392b585",
        "type": "message",
        "text": "в meal должны быть сеттеры и конструктор по умолчанию",
        "user": "UFVTNRHNK",
        "ts": "1551006452.089800",
        "thread_ts": "1551005377.084400",
        "parent_user_id": "UFT7XUWJX"
    },
    {
        "client_msg_id": "157b918d-2b5f-4fe9-bc92-95c48c855b30",
        "type": "message",
        "text": "это все есть",
        "user": "UFT7XUWJX",
        "ts": "1551006548.090000",
        "thread_ts": "1551005377.084400",
        "parent_user_id": "UFT7XUWJX"
    },
    {
        "client_msg_id": "08f8ee61-a038-4627-a36b-6d51ddd22954",
        "type": "message",
        "text": "<@UFT7XUWJX> а покажи как ты инициализировал таблицу meal в бд",
        "user": "UFKG13683",
        "ts": "1551007014.090200",
        "thread_ts": "1551005377.084400",
        "parent_user_id": "UFT7XUWJX"
    },
    {
        "client_msg_id": "7c076bdf-5e5a-4c18-bbb8-c4dbf2bbaf51",
        "type": "message",
        "text": "CREATE TABLE meals\n(\n  id              INTEGER PRIMARY KEY DEFAULT nextval('global_seq'),\n  registered      TIMESTAMP DEFAULT now()   NOT NULL,\n  description     VARCHAR                   NOT NULL,\n  calories        INTEGER                   NOT NULL\n);",
        "user": "UFT7XUWJX",
        "ts": "1551008442.090400",
        "thread_ts": "1551005377.084400",
        "parent_user_id": "UFT7XUWJX"
    },
    {
        "client_msg_id": "f192bd1a-2716-4d43-89b0-c6be6ecbd01d",
        "type": "message",
        "text": "<@UFKG13683> как-то так",
        "user": "UFT7XUWJX",
        "ts": "1551008471.090600",
        "thread_ts": "1551005377.084400",
        "parent_user_id": "UFT7XUWJX"
    },
    {
        "client_msg_id": "6d21048e-9188-4af4-b87a-8ba0aa1c9907",
        "type": "message",
        "text": "помогите, плиз",
        "user": "UFT7XUWJX",
        "ts": "1551009879.090900",
        "thread_ts": "1551005377.084400",
        "parent_user_id": "UFT7XUWJX"
    },
    {
        "client_msg_id": "36350ff7-5ada-42d8-bc5d-09ca7b151a3c",
        "type": "message",
        "text": "Meal{id=100002, dateTime=null, description='Завтрак', calories=500}",
        "user": "UFT7XUWJX",
        "ts": "1551009882.091100",
        "thread_ts": "1551005377.084400",
        "parent_user_id": "UFT7XUWJX"
    },
    {
        "client_msg_id": "8c4a1859-0969-4c3e-b5c9-1098820ad38c",
        "type": "message",
        "text": "выводит пользователя из БД, но там  есть данные блин!!!!",
        "user": "UFT7XUWJX",
        "ts": "1551009903.091300",
        "thread_ts": "1551005377.084400",
        "parent_user_id": "UFT7XUWJX"
    },
    {
        "client_msg_id": "9d5749b9-1e0a-4f2a-af4a-960d28f2960b",
        "type": "message",
        "text": "какого null",
        "user": "UFT7XUWJX",
        "ts": "1551009907.091500",
        "thread_ts": "1551005377.084400",
        "parent_user_id": "UFT7XUWJX"
    },
    {
        "client_msg_id": "f2d857ef-e22e-443e-988f-007fcef2edd1",
        "type": "message",
        "text": "в Date переделать?",
        "user": "UFT7XUWJX",
        "ts": "1551009919.091700",
        "thread_ts": "1551005377.084400",
        "parent_user_id": "UFT7XUWJX"
    },
    {
        "client_msg_id": "18807f23-35b7-4bb0-abed-9685da1dc0a7",
        "type": "message",
        "text": "<@UFT7XUWJX> зачем тебе default now()\nПосмотри как в базе сохраняются значения. Тебе неважно во сколько секунд ты ел еду ",
        "user": "UFKG13683",
        "ts": "1551010059.091900",
        "thread_ts": "1551005377.084400",
        "parent_user_id": "UFT7XUWJX"
    },
    {
        "client_msg_id": "cf66a78d-b656-4767-ba8d-8b6f60f7c765",
        "type": "message",
        "text": "default нужен при создании...",
        "user": "UFT7XUWJX",
        "ts": "1551010088.092100",
        "thread_ts": "1551005377.084400",
        "parent_user_id": "UFT7XUWJX"
    },
    {
        "client_msg_id": "0255fc11-03a6-44ab-b709-cb0b44efabc4",
        "type": "message",
        "text": "когда нового создаешь, пусть живет",
        "user": "UFT7XUWJX",
        "ts": "1551010099.092300",
        "thread_ts": "1551005377.084400",
        "parent_user_id": "UFT7XUWJX"
    },
    {
        "client_msg_id": "fee928e1-0642-446a-8ed1-fc47f5c98c36",
        "type": "message",
        "text": "когда в таблице уже есть значение, почему при запросе получаю еду с полем даты null",
        "user": "UFT7XUWJX",
        "ts": "1551010133.092500",
        "thread_ts": "1551005377.084400",
        "parent_user_id": "UFT7XUWJX"
    },
    {
        "client_msg_id": "4a855457-558d-4e18-bcb2-54f26aa080f9",
        "type": "message",
        "text": "?",
        "user": "UFT7XUWJX",
        "ts": "1551010135.092700",
        "thread_ts": "1551005377.084400",
        "parent_user_id": "UFT7XUWJX"
    },
    {
        "client_msg_id": "fdcf1de3-8545-400f-9b6d-fdd9f967dfd5",
        "type": "message",
        "text": "При создании ты можешь вручную дату в бд поместить и время там будет без этих микросекунд",
        "user": "UFKG13683",
        "ts": "1551010176.092900",
        "edited": {
            "user": "UFKG13683",
            "ts": "1551010329.000000"
        },
        "thread_ts": "1551005377.084400",
        "parent_user_id": "UFT7XUWJX"
    },
    {
        "client_msg_id": "0e1ad1e5-c8f9-4f35-a8dc-7aafd342b835",
        "type": "message",
        "text": "мне кажется это ни при чем",
        "user": "UFT7XUWJX",
        "ts": "1551010204.093100",
        "thread_ts": "1551005377.084400",
        "parent_user_id": "UFT7XUWJX"
    },
    {
        "client_msg_id": "cca3aef3-d896-495d-82f2-52131daa8646",
        "type": "message",
        "text": "сейчас проверю",
        "user": "UFT7XUWJX",
        "ts": "1551010210.093400",
        "thread_ts": "1551005377.084400",
        "parent_user_id": "UFT7XUWJX"
    },
    {
        "client_msg_id": "1ec2da50-af13-4aaa-a25c-dad18ca3d4ce",
        "type": "message",
        "text": "Я сделал вручную и у меня все работает",
        "user": "UFKG13683",
        "ts": "1551010228.093600",
        "thread_ts": "1551005377.084400",
        "parent_user_id": "UFT7XUWJX"
    },
    {
        "client_msg_id": "51a9289b-85b7-4893-9b1a-a44ee7147727",
        "type": "message",
        "text": "Я думаю что из-за этих микросекунд у тебя не хочет в localdatetime парсится",
        "user": "UFKG13683",
        "ts": "1551010316.093800",
        "thread_ts": "1551005377.084400",
        "parent_user_id": "UFT7XUWJX"
    },
    {
        "client_msg_id": "94cf7a56-ab4b-4252-bd72-20a28a3561c7",
        "type": "message",
        "text": "тоже самое!",
        "user": "UFT7XUWJX",
        "ts": "1551010416.094100",
        "thread_ts": "1551005377.084400",
        "parent_user_id": "UFT7XUWJX"
    },
    {
        "client_msg_id": "2f9f3d32-5324-430f-bb4b-a1eb10f2a01e",
        "type": "message",
        "text": "INSERT INTO meals (registered, description, calories) VALUES\n  ('2018-02-24 10:01:35','Завтрак', '500');",
        "user": "UFT7XUWJX",
        "ts": "1551010449.094300",
        "thread_ts": "1551005377.084400",
        "parent_user_id": "UFT7XUWJX"
    },
    {
        "client_msg_id": "1656dee1-b6fd-4ba6-9917-a97b4842569c",
        "type": "message",
        "text": "я делаю вставку без микросекунд",
        "user": "UFT7XUWJX",
        "ts": "1551010463.094500",
        "thread_ts": "1551005377.084400",
        "parent_user_id": "UFT7XUWJX"
    },
    {
        "client_msg_id": "da8c6ad6-ffd1-4db6-8831-89c56182b113",
        "type": "message",
        "text": "но они там появляются сами )",
        "user": "UFT7XUWJX",
        "ts": "1551010474.094700",
        "thread_ts": "1551005377.084400",
        "parent_user_id": "UFT7XUWJX"
    },
    {
        "client_msg_id": "56822d3a-714d-4ef0-bf86-fa65c459402d",
        "type": "message",
        "text": "а когда запрашиваю, то поле dateTime = null",
        "user": "UFT7XUWJX",
        "ts": "1551010508.094900",
        "thread_ts": "1551005377.084400",
        "parent_user_id": "UFT7XUWJX"
    },
    {
        "client_msg_id": "158c82fe-9d28-4b6d-8081-045f5b24f81a",
        "type": "message",
        "text": "Ты убрал default now ()?",
        "user": "UFKG13683",
        "ts": "1551010511.095100",
        "thread_ts": "1551005377.084400",
        "parent_user_id": "UFT7XUWJX"
    },
    {
        "client_msg_id": "09152be6-7031-4483-a16d-14ef296a573e",
        "type": "message",
        "text": "да",
        "user": "UFT7XUWJX",
        "ts": "1551010518.095300",
        "thread_ts": "1551005377.084400",
        "parent_user_id": "UFT7XUWJX"
    },
    {
        "client_msg_id": "15a0f63c-c5c4-4b50-ab01-ff4c1471ac35",
        "type": "message",
        "text": "CREATE TABLE meals\n(\n  id              INTEGER PRIMARY KEY DEFAULT nextval('global_seq'),\n  registered      TIMESTAMP                 NOT NULL,\n  description     VARCHAR                   NOT NULL,\n  calories        INTEGER                   NOT NULL\n);",
        "user": "UFT7XUWJX",
        "ts": "1551010536.095500",
        "thread_ts": "1551005377.084400",
        "parent_user_id": "UFT7XUWJX"
    },
    {
        "client_msg_id": "05e13b4d-c322-49fa-b10a-374b015da6d1",
        "type": "message",
        "text": "грохнул базу",
        "user": "UFT7XUWJX",
        "ts": "1551010542.095700",
        "thread_ts": "1551005377.084400",
        "parent_user_id": "UFT7XUWJX"
    },
    {
        "client_msg_id": "b4c2b86c-4a94-42da-bce0-32d993c40fc0",
        "type": "message",
        "text": "и пересоздал",
        "user": "UFT7XUWJX",
        "ts": "1551010547.095900",
        "thread_ts": "1551005377.084400",
        "parent_user_id": "UFT7XUWJX"
    },
    {
        "client_msg_id": "e4afeb51-0434-4019-b6bb-0f3b34f47dd6",
        "type": "message",
        "text": "если дело в микросекундах, то они там сами...",
        "user": "UFT7XUWJX",
        "ts": "1551010567.096100",
        "thread_ts": "1551005377.084400",
        "parent_user_id": "UFT7XUWJX"
    },
    {
        "client_msg_id": "bcce69db-34a7-4f30-8476-6d635137e747",
        "type": "message",
        "text": "timestamp так хранит после save",
        "user": "UFT7XUWJX",
        "ts": "1551010589.096300",
        "thread_ts": "1551005377.084400",
        "parent_user_id": "UFT7XUWJX"
    },
    {
        "client_msg_id": "b838b4c0-2c4b-4a0c-9950-aedf67cc37c2",
        "type": "message",
        "text": "после insert",
        "user": "UFT7XUWJX",
        "ts": "1551010613.096500",
        "thread_ts": "1551005377.084400",
        "parent_user_id": "UFT7XUWJX"
    },
    {
        "client_msg_id": "83b5eafd-9287-4264-bed1-68591f98cd8c",
        "type": "message",
        "text": "прошу прощения",
        "user": "UFT7XUWJX",
        "ts": "1551010617.096700",
        "thread_ts": "1551005377.084400",
        "parent_user_id": "UFT7XUWJX"
    },
    {
        "client_msg_id": "02f49a4d-7bc3-4b47-a8fe-462471e31f01",
        "type": "message",
        "text": "INSERT INTO meals (registered, description, calories) VALUES\n  ('2018-02-24 10:01:35','Завтрак', '500');",
        "user": "UFT7XUWJX",
        "ts": "1551010636.096900",
        "thread_ts": "1551005377.084400",
        "parent_user_id": "UFT7XUWJX"
    },
    {
        "client_msg_id": "849d71ea-1dca-4bfe-b211-bbd103633544",
        "type": "message",
        "text": "100002\t2018-02-24 10:01:35.000000\tЗавтрак\t500",
        "user": "UFT7XUWJX",
        "ts": "1551010650.097100",
        "thread_ts": "1551005377.084400",
        "parent_user_id": "UFT7XUWJX"
    },
    {
        "client_msg_id": "2c0c478d-794f-4039-8230-094410022a2c",
        "type": "message",
        "text": "это в БД так",
        "user": "UFT7XUWJX",
        "ts": "1551010655.097300",
        "thread_ts": "1551005377.084400",
        "parent_user_id": "UFT7XUWJX"
    },
    {
        "client_msg_id": "15690d28-9fda-4478-ab80-7d0b111111cf",
        "type": "message",
        "text": "А зачем тебе секунды у тебя же фильтр по времени только часы и минуты",
        "user": "UFKG13683",
        "ts": "1551010703.097500",
        "thread_ts": "1551005377.084400",
        "parent_user_id": "UFT7XUWJX"
    },
    {
        "client_msg_id": "e9321716-c32a-4e3e-8fd9-fa2e08490e23",
        "type": "message",
        "text": "<@UFT7XUWJX> я понял в чем у тебя ошибка ",
        "user": "UFKG13683",
        "ts": "1551011541.097700",
        "thread_ts": "1551005377.084400",
        "parent_user_id": "UFT7XUWJX"
    },
    {
        "client_msg_id": "2b2c52fc-027c-44ea-bcf2-589f8ed84cb7",
        "type": "message",
        "text": "давай",
        "user": "UFT7XUWJX",
        "ts": "1551011550.097900",
        "thread_ts": "1551005377.084400",
        "parent_user_id": "UFT7XUWJX"
    },
    {
        "client_msg_id": "61658009-d254-4363-bba9-212fcd74583e",
        "type": "message",
        "text": "Секунды не причем",
        "user": "UFKG13683",
        "ts": "1551011551.098100",
        "thread_ts": "1551005377.084400",
        "parent_user_id": "UFT7XUWJX"
    },
    {
        "client_msg_id": "c52d860b-1338-43b9-ae33-064b7e1eb1e0",
        "type": "message",
        "text": "интрига)",
        "user": "UFT7XUWJX",
        "ts": "1551011559.098300",
        "thread_ts": "1551005377.084400",
        "parent_user_id": "UFT7XUWJX"
    },
    {
        "client_msg_id": "60cc10d2-7cf4-482a-a87a-a4a9529c87bf",
        "type": "message",
        "text": "У тебя в Meal поле с датой называется dateTime?",
        "user": "UFKG13683",
        "ts": "1551011603.098500",
        "thread_ts": "1551005377.084400",
        "parent_user_id": "UFT7XUWJX"
    },
    {
        "client_msg_id": "71e92f0a-7dc9-4611-9c46-aa1ce3de12a8",
        "type": "message",
        "text": "да",
        "user": "UFT7XUWJX",
        "ts": "1551011607.098700",
        "thread_ts": "1551005377.084400",
        "parent_user_id": "UFT7XUWJX"
    },
    {
        "client_msg_id": "5138a05f-03d9-4372-89b6-bd77fe2e1120",
        "type": "message",
        "text": "А в бд registered",
        "user": "UFKG13683",
        "ts": "1551011625.098900",
        "thread_ts": "1551005377.084400",
        "parent_user_id": "UFT7XUWJX"
    },
    {
        "client_msg_id": "fe870625-f048-45cb-9393-633e6266a8cb",
        "type": "message",
        "text": "и",
        "user": "UFT7XUWJX",
        "ts": "1551011630.099100",
        "thread_ts": "1551005377.084400",
        "parent_user_id": "UFT7XUWJX"
    },
    {
        "client_msg_id": "706c3322-61bd-4885-b595-4c923089f4e9",
        "type": "message",
        "text": "мапперу от этого плохо?",
        "user": "UFT7XUWJX",
        "ts": "1551011637.099300",
        "thread_ts": "1551005377.084400",
        "parent_user_id": "UFT7XUWJX"
    },
    {
        "client_msg_id": "fbf8335d-686f-499c-99ab-242243228e54",
        "type": "message",
        "text": "Поменяй на date_time в бд",
        "user": "UFKG13683",
        "ts": "1551011657.099500",
        "thread_ts": "1551005377.084400",
        "parent_user_id": "UFT7XUWJX"
    },
    {
        "client_msg_id": "efbecc24-5baa-4dbe-9523-a5a935657e02",
        "type": "message",
        "text": "попробую",
        "user": "UFT7XUWJX",
        "ts": "1551011664.099700",
        "thread_ts": "1551005377.084400",
        "parent_user_id": "UFT7XUWJX"
    },
    {
        "client_msg_id": "1bb77dfc-5fb8-4758-a459-81e40a3f1986",
        "type": "message",
        "text": "спасибо",
        "user": "UFT7XUWJX",
        "ts": "1551011667.099900",
        "thread_ts": "1551005377.084400",
        "parent_user_id": "UFT7XUWJX"
    },
    {
        "client_msg_id": "1dfe9623-6c20-4d37-a9a7-8902002b76e7",
        "type": "message",
        "text": "а у тебя работает?",
        "user": "UFT7XUWJX",
        "ts": "1551011680.100100",
        "thread_ts": "1551005377.084400",
        "parent_user_id": "UFT7XUWJX"
    },
    {
        "client_msg_id": "f9d74c5e-1056-434a-b009-12a3b0e99a25",
        "type": "message",
        "text": "Да ",
        "user": "UFKG13683",
        "ts": "1551011730.100300",
        "thread_ts": "1551005377.084400",
        "parent_user_id": "UFT7XUWJX"
    },
    {
        "client_msg_id": "7a1ac03d-759c-4c31-b367-085f32885513",
        "type": "message",
        "text": "пробую",
        "user": "UFT7XUWJX",
        "ts": "1551011855.100500",
        "thread_ts": "1551005377.084400",
        "parent_user_id": "UFT7XUWJX"
    },
    {
        "client_msg_id": "be967687-5678-416d-9a5c-bd1384988415",
        "type": "message",
        "text": "Я в это не верил, но...",
        "user": "UFT7XUWJX",
        "ts": "1551011930.100700",
        "thread_ts": "1551005377.084400",
        "parent_user_id": "UFT7XUWJX"
    },
    {
        "client_msg_id": "efc82612-a911-48de-b91d-9fe910c1753f",
        "type": "message",
        "text": "Оно работает )))",
        "user": "UFT7XUWJX",
        "ts": "1551011935.100900",
        "thread_ts": "1551005377.084400",
        "parent_user_id": "UFT7XUWJX"
    },
    {
        "client_msg_id": "b06a151c-c2dc-416a-a608-3b27d3829fd4",
        "type": "message",
        "text": "Спасибо",
        "user": "UFT7XUWJX",
        "ts": "1551011937.101100",
        "thread_ts": "1551005377.084400",
        "parent_user_id": "UFT7XUWJX"
    },
    {
        "client_msg_id": "b7c9ad1c-4920-4b6c-a1e8-c9c106877c39",
        "type": "message",
        "text": "А почему так? Какая разница, как оно зовется если я в маппинге прописал",
        "user": "UFT7XUWJX",
        "ts": "1551011968.101300",
        "thread_ts": "1551005377.084400",
        "parent_user_id": "UFT7XUWJX"
    },
    {
        "client_msg_id": "f3319188-755c-472a-9917-141b3c21c754",
        "type": "message",
        "text": "\"registred\" = meal.getDateTime()",
        "user": "UFT7XUWJX",
        "ts": "1551011989.101500",
        "thread_ts": "1551005377.084400",
        "parent_user_id": "UFT7XUWJX"
    },
    {
        "client_msg_id": "9732a98a-cf97-48b1-9b35-cb6e697dddd6",
        "type": "message",
        "text": "Я просто попробовал как у тебя у себя проекте назвал registered и у меня тоже нулл выдавало",
        "user": "UFKG13683",
        "ts": "1551012057.101700",
        "thread_ts": "1551005377.084400",
        "parent_user_id": "UFT7XUWJX"
    },
    {
        "client_msg_id": "70762a67-adc2-43bf-a517-8852a46e1db1",
        "type": "message",
        "text": "Наверное для row_mapper важно название полей у бина и в бд",
        "user": "UFKG13683",
        "ts": "1551012226.101900",
        "thread_ts": "1551005377.084400",
        "parent_user_id": "UFT7XUWJX"
    },
    {
        "client_msg_id": "c90d51ac-ecf3-4ab7-bfc6-e03a092b8326",
        "type": "message",
        "text": "Огромное спасибо :+1:",
        "user": "UFT7XUWJX",
        "ts": "1551012591.102100",
        "thread_ts": "1551005377.084400",
        "parent_user_id": "UFT7XUWJX",
        "reactions": [
            {
                "name": "+1",
                "users": [
                    "UFKG13683"
                ],
                "count": 1
            }
        ]
    },
    {
        "client_msg_id": "5bc86dba-b35e-4ffb-a1cf-969dacdf1df0",
        "type": "message",
        "text": "Ты порядок обратный запросом делал или потом еще раз через стрим фильтровал?",
        "user": "UFT7XUWJX",
        "ts": "1551012610.102300",
        "thread_ts": "1551005377.084400",
        "parent_user_id": "UFT7XUWJX"
    },
    {
        "client_msg_id": "ce081c2d-3b2c-418c-9a99-43c2526f884f",
        "type": "message",
        "text": "а все",
        "user": "UFT7XUWJX",
        "ts": "1551012710.102500",
        "thread_ts": "1551005377.084400",
        "parent_user_id": "UFT7XUWJX"
    },
    {
        "client_msg_id": "feff5f02-3b70-4cac-8a99-593d75b7d064",
        "type": "message",
        "text": "разобрался )",
        "user": "UFT7XUWJX",
        "ts": "1551012713.102700",
        "thread_ts": "1551005377.084400",
        "parent_user_id": "UFT7XUWJX"
    },
    {
        "client_msg_id": "d32711e9-3e3e-489f-920b-45fcab53b36f",
        "type": "message",
        "text": "Вопрос по задаче. Как в таблицу meals вставить idпользователя: через связанную таблицу через FOREIGN KEY или просто id колонку?",
        "user": "UFT7XUWJX",
        "ts": "1551015550.106200",
        "thread_ts": "1551015550.106200",
        "reply_count": 5,
        "reply_users_count": 3,
        "latest_reply": "1551017767.107200",
        "reply_users": [
            "UFQT0J4PP",
            "UFT7XUWJX",
            "UFALPSH7D"
        ],
        "replies": [
            {
                "user": "UFQT0J4PP",
                "ts": "1551016276.106400"
            },
            {
                "user": "UFT7XUWJX",
                "ts": "1551016496.106600"
            },
            {
                "user": "UFALPSH7D",
                "ts": "1551017156.106800"
            },
            {
                "user": "UFT7XUWJX",
                "ts": "1551017313.107000"
            },
            {
                "user": "UFT7XUWJX",
                "ts": "1551017767.107200"
            }
        ]
    },
    {
        "client_msg_id": "0f498bd6-6c31-4266-98c2-c9948bcb718f",
        "type": "message",
        "text": "Думаю FK нужен, чтобы при удалении пользователя, еда не оставалась.",
        "user": "UFQT0J4PP",
        "ts": "1551016276.106400",
        "thread_ts": "1551015550.106200",
        "parent_user_id": "UFT7XUWJX"
    },
    {
        "client_msg_id": "99bec6e0-2e09-44ec-8ab2-ca506a11c928",
        "type": "message",
        "text": "+",
        "user": "UFT7XUWJX",
        "ts": "1551016496.106600",
        "thread_ts": "1551015550.106200",
        "parent_user_id": "UFT7XUWJX"
    },
    {
        "client_msg_id": "095e9a0b-6281-481d-995d-8effa0d4f1d7",
        "type": "message",
        "text": "я через FK сделал",
        "user": "UFALPSH7D",
        "ts": "1551017156.106800",
        "thread_ts": "1551015550.106200",
        "parent_user_id": "UFT7XUWJX"
    },
    {
        "client_msg_id": "e41fd511-4a9d-4e9a-94c9-d612d96be4ba",
        "type": "message",
        "text": "Пытаюсь въехать в фк",
        "user": "UFT7XUWJX",
        "ts": "1551017313.107000",
        "thread_ts": "1551015550.106200",
        "parent_user_id": "UFT7XUWJX"
    },
    {
        "client_msg_id": "190973f3-1a45-445d-9fec-6b8b96c1fa1e",
        "type": "message",
        "text": "вроде зашло",
        "user": "UFT7XUWJX",
        "ts": "1551017767.107200",
        "thread_ts": "1551015550.106200",
        "parent_user_id": "UFT7XUWJX"
    },
    {
        "client_msg_id": "41491584-3344-46be-9fd4-4fbae99e2f1c",
        "type": "message",
        "text": "(Column values are mapped based on matching the column name as obtained from result set metadata to public setters for the corresponding properties. The names are matched either directly or by transforming a name separating the parts with underscores to the same name using \"camel\" case).",
        "user": "UFT7XUWJX",
        "ts": "1551018502.107400",
        "thread_ts": "1551005377.084400",
        "parent_user_id": "UFT7XUWJX"
    },
    {
        "client_msg_id": "bfa28eb7-db1a-4862-9b8b-fc71a29730b9",
        "type": "message",
        "text": "Попался на фразу (сначала сделайте самостоятельно!) :smile::smile::smile:",
        "user": "UFT7XUWJX",
        "ts": "1551018538.107600",
        "thread_ts": "1551005377.084400",
        "parent_user_id": "UFT7XUWJX"
    },
    {
        "client_msg_id": "db1036a8-e377-48d2-aec6-e2189ee2f7c5",
        "type": "message",
        "text": "Надо как-то spring-app.xml дать знать про spring-db.xml? На первом же пункте ДЗ сижу битый час уже. SpringMain в тестах вылетает потому что говорит \"не определен бин\" хотя бин определен, просто в другом xml-e, гуглил ошибку, искал, везде код с конфигурациями java-кодом, но суть вроде такая же как и в spring-db.xml .\n\nЕсть DataSourse, который для подключения к базе используется, и используя его хотим получить jdbcTemplate, все это в db xml-не описано, вроде все норм, а ошибка вылетает. Намекните хоть куда смотреть :disappointed_relieved:",
        "user": "UFP7PTM99",
        "ts": "1551028453.111600",
        "thread_ts": "1551028453.111600",
        "reply_count": 21,
        "reply_users_count": 4,
        "latest_reply": "1551278108.202700",
        "reply_users": [
            "UFT7XUWJX",
            "UFP7PTM99",
            "UFLKE29QW",
            "UFR6VRXL3"
        ],
        "replies": [
            {
                "user": "UFT7XUWJX",
                "ts": "1551028650.111800"
            },
            {
                "user": "UFP7PTM99",
                "ts": "1551028695.112000"
            },
            {
                "user": "UFT7XUWJX",
                "ts": "1551028750.112200"
            },
            {
                "user": "UFT7XUWJX",
                "ts": "1551028759.112400"
            },
            {
                "user": "UFT7XUWJX",
                "ts": "1551028788.112600"
            },
            {
                "user": "UFT7XUWJX",
                "ts": "1551028789.112800"
            },
            {
                "user": "UFT7XUWJX",
                "ts": "1551028817.113000"
            },
            {
                "user": "UFT7XUWJX",
                "ts": "1551028818.113200"
            },
            {
                "user": "UFT7XUWJX",
                "ts": "1551028823.113400"
            },
            {
                "user": "UFT7XUWJX",
                "ts": "1551028853.113600"
            },
            {
                "user": "UFT7XUWJX",
                "ts": "1551028878.113800"
            },
            {
                "user": "UFT7XUWJX",
                "ts": "1551028879.114000"
            },
            {
                "user": "UFT7XUWJX",
                "ts": "1551028889.114200"
            },
            {
                "user": "UFT7XUWJX",
                "ts": "1551028910.114400"
            },
            {
                "user": "UFP7PTM99",
                "ts": "1551029160.114600"
            },
            {
                "user": "UFLKE29QW",
                "ts": "1551029709.116500"
            },
            {
                "user": "UFP7PTM99",
                "ts": "1551029873.116700"
            },
            {
                "user": "UFLKE29QW",
                "ts": "1551030078.116900"
            },
            {
                "user": "UFP7PTM99",
                "ts": "1551030330.117300"
            },
            {
                "user": "UFLKE29QW",
                "ts": "1551030949.120100"
            },
            {
                "user": "UFR6VRXL3",
                "ts": "1551278108.202700"
            }
        ]
    },
    {
        "client_msg_id": "cb85c2df-fa5c-47ca-b99f-e731bf1117f4",
        "type": "message",
        "text": "Есть такое решение:",
        "user": "UFT7XUWJX",
        "ts": "1551028650.111800",
        "thread_ts": "1551028453.111600",
        "parent_user_id": "UFP7PTM99"
    },
    {
        "client_msg_id": "f9796e95-53de-44d8-8699-fc58d4f39096",
        "type": "message",
        "text": "И вообще я не понимаю почему он на 20 строчке вылетает где мы просто определяем ConfigurableApplicationContext\n\nЗачем ему там org.springframework.jdbc.core.JdbcTemplate? он по идее о нем даже знать не должен..",
        "user": "UFP7PTM99",
        "ts": "1551028695.112000",
        "thread_ts": "1551028453.111600",
        "parent_user_id": "UFP7PTM99"
    },
    {
        "client_msg_id": "90a0705e-9377-40dd-8fde-09ba4145afca",
        "type": "message",
        "text": "сделай папку в ru.javawebinar.topjava.repository.inmemory;",
        "user": "UFT7XUWJX",
        "ts": "1551028750.112200",
        "thread_ts": "1551028453.111600",
        "parent_user_id": "UFP7PTM99"
    },
    {
        "client_msg_id": "de5e302a-e867-44d1-9c9a-cdf9ae6e1a98",
        "type": "message",
        "text": "даже пустую",
        "user": "UFT7XUWJX",
        "ts": "1551028759.112400",
        "thread_ts": "1551028453.111600",
        "parent_user_id": "UFP7PTM99"
    },
    {
        "client_msg_id": "51aeb87f-440b-4753-a558-f45427c5d4a5",
        "type": "message",
        "text": "в spring-app.xml",
        "user": "UFT7XUWJX",
        "ts": "1551028788.112600",
        "thread_ts": "1551028453.111600",
        "parent_user_id": "UFP7PTM99"
    },
    {
        "client_msg_id": "d266f16c-aa24-4492-9332-6835454bf38c",
        "type": "message",
        "text": "&lt;context:component-scan base-package=\"ru.javawebinar.**.repository.inmemory\"\/&gt;\n\n    &lt;context:component-scan base-package=\"ru.javawebinar.**.service\"\/&gt;\n\n    &lt;context:component-scan base-package=\"ru.javawebinar.**.web\"\/&gt;",
        "user": "UFT7XUWJX",
        "ts": "1551028789.112800",
        "thread_ts": "1551028453.111600",
        "parent_user_id": "UFP7PTM99"
    },
    {
        "client_msg_id": "d948c8be-7986-4bde-bd52-a26c39bfa264",
        "type": "message",
        "text": "в spring-db.xml",
        "user": "UFT7XUWJX",
        "ts": "1551028817.113000",
        "thread_ts": "1551028453.111600",
        "parent_user_id": "UFP7PTM99"
    },
    {
        "client_msg_id": "15f64745-ff56-4daf-ac34-aa4aabd27ee4",
        "type": "message",
        "text": "&lt;bean id=\"dataSource\"\n          class=\"org.springframework.jdbc.datasource.DriverManagerDataSource\"&gt;\n        &lt;property name=\"driverClassName\" value=\"org.postgresql.Driver\"\/&gt;\n        &lt;property name=\"url\" value=\"${database.url}\"\/&gt;\n        &lt;property name=\"username\" value=\"${database.username}\"\/&gt;\n        &lt;property name=\"password\" value=\"${database.password}\"\/&gt;\n    &lt;\/bean&gt;\n\n    &lt;bean id=\"jdbcTemplate\" class=\"org.springframework.jdbc.core.JdbcTemplate\"&gt;\n        &lt;constructor-arg ref=\"dataSource\"\/&gt;\n    &lt;\/bean&gt;\n\n    &lt;bean id=\"namedJdbcTemplate\" class=\"org.springframework.jdbc.core.namedparam.NamedParameterJdbcTemplate\"&gt;\n        &lt;constructor-arg ref=\"jdbcTemplate\"\/&gt;\n    &lt;\/bean&gt;\n\n    &lt;context:component-scan base-package=\"ru.javawebinar.**.repository.jdbc\"\/&gt;\n\n    &lt;context:component-scan base-package=\"ru.javawebinar.**.service\"\/&gt;\n\n    &lt;context:component-scan base-package=\"ru.javawebinar.**.web\"\/&gt;",
        "user": "UFT7XUWJX",
        "ts": "1551028818.113200",
        "thread_ts": "1551028453.111600",
        "parent_user_id": "UFP7PTM99"
    },
    {
        "client_msg_id": "98094719-a877-411b-a5fb-3bb32c520778",
        "type": "message",
        "text": "все )",
        "user": "UFT7XUWJX",
        "ts": "1551028823.113400",
        "thread_ts": "1551028453.111600",
        "parent_user_id": "UFP7PTM99"
    },
    {
        "client_msg_id": "9375250a-4783-462d-989b-8c9660bf846c",
        "type": "message",
        "text": "теперь в тестах на мемори @ContextConfiguration(\n        \"classpath:spring\/spring-app.xml\"\n)\n@RunWith(SpringRunner.class)",
        "user": "UFT7XUWJX",
        "ts": "1551028853.113600",
        "thread_ts": "1551028453.111600",
        "parent_user_id": "UFP7PTM99"
    },
    {
        "client_msg_id": "3bf2eb58-b68f-4d3a-bd41-ed11dbfa28ca",
        "type": "message",
        "text": "а в тестах на дб",
        "user": "UFT7XUWJX",
        "ts": "1551028878.113800",
        "thread_ts": "1551028453.111600",
        "parent_user_id": "UFP7PTM99"
    },
    {
        "client_msg_id": "d0034b36-56e8-4813-adab-50fde031b61f",
        "type": "message",
        "text": "@ContextConfiguration(\n        \"classpath:spring\/spring-db.xml\"\n        )\n@RunWith(SpringRunner.class)",
        "user": "UFT7XUWJX",
        "ts": "1551028879.114000",
        "thread_ts": "1551028453.111600",
        "parent_user_id": "UFP7PTM99"
    },
    {
        "client_msg_id": "b5e2846e-00b4-4d44-832d-4f7478de1b44",
        "type": "message",
        "text": "и все пофэн-шую",
        "user": "UFT7XUWJX",
        "ts": "1551028889.114200",
        "thread_ts": "1551028453.111600",
        "parent_user_id": "UFP7PTM99"
    },
    {
        "client_msg_id": "834dd28f-ab63-4b1b-b6bb-430fc7d7b442",
        "type": "message",
        "text": "ставь лайк если помог )",
        "user": "UFT7XUWJX",
        "ts": "1551028910.114400",
        "thread_ts": "1551028453.111600",
        "parent_user_id": "UFP7PTM99",
        "reactions": [
            {
                "name": "+1",
                "users": [
                    "UFP7PTM99"
                ],
                "count": 1
            }
        ]
    },
    {
        "client_msg_id": "fa186bd4-226a-4eff-9aa7-1a9c84863359",
        "type": "message",
        "text": "так это ж дублирование кода, заработало когда компонент сканы добавил в db.xml, но это те же сканы что и в spring-app. Работает, но не элегантно как-то, я кстати понял почему JdbcTemplate просило, оно компонент сканом находит RestController а там Autowired сервис, а сервис тянет репозиторий, А тот требует JdbcTemplate который не определен бином в spring-app.xml",
        "user": "UFP7PTM99",
        "ts": "1551029160.114600",
        "thread_ts": "1551028453.111600",
        "parent_user_id": "UFP7PTM99"
    },
    {
        "client_msg_id": "48647fc3-2a39-458e-aea5-6cf37c0100bf",
        "type": "message",
        "text": "Мне не понятно, почему spring не может сканировать аннотации согласно строкам app.xml, а бины если их в app.xml нет искать в db.xml, spring же согласно настройкам проекта видит оба файла. И еще, почему добавление &lt;context:component-scan ... bla-bla-bla\/&gt; в db.xml решило проблему ? Выходит, что он видит и использует db.xml хотя я в SpringMain его вообще не вызываю, а бины из него не видит. Понимания нет :slightly_frowning_face:",
        "user": "UFP7PTM99",
        "ts": "1551029423.116400",
        "thread_ts": "1551029423.116400",
        "reply_count": 4,
        "reply_users_count": 2,
        "latest_reply": "1551069498.124600",
        "reply_users": [
            "UFP7PTM99",
            "UFT7XUWJX"
        ],
        "replies": [
            {
                "user": "UFP7PTM99",
                "ts": "1551030165.117100"
            },
            {
                "user": "UFT7XUWJX",
                "ts": "1551035500.121300"
            },
            {
                "user": "UFP7PTM99",
                "ts": "1551053396.124400"
            },
            {
                "user": "UFT7XUWJX",
                "ts": "1551069498.124600"
            }
        ]
    },
    {
        "client_msg_id": "358c1013-2448-40db-9c11-ace77a298583",
        "type": "message",
        "text": "а почему бы в spring-app не добавить импорт spring-db?",
        "user": "UFLKE29QW",
        "ts": "1551029709.116500",
        "thread_ts": "1551028453.111600",
        "parent_user_id": "UFP7PTM99"
    },
    {
        "client_msg_id": "43129bd5-4734-48b6-9ea1-3c3a9602874b",
        "type": "message",
        "text": "Это решает проблему, но тогда теряется смысл в разделении на разные xml, суть вроде такая что в db.xml мы храним только бины связанные с базой, чтобы все было по полочкам и красиво.\n\nМожно все в одном spring.xml хранить, но если проект здоровый - там можно потеряться и никогда не найтись.",
        "user": "UFP7PTM99",
        "ts": "1551029873.116700",
        "thread_ts": "1551028453.111600",
        "parent_user_id": "UFP7PTM99"
    },
    {
        "client_msg_id": "49314914-bd92-4d35-a7e4-0773f26a906f",
        "type": "message",
        "text": "Так и есть. Это сделано для лучшей читаемости. Но что бы все заработало нужен импорт.",
        "user": "UFLKE29QW",
        "ts": "1551030078.116900",
        "thread_ts": "1551028453.111600",
        "parent_user_id": "UFP7PTM99"
    },
    {
        "client_msg_id": "a5d56531-0481-4116-bee8-3a73a97d213b",
        "type": "message",
        "text": "Все, я понял как это работает)\nСпасибо за толчок)",
        "user": "UFP7PTM99",
        "ts": "1551030165.117100",
        "thread_ts": "1551029423.116400",
        "parent_user_id": "UFP7PTM99"
    },
    {
        "client_msg_id": "165e098b-3fb3-4c92-956e-47dc71320d8b",
        "type": "message",
        "text": "Пустая папка не нужна кстати, и db.xml мы не видим, он достает бины прямо из папки тестов, Пойду гляну в книжке по спрингу как одни xml к другому подрубить.",
        "user": "UFP7PTM99",
        "ts": "1551030330.117300",
        "thread_ts": "1551028453.111600",
        "parent_user_id": "UFP7PTM99"
    },
    {
        "client_msg_id": "d49e1a2e-507d-4a8d-873c-dfa55059e650",
        "type": "message",
        "text": "xml подключается через тег &lt;import resource=\"your_file.xml\"\/&gt;",
        "user": "UFLKE29QW",
        "ts": "1551030949.120100",
        "thread_ts": "1551028453.111600",
        "parent_user_id": "UFP7PTM99",
        "reactions": [
            {
                "name": "heavy_check_mark",
                "users": [
                    "UFP7PTM99",
                    "UFVJ4064D"
                ],
                "count": 2
            },
            {
                "name": "+1",
                "users": [
                    "UG134KF0U"
                ],
                "count": 1
            },
            {
                "name": "thinking_face",
                "users": [
                    "UFR6VRXL3"
                ],
                "count": 1
            }
        ]
    },
    {
        "client_msg_id": "0f7de0a8-691f-4f64-bb0f-3e8e7774c0ff",
        "type": "message",
        "text": "Вопрос по JdbcMealRepositoryImp. После применения всех патчей в данном классе мы имеем заглушку. Во всех методах этой заглушки сейчас фигурирует 'int mealId'. Правильно ли я понимаю, что это опечатка и на самом деле там имеется в виду 'int userId'?",
        "user": "UFM61AMHA",
        "ts": "1551030987.120500",
        "thread_ts": "1551030987.120500",
        "reply_count": 3,
        "reply_users_count": 3,
        "latest_reply": "1551036442.124100",
        "reply_users": [
            "UF99MJGKU",
            "UFPRT4B28",
            "UFM61AMHA"
        ],
        "replies": [
            {
                "user": "UF99MJGKU",
                "ts": "1551034652.120900"
            },
            {
                "user": "UFPRT4B28",
                "ts": "1551035564.122300"
            },
            {
                "user": "UFM61AMHA",
                "ts": "1551036442.124100"
            }
        ]
    },
    {
        "client_msg_id": "653165a7-1536-4507-bbe7-7ce2eda855b6",
        "type": "message",
        "text": "У меня в этом классе фигурирует 'int userId'. Или я что-то упустил...",
        "user": "UF99MJGKU",
        "ts": "1551034652.120900",
        "thread_ts": "1551030987.120500",
        "parent_user_id": "UFM61AMHA",
        "reactions": [
            {
                "name": "+1",
                "users": [
                    "UFPRT4B28"
                ],
                "count": 1
            }
        ]
    },
    {
        "client_msg_id": "419cc94b-6496-4981-b0bb-8dbed5ec6336",
        "type": "message",
        "text": "а какое дублирование? ты же не используешь одновременно две конфигурации.",
        "user": "UFT7XUWJX",
        "ts": "1551035500.121300",
        "thread_ts": "1551029423.116400",
        "parent_user_id": "UFP7PTM99"
    },
    {
        "client_msg_id": "d66e8d9f-5bc1-4133-bf9a-77c4373341b9",
        "type": "message",
        "text": "у меня нет mealid после всех патчей\n@Repository\npublic class JdbcMealRepositoryImpl implements MealRepository {\n\n    @Override\n    public Meal save(Meal meal, int userId) {\n        return null;\n    }\n\n    @Override\n    public boolean delete(int id, int userId) {\n        return false;\n    }\n\n    @Override\n    public Meal get(int id, int userId) {\n        return null;\n    }\n\n    @Override\n    public List&lt;Meal&gt; getAll(int userId) {\n        return null;\n    }\n\n    @Override\n    public List&lt;Meal&gt; getBetween(LocalDateTime startDate, LocalDateTime endDate, int userId) {\n        return null;\n    }\n}",
        "user": "UFPRT4B28",
        "ts": "1551035564.122300",
        "thread_ts": "1551030987.120500",
        "parent_user_id": "UFM61AMHA"
    },
    {
        "client_msg_id": "3eeefe7c-4f8e-4a08-a799-fa8cb7d698a1",
        "type": "message",
        "text": "подскажите, пожалуйста, что нужно \"подсунуть\" в InMemoryAdminRestControllerTest вместо InMemoryUserRepositoryImpl ?",
        "user": "UF659SC66",
        "ts": "1551035716.123600",
        "thread_ts": "1551035716.123600",
        "reply_count": 2,
        "reply_users_count": 2,
        "latest_reply": "1551096485.125000",
        "reply_users": [
            "UFPRT4B28",
            "UFS44Q1JS"
        ],
        "replies": [
            {
                "user": "UFPRT4B28",
                "ts": "1551035978.123700"
            },
            {
                "user": "UFS44Q1JS",
                "ts": "1551096485.125000"
            }
        ]
    },
    {
        "client_msg_id": "736f0d48-6a00-4318-af3e-bb2daed12a86",
        "type": "message",
        "text": "вроде ничего не надо там менять, только файл контекста",
        "user": "UFPRT4B28",
        "ts": "1551035978.123700",
        "edited": {
            "user": "UFPRT4B28",
            "ts": "1551035999.000000"
        },
        "thread_ts": "1551035716.123600",
        "parent_user_id": "UF659SC66"
    },
    {
        "client_msg_id": "ed47043c-c30b-4d0b-839a-85f60f6ce1af",
        "type": "message",
        "text": "Спасибо! Видимо я что-то автозаменил)",
        "user": "UFM61AMHA",
        "ts": "1551036442.124100",
        "thread_ts": "1551030987.120500",
        "parent_user_id": "UFM61AMHA"
    },
    {
        "client_msg_id": "e35d14f6-596b-438a-b764-62fd1cc655dd",
        "type": "message",
        "text": "<@UFT7XUWJX> Суть не в том что ты используешь, а в том что существует. Если строчки кода с одной и той же функциональностью находятся всюду это очень плохо, представь что у тебя метод который, не знаю, сортирует числа, но вместо того чтобы вызывать метод в нужных местах ты просто код из него вставляешь в любой класс в место где нужна сортировка, тут тоже самое.",
        "user": "UFP7PTM99",
        "ts": "1551053396.124400",
        "thread_ts": "1551029423.116400",
        "parent_user_id": "UFP7PTM99"
    },
    {
        "client_msg_id": "3d46b3e7-be06-454d-a7ae-e94a2926424e",
        "type": "message",
        "text": "В коде да. Это просто два разных файла конфигурации.",
        "user": "UFT7XUWJX",
        "ts": "1551069498.124600",
        "thread_ts": "1551029423.116400",
        "parent_user_id": "UFP7PTM99"
    }
]