[
    {
        "client_msg_id": "dfe043e4-c6e8-4fa6-8627-bfc6bd770efd",
        "type": "message",
        "text": "В условиях говорилось, что у юзера может быть одна роль. Почему тогда у нас нет просто таблицы с ролями а в таблице юзеров ссылки на эту роль?\nИли мы потенциально оставляем возможность задавать несколько ролей юзеру? тогда почему не сделать таблицу с ролями (id, role) и отдельно таблицу связей, ведь в user_roles в случае нескольких ролей у юзеров будут повторяться поля role, например может быть так: user_id, role: [1,admin][1,user][2,Admin][2,user]",
        "user": "UFPRT4B28",
        "ts": "1550823453.015900",
        "thread_ts": "1550823453.015900",
        "reply_count": 2,
        "reply_users_count": 2,
        "latest_reply": "1550872614.041200",
        "reply_users": [
            "UE1ULNT9V",
            "UFPRT4B28"
        ],
        "replies": [
            {
                "user": "UE1ULNT9V",
                "ts": "1550854166.029100"
            },
            {
                "user": "UFPRT4B28",
                "ts": "1550872614.041200"
            }
        ]
    },
    {
        "client_msg_id": "052b4f1b-85d6-4130-b0d5-c5a44bccb049",
        "type": "message",
        "text": "подскажите! а версия любая postgresql подойдет а то не могу установить 10 тую",
        "user": "UG862J8F8",
        "ts": "1550838488.019900"
    },
    {
        "client_msg_id": "f33b557f-5b1c-4cc6-bfff-ec7383f01241",
        "type": "message",
        "text": "У меня на 11 завелось, но может потом траблы начнутся. Пока менять не буду. ",
        "user": "UFU5XFS5D",
        "ts": "1550839494.020800"
    },
    {
        "client_msg_id": "9181ec4e-6a57-40ee-bc00-4d27cb03f2d7",
        "type": "message",
        "text": "Ок! у меня32 винда а там нет установки",
        "user": "UG862J8F8",
        "ts": "1550839732.021400"
    },
    {
        "client_msg_id": "7a0ea8e2-2f41-438d-affa-8e66b8d19d9a",
        "type": "message",
        "text": "А вообще у всех версий одна ошибка при установки Problem running post-install step.Installation may not complete correctly\nFalled to start the datavase server Не могу ни как решить",
        "user": "UG862J8F8",
        "ts": "1550839782.022100"
    },
    {
        "client_msg_id": "22aae29b-833b-429c-b269-4560a93f9ec5",
        "type": "message",
        "text": "и папка после установки data пустая",
        "user": "UG862J8F8",
        "ts": "1550839808.022500"
    },
    {
        "client_msg_id": "c73602df-6d3b-4cdd-b98f-15b7001334b1",
        "type": "message",
        "text": "Запускай от админа установку. И ставь в корень диска. ",
        "user": "UFU5XFS5D",
        "ts": "1550843478.023400"
    },
    {
        "client_msg_id": "35e7b0d8-4f7c-4fe4-a12b-52be2a73dc4a",
        "type": "message",
        "text": "да вроде пробовал . и в корень и от админа и создавал нового пользователя posgres на компе. и от него устанавливал. Еще такая ошибка возникает когда службу запускаю posgres пишет :служба была запущена потом остановленна т.к не используется никем.",
        "user": "UG862J8F8",
        "ts": "1550844929.026000"
    },
    {
        "client_msg_id": "89d3c7e8-dbf1-492b-ba84-7724d5d92d89",
        "type": "message",
        "text": "Ну и как крайняя мера - 64вин поставить. ",
        "user": "UFU5XFS5D",
        "ts": "1550845006.026100"
    },
    {
        "client_msg_id": "81071768-19e9-4b3f-9628-ff3496bebc85",
        "type": "message",
        "text": "вот это пробовал сделать? <https:\/\/webkul.com\/blog\/postgresql-windows-installation-problem-running-post-install-step-installation-may-not-complete-correctly\/>",
        "user": "UFVTNRHNK",
        "ts": "1550845261.026600",
        "attachments": [
            {
                "service_name": "Webkul Blog",
                "title": "PostgreSQL Windows Installation Problem running post-install step. Installation may not complete correctly. - Webkul Blog",
                "title_link": "https:\/\/webkul.com\/blog\/postgresql-windows-installation-problem-running-post-install-step-installation-may-not-complete-correctly\/",
                "text": "Yesterday, when I install PostgreSQL on Windows 7, it always report the following error: [stextbox id=”alert”]Problem running the post-install step. Installation may not complete correctly.[\/stextbox] … when the installation progress bar reached the end. After doing a bit searching, I found the solution. Solution: Uninstall PostgreSQL Run command: net user postgres \/delete Click: Control Panel -&gt; User Accounts -&gt; Configure advanced user [...]",
                "fallback": "Webkul Blog: PostgreSQL Windows Installation Problem running post-install step. Installation may not complete correctly. - Webkul Blog",
                "image_url": "https:\/\/webkul.com\/blog\/wp-content\/uploads\/2013\/06\/All-Blogs-Blog-Post-Banner3.png",
                "image_width": 793,
                "image_height": 250,
                "ts": 1371901693,
                "from_url": "https:\/\/webkul.com\/blog\/postgresql-windows-installation-problem-running-post-install-step-installation-may-not-complete-correctly\/",
                "image_bytes": 17181,
                "service_icon": "https:\/\/webkul.com\/blog\/wp-content\/themes\/webkul-blog-bolt\/images\/favicon.ico",
                "id": 1,
                "original_url": "https:\/\/webkul.com\/blog\/postgresql-windows-installation-problem-running-post-install-step-installation-may-not-complete-correctly\/"
            }
        ]
    },
    {
        "client_msg_id": "085d5bfc-8e3b-49f3-a035-34cb5e042227",
        "type": "message",
        "text": "ок! сечас посмотрю",
        "user": "UG862J8F8",
        "ts": "1550845751.027200"
    },
    {
        "type": "message",
        "text": "Добрый день в чем может быть проблема при запуске UserServiceTest выводит",
        "files": [
            {
                "id": "FGDEG0XCY",
                "created": 1550846590,
                "timestamp": 1550846590,
                "name": "UserServiceTest.jpg",
                "title": "UserServiceTest.jpg",
                "mimetype": "image\/jpeg",
                "filetype": "jpg",
                "pretty_type": "JPEG",
                "user": "UFPB4FETA",
                "editable": false,
                "size": 20917,
                "mode": "hosted",
                "is_external": false,
                "external_type": "",
                "is_public": true,
                "public_url_shared": false,
                "display_as_bot": false,
                "username": "",
                "url_private": "https:\/\/files.slack.com\/files-pri\/TE09AK9BK-FGDEG0XCY\/userservicetest.jpg?t=xoxe-476316655393-618179035285-606757826531-bd1c7b831233e0d053294a8f47715ef5",
                "url_private_download": "https:\/\/files.slack.com\/files-pri\/TE09AK9BK-FGDEG0XCY\/download\/userservicetest.jpg?t=xoxe-476316655393-618179035285-606757826531-bd1c7b831233e0d053294a8f47715ef5",
                "thumb_64": "https:\/\/files.slack.com\/files-tmb\/TE09AK9BK-FGDEG0XCY-0859f7904c\/userservicetest_64.jpg?t=xoxe-476316655393-618179035285-606757826531-bd1c7b831233e0d053294a8f47715ef5",
                "thumb_80": "https:\/\/files.slack.com\/files-tmb\/TE09AK9BK-FGDEG0XCY-0859f7904c\/userservicetest_80.jpg?t=xoxe-476316655393-618179035285-606757826531-bd1c7b831233e0d053294a8f47715ef5",
                "thumb_360": "https:\/\/files.slack.com\/files-tmb\/TE09AK9BK-FGDEG0XCY-0859f7904c\/userservicetest_360.jpg?t=xoxe-476316655393-618179035285-606757826531-bd1c7b831233e0d053294a8f47715ef5",
                "thumb_360_w": 360,
                "thumb_360_h": 61,
                "thumb_480": "https:\/\/files.slack.com\/files-tmb\/TE09AK9BK-FGDEG0XCY-0859f7904c\/userservicetest_480.jpg?t=xoxe-476316655393-618179035285-606757826531-bd1c7b831233e0d053294a8f47715ef5",
                "thumb_480_w": 480,
                "thumb_480_h": 81,
                "thumb_160": "https:\/\/files.slack.com\/files-tmb\/TE09AK9BK-FGDEG0XCY-0859f7904c\/userservicetest_160.jpg?t=xoxe-476316655393-618179035285-606757826531-bd1c7b831233e0d053294a8f47715ef5",
                "thumb_720": "https:\/\/files.slack.com\/files-tmb\/TE09AK9BK-FGDEG0XCY-0859f7904c\/userservicetest_720.jpg?t=xoxe-476316655393-618179035285-606757826531-bd1c7b831233e0d053294a8f47715ef5",
                "thumb_720_w": 720,
                "thumb_720_h": 121,
                "thumb_800": "https:\/\/files.slack.com\/files-tmb\/TE09AK9BK-FGDEG0XCY-0859f7904c\/userservicetest_800.jpg?t=xoxe-476316655393-618179035285-606757826531-bd1c7b831233e0d053294a8f47715ef5",
                "thumb_800_w": 800,
                "thumb_800_h": 135,
                "image_exif_rotation": 1,
                "original_w": 861,
                "original_h": 145,
                "permalink": "https:\/\/topjava16.slack.com\/files\/UFPB4FETA\/FGDEG0XCY\/userservicetest.jpg",
                "permalink_public": "https:\/\/slack-files.com\/TE09AK9BK-FGDEG0XCY-d30de22dc0",
                "has_rich_preview": false
            }
        ],
        "upload": true,
        "user": "UFPB4FETA",
        "display_as_bot": false,
        "ts": "1550846596.028600",
        "thread_ts": "1550846596.028600",
        "reply_count": 4,
        "reply_users_count": 3,
        "latest_reply": "1550861477.034400",
        "reply_users": [
            "UFPB4FETA",
            "UE1ULNT9V",
            "UFTSGQ7U5"
        ],
        "replies": [
            {
                "user": "UFPB4FETA",
                "ts": "1550846653.028900"
            },
            {
                "user": "UE1ULNT9V",
                "ts": "1550854475.030700"
            },
            {
                "user": "UFPB4FETA",
                "ts": "1550856017.030900"
            },
            {
                "user": "UFTSGQ7U5",
                "ts": "1550861477.034400"
            }
        ]
    },
    {
        "client_msg_id": "08884934-0dff-4fbe-a135-3f0c66baa614",
        "type": "message",
        "text": "остальные тесты запускаются",
        "user": "UFPB4FETA",
        "ts": "1550846653.028900",
        "thread_ts": "1550846596.028600",
        "parent_user_id": "UFPB4FETA"
    },
    {
        "client_msg_id": "803c13a9-8cad-4daf-a9f7-cd9f2160fbdb",
        "type": "message",
        "text": "&gt; В условиях говорилось, что у юзера может быть одна роль\nэто где такое условие? обычно ролей может быть много. собственно у нас 2 будет у админа",
        "user": "UE1ULNT9V",
        "ts": "1550854166.029100",
        "edited": {
            "user": "UE1ULNT9V",
            "ts": "1550854175.000000"
        },
        "thread_ts": "1550823453.015900",
        "parent_user_id": "UFPRT4B28"
    },
    {
        "client_msg_id": "a4dd67e7-5ecf-4502-9d33-e8ec591bda40",
        "type": "message",
        "text": "<@UG862J8F8> если не получится- пользуйся пока креденшелами в heroku (они закоментарены наверху в postgres.properties)\nа на след. занятии мы hsqldb еще подключим, она встроенная",
        "user": "UE1ULNT9V",
        "ts": "1550854442.030600",
        "thread_ts": "1550854442.030600",
        "reply_count": 8,
        "reply_users_count": 2,
        "latest_reply": "1550948578.055500",
        "reply_users": [
            "UG862J8F8",
            "UE1ULNT9V"
        ],
        "replies": [
            {
                "user": "UG862J8F8",
                "ts": "1550863553.037200"
            },
            {
                "user": "UG862J8F8",
                "ts": "1550865066.038100"
            },
            {
                "user": "UE1ULNT9V",
                "ts": "1550867745.038700"
            },
            {
                "user": "UG862J8F8",
                "ts": "1550869314.039400"
            },
            {
                "user": "UG862J8F8",
                "ts": "1550869414.039600"
            },
            {
                "user": "UG862J8F8",
                "ts": "1550869993.040500"
            },
            {
                "user": "UG862J8F8",
                "ts": "1550918635.047600"
            },
            {
                "user": "UG862J8F8",
                "ts": "1550948578.055500"
            }
        ]
    },
    {
        "client_msg_id": "96c22a91-18be-46c5-93c6-eb497b833bb2",
        "type": "message",
        "text": "класс то- есть?",
        "user": "UE1ULNT9V",
        "ts": "1550854475.030700",
        "thread_ts": "1550846596.028600",
        "parent_user_id": "UFPB4FETA"
    },
    {
        "client_msg_id": "216d2877-0bea-4a35-805f-4bd29aa8ec07",
        "type": "message",
        "text": "есть, все нормально, оказалось косяк происходит при переносе на другую машину в архивированном виде. Скорее всего проблема в git",
        "user": "UFPB4FETA",
        "ts": "1550856017.030900",
        "thread_ts": "1550846596.028600",
        "parent_user_id": "UFPB4FETA"
    },
    {
        "client_msg_id": "8c75f402-f362-4b20-b18f-0f49f950ba27",
        "type": "message",
        "text": "не пойму... у меня после всех патчей пакет ru.javawebinar.topjava.repository.inmemory - пустой... криво пропатчил? или правильной дорогой идете товарищи?\nв teste то я пакет вижу...а разве не копии должны быть?",
        "user": "UFQ35BUP4",
        "ts": "1550860641.033700",
        "edited": {
            "user": "UFQ35BUP4",
            "ts": "1550860765.000000"
        },
        "thread_ts": "1550860641.033700",
        "reply_count": 6,
        "reply_users_count": 2,
        "latest_reply": "1550922198.047900",
        "reply_users": [
            "UE1ULNT9V",
            "UFQ35BUP4"
        ],
        "replies": [
            {
                "user": "UE1ULNT9V",
                "ts": "1550861281.034200"
            },
            {
                "user": "UFQ35BUP4",
                "ts": "1550861824.034600"
            },
            {
                "user": "UE1ULNT9V",
                "ts": "1550867801.038900"
            },
            {
                "user": "UFQ35BUP4",
                "ts": "1550869029.039200"
            },
            {
                "user": "UFQ35BUP4",
                "ts": "1550869535.040300"
            },
            {
                "user": "UE1ULNT9V",
                "ts": "1550922198.047900"
            }
        ]
    },
    {
        "client_msg_id": "ebd9c8cc-a82f-4ff7-87a0-e6a5244933b2",
        "type": "message",
        "text": "в immomory в main классы были раньше. перенесли в test. пакет в main можно удалить",
        "user": "UE1ULNT9V",
        "ts": "1550861281.034200",
        "thread_ts": "1550860641.033700",
        "parent_user_id": "UFQ35BUP4"
    },
    {
        "client_msg_id": "214538db-5834-431c-a248-058f40946a11",
        "type": "message",
        "text": "класс в class path не попал же",
        "user": "UFTSGQ7U5",
        "ts": "1550861477.034400",
        "thread_ts": "1550846596.028600",
        "parent_user_id": "UFPB4FETA"
    },
    {
        "client_msg_id": "7a3914f3-126d-4a83-bf4b-df60ef2a74b3",
        "type": "message",
        "text": "мы их перенесли на время тестирования? так?\nпопробую сам ответить ))) мы переносим потому как если тесты будут неудачными, то с большей степенью вероятности будем вносить изменения, и следовательно сорцы потеряют актуальность... так?",
        "user": "UFQ35BUP4",
        "ts": "1550861824.034600",
        "edited": {
            "user": "UFQ35BUP4",
            "ts": "1550863950.000000"
        },
        "thread_ts": "1550860641.033700",
        "parent_user_id": "UFQ35BUP4"
    },
    {
        "type": "message",
        "text": "Есть вопрос вот про эту форму:",
        "files": [
            {
                "id": "FGDU7QSKB",
                "created": 1550861868,
                "timestamp": 1550861868,
                "name": "image.png",
                "title": "Pasted image at 2019-02-22, 8:57 PM",
                "mimetype": "image\/png",
                "filetype": "png",
                "pretty_type": "PNG",
                "user": "UFP7PTM99",
                "editable": false,
                "size": 37788,
                "mode": "hosted",
                "is_external": false,
                "external_type": "",
                "is_public": true,
                "public_url_shared": false,
                "display_as_bot": false,
                "username": "",
                "url_private": "https:\/\/files.slack.com\/files-pri\/TE09AK9BK-FGDU7QSKB\/image.png?t=xoxe-476316655393-618179035285-606757826531-bd1c7b831233e0d053294a8f47715ef5",
                "url_private_download": "https:\/\/files.slack.com\/files-pri\/TE09AK9BK-FGDU7QSKB\/download\/image.png?t=xoxe-476316655393-618179035285-606757826531-bd1c7b831233e0d053294a8f47715ef5",
                "thumb_64": "https:\/\/files.slack.com\/files-tmb\/TE09AK9BK-FGDU7QSKB-e28401cb08\/image_64.png?t=xoxe-476316655393-618179035285-606757826531-bd1c7b831233e0d053294a8f47715ef5",
                "thumb_80": "https:\/\/files.slack.com\/files-tmb\/TE09AK9BK-FGDU7QSKB-e28401cb08\/image_80.png?t=xoxe-476316655393-618179035285-606757826531-bd1c7b831233e0d053294a8f47715ef5",
                "thumb_360": "https:\/\/files.slack.com\/files-tmb\/TE09AK9BK-FGDU7QSKB-e28401cb08\/image_360.png?t=xoxe-476316655393-618179035285-606757826531-bd1c7b831233e0d053294a8f47715ef5",
                "thumb_360_w": 360,
                "thumb_360_h": 171,
                "thumb_480": "https:\/\/files.slack.com\/files-tmb\/TE09AK9BK-FGDU7QSKB-e28401cb08\/image_480.png?t=xoxe-476316655393-618179035285-606757826531-bd1c7b831233e0d053294a8f47715ef5",
                "thumb_480_w": 480,
                "thumb_480_h": 229,
                "thumb_160": "https:\/\/files.slack.com\/files-tmb\/TE09AK9BK-FGDU7QSKB-e28401cb08\/image_160.png?t=xoxe-476316655393-618179035285-606757826531-bd1c7b831233e0d053294a8f47715ef5",
                "image_exif_rotation": 1,
                "original_w": 672,
                "original_h": 320,
                "permalink": "https:\/\/topjava16.slack.com\/files\/UFP7PTM99\/FGDU7QSKB\/image.png",
                "permalink_public": "https:\/\/slack-files.com\/TE09AK9BK-FGDU7QSKB-5a534fcfe3",
                "has_rich_preview": false
            }
        ],
        "upload": true,
        "user": "UFP7PTM99",
        "display_as_bot": false,
        "ts": "1550861870.035200",
        "thread_ts": "1550861870.035200",
        "reply_count": 13,
        "reply_users_count": 4,
        "latest_reply": "1550924015.049700",
        "reply_users": [
            "UFP7PTM99",
            "UFQ35BUP4",
            "UFPRT4B28",
            "UE1ULNT9V"
        ],
        "replies": [
            {
                "user": "UFP7PTM99",
                "ts": "1550861953.035500"
            },
            {
                "user": "UFQ35BUP4",
                "ts": "1550862065.035700"
            },
            {
                "user": "UFP7PTM99",
                "ts": "1550862458.035900"
            },
            {
                "user": "UFQ35BUP4",
                "ts": "1550863052.036300"
            },
            {
                "user": "UFP7PTM99",
                "ts": "1550863239.036500"
            },
            {
                "user": "UFQ35BUP4",
                "ts": "1550864165.037500"
            },
            {
                "user": "UFQ35BUP4",
                "ts": "1550864401.037700"
            },
            {
                "user": "UFQ35BUP4",
                "ts": "1550864665.037900"
            },
            {
                "user": "UFPRT4B28",
                "ts": "1550871482.040900"
            },
            {
                "user": "UFP7PTM99",
                "ts": "1550880698.045200"
            },
            {
                "user": "UE1ULNT9V",
                "ts": "1550922363.048500"
            },
            {
                "user": "UFP7PTM99",
                "ts": "1550922969.049300"
            },
            {
                "user": "UE1ULNT9V",
                "ts": "1550924015.049700"
            }
        ]
    },
    {
        "client_msg_id": "8bbeacd0-b90d-4f1c-a068-85fe8e6a584b",
        "type": "message",
        "text": "Я так понимаю мы присваиваем значения, чтобы в контроллере не падать по NullPointerEx если пользователь не заполнил все значения формы, но я не понимаю что это за значения и откуда мы их вынимаем, можно детали узнать?",
        "user": "UFP7PTM99",
        "ts": "1550861953.035500",
        "thread_ts": "1550861870.035200",
        "parent_user_id": "UFP7PTM99"
    },
    {
        "client_msg_id": "9ef62c4a-3bb2-401e-a445-efca5af56304",
        "type": "message",
        "text": "а не факт...тут можешь ведь и пустые отправить...",
        "user": "UFQ35BUP4",
        "ts": "1550862065.035700",
        "thread_ts": "1550861870.035200",
        "parent_user_id": "UFP7PTM99"
    },
    {
        "client_msg_id": "85e92ddd-d4c6-4ece-a488-a7b97c0d2c54",
        "type": "message",
        "text": "Я когда дз делал, такая же форма была, но у меня контроллер постоянно по nullpointer-у падал, пришлось извращаться, мол, if !=null тогда фильтруем, и т.п.\nА тут магия прям какая-то, внутри формы какие-то дефолтные значения присваиваем, которые вроде и не null, а вроде и ничего не фильтруют.",
        "user": "UFP7PTM99",
        "ts": "1550862458.035900",
        "edited": {
            "user": "UFP7PTM99",
            "ts": "1550862549.000000"
        },
        "thread_ts": "1550861870.035200",
        "parent_user_id": "UFP7PTM99"
    },
    {
        "client_msg_id": "61643cfa-f827-48be-a68b-ff4dc477b698",
        "type": "message",
        "text": "так перед тэгом формы бин юзится...",
        "user": "UFQ35BUP4",
        "ts": "1550863052.036300",
        "thread_ts": "1550861870.035200",
        "parent_user_id": "UFP7PTM99"
    },
    {
        "type": "message",
        "text": "О_о где?",
        "files": [
            {
                "id": "FGDPVAWP2",
                "created": 1550863234,
                "timestamp": 1550863234,
                "name": "image.png",
                "title": "Pasted image at 2019-02-22, 9:20 PM",
                "mimetype": "image\/png",
                "filetype": "png",
                "pretty_type": "PNG",
                "user": "UFP7PTM99",
                "editable": false,
                "size": 84313,
                "mode": "hosted",
                "is_external": false,
                "external_type": "",
                "is_public": true,
                "public_url_shared": false,
                "display_as_bot": false,
                "username": "",
                "url_private": "https:\/\/files.slack.com\/files-pri\/TE09AK9BK-FGDPVAWP2\/image.png?t=xoxe-476316655393-618179035285-606757826531-bd1c7b831233e0d053294a8f47715ef5",
                "url_private_download": "https:\/\/files.slack.com\/files-pri\/TE09AK9BK-FGDPVAWP2\/download\/image.png?t=xoxe-476316655393-618179035285-606757826531-bd1c7b831233e0d053294a8f47715ef5",
                "thumb_64": "https:\/\/files.slack.com\/files-tmb\/TE09AK9BK-FGDPVAWP2-dc8b3aff6c\/image_64.png?t=xoxe-476316655393-618179035285-606757826531-bd1c7b831233e0d053294a8f47715ef5",
                "thumb_80": "https:\/\/files.slack.com\/files-tmb\/TE09AK9BK-FGDPVAWP2-dc8b3aff6c\/image_80.png?t=xoxe-476316655393-618179035285-606757826531-bd1c7b831233e0d053294a8f47715ef5",
                "thumb_360": "https:\/\/files.slack.com\/files-tmb\/TE09AK9BK-FGDPVAWP2-dc8b3aff6c\/image_360.png?t=xoxe-476316655393-618179035285-606757826531-bd1c7b831233e0d053294a8f47715ef5",
                "thumb_360_w": 360,
                "thumb_360_h": 182,
                "thumb_480": "https:\/\/files.slack.com\/files-tmb\/TE09AK9BK-FGDPVAWP2-dc8b3aff6c\/image_480.png?t=xoxe-476316655393-618179035285-606757826531-bd1c7b831233e0d053294a8f47715ef5",
                "thumb_480_w": 480,
                "thumb_480_h": 242,
                "thumb_160": "https:\/\/files.slack.com\/files-tmb\/TE09AK9BK-FGDPVAWP2-dc8b3aff6c\/image_160.png?t=xoxe-476316655393-618179035285-606757826531-bd1c7b831233e0d053294a8f47715ef5",
                "thumb_720": "https:\/\/files.slack.com\/files-tmb\/TE09AK9BK-FGDPVAWP2-dc8b3aff6c\/image_720.png?t=xoxe-476316655393-618179035285-606757826531-bd1c7b831233e0d053294a8f47715ef5",
                "thumb_720_w": 720,
                "thumb_720_h": 364,
                "thumb_800": "https:\/\/files.slack.com\/files-tmb\/TE09AK9BK-FGDPVAWP2-dc8b3aff6c\/image_800.png?t=xoxe-476316655393-618179035285-606757826531-bd1c7b831233e0d053294a8f47715ef5",
                "thumb_800_w": 800,
                "thumb_800_h": 404,
                "thumb_960": "https:\/\/files.slack.com\/files-tmb\/TE09AK9BK-FGDPVAWP2-dc8b3aff6c\/image_960.png?t=xoxe-476316655393-618179035285-606757826531-bd1c7b831233e0d053294a8f47715ef5",
                "thumb_960_w": 960,
                "thumb_960_h": 485,
                "thumb_1024": "https:\/\/files.slack.com\/files-tmb\/TE09AK9BK-FGDPVAWP2-dc8b3aff6c\/image_1024.png?t=xoxe-476316655393-618179035285-606757826531-bd1c7b831233e0d053294a8f47715ef5",
                "thumb_1024_w": 1024,
                "thumb_1024_h": 517,
                "image_exif_rotation": 1,
                "original_w": 1083,
                "original_h": 547,
                "permalink": "https:\/\/topjava16.slack.com\/files\/UFP7PTM99\/FGDPVAWP2\/image.png",
                "permalink_public": "https:\/\/slack-files.com\/TE09AK9BK-FGDPVAWP2-1f80034e5d",
                "has_rich_preview": false
            }
        ],
        "upload": true,
        "user": "UFP7PTM99",
        "display_as_bot": false,
        "ts": "1550863239.036500",
        "thread_ts": "1550861870.035200",
        "parent_user_id": "UFP7PTM99"
    },
    {
        "client_msg_id": "0f737c2f-a036-4728-ab77-d168b5c074cc",
        "type": "message",
        "text": "ок! Понял!",
        "user": "UG862J8F8",
        "ts": "1550863553.037200",
        "thread_ts": "1550854442.030600",
        "parent_user_id": "UE1ULNT9V"
    },
    {
        "client_msg_id": "caf4fb87-7e34-46ad-a80e-2004bfde2bfe",
        "type": "message",
        "text": "ага...не беда...посмотри в сервлете...там где сеттится атрибут",
        "user": "UFQ35BUP4",
        "ts": "1550864165.037500",
        "thread_ts": "1550861870.035200",
        "parent_user_id": "UFP7PTM99"
    },
    {
        "client_msg_id": "2afd7297-2014-47fe-aff7-08cac1745774",
        "type": "message",
        "text": "а вообще откуда у тебя эта версия...у тебя импорт функций...там посмотри, наверняка есть обработчики евентов",
        "user": "UFQ35BUP4",
        "ts": "1550864401.037700",
        "thread_ts": "1550861870.035200",
        "parent_user_id": "UFP7PTM99"
    },
    {
        "client_msg_id": "64c6e2bd-838d-4358-950b-36f583c71ec1",
        "type": "message",
        "text": "functions.tld вот тут посмотри",
        "user": "UFQ35BUP4",
        "ts": "1550864665.037900",
        "thread_ts": "1550861870.035200",
        "parent_user_id": "UFP7PTM99"
    },
    {
        "client_msg_id": "d39d24ef-b26b-4cf1-974f-ec9f4ff29aa5",
        "type": "message",
        "text": "<@UE1ULNT9V>  При тесте конекта к базе ошибка                                             08006] Невозможно создать SSLSocketFactory с помощью указанного класса org.postgresql.ssl.NonValidatingFactory datab                             Все прописал как в уроке.\n*",
        "user": "UG862J8F8",
        "ts": "1550865066.038100",
        "thread_ts": "1550854442.030600",
        "parent_user_id": "UE1ULNT9V"
    },
    {
        "user": "UG1T909RD",
        "type": "message",
        "subtype": "app_conversation_join",
        "ts": "1550866613.038400",
        "text": "<@UG1T909RD> was added to this conversation",
        "inviter": "UG862J8F8"
    },
    {
        "client_msg_id": "92bbd257-9a2f-41c9-9762-d470b1efde71",
        "type": "message",
        "text": "возьми готовый url из postgres.properties\nтам уже все прописано",
        "user": "UE1ULNT9V",
        "ts": "1550867745.038700",
        "thread_ts": "1550854442.030600",
        "parent_user_id": "UE1ULNT9V"
    },
    {
        "client_msg_id": "f5c90bc9-a263-4f5a-8cdd-7e04a16efc0f",
        "type": "message",
        "text": "эти классы не нужно приложению\/в продакшене (main)",
        "user": "UE1ULNT9V",
        "ts": "1550867801.038900",
        "edited": {
            "user": "UE1ULNT9V",
            "ts": "1550867811.000000"
        },
        "thread_ts": "1550860641.033700",
        "parent_user_id": "UFQ35BUP4"
    },
    {
        "client_msg_id": "aa68bd80-7641-4f7a-92e7-a066e0c43216",
        "type": "message",
        "text": "спасибо...уже понял...перенес куда надо...заработало",
        "user": "UFQ35BUP4",
        "ts": "1550869029.039200",
        "thread_ts": "1550860641.033700",
        "parent_user_id": "UFQ35BUP4"
    },
    {
        "client_msg_id": "18b8cbbf-b16b-4cca-a593-cab645d8b7cd",
        "type": "message",
        "text": "Взял все от туда!",
        "user": "UG862J8F8",
        "ts": "1550869314.039400",
        "thread_ts": "1550854442.030600",
        "parent_user_id": "UE1ULNT9V"
    },
    {
        "client_msg_id": "05255b91-4f0d-4dbe-9a87-6b6a45179521",
        "type": "message",
        "text": "Все данные сами прописались . когда ввел этот url и sslfactory    org.postgresql.ssl.NonValidatingFactory datab сам поставилься,",
        "user": "UG862J8F8",
        "ts": "1550869414.039600",
        "edited": {
            "user": "UG862J8F8",
            "ts": "1550869508.000000"
        },
        "thread_ts": "1550854442.030600",
        "parent_user_id": "UE1ULNT9V"
    },
    {
        "client_msg_id": "c1bce910-1ce8-4e76-a1fc-94c1b20f1928",
        "type": "message",
        "text": "я с юниттестами на вы...кстати сказать, в политехе петра нас уважаемый преподаватель настоятельно просил игнорировать тестирование...говорил, что вы не должны есть хлеб тестировщиков...я чувствовал, что он в этом не уверен )))",
        "user": "UFQ35BUP4",
        "ts": "1550869535.040300",
        "thread_ts": "1550860641.033700",
        "parent_user_id": "UFQ35BUP4"
    },
    {
        "client_msg_id": "66caa9aa-0939-45a1-a116-fb9825c1e840",
        "type": "message",
        "text": "<@UE1ULNT9V>  Убрал из utl ?ssl=true&amp;sslfactory=org.postgresql.ssl.NonValidatingFactory Теперь появляется при тесте окно где запрашивается пароль, ввожу пароль и опять появляется окно и запрашивает пароль.",
        "user": "UG862J8F8",
        "ts": "1550869993.040500",
        "edited": {
            "user": "UG862J8F8",
            "ts": "1550904001.000000"
        },
        "thread_ts": "1550854442.030600",
        "parent_user_id": "UE1ULNT9V"
    },
    {
        "client_msg_id": "484e767c-a270-445b-a855-5bc0925929eb",
        "type": "message",
        "text": "насколько я понимаю , param.startdate и тп используются для того чтобы не стирались параметры фильтрации после выполнения Post . сначала они пустые, при заполнении и выполнении фильтрации, после форварда они сохраняются, и мы их возвращаем на форму",
        "user": "UFPRT4B28",
        "ts": "1550871482.040900",
        "thread_ts": "1550861870.035200",
        "parent_user_id": "UFP7PTM99",
        "reactions": [
            {
                "name": "+1",
                "users": [
                    "UFP7PTM99"
                ],
                "count": 1
            }
        ]
    },
    {
        "client_msg_id": "a0eb3bc0-baf2-41a1-9bff-b26aba1d8b03",
        "type": "message",
        "text": "Да, не было такого условия, извиняюсь, перепутала. Но вопроса это не отменяет, почему у нас таблица с дублированием названий ролей. Для уменьшения кол-ва таблиц?",
        "user": "UFPRT4B28",
        "ts": "1550872614.041200",
        "thread_ts": "1550823453.015900",
        "parent_user_id": "UFPRT4B28"
    },
    {
        "client_msg_id": "c8821a75-00fe-4d04-8cbe-bc8338604b4e",
        "type": "message",
        "text": "не врублюсь...почему когда InMemoryAdminRest.....тесты проходят, то UserServiceTest сваливается...низя дудочку и кувшинчик сразу?)))",
        "user": "UFQ35BUP4",
        "ts": "1550877243.044000"
    },
    {
        "client_msg_id": "12cd4ae7-637a-4c35-9f00-9083e3d43e95",
        "type": "message",
        "text": "Кстати Парни!!! с Праздником ВСЕХ!!! чтобы не было войны!!!",
        "user": "UFQ35BUP4",
        "ts": "1550877330.045100",
        "thread_ts": "1550877330.045100",
        "reply_count": 3,
        "reply_users_count": 2,
        "latest_reply": "1550923932.049500",
        "reply_users": [
            "UE1ULNT9V",
            "UFQ35BUP4"
        ],
        "replies": [
            {
                "user": "UE1ULNT9V",
                "ts": "1550922468.048900"
            },
            {
                "user": "UFQ35BUP4",
                "ts": "1550922649.049100"
            },
            {
                "user": "UE1ULNT9V",
                "ts": "1550923932.049500"
            }
        ],
        "reactions": [
            {
                "name": "slightly_smiling_face",
                "users": [
                    "UEZ1LSXC6",
                    "UE1ULNT9V",
                    "UFKG13683",
                    "UFVJ4064D"
                ],
                "count": 4
            },
            {
                "name": "ok_hand",
                "users": [
                    "UE1ULNT9V",
                    "UFRA5FKN3"
                ],
                "count": 2
            }
        ]
    },
    {
        "client_msg_id": "cc44e02a-7a4c-4583-89a6-0f472f62e855",
        "type": "message",
        "text": "Продебажил, нет там никакой защиты от null, просто по хитрому обрабатывается в слое util это дело, 2 метода, один для нормальных значений, другой для null, если null то есть дефолтные значения которые собственно включают в себя все, потому ничего не фильтруется. Хитро.\nА param, насколько я понял, это мапа которая хранит все что было получено как сервером так и от сервера в течении сессии. Так что по идее Story права.",
        "user": "UFP7PTM99",
        "ts": "1550880698.045200",
        "thread_ts": "1550861870.035200",
        "parent_user_id": "UFP7PTM99",
        "reactions": [
            {
                "name": "+1",
                "users": [
                    "UFPRT4B28"
                ],
                "count": 1
            }
        ]
    }
]