[
    {
        "user": "UE1ULNT9V",
        "type": "message",
        "subtype": "channel_join",
        "ts": "1550707659.000200",
        "text": "<@UE1ULNT9V> has joined the channel"
    },
    {
        "user": "UE1ULNT9V",
        "type": "message",
        "subtype": "channel_topic",
        "ts": "1550707857.000300",
        "text": "<@UE1ULNT9V> set the channel topic: <https:\/\/github.com\/JavaWebinar\/topjava\/blob\/doc\/doc\/lesson03.md>",
        "topic": "<https:\/\/github.com\/JavaWebinar\/topjava\/blob\/doc\/doc\/lesson03.md>"
    },
    {
        "client_msg_id": "5dd061cd-7f66-4f2c-8d15-6cd3032ab40e",
        "type": "message",
        "text": "Добро пожаловать на 3е занятие: <https:\/\/github.com\/JavaWebinar\/topjava\/blob\/doc\/doc\/lesson03.md>\nУспехов!  PS: скорректировал в профиле цену на проверку ДЗ с HW3.",
        "user": "UE1ULNT9V",
        "ts": "1550708014.001200",
        "edited": {
            "user": "UE1ULNT9V",
            "ts": "1550708020.000000"
        }
    },
    {
        "user": "UFQFJRADC",
        "type": "message",
        "subtype": "channel_join",
        "ts": "1550708456.001600",
        "text": "<@UFQFJRADC> has joined the channel"
    },
    {
        "user": "UFP8P9N6M",
        "type": "message",
        "subtype": "channel_join",
        "ts": "1550709691.000200",
        "text": "<@UFP8P9N6M> has joined the channel"
    },
    {
        "user": "UF1DTEC9Z",
        "type": "message",
        "subtype": "channel_join",
        "ts": "1550709700.000400",
        "text": "<@UF1DTEC9Z> has joined the channel"
    },
    {
        "user": "UF6HMCG3X",
        "type": "message",
        "subtype": "channel_join",
        "ts": "1550711397.000600",
        "text": "<@UF6HMCG3X> has joined the channel"
    },
    {
        "user": "UFHCGQ525",
        "type": "message",
        "subtype": "channel_join",
        "ts": "1550711465.000800",
        "text": "<@UFHCGQ525> has joined the channel"
    },
    {
        "user": "UFQT0J4PP",
        "type": "message",
        "subtype": "channel_join",
        "ts": "1550711665.001000",
        "text": "<@UFQT0J4PP> has joined the channel"
    },
    {
        "user": "UF7MD83EU",
        "type": "message",
        "subtype": "channel_join",
        "ts": "1550711939.001200",
        "text": "<@UF7MD83EU> has joined the channel"
    },
    {
        "user": "UFJMTDWBY",
        "type": "message",
        "subtype": "channel_join",
        "ts": "1550712336.001400",
        "text": "<@UFJMTDWBY> has joined the channel"
    },
    {
        "user": "UFMAVCYKB",
        "type": "message",
        "subtype": "channel_join",
        "ts": "1550713726.001600",
        "text": "<@UFMAVCYKB> has joined the channel"
    },
    {
        "user": "UFE7TR83Z",
        "type": "message",
        "subtype": "channel_join",
        "ts": "1550715279.001800",
        "text": "<@UFE7TR83Z> has joined the channel"
    },
    {
        "user": "UF99MJGKU",
        "type": "message",
        "subtype": "channel_join",
        "ts": "1550715698.002000",
        "text": "<@UF99MJGKU> has joined the channel"
    },
    {
        "user": "UF3JGRQSX",
        "type": "message",
        "subtype": "channel_join",
        "ts": "1550716853.002200",
        "text": "<@UF3JGRQSX> has joined the channel"
    },
    {
        "user": "UELE85CTB",
        "type": "message",
        "subtype": "channel_join",
        "ts": "1550716992.002400",
        "text": "<@UELE85CTB> has joined the channel"
    },
    {
        "user": "UFAG403GE",
        "type": "message",
        "subtype": "channel_join",
        "ts": "1550720045.002600",
        "text": "<@UFAG403GE> has joined the channel"
    },
    {
        "user": "UFFJ077SL",
        "type": "message",
        "subtype": "channel_join",
        "ts": "1550720188.002800",
        "text": "<@UFFJ077SL> has joined the channel"
    },
    {
        "user": "UF1DAUJE6",
        "type": "message",
        "subtype": "channel_join",
        "ts": "1550721062.003000",
        "text": "<@UF1DAUJE6> has joined the channel"
    },
    {
        "user": "UFALPSH7D",
        "type": "message",
        "subtype": "channel_join",
        "ts": "1550721560.003200",
        "text": "<@UFALPSH7D> has joined the channel"
    },
    {
        "user": "UF0JZEDAM",
        "type": "message",
        "subtype": "channel_join",
        "ts": "1550722271.003400",
        "text": "<@UF0JZEDAM> has joined the channel"
    },
    {
        "user": "UFQ35BUP4",
        "type": "message",
        "subtype": "channel_join",
        "ts": "1550722620.003600",
        "text": "<@UFQ35BUP4> has joined the channel"
    }
]