[
    {
        "client_msg_id": "1f070336-8e8a-4e00-b825-3cf3a6decb18",
        "type": "message",
        "text": "Мне тоже не понятно - зачем тестировать не используемый код? ",
        "user": "UFKLLLP1A",
        "ts": "1551168648.145200",
        "thread_ts": "1551104370.127600",
        "parent_user_id": "UF3BP78SF"
    },
    {
        "client_msg_id": "8c0f9836-931a-4c2e-bf91-6d2628da9e05",
        "type": "message",
        "text": "Как UserTestData  попадает в UserServiceTest , что от туда берутся значения для сравнения ,  ведь спринговскими анотациями он не определен, и в папках сканируемых спрингом не находится? А мы как то имеем возможность сравнивать USER,  ADMIN которые не инсталированы и не определены в UserServiceTest, не пойму.",
        "user": "UG862J8F8",
        "ts": "1551171044.148300"
    },
    {
        "client_msg_id": "ca2373da-fd96-473f-83e3-5c4052622fe6",
        "type": "message",
        "text": "мы же его заимпортили",
        "user": "UFFJ077SL",
        "ts": "1551171103.148500"
    },
    {
        "client_msg_id": "d44aac17-bb66-40ee-ad58-aa15cc52c341",
        "type": "message",
        "text": "в самом верху",
        "user": "UFFJ077SL",
        "ts": "1551171108.148700"
    },
    {
        "client_msg_id": "a953194e-e64a-4794-83f9-ee20ed7cc80a",
        "type": "message",
        "text": "в UserServiceTest'e",
        "user": "UFFJ077SL",
        "ts": "1551171126.149100"
    },
    {
        "client_msg_id": "db49929c-0354-44f5-ba74-dbee2fdb9bd7",
        "type": "message",
        "text": "а можно поточнее а то я что то не вижу.",
        "user": "UG862J8F8",
        "ts": "1551171185.149400"
    },
    {
        "client_msg_id": "a521fcf0-2622-4bcf-a06a-ff4e3185956c",
        "type": "message",
        "text": "какой строчкой",
        "user": "UG862J8F8",
        "ts": "1551171192.149600"
    },
    {
        "client_msg_id": "12658fcf-43c9-47d6-9075-04acffd5953d",
        "type": "message",
        "text": "а все увидел сори",
        "user": "UG862J8F8",
        "ts": "1551171205.149800"
    },
    {
        "client_msg_id": "7e4d55cb-0a25-48ad-99e3-2c09136f3af7",
        "type": "message",
        "text": "искал внутри класса.",
        "user": "UG862J8F8",
        "ts": "1551171256.150200"
    },
    {
        "client_msg_id": "e7e68831-81a8-47a9-84c8-eba4e50b5501",
        "type": "message",
        "text": "<@UG862J8F8> <@UFFJ077SL> коллеги пользуйтесь тредами \"Start a thread\", потом удобнее читать канал )",
        "user": "UFR6VRXL3",
        "ts": "1551171583.151000",
        "thread_ts": "1551171583.151000",
        "reply_count": 2,
        "reply_users_count": 2,
        "latest_reply": "1551171809.151300",
        "reply_users": [
            "UFFJ077SL",
            "UG862J8F8"
        ],
        "replies": [
            {
                "user": "UFFJ077SL",
                "ts": "1551171608.151100"
            },
            {
                "user": "UG862J8F8",
                "ts": "1551171809.151300"
            }
        ],
        "reactions": [
            {
                "name": "100",
                "users": [
                    "UFP7PTM99",
                    "UFVJ4064D"
                ],
                "count": 2
            }
        ]
    },
    {
        "client_msg_id": "3452d119-45bc-4e88-be51-de540a5cda35",
        "type": "message",
        "text": "хорошо ) все никак не привыкну к ним, на работе скайп :confused:",
        "user": "UFFJ077SL",
        "ts": "1551171608.151100",
        "thread_ts": "1551171583.151000",
        "parent_user_id": "UFR6VRXL3"
    },
    {
        "client_msg_id": "52a593c5-0b28-4b85-9770-40f1baa2a050",
        "type": "message",
        "text": "ок понял",
        "user": "UG862J8F8",
        "ts": "1551171809.151300",
        "thread_ts": "1551171583.151000",
        "parent_user_id": "UFR6VRXL3"
    },
    {
        "client_msg_id": "3501034e-777a-44e5-8308-9a9bd60a916e",
        "type": "message",
        "text": "Прописываю     @Qualifier(\"JdbcUserRepositoryImpl\") использовать перед конструктором (какую реализацию использовать)\n    public UserServiceImpl(UserRepository repository) {\n        this.repository = repository;\n    } но почему то горит красным. идея предлагает только remove",
        "user": "UG862J8F8",
        "ts": "1551173061.151700",
        "edited": {
            "user": "UG862J8F8",
            "ts": "1551173190.000000"
        },
        "thread_ts": "1551173061.151700",
        "reply_count": 3,
        "reply_users_count": 3,
        "latest_reply": "1551226258.195400",
        "reply_users": [
            "UG862J8F8",
            "UFZT3QMU6",
            "UFQ35BUP4"
        ],
        "replies": [
            {
                "user": "UG862J8F8",
                "ts": "1551173281.152100"
            },
            {
                "user": "UFZT3QMU6",
                "ts": "1551208790.188400"
            },
            {
                "user": "UFQ35BUP4",
                "ts": "1551226258.195400"
            }
        ]
    },
    {
        "client_msg_id": "d40175e7-eb1d-4e1e-943d-c2cbd9a332d4",
        "type": "message",
        "text": "Все понял не применимо к  конструктору",
        "user": "UG862J8F8",
        "ts": "1551173281.152100",
        "thread_ts": "1551173061.151700",
        "parent_user_id": "UG862J8F8"
    },
    {
        "client_msg_id": "6911eba2-f5c9-47b9-bb6e-e04c81a6d47a",
        "type": "message",
        "text": "Я понял. Нужно было видео пересмотреть. Это мок репозитория. С его помощью мы тестируем контроллеры и сервисы. Просто когда смотришь на коммит видишь что класс переместился в тесты. Это выглядит странно. Моки наверное стоит помечать словом мок - MockMealRepository, MockUserRepository. Так как сейчас сбивает с толку",
        "user": "UF3BP78SF",
        "ts": "1551174313.152300",
        "edited": {
            "user": "UF3BP78SF",
            "ts": "1551174608.000000"
        },
        "thread_ts": "1551104370.127600",
        "parent_user_id": "UF3BP78SF"
    },
    {
        "client_msg_id": "6b0801c7-dbdc-438c-b038-ae8f0f016247",
        "type": "message",
        "text": "Как устранить ошибку имя хоста не может быть проверено? Caused by: org.postgresql.util.PSQLException: The hostname <http:\/\/ec2-54-247-74-197.eu-west-1.compute.amazonaws.com|ec2-54-247-74-197.eu-west-1.compute.amazonaws.com> could not be verified by hostnameverifier PgjdbcHostnameVerifier.",
        "user": "UG862J8F8",
        "ts": "1551175983.153300",
        "thread_ts": "1551175983.153300",
        "reply_count": 11,
        "reply_users_count": 2,
        "latest_reply": "1551182432.155900",
        "reply_users": [
            "UFFJ077SL",
            "UG862J8F8"
        ],
        "replies": [
            {
                "user": "UFFJ077SL",
                "ts": "1551176050.153500"
            },
            {
                "user": "UFFJ077SL",
                "ts": "1551176063.153700"
            },
            {
                "user": "UG862J8F8",
                "ts": "1551176083.153900"
            },
            {
                "user": "UFFJ077SL",
                "ts": "1551176140.154100"
            },
            {
                "user": "UFFJ077SL",
                "ts": "1551176149.154300"
            },
            {
                "user": "UFFJ077SL",
                "ts": "1551178429.154500"
            },
            {
                "user": "UFFJ077SL",
                "ts": "1551178432.154700"
            },
            {
                "user": "UFFJ077SL",
                "ts": "1551178998.154900"
            },
            {
                "user": "UFFJ077SL",
                "ts": "1551179098.155200"
            },
            {
                "user": "UFFJ077SL",
                "ts": "1551179099.155400"
            },
            {
                "user": "UG862J8F8",
                "ts": "1551182432.155900"
            }
        ]
    },
    {
        "client_msg_id": "e267029b-9f13-4315-9aff-8c1f07370d14",
        "type": "message",
        "text": "а вы там зарегестрировались и все настроили?)",
        "user": "UFFJ077SL",
        "ts": "1551176050.153500",
        "thread_ts": "1551175983.153300",
        "parent_user_id": "UG862J8F8"
    },
    {
        "client_msg_id": "e998b82c-975e-42e9-962e-09c31f97993d",
        "type": "message",
        "text": "вроде нужно свой sql использовать",
        "user": "UFFJ077SL",
        "ts": "1551176063.153700",
        "thread_ts": "1551175983.153300",
        "parent_user_id": "UG862J8F8"
    },
    {
        "client_msg_id": "541995b3-a9d5-413f-b2a8-e69d0d7ed907",
        "type": "message",
        "text": "да база подключена  и таблицы залиты",
        "user": "UG862J8F8",
        "ts": "1551176083.153900",
        "thread_ts": "1551175983.153300",
        "parent_user_id": "UG862J8F8"
    },
    {
        "client_msg_id": "a0b09f5b-71e5-4029-8ca0-64380a464ba6",
        "type": "message",
        "text": "видимо нужно ssl включить",
        "user": "UFFJ077SL",
        "ts": "1551176140.154100",
        "thread_ts": "1551175983.153300",
        "parent_user_id": "UG862J8F8"
    },
    {
        "client_msg_id": "d6f56b58-3151-44d1-b8d7-e9cc4e23849d",
        "type": "message",
        "text": "или еще какие настройки",
        "user": "UFFJ077SL",
        "ts": "1551176149.154300",
        "thread_ts": "1551175983.153300",
        "parent_user_id": "UG862J8F8"
    },
    {
        "client_msg_id": "13a6a953-b46d-454a-adb7-3a0839d0514a",
        "type": "message",
        "text": "проверил у себя, org.postgresql.ssl.NonValidatingFactory выставил в тру в sslfactory + ssl true",
        "user": "UFFJ077SL",
        "ts": "1551178429.154500",
        "thread_ts": "1551175983.153300",
        "parent_user_id": "UG862J8F8"
    },
    {
        "client_msg_id": "5087a244-72c7-4ac6-8532-dcfcf4634ce5",
        "type": "message",
        "text": "и все заработало)",
        "user": "UFFJ077SL",
        "ts": "1551178432.154700",
        "thread_ts": "1551175983.153300",
        "parent_user_id": "UG862J8F8"
    },
    {
        "client_msg_id": "c27e738e-48d7-4b49-a495-23cb61c59b39",
        "type": "message",
        "text": "<https:\/\/stackoverflow.com\/questions\/11832361\/how-to-setup-spring-heroku-postgres-ssl-datasource>",
        "user": "UFFJ077SL",
        "ts": "1551178998.154900",
        "attachments": [
            {
                "service_name": "Stack Overflow",
                "title": "How to setup Spring\/Heroku\/postgres SSL datasource",
                "title_link": "https:\/\/stackoverflow.com\/questions\/11832361\/how-to-setup-spring-heroku-postgres-ssl-datasource",
                "text": "I'm trying to create a datasource from my Heroku\/Spring application to <http:\/\/postgres.heroku.com|postgres.heroku.com> postgres database. Here is my applicationContext.xml snippet. &lt;bean id=\"securityDataSource\" class=\"org.",
                "fallback": "Stack Overflow: How to setup Spring\/Heroku\/postgres SSL datasource",
                "thumb_url": "https:\/\/cdn.sstatic.net\/Sites\/stackoverflow\/img\/apple-touch-icon@2.png?v=73d79a89bded",
                "from_url": "https:\/\/stackoverflow.com\/questions\/11832361\/how-to-setup-spring-heroku-postgres-ssl-datasource",
                "thumb_width": 316,
                "thumb_height": 316,
                "service_icon": "https:\/\/cdn.sstatic.net\/Sites\/stackoverflow\/img\/favicon.ico?v=4f32ecc8f43d",
                "id": 1,
                "original_url": "https:\/\/stackoverflow.com\/questions\/11832361\/how-to-setup-spring-heroku-postgres-ssl-datasource"
            }
        ],
        "thread_ts": "1551175983.153300",
        "parent_user_id": "UG862J8F8"
    },
    {
        "client_msg_id": "05f416c3-3989-4a42-b066-e10799015b35",
        "type": "message",
        "text": "правда не знаю у кого как, но автотесты никак не цеплялись к базе с ssl = true, выставил в false и все ок",
        "user": "UFFJ077SL",
        "ts": "1551179098.155200",
        "thread_ts": "1551175983.153300",
        "parent_user_id": "UG862J8F8"
    },
    {
        "client_msg_id": "24053ddd-43f7-4c28-8ee5-0c4a1e5fed3c",
        "type": "message",
        "text": "?ssl=false&amp;amp;sslfactory=org.postgresql.ssl.NonValidatingFactory",
        "user": "UFFJ077SL",
        "ts": "1551179099.155400",
        "thread_ts": "1551175983.153300",
        "parent_user_id": "UG862J8F8"
    },
    {
        "client_msg_id": "185ec05b-cf9c-4d85-b03a-34fc75ad6b73",
        "type": "message",
        "text": "выставил  ssl=false та же ошибка",
        "user": "UG862J8F8",
        "ts": "1551182432.155900",
        "thread_ts": "1551175983.153300",
        "parent_user_id": "UG862J8F8"
    },
    {
        "client_msg_id": "12d4066d-25cf-4167-a9c1-f2d6190a0b66",
        "type": "message",
        "text": "Есть еще предложение описывать проблему покороче, в 2-3 строчки, а скриншоты и детальное описание прилагать в треде, так будет вообще красиво, а то у нас тут лапша страшная, проверить задавали ли такой вопрос - проблематично.",
        "user": "UFP7PTM99",
        "ts": "1551189487.162000",
        "edited": {
            "user": "UFP7PTM99",
            "ts": "1551190389.000000"
        },
        "reactions": [
            {
                "name": "+1",
                "users": [
                    "UFVJ4064D"
                ],
                "count": 1
            }
        ]
    },
    {
        "type": "message",
        "text": "Здравствуйте, с Idea Доступ к базе есть",
        "files": [
            {
                "id": "FGGEGAA48",
                "created": 1551194364,
                "timestamp": 1551194364,
                "name": "image.png",
                "title": "Pasted image at 2019-02-26, 5:19 PM",
                "mimetype": "image\/png",
                "filetype": "png",
                "pretty_type": "PNG",
                "user": "UEZ1LSXC6",
                "editable": false,
                "size": 19125,
                "mode": "hosted",
                "is_external": false,
                "external_type": "",
                "is_public": true,
                "public_url_shared": false,
                "display_as_bot": false,
                "username": "",
                "url_private": "https:\/\/files.slack.com\/files-pri\/TE09AK9BK-FGGEGAA48\/image.png?t=xoxe-476316655393-618179035285-606757826531-bd1c7b831233e0d053294a8f47715ef5",
                "url_private_download": "https:\/\/files.slack.com\/files-pri\/TE09AK9BK-FGGEGAA48\/download\/image.png?t=xoxe-476316655393-618179035285-606757826531-bd1c7b831233e0d053294a8f47715ef5",
                "thumb_64": "https:\/\/files.slack.com\/files-tmb\/TE09AK9BK-FGGEGAA48-ea6270e74a\/image_64.png?t=xoxe-476316655393-618179035285-606757826531-bd1c7b831233e0d053294a8f47715ef5",
                "thumb_80": "https:\/\/files.slack.com\/files-tmb\/TE09AK9BK-FGGEGAA48-ea6270e74a\/image_80.png?t=xoxe-476316655393-618179035285-606757826531-bd1c7b831233e0d053294a8f47715ef5",
                "thumb_360": "https:\/\/files.slack.com\/files-tmb\/TE09AK9BK-FGGEGAA48-ea6270e74a\/image_360.png?t=xoxe-476316655393-618179035285-606757826531-bd1c7b831233e0d053294a8f47715ef5",
                "thumb_360_w": 360,
                "thumb_360_h": 135,
                "thumb_480": "https:\/\/files.slack.com\/files-tmb\/TE09AK9BK-FGGEGAA48-ea6270e74a\/image_480.png?t=xoxe-476316655393-618179035285-606757826531-bd1c7b831233e0d053294a8f47715ef5",
                "thumb_480_w": 480,
                "thumb_480_h": 180,
                "thumb_160": "https:\/\/files.slack.com\/files-tmb\/TE09AK9BK-FGGEGAA48-ea6270e74a\/image_160.png?t=xoxe-476316655393-618179035285-606757826531-bd1c7b831233e0d053294a8f47715ef5",
                "thumb_720": "https:\/\/files.slack.com\/files-tmb\/TE09AK9BK-FGGEGAA48-ea6270e74a\/image_720.png?t=xoxe-476316655393-618179035285-606757826531-bd1c7b831233e0d053294a8f47715ef5",
                "thumb_720_w": 720,
                "thumb_720_h": 271,
                "image_exif_rotation": 1,
                "original_w": 745,
                "original_h": 280,
                "permalink": "https:\/\/topjava16.slack.com\/files\/UEZ1LSXC6\/FGGEGAA48\/image.png",
                "permalink_public": "https:\/\/slack-files.com\/TE09AK9BK-FGGEGAA48-bc87505873",
                "has_rich_preview": false
            }
        ],
        "upload": true,
        "user": "UEZ1LSXC6",
        "display_as_bot": false,
        "ts": "1551194377.163300",
        "thread_ts": "1551194377.163300",
        "reply_count": 11,
        "reply_users_count": 2,
        "latest_reply": "1551195851.170100",
        "reply_users": [
            "UFP7PTM99",
            "UEZ1LSXC6"
        ],
        "replies": [
            {
                "user": "UFP7PTM99",
                "ts": "1551194519.164700"
            },
            {
                "user": "UEZ1LSXC6",
                "ts": "1551194617.165700"
            },
            {
                "user": "UEZ1LSXC6",
                "ts": "1551194732.166900"
            },
            {
                "user": "UEZ1LSXC6",
                "ts": "1551194759.167200"
            },
            {
                "user": "UEZ1LSXC6",
                "ts": "1551194767.167400"
            },
            {
                "user": "UEZ1LSXC6",
                "ts": "1551194796.167800"
            },
            {
                "user": "UFP7PTM99",
                "ts": "1551194832.168000"
            },
            {
                "user": "UEZ1LSXC6",
                "ts": "1551194860.168300"
            },
            {
                "user": "UFP7PTM99",
                "ts": "1551194880.168500"
            },
            {
                "user": "UEZ1LSXC6",
                "ts": "1551194918.168800"
            },
            {
                "user": "UEZ1LSXC6",
                "ts": "1551195851.170100"
            }
        ]
    },
    {
        "client_msg_id": "8752165e-bc2e-4c94-8a3b-dce561d74bd3",
        "type": "message",
        "text": "Юзер не тот, почитай что написано в postgres.properties, DataSourse оттуда берет данные.",
        "user": "UFP7PTM99",
        "ts": "1551194519.164700",
        "edited": {
            "user": "UFP7PTM99",
            "ts": "1551194541.000000"
        },
        "thread_ts": "1551194377.163300",
        "parent_user_id": "UEZ1LSXC6"
    },
    {
        "client_msg_id": "dfb83af3-5c77-49d7-8c04-708bada19da7",
        "type": "message",
        "text": "Сейчас посмотрю",
        "user": "UEZ1LSXC6",
        "ts": "1551194617.165700",
        "thread_ts": "1551194377.163300",
        "parent_user_id": "UEZ1LSXC6"
    },
    {
        "client_msg_id": "76a2a4e5-004d-4cea-af54-90f006bdd193",
        "type": "message",
        "text": "одна буква неправильная. Спасибо",
        "user": "UEZ1LSXC6",
        "ts": "1551194732.166900",
        "edited": {
            "user": "UEZ1LSXC6",
            "ts": "1551194751.000000"
        },
        "thread_ts": "1551194377.163300",
        "parent_user_id": "UEZ1LSXC6"
    },
    {
        "client_msg_id": "acb3146b-d4ea-45c1-b2ab-ce81e12f8e7a",
        "type": "message",
        "text": "но теперь новая проблема",
        "user": "UEZ1LSXC6",
        "ts": "1551194759.167200",
        "thread_ts": "1551194377.163300",
        "parent_user_id": "UEZ1LSXC6"
    },
    {
        "type": "message",
        "text": "",
        "files": [
            {
                "id": "FGJ9BT12B",
                "created": 1551194764,
                "timestamp": 1551194764,
                "name": "image.png",
                "title": "Pasted image at 2019-02-26, 5:26 PM",
                "mimetype": "image\/png",
                "filetype": "png",
                "pretty_type": "PNG",
                "user": "UEZ1LSXC6",
                "editable": false,
                "size": 20678,
                "mode": "hosted",
                "is_external": false,
                "external_type": "",
                "is_public": true,
                "public_url_shared": false,
                "display_as_bot": false,
                "username": "",
                "url_private": "https:\/\/files.slack.com\/files-pri\/TE09AK9BK-FGJ9BT12B\/image.png?t=xoxe-476316655393-618179035285-606757826531-bd1c7b831233e0d053294a8f47715ef5",
                "url_private_download": "https:\/\/files.slack.com\/files-pri\/TE09AK9BK-FGJ9BT12B\/download\/image.png?t=xoxe-476316655393-618179035285-606757826531-bd1c7b831233e0d053294a8f47715ef5",
                "thumb_64": "https:\/\/files.slack.com\/files-tmb\/TE09AK9BK-FGJ9BT12B-0b9d0525b5\/image_64.png?t=xoxe-476316655393-618179035285-606757826531-bd1c7b831233e0d053294a8f47715ef5",
                "thumb_80": "https:\/\/files.slack.com\/files-tmb\/TE09AK9BK-FGJ9BT12B-0b9d0525b5\/image_80.png?t=xoxe-476316655393-618179035285-606757826531-bd1c7b831233e0d053294a8f47715ef5",
                "thumb_360": "https:\/\/files.slack.com\/files-tmb\/TE09AK9BK-FGJ9BT12B-0b9d0525b5\/image_360.png?t=xoxe-476316655393-618179035285-606757826531-bd1c7b831233e0d053294a8f47715ef5",
                "thumb_360_w": 360,
                "thumb_360_h": 31,
                "thumb_480": "https:\/\/files.slack.com\/files-tmb\/TE09AK9BK-FGJ9BT12B-0b9d0525b5\/image_480.png?t=xoxe-476316655393-618179035285-606757826531-bd1c7b831233e0d053294a8f47715ef5",
                "thumb_480_w": 480,
                "thumb_480_h": 42,
                "thumb_160": "https:\/\/files.slack.com\/files-tmb\/TE09AK9BK-FGJ9BT12B-0b9d0525b5\/image_160.png?t=xoxe-476316655393-618179035285-606757826531-bd1c7b831233e0d053294a8f47715ef5",
                "thumb_720": "https:\/\/files.slack.com\/files-tmb\/TE09AK9BK-FGJ9BT12B-0b9d0525b5\/image_720.png?t=xoxe-476316655393-618179035285-606757826531-bd1c7b831233e0d053294a8f47715ef5",
                "thumb_720_w": 720,
                "thumb_720_h": 63,
                "thumb_800": "https:\/\/files.slack.com\/files-tmb\/TE09AK9BK-FGJ9BT12B-0b9d0525b5\/image_800.png?t=xoxe-476316655393-618179035285-606757826531-bd1c7b831233e0d053294a8f47715ef5",
                "thumb_800_w": 800,
                "thumb_800_h": 70,
                "thumb_960": "https:\/\/files.slack.com\/files-tmb\/TE09AK9BK-FGJ9BT12B-0b9d0525b5\/image_960.png?t=xoxe-476316655393-618179035285-606757826531-bd1c7b831233e0d053294a8f47715ef5",
                "thumb_960_w": 960,
                "thumb_960_h": 84,
                "thumb_1024": "https:\/\/files.slack.com\/files-tmb\/TE09AK9BK-FGJ9BT12B-0b9d0525b5\/image_1024.png?t=xoxe-476316655393-618179035285-606757826531-bd1c7b831233e0d053294a8f47715ef5",
                "thumb_1024_w": 1024,
                "thumb_1024_h": 89,
                "image_exif_rotation": 1,
                "original_w": 1471,
                "original_h": 128,
                "permalink": "https:\/\/topjava16.slack.com\/files\/UEZ1LSXC6\/FGJ9BT12B\/image.png",
                "permalink_public": "https:\/\/slack-files.com\/TE09AK9BK-FGJ9BT12B-b55b4159d6",
                "has_rich_preview": false
            }
        ],
        "upload": true,
        "user": "UEZ1LSXC6",
        "display_as_bot": false,
        "ts": "1551194767.167400",
        "thread_ts": "1551194377.163300",
        "parent_user_id": "UEZ1LSXC6"
    },
    {
        "client_msg_id": "af0ac972-eebb-4606-b2e9-5b9e4e7ed0b9",
        "type": "message",
        "text": "ERROR: relation \"meals\" does not exist",
        "user": "UEZ1LSXC6",
        "ts": "1551194796.167800",
        "thread_ts": "1551194377.163300",
        "parent_user_id": "UEZ1LSXC6"
    },
    {
        "client_msg_id": "3f277c65-e10a-4a75-b29b-0bad1cf4262f",
        "type": "message",
        "text": "Ну, а таблица у тебя есть такая?) С вторичным ключом и всей прочей лабудой?)",
        "user": "UFP7PTM99",
        "ts": "1551194832.168000",
        "thread_ts": "1551194377.163300",
        "parent_user_id": "UEZ1LSXC6"
    },
    {
        "client_msg_id": "6f9359da-5365-4572-aeb2-c5a9c2e0674a",
        "type": "message",
        "text": "Кто как решал проблему с датой в тестах? В случае с юзером есть 2 константы, и мы их используем в методе getAll, попробовал так же с Meal, но не ясно как синхронизировать дату у данных которые создаются в базе, и у локальных puplic static final переменных.",
        "user": "UFP7PTM99",
        "ts": "1551194848.168200",
        "thread_ts": "1551194848.168200",
        "reply_count": 6,
        "reply_users_count": 2,
        "latest_reply": "1551197767.173400",
        "reply_users": [
            "UFP7PTM99",
            "UFFJ077SL"
        ],
        "replies": [
            {
                "user": "UFP7PTM99",
                "ts": "1551194958.169000"
            },
            {
                "user": "UFFJ077SL",
                "ts": "1551195540.169200"
            },
            {
                "user": "UFFJ077SL",
                "ts": "1551195554.169400"
            },
            {
                "user": "UFFJ077SL",
                "ts": "1551195640.169600"
            },
            {
                "user": "UFP7PTM99",
                "ts": "1551197656.173200"
            },
            {
                "user": "UFP7PTM99",
                "ts": "1551197767.173400"
            }
        ]
    },
    {
        "client_msg_id": "b952cf29-3248-43db-a6d2-5242e8432636",
        "type": "message",
        "text": "еще нет. пишу",
        "user": "UEZ1LSXC6",
        "ts": "1551194860.168300",
        "thread_ts": "1551194377.163300",
        "parent_user_id": "UEZ1LSXC6"
    },
    {
        "client_msg_id": "d4b1d602-dee6-4e84-8492-629195d93c13",
        "type": "message",
        "text": "Оттуда и ошибка) успехов)",
        "user": "UFP7PTM99",
        "ts": "1551194880.168500",
        "thread_ts": "1551194377.163300",
        "parent_user_id": "UEZ1LSXC6"
    },
    {
        "client_msg_id": "049a3d7a-d5b7-46d6-b61c-bad6728d2a04",
        "type": "message",
        "text": "спасибо большое!!!",
        "user": "UEZ1LSXC6",
        "ts": "1551194918.168800",
        "thread_ts": "1551194377.163300",
        "parent_user_id": "UEZ1LSXC6"
    },
    {
        "client_msg_id": "da6c045c-460a-4294-bbde-23f5892b4b9d",
        "type": "message",
        "text": "Можно прямо из базы через get достать по очереди, но это костыль явный, есть идеи?",
        "user": "UFP7PTM99",
        "ts": "1551194958.169000",
        "thread_ts": "1551194848.168200",
        "parent_user_id": "UFP7PTM99"
    },
    {
        "client_msg_id": "3647ef7b-a5a9-40a1-bb85-76e1089b6621",
        "type": "message",
        "text": "добавил две переменные с датой сам, какие захотел",
        "user": "UFFJ077SL",
        "ts": "1551195540.169200",
        "thread_ts": "1551194848.168200",
        "parent_user_id": "UFP7PTM99"
    },
    {
        "client_msg_id": "b2e6dd39-9350-4214-b9dd-6bd90a8a68ee",
        "type": "message",
        "text": "наша задача проверить, что работает фильтрация",
        "user": "UFFJ077SL",
        "ts": "1551195554.169400",
        "thread_ts": "1551194848.168200",
        "parent_user_id": "UFP7PTM99"
    },
    {
        "client_msg_id": "e67acb44-2972-44e1-a6c3-77db06fa94d4",
        "type": "message",
        "text": "но на проверку я еще не сдавал :slightly_smiling_face:",
        "user": "UFFJ077SL",
        "ts": "1551195640.169600",
        "thread_ts": "1551194848.168200",
        "parent_user_id": "UFP7PTM99"
    },
    {
        "client_msg_id": "7ae91440-0fdc-4537-a4f4-f40bdc641443",
        "type": "message",
        "text": "У меня получилось. Сделал таблицу и код заработал",
        "user": "UEZ1LSXC6",
        "ts": "1551195851.170100",
        "thread_ts": "1551194377.163300",
        "parent_user_id": "UEZ1LSXC6"
    },
    {
        "client_msg_id": "0364db26-f53c-4fd5-888b-758cc9431957",
        "type": "message",
        "text": "Здрасьте, кто-нибудь понял для чего нам в классе InMemoryMealRepositoryImpl методы postConstruct() и preDestroy()?",
        "user": "UFM61AMHA",
        "ts": "1551196029.172900",
        "thread_ts": "1551196029.172900",
        "reply_count": 1,
        "reply_users_count": 1,
        "latest_reply": "1551196100.173000",
        "reply_users": [
            "UFPRT4B28"
        ],
        "replies": [
            {
                "user": "UFPRT4B28",
                "ts": "1551196100.173000"
            }
        ]
    },
    {
        "client_msg_id": "13fee978-e3aa-4e12-9371-e24fe567f039",
        "type": "message",
        "text": "мне кажется, просто для демонстрации что так можно)",
        "user": "UFPRT4B28",
        "ts": "1551196100.173000",
        "thread_ts": "1551196029.172900",
        "parent_user_id": "UFM61AMHA",
        "reactions": [
            {
                "name": "100",
                "users": [
                    "UFP7PTM99"
                ],
                "count": 1
            }
        ]
    },
    {
        "client_msg_id": "c9416c4b-fc26-4544-ae5d-604a05bbdc53",
        "type": "message",
        "text": "Ты имеешь ввиду что ты не пользовался populateDB.sql скриптом, а прямо в тестовом getAll() методе сервису скормил пару переменных потом их же вытащил и сравнил что они это они?)",
        "user": "UFP7PTM99",
        "ts": "1551197656.173200",
        "thread_ts": "1551194848.168200",
        "parent_user_id": "UFP7PTM99"
    },
    {
        "client_msg_id": "935bc00e-a8d0-46e3-97a7-a78899dd3162",
        "type": "message",
        "text": "У меня были там разные id-шники и тест на это ругался, а то что даты чуть-чуть по миллисекундам не совпадают он пропустил)\nМда))\nВопрос снят) LocalDateTime.now() канает, не нужна никакая синхронизация.",
        "user": "UFP7PTM99",
        "ts": "1551197767.173400",
        "edited": {
            "user": "UFP7PTM99",
            "ts": "1551197787.000000"
        },
        "thread_ts": "1551194848.168200",
        "parent_user_id": "UFP7PTM99"
    },
    {
        "client_msg_id": "92d739a0-5924-4cbf-9d43-1eed7f9764a0",
        "type": "message",
        "text": "Вопрос. Наполнять таблицу meals тестовыми данными нужно в том же файле populateDB.sql или создать отдельный файл? По логике названия файла populateDB - файл должен наполнять базу данных, и таблица meals относится к базе. Но в условии написано \"Сделать тестовые данные MealTestData (точно такие же, как вставляем в populateDB.sql)\". Особенно в скобках беспокоит меня. Так написано, как будто нужен отдельный файл",
        "user": "UFTEY6H27",
        "ts": "1551200001.176000",
        "edited": {
            "user": "UFTEY6H27",
            "ts": "1551200018.000000"
        },
        "thread_ts": "1551200001.176000",
        "reply_count": 8,
        "reply_users_count": 4,
        "latest_reply": "1551208501.188200",
        "reply_users": [
            "UFFJ077SL",
            "UFPRT4B28",
            "UFTEY6H27",
            "UG92VFWFR"
        ],
        "replies": [
            {
                "user": "UFFJ077SL",
                "ts": "1551200084.176400"
            },
            {
                "user": "UFFJ077SL",
                "ts": "1551200097.176600"
            },
            {
                "user": "UFFJ077SL",
                "ts": "1551200107.176800"
            },
            {
                "user": "UFPRT4B28",
                "ts": "1551200538.177000"
            },
            {
                "user": "UFTEY6H27",
                "ts": "1551200627.177300"
            },
            {
                "user": "UFPRT4B28",
                "ts": "1551200671.177500"
            },
            {
                "user": "UFFJ077SL",
                "ts": "1551201467.178900"
            },
            {
                "user": "UG92VFWFR",
                "ts": "1551208501.188200"
            }
        ]
    },
    {
        "client_msg_id": "841db299-39fa-4150-a84a-2c4c49c653cb",
        "type": "message",
        "text": "я сделал в том же файле",
        "user": "UFFJ077SL",
        "ts": "1551200084.176400",
        "thread_ts": "1551200001.176000",
        "parent_user_id": "UFTEY6H27"
    },
    {
        "client_msg_id": "ef4941c7-4e8f-4676-b397-90b6c13f7198",
        "type": "message",
        "text": "в инит бд сбрасываются \\ создаются ВСЕ таблицы",
        "user": "UFFJ077SL",
        "ts": "1551200097.176600",
        "thread_ts": "1551200001.176000",
        "parent_user_id": "UFTEY6H27"
    },
    {
        "client_msg_id": "a67baaf8-ac2a-4fa9-8c7c-2ff79002b984",
        "type": "message",
        "text": "в популейт они заполняются данными",
        "user": "UFFJ077SL",
        "ts": "1551200107.176800",
        "thread_ts": "1551200001.176000",
        "parent_user_id": "UFTEY6H27"
    },
    {
        "client_msg_id": "b8fbbb08-a7a3-4542-8989-a3cbddcd8cdd",
        "type": "message",
        "text": "так наоборот, то что в скобках, подразумевает, что в populateDB.sql все вставляется и юзеры  и еда. не нужен отдельный файл.\nА в MealTestData такие же данные но в виде констант",
        "user": "UFPRT4B28",
        "ts": "1551200538.177000",
        "edited": {
            "user": "UFPRT4B28",
            "ts": "1551200616.000000"
        },
        "thread_ts": "1551200001.176000",
        "parent_user_id": "UFTEY6H27",
        "reactions": [
            {
                "name": "heavy_check_mark",
                "users": [
                    "UFQ35BUP4"
                ],
                "count": 1
            }
        ]
    },
    {
        "client_msg_id": "5c0fe589-1cdb-4e68-9a68-d504826a740a",
        "type": "message",
        "text": "Да, понятно теперь, спасибо. Просто большую часть условия пишут как будто продавцы на алиэкспресс, а потом через переводчик переводят. В половине случаев приходится догадываться, и мозги устают",
        "user": "UFTEY6H27",
        "ts": "1551200627.177300",
        "thread_ts": "1551200001.176000",
        "parent_user_id": "UFTEY6H27"
    },
    {
        "client_msg_id": "1960818f-5f50-43b1-b8f7-4db1997a6e69",
        "type": "message",
        "text": "да я тоже по 5 раз перечитываю :face_with_monocle:",
        "user": "UFPRT4B28",
        "ts": "1551200671.177500",
        "thread_ts": "1551200001.176000",
        "parent_user_id": "UFTEY6H27"
    },
    {
        "client_msg_id": "79356206-4d6a-415c-83e8-3fe281044548",
        "type": "message",
        "text": "Если сделать автоформат (Ctrl+Alt+L) на скриптах для создания\/заполнения тестовой БД - там не только подравняет всё, но и добивает умолчальными значениями кое-где. Надо это делать?",
        "user": "UFUQUNDRP",
        "ts": "1551201296.178800"
    },
    {
        "client_msg_id": "a258fce5-887c-4ce2-a3b9-e0b6fe847e07",
        "type": "message",
        "text": "это специально, чтобы мы мозг подключали )",
        "user": "UFFJ077SL",
        "ts": "1551201467.178900",
        "thread_ts": "1551200001.176000",
        "parent_user_id": "UFTEY6H27"
    },
    {
        "client_msg_id": "6e6149b2-62b3-4fe1-9562-d33506c270c7",
        "type": "message",
        "text": "И где правильнее фильтровать для getBetween - в базе или в репозитории?",
        "user": "UFUQUNDRP",
        "ts": "1551202686.181100",
        "thread_ts": "1551202686.181100",
        "reply_count": 16,
        "reply_users_count": 5,
        "latest_reply": "1551246900.200300",
        "reply_users": [
            "UFPRT4B28",
            "UFUQUNDRP",
            "UFJCHS6RE",
            "UFPV5FPLK",
            "UFQ35BUP4"
        ],
        "replies": [
            {
                "user": "UFPRT4B28",
                "ts": "1551202777.181200"
            },
            {
                "user": "UFPRT4B28",
                "ts": "1551202805.181400"
            },
            {
                "user": "UFUQUNDRP",
                "ts": "1551202873.181600"
            },
            {
                "user": "UFJCHS6RE",
                "ts": "1551202991.181800"
            },
            {
                "user": "UFJCHS6RE",
                "ts": "1551203549.184700"
            },
            {
                "user": "UFPV5FPLK",
                "ts": "1551209525.188600"
            },
            {
                "user": "UFJCHS6RE",
                "ts": "1551210910.188800"
            },
            {
                "user": "UFPV5FPLK",
                "ts": "1551211658.189100"
            },
            {
                "user": "UFUQUNDRP",
                "ts": "1551215334.191700"
            },
            {
                "user": "UFQ35BUP4",
                "ts": "1551215509.191900"
            },
            {
                "user": "UFQ35BUP4",
                "ts": "1551215651.192100"
            },
            {
                "user": "UFPV5FPLK",
                "ts": "1551215699.192300"
            },
            {
                "user": "UFQ35BUP4",
                "ts": "1551215872.192500"
            },
            {
                "user": "UFQ35BUP4",
                "ts": "1551216173.192700"
            },
            {
                "user": "UFJCHS6RE",
                "ts": "1551246769.200100"
            },
            {
                "user": "UFJCHS6RE",
                "ts": "1551246900.200300"
            }
        ]
    },
    {
        "client_msg_id": "e1509f13-3b0c-40b9-bc2d-6df845bdbfc9",
        "type": "message",
        "text": "это разве не одно и то же? база и репозиторий",
        "user": "UFPRT4B28",
        "ts": "1551202777.181200",
        "thread_ts": "1551202686.181100",
        "parent_user_id": "UFUQUNDRP"
    },
    {
        "client_msg_id": "549a3f8d-081a-477c-bba4-b80910673799",
        "type": "message",
        "text": "из базы select c условием нужен",
        "user": "UFPRT4B28",
        "ts": "1551202805.181400",
        "thread_ts": "1551202686.181100",
        "parent_user_id": "UFUQUNDRP"
    },
    {
        "client_msg_id": "a2a00c8c-cb61-4937-8452-92ee109e02a8",
        "type": "message",
        "text": "я про слой. можно фильтр по дате-времени сразу в SQL запрос сунуть. ну да, логично. нафиг всю портянку тянуть из базы.",
        "user": "UFUQUNDRP",
        "ts": "1551202873.181600",
        "thread_ts": "1551202686.181100",
        "parent_user_id": "UFUQUNDRP"
    },
    {
        "client_msg_id": "aa4ed5c7-c4e6-4275-9992-5c12fbd08715",
        "type": "message",
        "text": "фильтровать и сортировать в базе, прямо в sql-запросе, ибо тащить всю транзакшнл дейту в лист, а потом фильтровать, это запредел))",
        "user": "UFJCHS6RE",
        "ts": "1551202991.181800",
        "edited": {
            "user": "UFJCHS6RE",
            "ts": "1551203634.000000"
        },
        "thread_ts": "1551202686.181100",
        "parent_user_id": "UFUQUNDRP"
    },
    {
        "client_msg_id": "7de0813a-1ffc-4301-90c7-2361615f258e",
        "type": "message",
        "text": "вообще, последний раз я кодил в далёком 2012м году на с#, очень нужно было по работе, и я понятия не имел ни о каких слоях, MVC и прочей мути потому что всю бизнес логику спокойно реализовывал в t-sql. СУБД для того и существуют",
        "user": "UFJCHS6RE",
        "ts": "1551203549.184700",
        "thread_ts": "1551202686.181100",
        "parent_user_id": "UFUQUNDRP"
    },
    {
        "client_msg_id": "209eca05-f048-47b7-86ee-d4c41f554ec1",
        "type": "message",
        "text": "Устанавливаю брекпоинт в сервлете UserServlet  на строку редиректа  response.sendRedirect(\"meals\"); в doPost запросе    (Запускаю приложение ) далее на странице index нажимаю переход на страницу юзера, после этого дебагером прохожу пошагово дальше. (много шагов но по коду невидно перемещений КАК УВИДЕТЬ ПЕРЕМЕЩЕНИЯ КУДА ИДУТ?) Далее происходит ошибка на странице org.postgresql.util.PSQLException: The hostname <http:\/\/ec2-54-247-74-197.eu-west-1.compute.amazonaws.com|ec2-54-247-74-197.eu-west-1.compute.amazonaws.com> could not be verified by hostnameverifier PgjdbcHostnameVerifier. В ДЕБАГЕРЕ (логах) ОСТАНАВЛИВАЕТСЯ НА СТРОКЕ 26-Feb-2019 19:53:47.353 SEVERE [http-nio-8080-exec-9] org.postgresql.ssl.PGjdbcHostnameVerifier.verify Server name validation failed: hostname <http:\/\/ec2-54-247-74-197.eu-west-1.compute.amazonaws.com|ec2-54-247-74-197.eu-west-1.compute.amazonaws.com> does not match common name ip-10-41 В ЛОГАХ ТОМКАТА Ошибка Caused by: org.postgresql.util.PSQLException: The hostname <http:\/\/ec2-54-247-74-197.eu-west-1.compute.amazonaws.com|ec2-54-247-74-197.eu-west-1.compute.amazonaws.com> could not be verified by hostnameverifier PgjdbcHostnameVerifier. СИНИХ ССЫЛОК НЕТ Я так понимаю что какая то ошибка с базой данных , пока разобраться не могу. Может не ясно описал задайте вопрос, допишу.",
        "user": "UG862J8F8",
        "ts": "1551204028.187900",
        "edited": {
            "user": "UG862J8F8",
            "ts": "1551204104.000000"
        },
        "thread_ts": "1551204028.187900",
        "reply_count": 8,
        "reply_users_count": 4,
        "latest_reply": "1551254001.202200",
        "reply_users": [
            "UFQ35BUP4",
            "UFP7PTM99",
            "UF8AK4161",
            "UG862J8F8"
        ],
        "replies": [
            {
                "user": "UFQ35BUP4",
                "ts": "1551215034.191500"
            },
            {
                "user": "UFQ35BUP4",
                "ts": "1551224104.194900"
            },
            {
                "user": "UFP7PTM99",
                "ts": "1551226287.195600"
            },
            {
                "user": "UFQ35BUP4",
                "ts": "1551226699.195900"
            },
            {
                "user": "UF8AK4161",
                "ts": "1551250068.201500"
            },
            {
                "user": "UG862J8F8",
                "ts": "1551253064.201800"
            },
            {
                "user": "UG862J8F8",
                "ts": "1551253563.202000"
            },
            {
                "user": "UG862J8F8",
                "ts": "1551254001.202200"
            }
        ]
    },
    {
        "client_msg_id": "2d785670-a6c6-4da2-b399-fd8e4734ce3b",
        "type": "message",
        "text": "вот вот, тестовое задание к реальному проекту тоже нужно будет уметь между строк читать",
        "user": "UG92VFWFR",
        "ts": "1551208501.188200",
        "thread_ts": "1551200001.176000",
        "parent_user_id": "UFTEY6H27",
        "reactions": [
            {
                "name": "grinning",
                "users": [
                    "UFTEY6H27"
                ],
                "count": 1
            },
            {
                "name": "+1",
                "users": [
                    "UFQ7PQN3A"
                ],
                "count": 1
            }
        ]
    },
    {
        "client_msg_id": "7343f127-96c2-41ef-8869-87e00b09e19c",
        "type": "message",
        "text": "А у меня на конструкторе работает:)",
        "user": "UFZT3QMU6",
        "ts": "1551208790.188400",
        "thread_ts": "1551173061.151700",
        "parent_user_id": "UG862J8F8"
    },
    {
        "client_msg_id": "b8ec19e9-5ffb-4a98-a12a-8a593b5dc941",
        "type": "message",
        "text": "По дате фильтрация в запросе, но не по времени. Иначе превышение нормы некорректно будет считать",
        "user": "UFPV5FPLK",
        "ts": "1551209525.188600",
        "thread_ts": "1551202686.181100",
        "parent_user_id": "UFUQUNDRP"
    },
    {
        "client_msg_id": "d000891a-fcd6-4b64-9600-7436c56de102",
        "type": "message",
        "text": "ахаха ещё бы, мы же не зря HW0 делали ))) на самом деле это тоже можно было одним запросом получить - фильтр по дате, времени и превышение нормы",
        "user": "UFJCHS6RE",
        "ts": "1551210910.188800",
        "thread_ts": "1551202686.181100",
        "parent_user_id": "UFUQUNDRP"
    },
    {
        "client_msg_id": "3bf70e14-d18d-4526-b4ed-31679bd71444",
        "type": "message",
        "text": "<@UFJCHS6RE>, ну-ка продемонстрируй такой запрос )",
        "user": "UFPV5FPLK",
        "ts": "1551211658.189100",
        "thread_ts": "1551202686.181100",
        "parent_user_id": "UFUQUNDRP"
    },
    {
        "client_msg_id": "756e43f8-ba6e-4230-9870-419be3d60536",
        "type": "message",
        "text": "А кто как избавился от Assert и assertThat().isEqualTo ? Заменить на equals несложно, но не понятно что потом. Разве что возвращаемое значение методов менять.",
        "user": "UFZT3QMU6",
        "ts": "1551211938.190800",
        "thread_ts": "1551211938.190800",
        "reply_count": 1,
        "reply_users_count": 1,
        "latest_reply": "1551212649.191300",
        "reply_users": [
            "UFPRT4B28"
        ],
        "replies": [
            {
                "user": "UFPRT4B28",
                "ts": "1551212649.191300"
            }
        ]
    },
    {
        "type": "message",
        "text": "",
        "files": [
            {
                "id": "FGHE2R535",
                "created": 1551212129,
                "timestamp": 1551212129,
                "name": "build.jpg",
                "title": "build.jpg",
                "mimetype": "image\/jpeg",
                "filetype": "jpg",
                "pretty_type": "JPEG",
                "user": "UFZT3QMU6",
                "editable": false,
                "size": 58071,
                "mode": "hosted",
                "is_external": false,
                "external_type": "",
                "is_public": true,
                "public_url_shared": false,
                "display_as_bot": false,
                "username": "",
                "url_private": "https:\/\/files.slack.com\/files-pri\/TE09AK9BK-FGHE2R535\/build.jpg?t=xoxe-476316655393-618179035285-606757826531-bd1c7b831233e0d053294a8f47715ef5",
                "url_private_download": "https:\/\/files.slack.com\/files-pri\/TE09AK9BK-FGHE2R535\/download\/build.jpg?t=xoxe-476316655393-618179035285-606757826531-bd1c7b831233e0d053294a8f47715ef5",
                "thumb_64": "https:\/\/files.slack.com\/files-tmb\/TE09AK9BK-FGHE2R535-c083fd6c4a\/build_64.jpg?t=xoxe-476316655393-618179035285-606757826531-bd1c7b831233e0d053294a8f47715ef5",
                "thumb_80": "https:\/\/files.slack.com\/files-tmb\/TE09AK9BK-FGHE2R535-c083fd6c4a\/build_80.jpg?t=xoxe-476316655393-618179035285-606757826531-bd1c7b831233e0d053294a8f47715ef5",
                "thumb_360": "https:\/\/files.slack.com\/files-tmb\/TE09AK9BK-FGHE2R535-c083fd6c4a\/build_360.jpg?t=xoxe-476316655393-618179035285-606757826531-bd1c7b831233e0d053294a8f47715ef5",
                "thumb_360_w": 360,
                "thumb_360_h": 180,
                "thumb_480": "https:\/\/files.slack.com\/files-tmb\/TE09AK9BK-FGHE2R535-c083fd6c4a\/build_480.jpg?t=xoxe-476316655393-618179035285-606757826531-bd1c7b831233e0d053294a8f47715ef5",
                "thumb_480_w": 480,
                "thumb_480_h": 240,
                "thumb_160": "https:\/\/files.slack.com\/files-tmb\/TE09AK9BK-FGHE2R535-c083fd6c4a\/build_160.jpg?t=xoxe-476316655393-618179035285-606757826531-bd1c7b831233e0d053294a8f47715ef5",
                "image_exif_rotation": 1,
                "original_w": 600,
                "original_h": 300,
                "permalink": "https:\/\/topjava16.slack.com\/files\/UFZT3QMU6\/FGHE2R535\/build.jpg",
                "permalink_public": "https:\/\/slack-files.com\/TE09AK9BK-FGHE2R535-c600bec61e",
                "has_rich_preview": false
            }
        ],
        "upload": true,
        "user": "UFZT3QMU6",
        "display_as_bot": false,
        "ts": "1551212131.190900",
        "thread_ts": "1551128913.144300",
        "parent_user_id": "UFZT3QMU6"
    },
    {
        "client_msg_id": "0c0ea711-b81a-42ae-9f60-0fa0050aa560",
        "type": "message",
        "text": "посмотри как в UserTestData  и сделай так же но без игнорирования полей",
        "user": "UFPRT4B28",
        "ts": "1551212649.191300",
        "thread_ts": "1551211938.190800",
        "parent_user_id": "UFZT3QMU6",
        "reactions": [
            {
                "name": "heavy_check_mark",
                "users": [
                    "UFP7PTM99",
                    "UFKG13683"
                ],
                "count": 2
            }
        ]
    },
    {
        "client_msg_id": "7afb9566-5d94-4b6f-8dd3-97e16cc5be2a",
        "type": "message",
        "text": "Игорек, не паникуй так ))) скажи а чего ты сам хочешь и ожидаешь? ставишь брэйкпоинт и идешь к нему по шагам по всем библиотекам...какой смысл? брэйкпоинт должен сработать единожды...а куда идет? вот если словил брэйкпоинт - знамо сюда и идет...там все просто...в сервлеты заходит лишь текст...потом применяешь волшебные скилы и вытаскиваешь из кучи текста то что тебе нужно...дальше обрабатывай-посмотри и брось обратно...все",
        "user": "UFQ35BUP4",
        "ts": "1551215034.191500",
        "thread_ts": "1551204028.187900",
        "parent_user_id": "UG862J8F8"
    },
    {
        "client_msg_id": "4d7a451b-fe47-469a-a440-9531cf4eec6f",
        "type": "message",
        "text": "Почему по дате только? Там же 2 метода есть в сервисе - по дате и по дате-времени. Разве не оба надо протестировать?",
        "user": "UFUQUNDRP",
        "ts": "1551215334.191700",
        "thread_ts": "1551202686.181100",
        "parent_user_id": "UFUQUNDRP"
    },
    {
        "client_msg_id": "172f4c78-ba97-4988-8d16-3d57348405cb",
        "type": "message",
        "text": "парни вы о разных вещах говорите...оба надо тестить и дату и время",
        "user": "UFQ35BUP4",
        "ts": "1551215509.191900",
        "thread_ts": "1551202686.181100",
        "parent_user_id": "UFUQUNDRP"
    },
    {
        "client_msg_id": "7d7ce45a-ced4-4baf-b5fa-cce5c71b0a46",
        "type": "message",
        "text": "а запрос одним проходом - не выйдет...задача была без вложенных запросах...в разборе же все пожевали с расстановкой",
        "user": "UFQ35BUP4",
        "ts": "1551215651.192100",
        "thread_ts": "1551202686.181100",
        "parent_user_id": "UFUQUNDRP"
    },
    {
        "client_msg_id": "c90c7558-8eed-43d6-ab6a-842ad5082238",
        "type": "message",
        "text": "Никто не говорил о тестах, речь о фильтрации только.",
        "user": "UFPV5FPLK",
        "ts": "1551215699.192300",
        "thread_ts": "1551202686.181100",
        "parent_user_id": "UFUQUNDRP"
    },
    {
        "client_msg_id": "6eabd15f-57f2-4e9e-82dd-f39e093f46ac",
        "type": "message",
        "text": "ну и фильтр по дате и по норме за раз...никак не выйдет, даже у каспарова",
        "user": "UFQ35BUP4",
        "ts": "1551215872.192500",
        "thread_ts": "1551202686.181100",
        "parent_user_id": "UFUQUNDRP"
    },
    {
        "client_msg_id": "323048a3-b1aa-4fde-92c3-f4fde8e5f4d2",
        "type": "message",
        "text": "раньше был язык clipper...еще до войны )))...можно было создать индексные файлы к базам...и вкривь, и вкось...потом получай шо хош в любом порядке...))) тут тоже можно было что-то сделать, но задачи такой не стояло...все равно - итог - псевдо одиночный запрос",
        "user": "UFQ35BUP4",
        "ts": "1551216173.192700",
        "thread_ts": "1551202686.181100",
        "parent_user_id": "UFUQUNDRP"
    },
    {
        "type": "message",
        "text": "Ребят, мб пропустил в обсуждениях выше, но такое положение классов после всех патчей - это норм?",
        "files": [
            {
                "id": "FGH0N38KA",
                "created": 1551222607,
                "timestamp": 1551222607,
                "name": "image.png",
                "title": "Pasted image at 2019-02-27, 2:10 AM",
                "mimetype": "image\/png",
                "filetype": "png",
                "pretty_type": "PNG",
                "user": "UFPCSUE4R",
                "editable": false,
                "size": 73636,
                "mode": "hosted",
                "is_external": false,
                "external_type": "",
                "is_public": true,
                "public_url_shared": false,
                "display_as_bot": false,
                "username": "",
                "url_private": "https:\/\/files.slack.com\/files-pri\/TE09AK9BK-FGH0N38KA\/image.png?t=xoxe-476316655393-618179035285-606757826531-bd1c7b831233e0d053294a8f47715ef5",
                "url_private_download": "https:\/\/files.slack.com\/files-pri\/TE09AK9BK-FGH0N38KA\/download\/image.png?t=xoxe-476316655393-618179035285-606757826531-bd1c7b831233e0d053294a8f47715ef5",
                "thumb_64": "https:\/\/files.slack.com\/files-tmb\/TE09AK9BK-FGH0N38KA-9389c6a0a2\/image_64.png?t=xoxe-476316655393-618179035285-606757826531-bd1c7b831233e0d053294a8f47715ef5",
                "thumb_80": "https:\/\/files.slack.com\/files-tmb\/TE09AK9BK-FGH0N38KA-9389c6a0a2\/image_80.png?t=xoxe-476316655393-618179035285-606757826531-bd1c7b831233e0d053294a8f47715ef5",
                "thumb_360": "https:\/\/files.slack.com\/files-tmb\/TE09AK9BK-FGH0N38KA-9389c6a0a2\/image_360.png?t=xoxe-476316655393-618179035285-606757826531-bd1c7b831233e0d053294a8f47715ef5",
                "thumb_360_w": 360,
                "thumb_360_h": 214,
                "thumb_480": "https:\/\/files.slack.com\/files-tmb\/TE09AK9BK-FGH0N38KA-9389c6a0a2\/image_480.png?t=xoxe-476316655393-618179035285-606757826531-bd1c7b831233e0d053294a8f47715ef5",
                "thumb_480_w": 480,
                "thumb_480_h": 286,
                "thumb_160": "https:\/\/files.slack.com\/files-tmb\/TE09AK9BK-FGH0N38KA-9389c6a0a2\/image_160.png?t=xoxe-476316655393-618179035285-606757826531-bd1c7b831233e0d053294a8f47715ef5",
                "thumb_720": "https:\/\/files.slack.com\/files-tmb\/TE09AK9BK-FGH0N38KA-9389c6a0a2\/image_720.png?t=xoxe-476316655393-618179035285-606757826531-bd1c7b831233e0d053294a8f47715ef5",
                "thumb_720_w": 720,
                "thumb_720_h": 428,
                "thumb_800": "https:\/\/files.slack.com\/files-tmb\/TE09AK9BK-FGH0N38KA-9389c6a0a2\/image_800.png?t=xoxe-476316655393-618179035285-606757826531-bd1c7b831233e0d053294a8f47715ef5",
                "thumb_800_w": 800,
                "thumb_800_h": 476,
                "image_exif_rotation": 1,
                "original_w": 854,
                "original_h": 508,
                "permalink": "https:\/\/topjava16.slack.com\/files\/UFPCSUE4R\/FGH0N38KA\/image.png",
                "permalink_public": "https:\/\/slack-files.com\/TE09AK9BK-FGH0N38KA-90a6e79c78",
                "has_rich_preview": false
            }
        ],
        "upload": true,
        "user": "UFPCSUE4R",
        "display_as_bot": false,
        "ts": "1551222610.194000",
        "edited": {
            "user": "UFPCSUE4R",
            "ts": "1551222625.000000"
        }
    },
    {
        "client_msg_id": "2eb8a4c6-7f7d-4bd4-b6e1-5ca621b3fc6e",
        "type": "message",
        "text": "&gt;&gt;&gt; video 4. Тестирование через JUnit.\nВНИМАНИЕ!! Перед накаткой патча создайте каталог test (из корня проекта путь \\src\\test), иначе часть файлов попадет в src\\main.",
        "user": "UF7MD83EU",
        "ts": "1551222910.194500",
        "thread_ts": "1551222910.194500",
        "reply_count": 1,
        "reply_users_count": 1,
        "latest_reply": "1551223277.194600",
        "reply_users": [
            "UFPCSUE4R"
        ],
        "replies": [
            {
                "user": "UFPCSUE4R",
                "ts": "1551223277.194600"
            }
        ],
        "reactions": [
            {
                "name": "+1",
                "users": [
                    "UFALPSH7D",
                    "UF3JGRQSX"
                ],
                "count": 2
            }
        ]
    },
    {
        "client_msg_id": "743f0e40-0c1f-4410-904c-ed8393adaf27",
        "type": "message",
        "text": "))\nизвиняюсь, проглядел\nспасибо!",
        "user": "UFPCSUE4R",
        "ts": "1551223277.194600",
        "thread_ts": "1551222910.194500",
        "parent_user_id": "UF7MD83EU"
    },
    {
        "client_msg_id": "6b90e041-7736-464a-9f60-efbb984d4c6e",
        "type": "message",
        "text": "кстати по всем твоим скринам тоже ничего нет... может компьютер того?...барахлит...)))\nдобавляю...никакие это не скрины вовсе...чего-то перехватывает у тебя...возможно локалхост кто-то маскарадит и отправляет на амазон...посмотри хосты для начала...В firefox сидят хорошие дядечки и до сих пор оставляют вам возможность выбора, хотя с каждым релизом прячут возможность отключения дерьма вс глубже. Во-первых, при первом включении ФФ без спросу лезет и устанавливает H264 плагин, которые на самом деле имеет очень косвенное отношение к проигрыванию песен и плясок, а представляет из себя WebRTC дырку. (отключайте автоматическое обновление плагинов, выкидывайте сайты из списка доверенных исключений в preferences, которые добрые дядечки из ФФ включили по умолчанию) Во-вторых, эту вебртц фишку надо отключить в about:config (какие пункты за нее отвечают - лень искать, что-то *.media.*) В-третьих, помедитируйте над каждым пунктом в about:config и вы удивитесь, сколько всяких отчетов(?) ФФ отправляет не только по мозилловским адресам, но и по гугловским. Задайтесь вопросом - нахрена они это делают, нахрена надо это лично вам и если ответа не найдете - выкидывайте половину конфига в false или в 127.0.0.1",
        "user": "UFQ35BUP4",
        "ts": "1551224104.194900",
        "edited": {
            "user": "UFQ35BUP4",
            "ts": "1551225627.000000"
        },
        "thread_ts": "1551204028.187900",
        "parent_user_id": "UG862J8F8"
    },
    {
        "client_msg_id": "bd23696b-decb-47ed-ba51-3694b30199b9",
        "type": "message",
        "text": "куалифир не нужен...используйте конфиги...меня уже поправили смотрящие )))",
        "user": "UFQ35BUP4",
        "ts": "1551226258.195400",
        "thread_ts": "1551173061.151700",
        "parent_user_id": "UG862J8F8"
    },
    {
        "client_msg_id": "7060107e-9014-4a4b-ae59-0a3cb50a3741",
        "type": "message",
        "text": "Эти стенки текста это жесть)\nНадо всего-то ошибку прогуглить, я сам раза 3 начинал расписывать проблему, а потом в ходе описания приходила светлая идея по её решению. По-поводу ошибки, пересмотри видео про подключение к базе. Вот, загулил, пользуйся)\n\n<https:\/\/stackoverflow.com\/questions\/50151476\/hostname-not-verified-error-message-on-ssl-connection-in-postgresql>",
        "user": "UFP7PTM99",
        "ts": "1551226287.195600",
        "attachments": [
            {
                "service_name": "Stack Overflow",
                "title": "\"HostName not verified error message\" on SSL connection in postgresql",
                "title_link": "https:\/\/stackoverflow.com\/questions\/50151476\/hostname-not-verified-error-message-on-ssl-connection-in-postgresql",
                "text": "I created server.crt, server.key and root.crt files on Centos 7 and put the same onto the C:\\Users\\xxxx\\AppData\\Roaming\\postgresql folder in windows as i am running the postgresql server on windows...",
                "fallback": "Stack Overflow: \"HostName not verified error message\" on SSL connection in postgresql",
                "thumb_url": "https:\/\/cdn.sstatic.net\/Sites\/stackoverflow\/img\/apple-touch-icon@2.png?v=73d79a89bded",
                "from_url": "https:\/\/stackoverflow.com\/questions\/50151476\/hostname-not-verified-error-message-on-ssl-connection-in-postgresql",
                "thumb_width": 316,
                "thumb_height": 316,
                "service_icon": "https:\/\/cdn.sstatic.net\/Sites\/stackoverflow\/img\/favicon.ico?v=4f32ecc8f43d",
                "id": 1,
                "original_url": "https:\/\/stackoverflow.com\/questions\/50151476\/hostname-not-verified-error-message-on-ssl-connection-in-postgresql"
            }
        ],
        "thread_ts": "1551204028.187900",
        "parent_user_id": "UG862J8F8"
    },
    {
        "client_msg_id": "29e269d5-2275-4057-ace5-6812c18bb970",
        "type": "message",
        "text": "чего это за колдовство? постгри криво встал? нормально так допиливать с бубном...какого на амазон редиректит?",
        "user": "UFQ35BUP4",
        "ts": "1551226699.195900",
        "thread_ts": "1551204028.187900",
        "parent_user_id": "UG862J8F8"
    },
    {
        "client_msg_id": "31a315f4-aac9-43af-be89-a9223bdadbbc",
        "type": "message",
        "text": "Умные люди, объясните пожалуйста, может я что-то пропустил... Почему у нас в spring-app.xml\n```&lt;context:component-scan base-package=\"ru.javawebinar.**.repository.jdbc\"\/&gt;\n\n    &lt;context:component-scan base-package=\"ru.javawebinar.**.service\"\/&gt;\n\n    &lt;context:component-scan base-package=\"ru.javawebinar.**.web\"\/&gt;```\nРазве нельзя это сделать одной строкой &lt;context:component-scan base-package=\"ru.javawebinar\"\/&gt;? Или как то по-другому, чтобы объединить их в одну строку?",
        "user": "UERDM12SG",
        "ts": "1551240995.198600",
        "edited": {
            "user": "UERDM12SG",
            "ts": "1551241139.000000"
        },
        "thread_ts": "1551240995.198600",
        "reply_count": 9,
        "reply_users_count": 5,
        "latest_reply": "1551280091.203000",
        "reply_users": [
            "UFUQUNDRP",
            "UFPV5FPLK",
            "UERDM12SG",
            "UFTSGQ7U5",
            "UFKG13683"
        ],
        "replies": [
            {
                "user": "UFUQUNDRP",
                "ts": "1551243990.198900"
            },
            {
                "user": "UFPV5FPLK",
                "ts": "1551244348.199100"
            },
            {
                "user": "UFPV5FPLK",
                "ts": "1551244490.199300"
            },
            {
                "user": "UERDM12SG",
                "ts": "1551244565.199500"
            },
            {
                "user": "UFPV5FPLK",
                "ts": "1551244684.199700"
            },
            {
                "user": "UERDM12SG",
                "ts": "1551246376.199900"
            },
            {
                "user": "UFUQUNDRP",
                "ts": "1551247593.200700"
            },
            {
                "user": "UFTSGQ7U5",
                "ts": "1551256936.202400"
            },
            {
                "user": "UFKG13683",
                "ts": "1551280091.203000"
            }
        ]
    },
    {
        "client_msg_id": "7da5862d-090b-4789-b61b-3f917535e94b",
        "type": "message",
        "text": "А как потом контекст разделить? Между тестами и рабочими каталогами, например. Кроме того - зачем туда пихать не относящиеся к spring пакеты, что это даст?\nНу и чисто читабельность одной портянки, кмк, ниже, чем нескольких четких строк.",
        "user": "UFUQUNDRP",
        "ts": "1551243990.198900",
        "thread_ts": "1551240995.198600",
        "parent_user_id": "UERDM12SG"
    },
    {
        "client_msg_id": "b1be456a-845e-402e-a181-8f9e6ddf8a1d",
        "type": "message",
        "text": "Не важно одной строкой или тремя - контекст все равно один.",
        "user": "UFPV5FPLK",
        "ts": "1551244348.199100",
        "thread_ts": "1551240995.198600",
        "parent_user_id": "UERDM12SG"
    },
    {
        "client_msg_id": "4f718e04-d28c-455d-9d2c-0671447d6c95",
        "type": "message",
        "text": "И добавит спринг в контейнер только классы с аннотациями Component. Так что можно ru.javawebinar передавать - лишнего он сам не добавит.",
        "user": "UFPV5FPLK",
        "ts": "1551244490.199300",
        "thread_ts": "1551240995.198600",
        "parent_user_id": "UERDM12SG"
    },
    {
        "client_msg_id": "092ca8ce-a748-4ea8-bc39-e184d815c074",
        "type": "message",
        "text": "То есть, если я правильно понял это чисто для эстетического восприятия, чем для практического применения.",
        "user": "UERDM12SG",
        "ts": "1551244565.199500",
        "thread_ts": "1551240995.198600",
        "parent_user_id": "UERDM12SG"
    },
    {
        "client_msg_id": "d3cf767c-f389-4d56-b08a-94609b823e09",
        "type": "message",
        "text": "Аналогично и с импортами обычных классов - можно дать ссылку на весь пакет (java.util.*), или каждый класс отдельно указывать.",
        "user": "UFPV5FPLK",
        "ts": "1551244684.199700",
        "thread_ts": "1551240995.198600",
        "parent_user_id": "UERDM12SG"
    },
    {
        "client_msg_id": "bb42874d-01a2-477d-8689-862eedf8c124",
        "type": "message",
        "text": "Спасибо!",
        "user": "UERDM12SG",
        "ts": "1551246376.199900",
        "thread_ts": "1551240995.198600",
        "parent_user_id": "UERDM12SG"
    },
    {
        "client_msg_id": "e0119e8c-9a67-40c1-8091-6e428014a4f3",
        "type": "message",
        "text": "хир ю гоу\nselect meals.*, calories.excess\nfrom meals\njoin \t\n   (select datetime::TIMESTAMP::DATE as date\n\t\t, case when sum(calories)&gt;2000 then true else false end as excess\n\tfrom meals\n\twhere user_id=100000\n\tand datetime::TIMESTAMP::DATE&gt;='2015-05-30 13:00:00'::TIMESTAMP::DATE\n\tand datetime::TIMESTAMP::DATE&lt;='2015-05-31 10:00:00'::TIMESTAMP::DATE\n\tgroup by datetime::TIMESTAMP::DATE) as calories on calories.date=meals.datetime::TIMESTAMP::DATE\t\nwhere user_id=100000\nand meals.datetime::TIMESTAMP::TIME&gt;='2015-05-30 13:00:00'::TIMESTAMP::TIME\nand meals.datetime::TIMESTAMP::TIME&lt;='2015-05-31 20:00:00'::TIMESTAMP::TIME\nс хевингом была фиговая идея )",
        "user": "UFJCHS6RE",
        "ts": "1551246769.200100",
        "edited": {
            "user": "UFJCHS6RE",
            "ts": "1551248045.000000"
        },
        "thread_ts": "1551202686.181100",
        "parent_user_id": "UFUQUNDRP"
    },
    {
        "client_msg_id": "f4263fcf-4a66-4177-85ab-d418a72f2ab7",
        "type": "message",
        "text": "это если на коленке, а если можно было бы оформить  всё в тейбл вельюд просидже, то такой порнографии datetime::TIMESTAMP::DATE&lt;='2015-05-31 10:00:00'::TIMESTAMP::DATE  можно было бы частично избежать",
        "user": "UFJCHS6RE",
        "ts": "1551246900.200300",
        "thread_ts": "1551202686.181100",
        "parent_user_id": "UFUQUNDRP"
    },
    {
        "client_msg_id": "8f207cf1-52a9-4eb5-8fdf-d95840025dac",
        "type": "message",
        "text": "Я просто не пойму смысла в сканировании лишнего. Что добавит только аннотированные - понятно, но зачем заставлять всё сканировать в поисках аннотаций?",
        "user": "UFUQUNDRP",
        "ts": "1551247593.200700",
        "thread_ts": "1551240995.198600",
        "parent_user_id": "UERDM12SG"
    },
    {
        "client_msg_id": "59cd033c-5622-4035-9a1b-dc9ad69f9bf0",
        "type": "message",
        "text": "<@UG862J8F8> попробуй в pom.xml поменять версию postgresql: `&lt;postgresql.version&gt;42.2.2&lt;\/postgresql.version&gt;`",
        "user": "UF8AK4161",
        "ts": "1551250068.201500",
        "thread_ts": "1551204028.187900",
        "parent_user_id": "UG862J8F8"
    },
    {
        "client_msg_id": "12cddf55-16d4-4e0c-9b95-60bee0af21aa",
        "type": "message",
        "text": "Поменял версию с 42.2.5 на 42.2.2, теперь другая ошибка аунтефикация не удалась org.postgresql.util.PSQLException: FATAL: password authentication failed for user \"anbxkjtzukqacj\"",
        "user": "UG862J8F8",
        "ts": "1551253064.201800",
        "thread_ts": "1551204028.187900",
        "parent_user_id": "UG862J8F8"
    },
    {
        "client_msg_id": "f1875a20-973d-412a-9a7c-242ee40ee414",
        "type": "message",
        "text": "Может чего то не так описал, то извиняюсь. База настроена нормально в настройках подлючение работает. Насчет брекпоинта я имею ввиду что после брекпоинта, пошагово должно идди покоду(я может чего то еще не знаю) но по коду в идее после редиректа из сервлета  response.sendRedirect(\"meals\"); перехода не происходит в консоле движение идет(меняются данные). А увидеть хочу где именно происходит ошибка.",
        "user": "UG862J8F8",
        "ts": "1551253563.202000",
        "thread_ts": "1551204028.187900",
        "parent_user_id": "UG862J8F8"
    },
    {
        "client_msg_id": "07d13eb1-b3d7-4f51-8a26-5057f797482c",
        "type": "message",
        "text": "Какжется разобрался, возможно,  что не коректный запрос к базе данных.",
        "user": "UG862J8F8",
        "ts": "1551254001.202200",
        "thread_ts": "1551204028.187900",
        "parent_user_id": "UG862J8F8"
    }
]