[
    {
        "client_msg_id": "9ccef576-04aa-445a-a7b7-3e8f5c1bbc2d",
        "type": "message",
        "text": "<@UE1ULNT9V> Как думешь, нормальная ли практика обращаться к контексту спринга в юнит тестах? Просто есть мнение, что в юнит тестах не дожен фигурировать контекст, а тестируемый класс должен обращаться к мокам. А контекст должен использоваться в интеграциооном тестировании.",
        "user": "UFJM88NSF",
        "ts": "1551675650.025300",
        "thread_ts": "1551675650.025300",
        "reply_count": 1,
        "reply_users_count": 1,
        "latest_reply": "1551690143.025600",
        "reply_users": [
            "UE1ULNT9V"
        ],
        "replies": [
            {
                "user": "UE1ULNT9V",
                "ts": "1551690143.025600"
            }
        ]
    }
]