[
    {
        "client_msg_id": "5d60fb4a-778a-4988-ae9e-39fd7918cad5",
        "type": "message",
        "text": "Напомните плиз. не могу разобраться в теме. где посмотреть подробнее?  Как работают Классы в репозитории JdbcMealRepositoryImpl === RowMapper . JdbcTemplate, NamedParameterJdbcTemplate, SimpleJdbcInsert",
        "user": "UG862J8F8",
        "ts": "1551341682.002800",
        "thread_ts": "1551341682.002800",
        "reply_count": 5,
        "reply_users_count": 3,
        "latest_reply": "1551363071.016100",
        "reply_users": [
            "UFFJ077SL",
            "UG862J8F8",
            "UFLKE29QW"
        ],
        "replies": [
            {
                "user": "UFFJ077SL",
                "ts": "1551341782.003600"
            },
            {
                "user": "UFFJ077SL",
                "ts": "1551341784.004000"
            },
            {
                "user": "UFFJ077SL",
                "ts": "1551341810.004200"
            },
            {
                "user": "UG862J8F8",
                "ts": "1551341839.004400"
            },
            {
                "user": "UFLKE29QW",
                "ts": "1551363071.016100"
            }
        ]
    },
    {
        "type": "message",
        "text": "",
        "files": [
            {
                "id": "FGL8Y4KB9",
                "created": 1551341779,
                "timestamp": 1551341779,
                "name": "Spring._Все_паттерны_проектирования.pdf",
                "title": "Spring._Все_паттерны_проектирования.pdf",
                "mimetype": "application\/pdf",
                "filetype": "pdf",
                "pretty_type": "PDF",
                "user": "UFFJ077SL",
                "editable": false,
                "size": 7659217,
                "mode": "hosted",
                "is_external": false,
                "external_type": "",
                "is_public": true,
                "public_url_shared": false,
                "display_as_bot": false,
                "username": "",
                "url_private": "https:\/\/files.slack.com\/files-pri\/TE09AK9BK-FGL8Y4KB9\/spring._____________________________________________________.pdf?t=xoxe-476316655393-618179035285-606757826531-bd1c7b831233e0d053294a8f47715ef5",
                "url_private_download": "https:\/\/files.slack.com\/files-pri\/TE09AK9BK-FGL8Y4KB9\/download\/spring._____________________________________________________.pdf?t=xoxe-476316655393-618179035285-606757826531-bd1c7b831233e0d053294a8f47715ef5",
                "thumb_pdf": "https:\/\/files.slack.com\/files-tmb\/TE09AK9BK-FGL8Y4KB9-2647276eee\/spring.______________________________________________________thumb_pdf.png?t=xoxe-476316655393-618179035285-606757826531-bd1c7b831233e0d053294a8f47715ef5",
                "thumb_pdf_w": 711,
                "thumb_pdf_h": 1012,
                "permalink": "https:\/\/topjava16.slack.com\/files\/UFFJ077SL\/FGL8Y4KB9\/spring._____________________________________________________.pdf",
                "permalink_public": "https:\/\/slack-files.com\/TE09AK9BK-FGL8Y4KB9-4fd2165db0",
                "has_rich_preview": false
            }
        ],
        "upload": true,
        "user": "UFFJ077SL",
        "display_as_bot": false,
        "ts": "1551341782.003600",
        "thread_ts": "1551341682.002800",
        "parent_user_id": "UG862J8F8",
        "reactions": [
            {
                "name": "+1",
                "users": [
                    "UF3JGRQSX",
                    "UF4EWJ9N3"
                ],
                "count": 2
            }
        ]
    },
    {
        "client_msg_id": "33372ec9-bb4a-49c4-aaba-8f293ecffe8d",
        "type": "message",
        "text": "я по этой книге поиском искал, в принципе на вопросы ответы получил",
        "user": "UFFJ077SL",
        "ts": "1551341784.004000",
        "thread_ts": "1551341682.002800",
        "parent_user_id": "UG862J8F8"
    },
    {
        "client_msg_id": "17749f81-1dd2-484e-8d10-6ae7a03cd608",
        "type": "message",
        "text": "есть правило, что вместо десятков статей лучше прочитать одну книгу :slightly_smiling_face:",
        "user": "UFFJ077SL",
        "ts": "1551341810.004200",
        "thread_ts": "1551341682.002800",
        "parent_user_id": "UG862J8F8"
    },
    {
        "client_msg_id": "29542c43-4b83-4b8d-8069-63ff9199fdfc",
        "type": "message",
        "text": "ок! Спасибо",
        "user": "UG862J8F8",
        "ts": "1551341839.004400",
        "thread_ts": "1551341682.002800",
        "parent_user_id": "UG862J8F8"
    },
    {
        "client_msg_id": "ce12ba69-db94-42e1-8837-7c96897d1557",
        "type": "message",
        "text": "java.lang.IllegalStateException: Failed to execute SQL scripts for test context\n у кого-нибудь была такая ошибка?\nРугается на эту строчку в тестах:\n@Sql(scripts = \"classpath:db\/populateDB.sql\", config = @SqlConfig(encoding = \"UTF-8\"))",
        "user": "UERDM12SG",
        "ts": "1551351224.005800",
        "edited": {
            "user": "UERDM12SG",
            "ts": "1551351291.000000"
        },
        "thread_ts": "1551351224.005800",
        "reply_count": 27,
        "reply_users_count": 2,
        "latest_reply": "1551359898.013300",
        "reply_users": [
            "UFKG13683",
            "UERDM12SG"
        ],
        "replies": [
            {
                "user": "UFKG13683",
                "ts": "1551352916.006300"
            },
            {
                "user": "UERDM12SG",
                "ts": "1551354416.006500"
            },
            {
                "user": "UERDM12SG",
                "ts": "1551354540.006700"
            },
            {
                "user": "UERDM12SG",
                "ts": "1551354642.006900"
            },
            {
                "user": "UFKG13683",
                "ts": "1551355116.007100"
            },
            {
                "user": "UERDM12SG",
                "ts": "1551356391.007300"
            },
            {
                "user": "UERDM12SG",
                "ts": "1551356428.007500"
            },
            {
                "user": "UERDM12SG",
                "ts": "1551356460.007700"
            },
            {
                "user": "UFKG13683",
                "ts": "1551356896.008000"
            },
            {
                "user": "UFKG13683",
                "ts": "1551356927.008200"
            },
            {
                "user": "UFKG13683",
                "ts": "1551356975.008400"
            },
            {
                "user": "UERDM12SG",
                "ts": "1551357378.008600"
            },
            {
                "user": "UFKG13683",
                "ts": "1551357606.008800"
            },
            {
                "user": "UERDM12SG",
                "ts": "1551357915.009200"
            },
            {
                "user": "UERDM12SG",
                "ts": "1551357971.009400"
            },
            {
                "user": "UERDM12SG",
                "ts": "1551357998.009600"
            },
            {
                "user": "UERDM12SG",
                "ts": "1551358067.009800"
            },
            {
                "user": "UERDM12SG",
                "ts": "1551358083.010000"
            },
            {
                "user": "UERDM12SG",
                "ts": "1551358215.010200"
            },
            {
                "user": "UFKG13683",
                "ts": "1551358251.010400"
            },
            {
                "user": "UFKG13683",
                "ts": "1551358317.010600"
            },
            {
                "user": "UERDM12SG",
                "ts": "1551358484.010800"
            },
            {
                "user": "UERDM12SG",
                "ts": "1551358535.011000"
            },
            {
                "user": "UERDM12SG",
                "ts": "1551358717.011200"
            },
            {
                "user": "UFKG13683",
                "ts": "1551359739.012000"
            },
            {
                "user": "UFKG13683",
                "ts": "1551359869.012900"
            },
            {
                "user": "UFKG13683",
                "ts": "1551359898.013300"
            }
        ]
    },
    {
        "client_msg_id": "0a688099-829b-43ba-84d9-263a03bb175f",
        "type": "message",
        "text": "А ты скрипты отдельно пробовал запускать?",
        "user": "UFKG13683",
        "ts": "1551352916.006300",
        "thread_ts": "1551351224.005800",
        "parent_user_id": "UERDM12SG"
    },
    {
        "client_msg_id": "747a6a10-0118-4d89-b005-1bafe6218631",
        "type": "message",
        "text": "да, отдельно всё норм.",
        "user": "UERDM12SG",
        "ts": "1551354416.006500",
        "thread_ts": "1551351224.005800",
        "parent_user_id": "UERDM12SG"
    },
    {
        "client_msg_id": "7c606f33-279e-4af0-91be-2720806e1fce",
        "type": "message",
        "text": "Там на самом деле ошибка немного длиньше чем я написал\n ```Failed to execute SQL scripts for test context [DefaultTestContext@6e6d5d29 testClass = MealServiceTest, testInstance = ru.javawebinar.topjava.service.MealServiceTest@5c530d1e, testMethod = get@MealServiceTest, testException = [null], mergedContextConfiguration = [MergedContextConfiguration@6c25e6c4 testClass = MealServiceTest, locations = '{classpath:spring\/mock.xml}', classes = '{}', contextInitializerClasses = '[]', activeProfiles = '{}', propertySourceLocations = '{}', propertySourceProperties = '{}', contextCustomizers = set[[empty]], contextLoader = 'org.springframework.test.context.support.DelegatingSmartContextLoader', parent = [null]], attributes = map[[empty]]]: supply at least a DataSource or PlatformTransactionManager.```",
        "user": "UERDM12SG",
        "ts": "1551354540.006700",
        "thread_ts": "1551351224.005800",
        "parent_user_id": "UERDM12SG"
    },
    {
        "client_msg_id": "e3bffa55-817b-4fcb-a116-40ebeb5a04a9",
        "type": "message",
        "text": "Не понятно при чем здесь DataSource и PlatformTransactionManager",
        "user": "UERDM12SG",
        "ts": "1551354642.006900",
        "thread_ts": "1551351224.005800",
        "parent_user_id": "UERDM12SG"
    },
    {
        "client_msg_id": "e2916b37-0827-444d-88d5-9b90a77d090e",
        "type": "message",
        "text": "А какая конфигурация спринг прописана сверху?",
        "user": "UFKG13683",
        "ts": "1551355116.007100",
        "thread_ts": "1551351224.005800",
        "parent_user_id": "UERDM12SG"
    },
    {
        "client_msg_id": "8548a2d3-4ee6-4474-932b-46efd16cdf9f",
        "type": "message",
        "text": "@ContextConfiguration(\"classpath:spring\/mock.xml\")",
        "user": "UERDM12SG",
        "ts": "1551356391.007300",
        "thread_ts": "1551351224.005800",
        "parent_user_id": "UERDM12SG"
    },
    {
        "client_msg_id": "0976496f-f727-4c2d-9cb3-dfaf213a5e4a",
        "type": "message",
        "text": "Контекст сделан отдельно в ресурсах теста.",
        "user": "UERDM12SG",
        "ts": "1551356428.007500",
        "thread_ts": "1551351224.005800",
        "parent_user_id": "UERDM12SG"
    },
    {
        "client_msg_id": "d3b9369e-ed3f-4d44-a216-8f9c488d8cd5",
        "type": "message",
        "text": "```&lt;?xml version=\"1.0\" encoding=\"UTF-8\"?&gt;\n&lt;beans xmlns=\"<http:\/\/www.springframework.org\/schema\/beans>\"\n       xmlns:xsi=\"<http:\/\/www.w3.org\/2001\/XMLSchema-instance>\"\n       xmlns:context=\"<http:\/\/www.springframework.org\/schema\/context>\"\n       xsi:schemaLocation=\"<http:\/\/www.springframework.org\/schema\/beans> <http:\/\/www.springframework.org\/schema\/beans\/spring-beans.xsd> <http:\/\/www.springframework.org\/schema\/context> <http:\/\/www.springframework.org\/schema\/context\/spring-context.xsd%22&gt;|http:\/\/www.springframework.org\/schema\/context\/spring-context.xsd\"&gt;>\n\n     &lt;context:component-scan base-package=\"ru.javawebinar.**.repository.inmemory\"\/&gt;\n    \n     &lt;context:component-scan base-package=\"ru.javawebinar.**.service\"\/&gt;\n\n&lt;\/beans&gt;```",
        "user": "UERDM12SG",
        "ts": "1551356460.007700",
        "thread_ts": "1551351224.005800",
        "parent_user_id": "UERDM12SG"
    },
    {
        "client_msg_id": "d602c47f-9879-4ad9-9a41-03a15bc92958",
        "type": "message",
        "text": "Ну так ты же mock сканируешь",
        "user": "UFKG13683",
        "ts": "1551356896.008000",
        "thread_ts": "1551351224.005800",
        "parent_user_id": "UERDM12SG"
    },
    {
        "client_msg_id": "5532b05c-f756-48aa-81de-fe537eb04712",
        "type": "message",
        "text": "Mock используем только для реализации в памяти",
        "user": "UFKG13683",
        "ts": "1551356927.008200",
        "thread_ts": "1551351224.005800",
        "parent_user_id": "UERDM12SG"
    },
    {
        "client_msg_id": "08e153c7-2585-4fa6-bea1-2cf37fbd0da6",
        "type": "message",
        "text": "Для базы есть spring-db.xml))",
        "user": "UFKG13683",
        "ts": "1551356975.008400",
        "thread_ts": "1551351224.005800",
        "parent_user_id": "UERDM12SG"
    },
    {
        "client_msg_id": "fe01a49e-80b2-42f3-87e1-533784b28358",
        "type": "message",
        "text": "а как же делать MealServiceTest. Там же нужен бин MealServiceImpl. В spring-db.xml сканирует только Repository.",
        "user": "UERDM12SG",
        "ts": "1551357378.008600",
        "thread_ts": "1551351224.005800",
        "parent_user_id": "UERDM12SG"
    },
    {
        "client_msg_id": "4bbb6f47-fc69-4dd8-b06b-4fc367692087",
        "type": "message",
        "text": "Ну сделай как в UserServiceTest , какие проблемы ",
        "user": "UFKG13683",
        "ts": "1551357606.008800",
        "thread_ts": "1551351224.005800",
        "parent_user_id": "UERDM12SG",
        "reactions": [
            {
                "name": "heavy_check_mark",
                "users": [
                    "UE1ULNT9V"
                ],
                "count": 1
            }
        ]
    },
    {
        "client_msg_id": "a0c1f94d-7e7b-42ad-950c-727a80d7d6e0",
        "type": "message",
        "text": "у меня UserServiceTest не работает)",
        "user": "UERDM12SG",
        "ts": "1551357915.009200",
        "thread_ts": "1551351224.005800",
        "parent_user_id": "UERDM12SG"
    },
    {
        "client_msg_id": "8826cc26-1537-4599-b5b1-efa6dbda31d1",
        "type": "message",
        "text": "```Caused by: org.springframework.beans.factory.UnsatisfiedDependencyException: Error creating bean with name 'mealServiceImpl' defined in file [E:\\Topjava16\\target\\classes\\ru\\javawebinar\\topjava\\service\\MealServiceImpl.class]: Unsatisfied dependency expressed through constructor parameter 0; nested exception is org.springframework.beans.factory.NoSuchBeanDefinitionException: No qualifying bean of type 'ru.javawebinar.topjava.repository.MealRepository' available: expected at least 1 bean which qualifies as autowire candidate. Dependency annotations: {}```",
        "user": "UERDM12SG",
        "ts": "1551357971.009400",
        "thread_ts": "1551351224.005800",
        "parent_user_id": "UERDM12SG"
    },
    {
        "client_msg_id": "b585a950-45c7-45b8-9677-083b3941b480",
        "type": "message",
        "text": "причем ругается на MealRepository...",
        "user": "UERDM12SG",
        "ts": "1551357998.009600",
        "thread_ts": "1551351224.005800",
        "parent_user_id": "UERDM12SG"
    },
    {
        "client_msg_id": "f25dce13-a57f-414c-a1ad-9167cad00a03",
        "type": "message",
        "text": "```@ContextConfiguration({\n        \"classpath:spring\/spring-app.xml\"\n})```",
        "user": "UERDM12SG",
        "ts": "1551358067.009800",
        "thread_ts": "1551351224.005800",
        "parent_user_id": "UERDM12SG"
    },
    {
        "client_msg_id": "fe2b31ca-f07d-42c6-850a-b31eb83da436",
        "type": "message",
        "text": "это в UserServiceTest",
        "user": "UERDM12SG",
        "ts": "1551358083.010000",
        "thread_ts": "1551351224.005800",
        "parent_user_id": "UERDM12SG"
    },
    {
        "client_msg_id": "5e63f458-af4a-419e-b601-fb7758dc10c3",
        "type": "message",
        "text": "А может знаешь, как контекст отлаживать, то есть посмотреть какие бины кто сканирует.",
        "user": "UERDM12SG",
        "ts": "1551358215.010200",
        "thread_ts": "1551351224.005800",
        "parent_user_id": "UERDM12SG"
    },
    {
        "client_msg_id": "773f0430-4e01-4f52-951c-6ce7cedc44ad",
        "type": "message",
        "text": "@ContextConfiguration({\n        \"classpath:spring\/spring-app.xml\",\n        \"classpath:spring\/spring-db.xml\"\n})\n@RunWith(SpringRunner.class)\n@Sql(scripts = \"classpath:db\/populateDB.sql\", config = @SqlConfig(encoding = \"UTF-8\"))",
        "user": "UFKG13683",
        "ts": "1551358251.010400",
        "thread_ts": "1551351224.005800",
        "parent_user_id": "UERDM12SG"
    },
    {
        "client_msg_id": "f979740e-37a7-4587-b0c8-14450637cb27",
        "type": "message",
        "text": "Вот это должно быть и в юзер и в мил",
        "user": "UFKG13683",
        "ts": "1551358317.010600",
        "thread_ts": "1551351224.005800",
        "parent_user_id": "UERDM12SG"
    },
    {
        "client_msg_id": "30812cd3-d793-4675-ba51-bc10435aa3c8",
        "type": "message",
        "text": "да, спасибо, всё заработало)",
        "user": "UERDM12SG",
        "ts": "1551358484.010800",
        "thread_ts": "1551351224.005800",
        "parent_user_id": "UERDM12SG"
    },
    {
        "client_msg_id": "bbccaba6-4168-4b3d-a50f-174c98eb97a9",
        "type": "message",
        "text": "а вообще странно как контекст связан с @Sql? я про ошибку, которая у меня в самом начале была",
        "user": "UERDM12SG",
        "ts": "1551358535.011000",
        "thread_ts": "1551351224.005800",
        "parent_user_id": "UERDM12SG"
    },
    {
        "client_msg_id": "824d3248-51c0-4585-9352-f8ca58034a37",
        "type": "message",
        "text": "причем, если я закомментировал @Sql то всё отлично работало.",
        "user": "UERDM12SG",
        "ts": "1551358717.011200",
        "thread_ts": "1551351224.005800",
        "parent_user_id": "UERDM12SG"
    },
    {
        "client_msg_id": "a771f97d-5196-420e-bc23-4c5dd0267e6a",
        "type": "message",
        "text": "У кого-нибудь была проблема при накате патча 3_07_add_junit.patch?",
        "user": "UFW2XS0HX",
        "ts": "1551359127.011800",
        "thread_ts": "1551359127.011800",
        "reply_count": 18,
        "reply_users_count": 4,
        "latest_reply": "1551448214.021200",
        "reply_users": [
            "UERDM12SG",
            "UFW2XS0HX",
            "UE1ULNT9V",
            "UFP7PTM99"
        ],
        "replies": [
            {
                "user": "UERDM12SG",
                "ts": "1551359753.012200"
            },
            {
                "user": "UFW2XS0HX",
                "ts": "1551359802.012400"
            },
            {
                "user": "UE1ULNT9V",
                "ts": "1551359855.012600"
            },
            {
                "user": "UFW2XS0HX",
                "ts": "1551359896.013100"
            },
            {
                "user": "UE1ULNT9V",
                "ts": "1551359923.013600"
            },
            {
                "user": "UE1ULNT9V",
                "ts": "1551359931.014200"
            },
            {
                "user": "UFW2XS0HX",
                "ts": "1551359948.014400"
            },
            {
                "user": "UFW2XS0HX",
                "ts": "1551360033.014600"
            },
            {
                "user": "UFW2XS0HX",
                "ts": "1551360059.014800"
            },
            {
                "user": "UERDM12SG",
                "ts": "1551360095.015000"
            },
            {
                "user": "UFW2XS0HX",
                "ts": "1551360122.015300"
            },
            {
                "user": "UFW2XS0HX",
                "ts": "1551360550.015500"
            },
            {
                "user": "UFW2XS0HX",
                "ts": "1551361400.015700"
            },
            {
                "user": "UFW2XS0HX",
                "ts": "1551361627.015900"
            },
            {
                "user": "UFP7PTM99",
                "ts": "1551365413.016400"
            },
            {
                "user": "UE1ULNT9V",
                "ts": "1551448122.020500"
            },
            {
                "user": "UFW2XS0HX",
                "ts": "1551448186.021000"
            },
            {
                "user": "UFW2XS0HX",
                "ts": "1551448214.021200"
            }
        ]
    },
    {
        "client_msg_id": "5f041639-a82c-4180-9841-50380bc7f7d6",
        "type": "message",
        "text": "<@UERDM12SG> у тебя не работало потому что у тебя в @СontextConfiguration был mock.xml.",
        "user": "UFKG13683",
        "ts": "1551359739.012000",
        "edited": {
            "user": "UFKG13683",
            "ts": "1551359856.000000"
        },
        "thread_ts": "1551351224.005800",
        "parent_user_id": "UERDM12SG"
    },
    {
        "client_msg_id": "3e8f5cea-6e12-417d-a5c4-8967dcde3a80",
        "type": "message",
        "text": "у меня 2 файла появились в папке main. Хотя папка test была создана. Пришлось вручную перекидывать эти файлы.",
        "user": "UERDM12SG",
        "ts": "1551359753.012200",
        "thread_ts": "1551359127.011800",
        "parent_user_id": "UFW2XS0HX"
    },
    {
        "client_msg_id": "b171e21a-8aa7-45ae-baa0-2a53c858c08f",
        "type": "message",
        "text": "Я боюсь вручную править, чтобы патчи накатывались потом нормально.",
        "user": "UFW2XS0HX",
        "ts": "1551359802.012400",
        "thread_ts": "1551359127.011800",
        "parent_user_id": "UFW2XS0HX"
    },
    {
        "client_msg_id": "c4e629b6-1f5b-4676-a3a3-8dd09fc06360",
        "type": "message",
        "text": "вот тут как раз боятся не следует. по максимуму шишек набей. боятся на работе уже будешь",
        "user": "UE1ULNT9V",
        "ts": "1551359855.012600",
        "thread_ts": "1551359127.011800",
        "parent_user_id": "UFW2XS0HX",
        "reactions": [
            {
                "name": "+1",
                "users": [
                    "UERDM12SG",
                    "UFKG13683"
                ],
                "count": 2
            }
        ]
    },
    {
        "client_msg_id": "86ba42cd-0b04-4e4d-bf30-9ba68ee84bc7",
        "type": "message",
        "text": "mock.xml сканирует пакеты где используется реализация в памяти",
        "user": "UFKG13683",
        "ts": "1551359869.012900",
        "thread_ts": "1551351224.005800",
        "parent_user_id": "UERDM12SG"
    },
    {
        "client_msg_id": "528f87b9-19de-49f8-ad5a-3d769adbf1f7",
        "type": "message",
        "text": "Тяжело в учении - легко в бою. Суворов.",
        "user": "UFW2XS0HX",
        "ts": "1551359896.013100",
        "edited": {
            "user": "UFW2XS0HX",
            "ts": "1551359926.000000"
        },
        "thread_ts": "1551359127.011800",
        "parent_user_id": "UFW2XS0HX"
    },
    {
        "client_msg_id": "5761c3ae-32da-49e2-b347-8bf7d54924cf",
        "type": "message",
        "text": "А в Spring-db.xml уже используется Коннект к бд",
        "user": "UFKG13683",
        "ts": "1551359898.013300",
        "thread_ts": "1551351224.005800",
        "parent_user_id": "UERDM12SG"
    },
    {
        "type": "message",
        "text": "",
        "files": [
            {
                "id": "FGJLT14TA",
                "created": 1551359922,
                "timestamp": 1551359922,
                "name": "image.png",
                "title": "Pasted image at 2019-02-28, 4:18 PM",
                "mimetype": "image\/png",
                "filetype": "png",
                "pretty_type": "PNG",
                "user": "UE1ULNT9V",
                "editable": false,
                "size": 19345,
                "mode": "hosted",
                "is_external": false,
                "external_type": "",
                "is_public": true,
                "public_url_shared": false,
                "display_as_bot": false,
                "username": "",
                "url_private": "https:\/\/files.slack.com\/files-pri\/TE09AK9BK-FGJLT14TA\/image.png?t=xoxe-476316655393-618179035285-606757826531-bd1c7b831233e0d053294a8f47715ef5",
                "url_private_download": "https:\/\/files.slack.com\/files-pri\/TE09AK9BK-FGJLT14TA\/download\/image.png?t=xoxe-476316655393-618179035285-606757826531-bd1c7b831233e0d053294a8f47715ef5",
                "thumb_64": "https:\/\/files.slack.com\/files-tmb\/TE09AK9BK-FGJLT14TA-a3dcba7178\/image_64.png?t=xoxe-476316655393-618179035285-606757826531-bd1c7b831233e0d053294a8f47715ef5",
                "thumb_80": "https:\/\/files.slack.com\/files-tmb\/TE09AK9BK-FGJLT14TA-a3dcba7178\/image_80.png?t=xoxe-476316655393-618179035285-606757826531-bd1c7b831233e0d053294a8f47715ef5",
                "thumb_360": "https:\/\/files.slack.com\/files-tmb\/TE09AK9BK-FGJLT14TA-a3dcba7178\/image_360.png?t=xoxe-476316655393-618179035285-606757826531-bd1c7b831233e0d053294a8f47715ef5",
                "thumb_360_w": 340,
                "thumb_360_h": 220,
                "thumb_160": "https:\/\/files.slack.com\/files-tmb\/TE09AK9BK-FGJLT14TA-a3dcba7178\/image_160.png?t=xoxe-476316655393-618179035285-606757826531-bd1c7b831233e0d053294a8f47715ef5",
                "image_exif_rotation": 1,
                "original_w": 340,
                "original_h": 220,
                "permalink": "https:\/\/topjava16.slack.com\/files\/UE1ULNT9V\/FGJLT14TA\/image.png",
                "permalink_public": "https:\/\/slack-files.com\/TE09AK9BK-FGJLT14TA-f37e518a39",
                "has_rich_preview": false
            }
        ],
        "upload": true,
        "user": "UE1ULNT9V",
        "display_as_bot": false,
        "ts": "1551359923.013600",
        "thread_ts": "1551359127.011800",
        "parent_user_id": "UFW2XS0HX"
    },
    {
        "client_msg_id": "81e2e4af-596e-4211-9763-838e54f1074f",
        "type": "message",
        "text": "делал??",
        "user": "UE1ULNT9V",
        "ts": "1551359931.014200",
        "thread_ts": "1551359127.011800",
        "parent_user_id": "UFW2XS0HX"
    },
    {
        "client_msg_id": "449388fe-c9b0-4664-9ab9-3d68783b468e",
        "type": "message",
        "text": "Да, и не раз",
        "user": "UFW2XS0HX",
        "ts": "1551359948.014400",
        "thread_ts": "1551359127.011800",
        "parent_user_id": "UFW2XS0HX"
    },
    {
        "client_msg_id": "792af3b3-c3a8-4b50-b578-ff0e6543bada",
        "type": "message",
        "text": "А как мы можем импортировать класс, который перенесли в пакет test, если импорт начинается с import ru.javawebinar.topjava.repository.inmemory.InMemoryUserRepositoryImpl;",
        "user": "UFW2XS0HX",
        "ts": "1551360033.014600",
        "thread_ts": "1551359127.011800",
        "parent_user_id": "UFW2XS0HX"
    },
    {
        "client_msg_id": "2ed0904a-f2eb-469a-a3e5-b63376a536a6",
        "type": "message",
        "text": "тут даже не указан путь импорта src или test",
        "user": "UFW2XS0HX",
        "ts": "1551360059.014800",
        "thread_ts": "1551359127.011800",
        "parent_user_id": "UFW2XS0HX"
    },
    {
        "client_msg_id": "e915134e-03c8-43ee-8f2b-fc7ad8294ad3",
        "type": "message",
        "text": "если что-то сомневаешься, советую сверяться с исходниками, который лежат у Григория на гитхабе.",
        "user": "UERDM12SG",
        "ts": "1551360095.015000",
        "edited": {
            "user": "UERDM12SG",
            "ts": "1551360109.000000"
        },
        "thread_ts": "1551359127.011800",
        "parent_user_id": "UFW2XS0HX"
    },
    {
        "client_msg_id": "a3182d82-44d8-48cb-a4ea-c0605935361f",
        "type": "message",
        "text": "Вот клонировал проекс, сейчас буду разбираться.",
        "user": "UFW2XS0HX",
        "ts": "1551360122.015300",
        "thread_ts": "1551359127.011800",
        "parent_user_id": "UFW2XS0HX"
    },
    {
        "client_msg_id": "588554f6-0009-4d33-9e0c-5b4982cd7fbd",
        "type": "message",
        "text": "Разобрался. Этот класс, который подсвечивал импорт красным цветом в репозитории Григория был перенесён в пакет тест, чего не сделал патч. Возможно, нужно доработать патч.",
        "user": "UFW2XS0HX",
        "ts": "1551360550.015500",
        "thread_ts": "1551359127.011800",
        "parent_user_id": "UFW2XS0HX"
    },
    {
        "client_msg_id": "2ab91cd0-3e0d-487f-9981-b79e2c6dbf8a",
        "type": "message",
        "text": "Нашёл строку в патче\n--- src\/main\/java\/ru\/javawebinar\/topjava\/repository\/inmemory\/InMemoryMealRepositoryImpl.java\t(date 1550653385000)\n+++ src\/test\/java\/ru\/javawebinar\/topjava\/repository\/inmemory\/InMemoryMealRepositoryImpl.java\t(date 1550653725836)\nВроде она и должна переносить файл.",
        "user": "UFW2XS0HX",
        "ts": "1551361400.015700",
        "thread_ts": "1551359127.011800",
        "parent_user_id": "UFW2XS0HX"
    },
    {
        "client_msg_id": "77ab5010-8b7e-40b5-b7cc-a39076c89030",
        "type": "message",
        "text": "Так не же переносится файл UserTestData пакета package ru.javawebinar.topjava;\nи не удаляется пакет ru.javawebinar.topjava.repository\/inmemory",
        "user": "UFW2XS0HX",
        "ts": "1551361627.015900",
        "thread_ts": "1551359127.011800",
        "parent_user_id": "UFW2XS0HX"
    },
    {
        "client_msg_id": "01d2c6a2-6256-4de3-9cd7-9ea3d1546c6d",
        "type": "message",
        "text": "Огромное спасибо за книгу:+1:",
        "user": "UFLKE29QW",
        "ts": "1551363071.016100",
        "thread_ts": "1551341682.002800",
        "parent_user_id": "UG862J8F8"
    },
    {
        "client_msg_id": "884a1397-7c0d-47af-a93d-583587cd081e",
        "type": "message",
        "text": "\"Возможно нужно доработать патч\" плохое направление мысли, по опыту скажу, что чаще всего верным будет утверждение \"Я ошибся\" или \"Я не понимаю\", а не с внешним фактором что-то не так.\nХотя процентах в 10 случаев что-то таки будет не так именно с объектом,а не субъектом.\n\nP.s. у меня, и как я понимаю у большинства проблем с накаткой не возникло, наверное версия IDE имеет вес в этом вопросе, но это не проблема патча как мне видится.",
        "user": "UFP7PTM99",
        "ts": "1551365413.016400",
        "edited": {
            "user": "UFP7PTM99",
            "ts": "1551365553.000000"
        },
        "thread_ts": "1551359127.011800",
        "parent_user_id": "UFW2XS0HX"
    },
    {
        "client_msg_id": "369161c3-5e2d-457c-b4e7-6dbc0f5a1d4c",
        "type": "message",
        "text": "Всем привет! Как работаете с таймстэмпом в БД? Конкретно интересует запрос на выборку еды по временному интервалу. В метод приходит LocalDateTime. в запрос как его передаете? Форматируя под \"yyyy-mm-dd HH:mm:ss\" и делая явное приведение :timestamp или как-то иначе?",
        "user": "UFTSGQ7U5",
        "ts": "1551424596.019900",
        "thread_ts": "1551424596.019900",
        "reply_count": 3,
        "reply_users_count": 3,
        "latest_reply": "1551448173.020800",
        "reply_users": [
            "UFUQUNDRP",
            "UFTSGQ7U5",
            "UE1ULNT9V"
        ],
        "replies": [
            {
                "user": "UFUQUNDRP",
                "ts": "1551425213.020000"
            },
            {
                "user": "UFTSGQ7U5",
                "ts": "1551426911.020200"
            },
            {
                "user": "UE1ULNT9V",
                "ts": "1551448173.020800"
            }
        ]
    },
    {
        "client_msg_id": "79f1d30c-266e-4e45-a9be-f2ac14a35ee4",
        "type": "message",
        "text": "В базе поле timestamp, в запрос так и идёт LocalDateTime и там `BETWEEN ? AND ?` Полагаю, что конвертация (если она нужна) - забота шаблонизатора из jdbc или драйвера БД. А у Вас не работает передача LocalDateTime или в чём причина необходимости форматировать во что-то его?",
        "user": "UFUQUNDRP",
        "ts": "1551425213.020000",
        "thread_ts": "1551424596.019900",
        "parent_user_id": "UFTSGQ7U5"
    },
    {
        "client_msg_id": "7f83fc25-8075-4ddf-9b59-14011f71c083",
        "type": "message",
        "text": "я не пробовал LocalDateTime  в запрос передавать. Сразу посмотрел в документации постгреса, что с датой и временем работают как со строкой и если нужно, делая явное приведение.",
        "user": "UFTSGQ7U5",
        "ts": "1551426911.020200",
        "thread_ts": "1551424596.019900",
        "parent_user_id": "UFTSGQ7U5"
    }
]