[
    {
        "client_msg_id": "ef733ee8-11c3-4737-8779-a02c862da06f",
        "type": "message",
        "text": "я в другой ветке ответил- все что в test не видится в mail\nоткатись и еще раз накати патч (главное чтобы test или test\/java каталоги были)",
        "user": "UE1ULNT9V",
        "ts": "1551448122.020500",
        "thread_ts": "1551359127.011800",
        "parent_user_id": "UFW2XS0HX"
    },
    {
        "client_msg_id": "6c180bbd-fa7e-4c5a-9c8d-519d2aaf9139",
        "type": "message",
        "text": "а ты попробуй:)",
        "user": "UE1ULNT9V",
        "ts": "1551448173.020800",
        "thread_ts": "1551424596.019900",
        "parent_user_id": "UFTSGQ7U5",
        "reactions": [
            {
                "name": "+1",
                "users": [
                    "UF3JGRQSX"
                ],
                "count": 1
            }
        ]
    },
    {
        "client_msg_id": "2f1016b8-4467-48b6-8f76-07b6e7d19dc5",
        "type": "message",
        "text": "В поисках ответить на сообщение что-то нажал и вызвал слак бота :slightly_smiling_face:",
        "user": "UFW2XS0HX",
        "ts": "1551448186.021000",
        "thread_ts": "1551359127.011800",
        "parent_user_id": "UFW2XS0HX"
    },
    {
        "client_msg_id": "09a0f7e0-7bc8-40e0-a634-b65d072464ff",
        "type": "message",
        "text": "Да, я тоже ответил тебе в той другой ветке. Спасибо! -)",
        "user": "UFW2XS0HX",
        "ts": "1551448214.021200",
        "thread_ts": "1551359127.011800",
        "parent_user_id": "UFW2XS0HX"
    }
]