[
    {
        "client_msg_id": "1c072d2c-952c-4c42-ab77-bd40ccfa2370",
        "type": "message",
        "text": "<@UE1ULNT9V>  При создании базы фалом initDB  выскакивает сообщение The specified database user\/password combination is rejected: [28000] FATAL: no pg_hba.conf entry for host \"178.133.87.88\", user \"anbxkjtzukqacj\", database \"de4fjsqhdvl7ld\", SSL off ввожу пароль  из postgres.properties === da1f25b2a38784fb0d46858e5b8fc168e08c9e1e9c72faea5bbac9c0e1f9c24f        === СООБЩЕНИЕ ПОЯВЛЯЕТСЯ СНОВА",
        "user": "UG862J8F8",
        "ts": "1550918635.047600",
        "edited": {
            "user": "UG862J8F8",
            "ts": "1550918714.000000"
        },
        "thread_ts": "1550854442.030600",
        "parent_user_id": "UE1ULNT9V"
    },
    {
        "client_msg_id": "50b1382e-dcea-4663-9adb-13d51b0205a5",
        "type": "message",
        "text": ":slightly_smiling_face: спасибо, интересное замечание. в копилку мне",
        "user": "UE1ULNT9V",
        "ts": "1550922198.047900",
        "thread_ts": "1550860641.033700",
        "parent_user_id": "UFQ35BUP4"
    },
    {
        "client_msg_id": "e9e878a3-cfdc-49eb-86c1-7e3c151dfffb",
        "type": "message",
        "text": "<@UFP7PTM99> в уроке же ссылка есть, что такое ${<http:\/\/param.xxx|param.xxx>}\nсмотрел?",
        "user": "UE1ULNT9V",
        "ts": "1550922363.048500",
        "edited": {
            "user": "UE1ULNT9V",
            "ts": "1550922368.000000"
        },
        "thread_ts": "1550861870.035200",
        "parent_user_id": "UFP7PTM99"
    },
    {
        "client_msg_id": "e0c71182-f92e-4777-a375-bc8e36097cd8",
        "type": "message",
        "text": "в этом и суть ДЗ- и то и другео\nдля тестирования можно другой контекст использовать например",
        "user": "UE1ULNT9V",
        "ts": "1550922468.048900",
        "thread_ts": "1550877330.045100",
        "parent_user_id": "UFQ35BUP4"
    },
    {
        "client_msg_id": "7e3212e5-6166-4f7d-8b01-af52b2fd996f",
        "type": "message",
        "text": "нужно ли добиваться чтобы работали оба варианта? или это нарушение парадигмы )))",
        "user": "UFQ35BUP4",
        "ts": "1550922649.049100",
        "thread_ts": "1550877330.045100",
        "parent_user_id": "UFQ35BUP4"
    },
    {
        "client_msg_id": "111694f9-de49-4b5a-9f16-f4b7ee7493f0",
        "type": "message",
        "text": "<@UE1ULNT9V> там не совсем точные формулировки, но то что я написал выше почерпнул оттуда. Там сказано просто что это \"неявный объект\" который сопоставляет имя запроса с одним параметром, но чтобы понять суть надо еще гуглить Implicit Objects in JSP.",
        "user": "UFP7PTM99",
        "ts": "1550922969.049300",
        "thread_ts": "1550861870.035200",
        "parent_user_id": "UFP7PTM99"
    },
    {
        "client_msg_id": "8d3866ab-faa6-402b-bbc4-f3ae218a39ce",
        "type": "message",
        "text": "какой парадигмы?\nдолжны быть и тесты inmemory и тесты jdbc",
        "user": "UE1ULNT9V",
        "ts": "1550923932.049500",
        "thread_ts": "1550877330.045100",
        "parent_user_id": "UFQ35BUP4"
    },
    {
        "client_msg_id": "840cb287-af43-4064-a779-abdd0a76d325",
        "type": "message",
        "text": "это параметры запроса. то что в get приходит",
        "user": "UE1ULNT9V",
        "ts": "1550924015.049700",
        "thread_ts": "1550861870.035200",
        "parent_user_id": "UFP7PTM99"
    },
    {
        "client_msg_id": "8c747a5e-bb3c-4a67-a95a-1f16486ff3f9",
        "type": "message",
        "text": "в видео про базы показывается, что мы будет подключаться к postgersql на heroku, это нужно делать?",
        "user": "UFFJ077SL",
        "ts": "1550924373.050700",
        "thread_ts": "1550924373.050700",
        "reply_count": 5,
        "reply_users_count": 3,
        "latest_reply": "1550946781.054000",
        "reply_users": [
            "UFP7PTM99",
            "UFKG13683",
            "UFPV5FPLK"
        ],
        "replies": [
            {
                "user": "UFP7PTM99",
                "ts": "1550931931.051000"
            },
            {
                "user": "UFKG13683",
                "ts": "1550935237.051300"
            },
            {
                "user": "UFKG13683",
                "ts": "1550935398.051500"
            },
            {
                "user": "UFP7PTM99",
                "ts": "1550938314.051700"
            },
            {
                "user": "UFPV5FPLK",
                "ts": "1550946781.054000"
            }
        ]
    },
    {
        "client_msg_id": "a398d1d8-05b5-4833-8822-bad4aca69bed",
        "type": "message",
        "text": "В дз об этом не сказано, да и ссылки на host не прилагается, значит, видимо, не нужно.",
        "user": "UFP7PTM99",
        "ts": "1550931931.051000",
        "thread_ts": "1550924373.050700",
        "parent_user_id": "UFFJ077SL"
    },
    {
        "client_msg_id": "cc55e788-93dc-4955-bfe5-fa71fda0cb40",
        "type": "message",
        "text": "<@UFP7PTM99> при подключении удаленно у каждого будет свой host. Поэтому ссылки нет",
        "user": "UFKG13683",
        "ts": "1550935237.051300",
        "thread_ts": "1550924373.050700",
        "parent_user_id": "UFFJ077SL"
    },
    {
        "client_msg_id": "9402e074-a20e-4447-9abc-83fcccd50c35",
        "type": "message",
        "text": "<@UFFJ077SL> Если не хочешь ставить postgresql на комп, то ты можешь подключиться к базе удаленно. Но это будет медленнее работать. Мы будем подключаться к базе удаленно , когда будем деплоить проект на хироку в конце курса",
        "user": "UFKG13683",
        "ts": "1550935398.051500",
        "thread_ts": "1550924373.050700",
        "parent_user_id": "UFFJ077SL"
    },
    {
        "client_msg_id": "fec032b1-8548-4178-95fb-f6433409e4bf",
        "type": "message",
        "text": "<@UFKG13683> Что-то я не врубаюсь как могут быть у каждого свой хост, если речь идет об одном  удаленном сервере(heroku) для всех желающих? Или вернее сказать не желающих ставить postgreSQL на свой пк.\np.s.\nВ моем понимании это должно работать по аналогичной схеме с http и сервером, сервер то один, откликается на определенном адресе, значит и адресс един, нет?",
        "user": "UFP7PTM99",
        "ts": "1550938314.051700",
        "edited": {
            "user": "UFP7PTM99",
            "ts": "1550938404.000000"
        },
        "thread_ts": "1550924373.050700",
        "parent_user_id": "UFFJ077SL"
    },
    {
        "client_msg_id": "2b8a5c6c-df17-4555-9e8a-1d2d3d53ce37",
        "type": "message",
        "text": "А кто подключался к удаленному heruku , получилось? У меня не проходит авторизация.",
        "user": "UG862J8F8",
        "ts": "1550945406.052700",
        "thread_ts": "1550945406.052700",
        "reply_count": 4,
        "reply_users_count": 2,
        "latest_reply": "1550948543.055300",
        "reply_users": [
            "UFP7PTM99",
            "UG862J8F8"
        ],
        "replies": [
            {
                "user": "UFP7PTM99",
                "ts": "1550947177.054200"
            },
            {
                "user": "UG862J8F8",
                "ts": "1550948031.054900"
            },
            {
                "user": "UG862J8F8",
                "ts": "1550948100.055100"
            },
            {
                "user": "UG862J8F8",
                "ts": "1550948543.055300"
            }
        ]
    },
    {
        "client_msg_id": "d5b2c4f2-c5d7-4528-a99e-eebe00c1b1a7",
        "type": "message",
        "text": "Говоря о Heroku, вероятно предполагается, что у каждого будет свой аккаунт со своей базой и своим приложением.",
        "user": "UFPV5FPLK",
        "ts": "1550946781.054000",
        "thread_ts": "1550924373.050700",
        "parent_user_id": "UFFJ077SL"
    },
    {
        "client_msg_id": "97b11d40-6581-411d-b835-8a8a0940aa64",
        "type": "message",
        "text": "Подключился:\n\nHost:\n<http:\/\/ec2-54-247-74-197.eu-west-1.compute.amazonaws.com|ec2-54-247-74-197.eu-west-1.compute.amazonaws.com>\nDatabase: de4fjsqhdvl7ld\nUser: anbxkjtzukqacj\nPassword:\nda1f25b2a38784fb0d46858e5b8fc168e08c9e1e9c72faea5bbac9c0e1f9c24f\n\nTestConnection проходит, ну еще надо ssl настроить, как в видео, разберешься думаю.",
        "user": "UFP7PTM99",
        "ts": "1550947177.054200",
        "thread_ts": "1550945406.052700",
        "parent_user_id": "UG862J8F8"
    },
    {
        "client_msg_id": "a0968918-4931-4e6a-9de4-868d05724766",
        "type": "message",
        "text": "Не понятно! все это прописал но не авторизовывается предлагает все время ввести пароль. Ввожу и все заново.",
        "user": "UG862J8F8",
        "ts": "1550948031.054900",
        "thread_ts": "1550945406.052700",
        "parent_user_id": "UG862J8F8"
    },
    {
        "client_msg_id": "bc9b4c0f-7940-4dda-b12a-889e1dd0690c",
        "type": "message",
        "text": "The specified database user\/password combination is rejected: [28000] FATAL: no pg_hba.conf entry for host \"178.133.87.88\", user \"anbxkjtzukqacj\", database \"de4fjsqhdvl7ld\", SSL off",
        "user": "UG862J8F8",
        "ts": "1550948100.055100",
        "thread_ts": "1550945406.052700",
        "parent_user_id": "UG862J8F8"
    },
    {
        "client_msg_id": "c26b7630-07fc-49f3-b31c-0067ffa2a3d2",
        "type": "message",
        "text": "Подконектился ! Изменений ни каких не делал заново ввел строчку урла, и заработало. Может гдето пробел лишний был.",
        "user": "UG862J8F8",
        "ts": "1550948543.055300",
        "thread_ts": "1550945406.052700",
        "parent_user_id": "UG862J8F8"
    },
    {
        "client_msg_id": "0cc16391-9993-4795-8ee7-c32107df715e",
        "type": "message",
        "text": "Подключился!!!:+1:",
        "user": "UG862J8F8",
        "ts": "1550948578.055500",
        "thread_ts": "1550854442.030600",
        "parent_user_id": "UE1ULNT9V"
    },
    {
        "client_msg_id": "90be2da6-b800-4800-991c-8d19c2ee5ca7",
        "type": "message",
        "text": "Привет. Все сделал, у меня загвоздка только с 1м InMemory тестом.\nДумаю убрать контроллер оттуда и оставить репо, либо добавить сервис и как-то впихнуть ему другую реализацию..\nКто реализации как меняет? Самое очевидное - чрз @Qualifier, похоже заводит в тупик с InMemory тестом, можно @Profile добавить, но ведущие скажут, что их добавлять рано.\nПохоже есть не очевидные решения. Например, отключить component-scan и записать все бины с constructor-arg - этому бину подсунуть так, этому так.\nМожет есть еще какое-то решение?",
        "user": "UFZT3QMU6",
        "ts": "1550954354.058300",
        "thread_ts": "1550954354.058300",
        "reply_count": 5,
        "reply_users_count": 3,
        "latest_reply": "1550957700.059300",
        "reply_users": [
            "UFKG13683",
            "UFZT3QMU6",
            "UFPV5FPLK"
        ],
        "replies": [
            {
                "user": "UFKG13683",
                "ts": "1550955436.058400"
            },
            {
                "user": "UFZT3QMU6",
                "ts": "1550957455.058700"
            },
            {
                "user": "UFPV5FPLK",
                "ts": "1550957562.058900"
            },
            {
                "user": "UFPV5FPLK",
                "ts": "1550957594.059100"
            },
            {
                "user": "UFZT3QMU6",
                "ts": "1550957700.059300"
            }
        ]
    },
    {
        "client_msg_id": "36eccf9e-4a0c-480b-b162-f7680bc37d2e",
        "type": "message",
        "text": "Можно добавить ещё один xml файл спринг )",
        "user": "UFKG13683",
        "ts": "1550955436.058400",
        "thread_ts": "1550954354.058300",
        "parent_user_id": "UFZT3QMU6"
    },
    {
        "client_msg_id": "bc8df91b-1aed-433b-aa03-1e2e1617e880",
        "type": "message",
        "text": "Имхо не принципиально. Для бд отдельный файл есть, и мы его не трогаем. А spring-app переписывай как хочешь. Хочешь включай component scan, хочешь отключай и все описывай отдельно. Новый xml не поможет. Тут надо архитектуру понять, или средство, кот-е забыл (или не знал).",
        "user": "UFZT3QMU6",
        "ts": "1550957455.058700",
        "thread_ts": "1550954354.058300",
        "parent_user_id": "UFZT3QMU6"
    },
    {
        "client_msg_id": "b7efe346-23eb-4bbe-b917-74e0b50ae746",
        "type": "message",
        "text": "Переписывать конфиги для запуска тестов, а потом откатывать обратно?",
        "user": "UFPV5FPLK",
        "ts": "1550957562.058900",
        "thread_ts": "1550954354.058300",
        "parent_user_id": "UFZT3QMU6"
    },
    {
        "client_msg_id": "a5023e83-734f-4f0d-a087-f588b4cd1e26",
        "type": "message",
        "text": "Вот как раз иметь отдельный конфиг для тестов - идея вполне разумная.",
        "user": "UFPV5FPLK",
        "ts": "1550957594.059100",
        "thread_ts": "1550954354.058300",
        "parent_user_id": "UFZT3QMU6"
    },
    {
        "client_msg_id": "ecd1f0ed-28fc-4164-a5a3-799fa40696e5",
        "type": "message",
        "text": "Да, не подумал, спасибо)",
        "user": "UFZT3QMU6",
        "ts": "1550957700.059300",
        "thread_ts": "1550954354.058300",
        "parent_user_id": "UFZT3QMU6"
    },
    {
        "client_msg_id": "c731592c-f7b4-415a-bb2c-6d249df4b7b9",
        "type": "message",
        "text": "Всем привет! Не понимаю, что должен делать метод init(), который вызывается у поля repository в методе setUp() (который проанотирован @Before). Он ожидаемо подчеркивается красным потому что в классе InMemoryUserRepositoryImpl такого метода нет. Кто-нибудь сталкивался с этим? Если да, то plz help!!!",
        "user": "UFM61AMHA",
        "ts": "1550962938.063800",
        "thread_ts": "1550962938.063800",
        "reply_count": 1,
        "reply_users_count": 1,
        "latest_reply": "1550964515.063900",
        "reply_users": [
            "UF7MD83EU"
        ],
        "replies": [
            {
                "user": "UF7MD83EU",
                "ts": "1550964515.063900"
            }
        ]
    },
    {
        "client_msg_id": "68ac1f88-014d-43de-9a99-9e7c70269275",
        "type": "message",
        "text": "<https:\/\/github.com\/JavaWebinar\/topjava\/blob\/doc\/doc\/lesson03.md#%D0%B2%D0%BD%D0%B8%D0%BC%D0%B0%D0%BD%D0%B8%D0%B5-%D0%BF%D0%B5%D1%80%D0%B5%D0%B4-%D0%BD%D0%B0%D0%BA%D0%B0%D1%82%D0%BA%D0%BE%D0%B9-%D0%BF%D0%B0%D1%82%D1%87%D0%B0-%D1%81%D0%BE%D0%B7%D0%B4%D0%B0%D0%B9%D1%82%D0%B5-%D0%BA%D0%B0%D1%82%D0%B0%D0%BB%D0%BE%D0%B3-test-%D0%B8%D0%B7-%D0%BA%D0%BE%D1%80%D0%BD%D1%8F-%D0%BF%D1%80%D0%BE%D0%B5%D0%BA%D1%82%D0%B0-%D0%BF%D1%83%D1%82%D1%8C-srctest-%D0%B8%D0%BD%D0%B0%D1%87%D0%B5-%D1%87%D0%B0%D1%81%D1%82%D1%8C-%D1%84%D0%B0%D0%B9%D0%BB%D0%BE%D0%B2-%D0%BF%D0%BE%D0%BF%D0%B0%D0%B4%D0%B5%D1%82-%D0%B2-srcmain>",
        "user": "UF7MD83EU",
        "ts": "1550964515.063900",
        "thread_ts": "1550962938.063800",
        "parent_user_id": "UFM61AMHA"
    },
    {
        "client_msg_id": "e5363caf-0cb7-40c6-9d22-9cce92137044",
        "type": "message",
        "text": "Подскажите пожалуйста, у нас в main и test пакетах должны лежать классы в одинаковых пакетах",
        "user": "UFFJ077SL",
        "ts": "1550987608.065000"
    },
    {
        "client_msg_id": "1fbb9196-cd19-471d-af44-a23c09067439",
        "type": "message",
        "text": "но имплементации репозитория в тесте лежат в пакете inmemory, а в main в jdbc",
        "user": "UFFJ077SL",
        "ts": "1550987642.065700"
    },
    {
        "client_msg_id": "38ee7103-44f5-4c7f-975d-840fad0b6c26",
        "type": "message",
        "text": "поэтому в классе InMemoryAdminRestControllerSpringTest repository подчеркивается красным, чтобы на него не ругался спринг, нужно его добавить в конфиг, но в конфиг спринга, который в майне я его добавить не могу, потому что он не видит пакет inmemory, в итоге создал в test\/resources\/spring\/spring-app.xml - тоесть по сути продублировал этот конфиг, что в майн лежит, но для репозитория прописал     &lt;context:component-scan base-package=“ru.javawebinar.**.repository.inmemory”\/&gt; Это правильно? Или есть какие то другие варианты?",
        "user": "UFFJ077SL",
        "ts": "1550987755.067700",
        "thread_ts": "1550987755.067700",
        "reply_count": 1,
        "reply_users_count": 1,
        "latest_reply": "1550989757.068200",
        "reply_users": [
            "UF7MD83EU"
        ],
        "replies": [
            {
                "user": "UF7MD83EU",
                "ts": "1550989757.068200"
            }
        ]
    },
    {
        "client_msg_id": "80d851be-70b9-42c5-a8b3-dbf92028549d",
        "type": "message",
        "text": "&gt; 6 Почнинить SpringMain, InMemory*Test. InMemory тесты должны использовать реализацию в памяти\nдля них должно быть inmemory, так что правильно\nно дублировать неправильно",
        "user": "UF7MD83EU",
        "ts": "1550989757.068200",
        "edited": {
            "user": "UF7MD83EU",
            "ts": "1550989766.000000"
        },
        "thread_ts": "1550987755.067700",
        "parent_user_id": "UFFJ077SL"
    }
]