[
    {
        "user": "UEN94LF41",
        "type": "message",
        "subtype": "channel_join",
        "ts": "1544264472.000200",
        "text": "<@UEN94LF41> has joined the channel"
    },
    {
        "user": "UENRTQN91",
        "type": "message",
        "subtype": "channel_join",
        "ts": "1544281229.000400",
        "text": "<@UENRTQN91> has joined the channel"
    },
    {
        "user": "UEQF2C2T0",
        "type": "message",
        "subtype": "channel_join",
        "ts": "1544316596.000200",
        "text": "<@UEQF2C2T0> has joined the channel"
    }
]