[
    {
        "client_msg_id": "96e754c0-b517-4fea-8279-85757ad6271d",
        "type": "message",
        "text": "борюсь уже час с томкатом...не могу его притулить...я всегда пользовался эмбедет а тут я так понял надо сервер поднять? а если я установлю правильный путь webApp в контексте tomcat? или низя так?а он вообще какое участие принимает в нашем задании? может пиратка глючная...аааааа....пчелы в голове",
        "user": "UFQ35BUP4",
        "ts": "1548631278.017700",
        "thread_ts": "1548631278.017700",
        "reply_count": 4,
        "reply_users_count": 3,
        "latest_reply": "1548939691.037900",
        "reply_users": [
            "UE1ULNT9V",
            "UFQ35BUP4",
            "UFF1JGE9H"
        ],
        "replies": [
            {
                "user": "UE1ULNT9V",
                "ts": "1548634101.018400"
            },
            {
                "user": "UFQ35BUP4",
                "ts": "1548635474.018600"
            },
            {
                "user": "UFF1JGE9H",
                "ts": "1548685997.019400"
            },
            {
                "user": "UFQ35BUP4",
                "ts": "1548939691.037900"
            }
        ]
    },
    {
        "client_msg_id": "f170e8a0-8ed5-4492-9a5c-62f62c12a2d5",
        "type": "message",
        "text": "<@UFQ35BUP4> 1.не тот канал  2. нет томката на hw0",
        "user": "UE1ULNT9V",
        "ts": "1548634101.018400",
        "thread_ts": "1548631278.017700",
        "parent_user_id": "UFQ35BUP4"
    },
    {
        "client_msg_id": "f404f0c6-deee-42d1-b4e8-734469c672e2",
        "type": "message",
        "text": "$END$ оно? а этот канал не по IntelliJ?",
        "user": "UFQ35BUP4",
        "ts": "1548635474.018600",
        "thread_ts": "1548631278.017700",
        "parent_user_id": "UFQ35BUP4"
    }
]