[
    {
        "client_msg_id": "e3a7f62f-b038-4a53-8d77-065f7b5f9347",
        "type": "message",
        "text": "а если я месяц ключом попользуюсь а потом винду переустановлю у меня ключ будет работать?",
        "user": "UFL6M7PR9",
        "ts": "1550505761.005200",
        "thread_ts": "1550505761.005200",
        "reply_count": 3,
        "reply_users_count": 3,
        "latest_reply": "1550507763.005800",
        "reply_users": [
            "UFPV5FPLK",
            "UE1ULNT9V",
            "UFL6M7PR9"
        ],
        "replies": [
            {
                "user": "UFPV5FPLK",
                "ts": "1550506123.005400"
            },
            {
                "user": "UE1ULNT9V",
                "ts": "1550506180.005600"
            },
            {
                "user": "UFL6M7PR9",
                "ts": "1550507763.005800"
            }
        ]
    },
    {
        "client_msg_id": "de21ce18-dd49-440c-99ac-e187dde7cd4c",
        "type": "message",
        "text": "Да. Он не привязан к системе\/железу. Ты и сейчас можешь его на другом компе использовать.",
        "user": "UFPV5FPLK",
        "ts": "1550506123.005400",
        "thread_ts": "1550505761.005200",
        "parent_user_id": "UFL6M7PR9"
    },
    {
        "client_msg_id": "b33edffe-b3a2-4329-b21f-741de66865c4",
        "type": "message",
        "text": "только одновременно не работать",
        "user": "UE1ULNT9V",
        "ts": "1550506180.005600",
        "thread_ts": "1550505761.005200",
        "parent_user_id": "UFL6M7PR9"
    },
    {
        "client_msg_id": "adba5ac4-8331-4ee0-b373-6fb099e0043a",
        "type": "message",
        "text": "спасибо",
        "user": "UFL6M7PR9",
        "ts": "1550507763.005800",
        "thread_ts": "1550505761.005200",
        "parent_user_id": "UFL6M7PR9"
    }
]