[
    {
        "client_msg_id": "2ce05eae-d20b-4e1d-b788-29fb234c8914",
        "type": "message",
        "text": "Была у меня проблема. Idea после обновления до 2019.1 стала долго запускаться. Я волею судеб под win10 работаю. Т.е. кликаешь на иконке, а splash-screen появляется через минуту примерно. Жесть. Это при том, что у меня SSD. И все ПО на нем стоит. Ну так вот. В папке с exe-шником нужно отредактировать файл idea64.exe.vmoptions, изменив параметры `-Xms128m -Xmx512m` на `-Xms512m -Xmx2g`. Параметр `-Xms` указывает на объем памяти, выделяемый приложению при старте. Параметр `-Xmx` - максимальный объем памяти, который приложение сможет использовать в работе. Т.е. стартуем с 512 метрами, а потом при необходимости расширяемся до 2 гигов. Всем скорости.",
        "user": "UEVT82MNC",
        "ts": "1555052015.006000",
        "thread_ts": "1555052015.006000",
        "reply_count": 4,
        "reply_users_count": 3,
        "latest_reply": "1555095313.007500",
        "reply_users": [
            "UFF1JGE9H",
            "UGLLHPNR2",
            "UEWSLHBTJ"
        ],
        "replies": [
            {
                "user": "UFF1JGE9H",
                "ts": "1555060511.006300"
            },
            {
                "user": "UFF1JGE9H",
                "ts": "1555060554.006700"
            },
            {
                "user": "UGLLHPNR2",
                "ts": "1555063128.007100"
            },
            {
                "user": "UEWSLHBTJ",
                "ts": "1555095313.007500"
            }
        ],
        "reactions": [
            {
                "name": "+1",
                "users": [
                    "UFPRT4B28",
                    "UFAG403GE",
                    "UEUTPR8KW",
                    "UFKMGA8S3",
                    "UE1ULNT9V"
                ],
                "count": 5
            }
        ]
    }
]