[
    {
        "type": "message",
        "text": "Заметил сегодня, что при использовании дебаггера в консоли выводится это:",
        "files": [
            {
                "id": "FHZ2CF2G7",
                "created": 1555179616,
                "timestamp": 1555179616,
                "name": "image.png",
                "title": "Pasted image at 2019-04-13, 9:20 PM",
                "mimetype": "image\/png",
                "filetype": "png",
                "pretty_type": "PNG",
                "user": "UFKNK1SBG",
                "editable": false,
                "size": 74658,
                "mode": "hosted",
                "is_external": false,
                "external_type": "",
                "is_public": true,
                "public_url_shared": true,
                "display_as_bot": false,
                "username": "",
                "url_private": "https:\/\/files.slack.com\/files-pri\/TE09AK9BK-FHZ2CF2G7\/image.png?t=xoxe-476316655393-618179035285-606757826531-bd1c7b831233e0d053294a8f47715ef5",
                "url_private_download": "https:\/\/files.slack.com\/files-pri\/TE09AK9BK-FHZ2CF2G7\/download\/image.png?t=xoxe-476316655393-618179035285-606757826531-bd1c7b831233e0d053294a8f47715ef5",
                "thumb_64": "https:\/\/files.slack.com\/files-tmb\/TE09AK9BK-FHZ2CF2G7-29aad13d17\/image_64.png?t=xoxe-476316655393-618179035285-606757826531-bd1c7b831233e0d053294a8f47715ef5",
                "thumb_80": "https:\/\/files.slack.com\/files-tmb\/TE09AK9BK-FHZ2CF2G7-29aad13d17\/image_80.png?t=xoxe-476316655393-618179035285-606757826531-bd1c7b831233e0d053294a8f47715ef5",
                "thumb_360": "https:\/\/files.slack.com\/files-tmb\/TE09AK9BK-FHZ2CF2G7-29aad13d17\/image_360.png?t=xoxe-476316655393-618179035285-606757826531-bd1c7b831233e0d053294a8f47715ef5",
                "thumb_360_w": 360,
                "thumb_360_h": 71,
                "thumb_480": "https:\/\/files.slack.com\/files-tmb\/TE09AK9BK-FHZ2CF2G7-29aad13d17\/image_480.png?t=xoxe-476316655393-618179035285-606757826531-bd1c7b831233e0d053294a8f47715ef5",
                "thumb_480_w": 480,
                "thumb_480_h": 95,
                "thumb_160": "https:\/\/files.slack.com\/files-tmb\/TE09AK9BK-FHZ2CF2G7-29aad13d17\/image_160.png?t=xoxe-476316655393-618179035285-606757826531-bd1c7b831233e0d053294a8f47715ef5",
                "image_exif_rotation": 1,
                "original_w": 579,
                "original_h": 114,
                "permalink": "https:\/\/topjava16.slack.com\/files\/UFKNK1SBG\/FHZ2CF2G7\/image.png",
                "permalink_public": "https:\/\/slack-files.com\/TE09AK9BK-FHZ2CF2G7-17a4c0afa5",
                "has_rich_preview": false
            }
        ],
        "upload": true,
        "user": "UFKNK1SBG",
        "display_as_bot": false,
        "ts": "1555179618.008900",
        "client_msg_id": "84d4333b-430b-4bb5-81f2-391ac505480c",
        "thread_ts": "1555179618.008900",
        "reply_count": 3,
        "reply_users_count": 2,
        "latest_reply": "1555236002.009700",
        "reply_users": [
            "UFKNK1SBG",
            "UE1ULNT9V"
        ],
        "replies": [
            {
                "user": "UFKNK1SBG",
                "ts": "1555179669.009200"
            },
            {
                "user": "UE1ULNT9V",
                "ts": "1555231737.009500"
            },
            {
                "user": "UFKNK1SBG",
                "ts": "1555236002.009700"
            }
        ]
    },
    {
        "client_msg_id": "9930357e-a6cc-4e28-84b5-78848378ba1c",
        "type": "message",
        "text": "Что это значит и нужно ли этого бояться? Проблем каких-то вроде как не заметил пока",
        "user": "UFKNK1SBG",
        "ts": "1555179669.009200",
        "thread_ts": "1555179618.008900",
        "parent_user_id": "UFKNK1SBG"
    }
]