[
    {
        "client_msg_id": "7e65cc34-e9cc-4d95-b18e-692c07535b6c",
        "type": "message",
        "text": "чтото с правами данных думаю\nкаталог с проектом в простом каталоге?",
        "user": "UE1ULNT9V",
        "ts": "1555231737.009500",
        "thread_ts": "1555179618.008900",
        "parent_user_id": "UFKNK1SBG"
    },
    {
        "client_msg_id": "5ad369aa-2141-499b-923f-d33d98215e99",
        "type": "message",
        "text": "<@UE1ULNT9V> , проект там же где всегда и был, весь путь короткими простыми именами на латинице. Еще неделю назад такого точно не возникало, дебагом часто пользовался, заметил бы. А за эту неделю вроде ничего не поменялось, никуда не лазил, ни в каких настройках не ковырялся, ничего не обновлял (разве что сама винда, проказница, могла по-тихому обновиться, да я внимания не обратил).\n\nЕще обнаружил что это появляется только в веб проектах. Судя по всему это как-то связано с Tomcat. В проектах,  где его нет, не ругается. Даже в нашем проекте если использовать дебаг на тестах или в SpringMain все нормально.",
        "user": "UFKNK1SBG",
        "ts": "1555236002.009700",
        "thread_ts": "1555179618.008900",
        "parent_user_id": "UFKNK1SBG"
    }
]