[
    {
        "client_msg_id": "794c2ab4-00be-441b-adb1-24316479bb0f",
        "type": "message",
        "text": "А я через почту университета активировал на год",
        "user": "UFKG13683",
        "ts": "1551279950.003100",
        "edited": {
            "user": "UFKG13683",
            "ts": "1551279960.000000"
        },
        "thread_ts": "1550613094.009500",
        "parent_user_id": "UFL6M7PR9"
    },
    {
        "client_msg_id": "33df900f-ae48-40b8-aaed-f903eac56f57",
        "type": "message",
        "text": "В целях обучения дали на год лицензию и плюс ещё на многие ихние продукты",
        "user": "UFKG13683",
        "ts": "1551280004.003400",
        "thread_ts": "1550613094.009500",
        "parent_user_id": "UFL6M7PR9"
    }
]