[
    {
        "client_msg_id": "07ff1829-aed3-4b7c-9e36-ad7e67b5c5f0",
        "type": "message",
        "text": "А если просто переустановить idea после 30 дней , то моно опять бесплатно пользоваться? ",
        "user": "UFL6M7PR9",
        "ts": "1550613094.009500",
        "thread_ts": "1550613094.009500",
        "reply_count": 10,
        "reply_users_count": 5,
        "latest_reply": "1551356520.000100",
        "reply_users": [
            "UFPV5FPLK",
            "UFL6M7PR9",
            "UFW2XS0HX",
            "UFTEY6H27",
            "UFKG13683"
        ],
        "replies": [
            {
                "user": "UFPV5FPLK",
                "ts": "1550638530.009600"
            },
            {
                "user": "UFL6M7PR9",
                "ts": "1550648964.009900"
            },
            {
                "user": "UFW2XS0HX",
                "ts": "1550650999.010100"
            },
            {
                "user": "UFPV5FPLK",
                "ts": "1550656125.010500"
            },
            {
                "user": "UFL6M7PR9",
                "ts": "1550662845.010700"
            },
            {
                "user": "UFTEY6H27",
                "ts": "1550764711.000200"
            },
            {
                "user": "UFW2XS0HX",
                "ts": "1550768045.000400"
            },
            {
                "user": "UFKG13683",
                "ts": "1551279950.003100"
            },
            {
                "user": "UFKG13683",
                "ts": "1551280004.003400"
            },
            {
                "user": "UFW2XS0HX",
                "ts": "1551356520.000100"
            }
        ]
    },
    {
        "client_msg_id": "22c1bb99-3660-4f96-a92a-e94b950a9c53",
        "type": "message",
        "text": "Можно и не переустанавливая пользоваться. Только каждые полчаса перезапускать придется.",
        "user": "UFPV5FPLK",
        "ts": "1550638530.009600",
        "thread_ts": "1550613094.009500",
        "parent_user_id": "UFL6M7PR9"
    },
    {
        "client_msg_id": "6e2d4706-1cc6-4b21-8e29-ba10f60af19d",
        "type": "message",
        "text": "тогда ключ для того чтобы раз в месяц не переустанавливать?)",
        "user": "UFL6M7PR9",
        "ts": "1550648964.009900",
        "thread_ts": "1550613094.009500",
        "parent_user_id": "UFL6M7PR9"
    }
]