[
    {
        "client_msg_id": "af4506d8-070c-4745-8f72-f74e37adf1a5",
        "type": "message",
        "text": "Почему не запускается томкат 8 или 9 из идеи, только томкат 7 запускается. Ошибка - Error running 'Tomcat': Cannot run program \"D:\\Apache\\Tomcat_8\\bin\\catalina.bat\" (in directory \"D:\\Apache\\Tomcat_8\\bin\"): CreateProcess error=2, Не удается найти указанный файл",
        "user": "UGW0NTE7N",
        "ts": "1553361747.015500",
        "thread_ts": "1553361747.015500",
        "reply_count": 11,
        "reply_users_count": 3,
        "latest_reply": "1553531790.021000",
        "reply_users": [
            "UFT7XUWJX",
            "UE1ULNT9V",
            "UGW0NTE7N"
        ],
        "replies": [
            {
                "user": "UFT7XUWJX",
                "ts": "1553363160.015600"
            },
            {
                "user": "UE1ULNT9V",
                "ts": "1553370598.015800"
            },
            {
                "user": "UE1ULNT9V",
                "ts": "1553370610.016000"
            },
            {
                "user": "UGW0NTE7N",
                "ts": "1553413755.016300"
            },
            {
                "user": "UGW0NTE7N",
                "ts": "1553420397.016500"
            },
            {
                "user": "UGW0NTE7N",
                "ts": "1553427281.016700"
            },
            {
                "user": "UGW0NTE7N",
                "ts": "1553427291.016900"
            },
            {
                "user": "UE1ULNT9V",
                "ts": "1553458795.017100"
            },
            {
                "user": "UGW0NTE7N",
                "ts": "1553499775.017500"
            },
            {
                "user": "UGW0NTE7N",
                "ts": "1553499891.017700"
            },
            {
                "user": "UE1ULNT9V",
                "ts": "1553531790.021000"
            }
        ]
    },
    {
        "client_msg_id": "6c8e2f41-bda6-4054-9d7c-59328ee810ec",
        "type": "message",
        "text": "А причины нет? Ну не удается.... Что-то еще пишет?",
        "user": "UFT7XUWJX",
        "ts": "1553363160.015600",
        "thread_ts": "1553361747.015500",
        "parent_user_id": "UGW0NTE7N"
    },
    {
        "client_msg_id": "a2f1ede3-5216-46a0-989c-f9fad5aad99f",
        "type": "message",
        "text": "какая версия idea?",
        "user": "UE1ULNT9V",
        "ts": "1553370598.015800",
        "thread_ts": "1553361747.015500",
        "parent_user_id": "UGW0NTE7N"
    },
    {
        "client_msg_id": "105be3ae-6014-4724-a920-073d3f15963e",
        "type": "message",
        "text": "и какая jdk",
        "user": "UE1ULNT9V",
        "ts": "1553370610.016000",
        "edited": {
            "user": "UE1ULNT9V",
            "ts": "1553370613.000000"
        },
        "thread_ts": "1553361747.015500",
        "parent_user_id": "UGW0NTE7N"
    }
]