[
    {
        "client_msg_id": "4773671f-a669-415e-b631-2b0b6cc4552f",
        "type": "message",
        "text": "В 1 уроке, после 4 патча, в файле pom.xml, если туда внутрь зайти, то IDEA подчёркивает красным в строке\n&lt;servlet-class&gt;ru.javawebinar.topjava.web.UserServlet&lt;\/servlet-class&gt;\nслова \"web.UserServlet\"\n\nА вот если не заходить внутрь, то в дереве каталогов проекта никакой красной маркировки нет. Как это всегда бывает если в каком либо из Ява-классов что-то красное.\n\nПочему так? Это нормально?",
        "user": "UGLLHPNR2",
        "ts": "1553705223.022000",
        "thread_ts": "1553705223.022000",
        "reply_count": 1,
        "reply_users_count": 1,
        "latest_reply": "1553726891.022100",
        "reply_users": [
            "UE1ULNT9V"
        ],
        "replies": [
            {
                "user": "UE1ULNT9V",
                "ts": "1553726891.022100"
            }
        ]
    },
    {
        "client_msg_id": "3a304fa7-48db-4b27-bd48-436367887cf8",
        "type": "message",
        "text": "пока не зашла, idea не догоняет",
        "user": "UE1ULNT9V",
        "ts": "1553726891.022100",
        "edited": {
            "user": "UE1ULNT9V",
            "ts": "1553726900.000000"
        },
        "thread_ts": "1553705223.022000",
        "parent_user_id": "UGLLHPNR2"
    }
]