[
    {
        "client_msg_id": "cad998f0-8240-4b98-b521-78de3ede63fc",
        "type": "message",
        "text": "Кхм. Хвалился я тут однажды... Что заставил идею быстро запускаться... Ню-ню. До следующей перезагрузки компа. Ну ок, тут я разозлился и полез гуглить в очередной раз. Не гуглится. Тогда я успокоился, открыл лог Idea, почитал его. Обнаружил, такую строку: `INFO - .intellij.idea.IdeaApplication - App initialization took 50155 ms`. Выключил idea, включил, открыл лог. Там теперь так: ` INFO - .intellij.idea.IdeaApplication - App initialization took 11182 ms`. Т. е. первый раз 50 секунд, второй раз - 11. Вбиваю в гугл первую строчку из логов и - \"Оh my God!!!\" - получаю ссылку на форум поддержки. Вот - <https:\/\/intellij-support.jetbrains.com\/hc\/en-us\/community\/posts\/206861915-extremely-slow-startup>. Я там отписался, почитал комментарии других пострадавших. Оказалось во всем виноват Windows Defender. Добавил процесс idea64.exe в исключения и вуаля. Теперь точно все, проверил, после перезагрузки 7-12 секунд инициализация. Еще раз всем скорости. И усидчивости.",
        "user": "UEVT82MNC",
        "ts": "1556100532.006600",
        "attachments": [
            {
                "service_name": "IDEs Support (IntelliJ Platform) | JetBrains",
                "title": "extremely slow startup",
                "title_link": "https:\/\/intellij-support.jetbrains.com\/hc\/en-us\/community\/posts\/206861915-extremely-slow-startup",
                "text": "Hi,the initial startup on my machine takes minutes.Specs:Windows 7 Professional, i7-3770, 16GB, Idea Community 12.1.6, Java 1.7_40I googled around but could not find a solution to my particular pro...",
                "fallback": "IDEs Support (IntelliJ Platform) | JetBrains: extremely slow startup",
                "image_url": "https:\/\/theme.zdassets.com\/theme_assets\/787891\/21b860842daa208c64a39cabc155cf5774bd2b95.png",
                "from_url": "https:\/\/intellij-support.jetbrains.com\/hc\/en-us\/community\/posts\/206861915-extremely-slow-startup",
                "image_width": 250,
                "image_height": 250,
                "image_bytes": 21174,
                "service_icon": "http:\/\/theme.zdassets.com\/theme_assets\/787891\/094ea5643df65d56fe21ecbca0cc04270d5b0e2d.ico",
                "id": 1,
                "original_url": "https:\/\/intellij-support.jetbrains.com\/hc\/en-us\/community\/posts\/206861915-extremely-slow-startup"
            }
        ],
        "reactions": [
            {
                "name": "heavy_check_mark",
                "users": [
                    "UE1ULNT9V"
                ],
                "count": 1
            }
        ]
    }
]