[
    {
        "client_msg_id": "abf476c7-3138-4f4a-a871-5b877662f381",
        "type": "message",
        "text": "Наконец-то разобрался, 2 дня потерял",
        "user": "UGW0NTE7N",
        "ts": "1553499775.017500",
        "thread_ts": "1553361747.015500",
        "parent_user_id": "UGW0NTE7N"
    },
    {
        "client_msg_id": "a78a770d-f899-4978-9e10-bc0e4d53e010",
        "type": "message",
        "text": "Для 9 томката startup script по умолчанию - catalina.bat run, так не работает. Надо вот такой, как в 7-ом - C:\\Program Files\\Java\\jdk11.0.2\\bin\\java.exe -Dcatalina.base=C:\\Users\\Саша\\.IntelliJIdea2018.3\\system\\tomcat\\Unnamed_topjava_3 -Dcatalina.home=D:\\Apache\\apache-tomcat-9.0.17 -Djava.io.tmpdir=D:\\Apache\\apache-tomcat-9.0.17\\temp -Dcom.sun.management.jmxremote= -Dcom.sun.management.jmxremote.port=1099 -Dcom.sun.management.jmxremote.ssl=false -Dcom.sun.management.jmxremote.password.file=C:\\Users\\Саша\\.IntelliJIdea2018.3\\system\\tomcat\\Unnamed_topjava_3\\jmxremote.password -Dcom.sun.management.jmxremote.access.file=C:\\Users\\Саша\\.IntelliJIdea2018.3\\system\\tomcat\\Unnamed_topjava_3\\jmxremote.access -Djava.rmi.server.hostname=127.0.0.1 -cp D:\\Apache\\apache-tomcat-9.0.17\\bin\\bootstrap.jar;D:\\Apache\\apache-tomcat-9.0.17\\bin\\tomcat-juli.jar org.apache.catalina.startup.Bootstrap start",
        "user": "UGW0NTE7N",
        "ts": "1553499891.017700",
        "thread_ts": "1553361747.015500",
        "parent_user_id": "UGW0NTE7N"
    },
    {
        "client_msg_id": "5f9e60dd-74f1-4c35-a732-875ce979458a",
        "type": "message",
        "text": "Добрый день, коллеги. А тема с ключом для Idea от stepik еще работает?",
        "user": "UEPA6TUHL",
        "ts": "1553508026.018900"
    },
    {
        "client_msg_id": "6d76c343-ea02-45a0-8262-2a377ee8b9ba",
        "type": "message",
        "text": "<@UEPA6TUHL> Работает.",
        "user": "UEWSLHBTJ",
        "ts": "1553508395.019500"
    },
    {
        "client_msg_id": "df576e59-939b-462c-bf5c-798b891ea43b",
        "type": "message",
        "text": "В окне ИДЕА по правому борту вкладки: 7:Structure , Maven Project , Database и т.д.\nКак настроить чтобы при запуске ИДЕА они всегда в определённом порядке (сверху вниз) , мной установленном, располагались?",
        "user": "UGLLHPNR2",
        "ts": "1553524752.020600",
        "thread_ts": "1553524752.020600",
        "reply_count": 3,
        "reply_users_count": 2,
        "latest_reply": "1554814449.001400",
        "reply_users": [
            "UE1ULNT9V",
            "UGLLHPNR2"
        ],
        "replies": [
            {
                "user": "UE1ULNT9V",
                "ts": "1553531706.020700"
            },
            {
                "user": "UGLLHPNR2",
                "ts": "1553601647.021300"
            },
            {
                "user": "UGLLHPNR2",
                "ts": "1554814449.001400"
            }
        ]
    },
    {
        "client_msg_id": "6192c592-c0db-419d-b39e-d8e3339201cf",
        "type": "message",
        "text": "а мышкой таскать не пробовал?",
        "user": "UE1ULNT9V",
        "ts": "1553531706.020700",
        "edited": {
            "user": "UE1ULNT9V",
            "ts": "1553531709.000000"
        },
        "thread_ts": "1553524752.020600",
        "parent_user_id": "UGLLHPNR2"
    },
    {
        "client_msg_id": "d0be7401-12e1-4c0a-a8c3-5e914ed53c45",
        "type": "message",
        "text": "в idea все автоматически настраивается и работает. ей только home от tomcat надо при настройке дать",
        "user": "UE1ULNT9V",
        "ts": "1553531790.021000",
        "edited": {
            "user": "UE1ULNT9V",
            "ts": "1553531798.000000"
        },
        "thread_ts": "1553361747.015500",
        "parent_user_id": "UGW0NTE7N"
    }
]