[
    {
        "client_msg_id": "259ce60e-2b14-4e34-bdc4-3d0aa671510f",
        "type": "message",
        "text": "Всем привет. А почему IDEA полная (триал период) так тормозит на встроенных проверках, аналогичной версии IDEA community edition - сразу подсвечивает опечатки, неверные типы и т.д., и т.п. А в триальной даже закомментированная строка не вся сереет сразу. Что-то можно настроить где-то, чтобы скорость сравнялась с бесплатной версией?",
        "user": "UFUQUNDRP",
        "ts": "1549027379.042700"
    },
    {
        "client_msg_id": "7eab4f08-0af5-4279-a04f-34202c27fd9c",
        "type": "message",
        "text": "А идея на ссд установлена?",
        "user": "UFU5XFS5D",
        "ts": "1549027480.043200"
    },
    {
        "client_msg_id": "0ad4081e-41be-4d12-b063-9417b8183c61",
        "type": "message",
        "text": "Да, обе на SSD в соседних директориях стоят.",
        "user": "UFUQUNDRP",
        "ts": "1549027687.043900"
    },
    {
        "client_msg_id": "27c1cd0f-063c-48da-aa4c-e6263ba0a85c",
        "type": "message",
        "text": "Может быть, что оперативка заканчивается и используется своп - IDEA довольно требовательна.\nОтключи все неиспользуемые плагины. Это как минимум ускорит запуск.\nЛично тормозов не замечал так чтобы разительно в глаза бросалось.",
        "user": "UFPV5FPLK",
        "ts": "1549028222.047100"
    },
    {
        "client_msg_id": "66b9c04a-ebc8-4bf9-bfa8-482687c6841c",
        "type": "message",
        "text": "у меня тормозить начинает когда больше 4-х проектов открываю",
        "user": "UF3BP78SF",
        "ts": "1549029528.047600"
    },
    {
        "client_msg_id": "3e2f5a3c-9e44-401a-9581-5beffc54c268",
        "type": "message",
        "text": "плагины и апликэйшины...лишнее все почикай...всегда когда надо добавишь",
        "user": "UFQ35BUP4",
        "ts": "1549058556.049800"
    }
]