[
    {
        "client_msg_id": "3e01764d-a327-4899-b73d-5614d872ad4e",
        "type": "message",
        "text": "Почему могут не работать горячие клавиши в IDEA?\n\nВыделяю 3 строки, жму Ctrl + Shift + \/ и строки не становятся закомментироваными. Справа от номера строки появлается цифра 7 в квадратике и всё...\n\nВ Settings -&gt; Keymap стоит Default",
        "user": "UGLLHPNR2",
        "ts": "1551957855.001100",
        "thread_ts": "1551957855.001100",
        "reply_count": 3,
        "reply_users_count": 2,
        "latest_reply": "1552297429.001800",
        "reply_users": [
            "UE1ULNT9V",
            "UGLLHPNR2"
        ],
        "replies": [
            {
                "user": "UE1ULNT9V",
                "ts": "1552253795.001300"
            },
            {
                "user": "UGLLHPNR2",
                "ts": "1552296637.001600"
            },
            {
                "user": "UE1ULNT9V",
                "ts": "1552297429.001800"
            }
        ]
    }
]