[
    {
        "client_msg_id": "c780d193-b6f5-428f-add2-6875b70d5bcc",
        "type": "message",
        "text": "Ребят, у меня одного ключ больше не принимает?",
        "user": "UFJBMRL7K",
        "ts": "1553023306.011700",
        "thread_ts": "1553023306.011700",
        "reply_count": 1,
        "reply_users_count": 1,
        "latest_reply": "1553087445.012900",
        "reply_users": [
            "UE1ULNT9V"
        ],
        "replies": [
            {
                "user": "UE1ULNT9V",
                "ts": "1553087445.012900"
            }
        ]
    }
]