[
    {
        "client_msg_id": "e88446d7-4d95-4a53-bdb5-0099542963c0",
        "type": "message",
        "text": "Можно как-то идею заставить делать автоподстановку путей маппинга в относительном виде? По умолчанию ставит абсолютный путь и тут же ругается, что \"Absolute paths not recommended in JSPs\".",
        "user": "UFUQUNDRP",
        "ts": "1553087401.012800",
        "thread_ts": "1553087401.012800",
        "reply_count": 3,
        "reply_users_count": 2,
        "latest_reply": "1553158383.014000",
        "reply_users": [
            "UE1ULNT9V",
            "UFUQUNDRP"
        ],
        "replies": [
            {
                "user": "UE1ULNT9V",
                "ts": "1553087475.013100"
            },
            {
                "user": "UFUQUNDRP",
                "ts": "1553150574.013600"
            },
            {
                "user": "UE1ULNT9V",
                "ts": "1553158383.014000"
            }
        ]
    },
    {
        "client_msg_id": "c23b5c60-0c4f-4841-ba4d-aaeef5a0601e",
        "type": "message",
        "text": "у одного. по инструкции делаешь? что пишет? была раньше бесплатная идея (от степика например)?",
        "user": "UE1ULNT9V",
        "ts": "1553087445.012900",
        "thread_ts": "1553023306.011700",
        "parent_user_id": "UFJBMRL7K"
    },
    {
        "client_msg_id": "0d437d88-281c-4705-a0e7-ef6f6d9f0f84",
        "type": "message",
        "text": "да, есть ссылка в ДЗ про пути. Подсказки по HW06 3.",
        "user": "UE1ULNT9V",
        "ts": "1553087475.013100",
        "edited": {
            "user": "UE1ULNT9V",
            "ts": "1553087507.000000"
        },
        "thread_ts": "1553087401.012800",
        "parent_user_id": "UFUQUNDRP"
    },
    {
        "type": "message",
        "text": "Я про автодополнение в идее. Пишу, например, `&lt;form method=\"post\" action=\"meals\/filter\"&gt;`, idea предлагает автоподстановку по абсолютному пути.\nМожно сделать \"add dinamic prefix\" и она подставит `${pageContext.request.contextPath}`, но зачем, если достаточно указать относительный путь в виде `meals\/filter`. Так вот как бы ее заставить сразу без корневого слэша подставлять путь?",
        "files": [
            {
                "id": "FH6LGG5DM",
                "created": 1553150571,
                "timestamp": 1553150571,
                "name": "idea_jsp_path.png",
                "title": "idea_jsp_path.png",
                "mimetype": "image\/png",
                "filetype": "png",
                "pretty_type": "PNG",
                "user": "UFUQUNDRP",
                "editable": false,
                "size": 37184,
                "mode": "hosted",
                "is_external": false,
                "external_type": "",
                "is_public": true,
                "public_url_shared": false,
                "display_as_bot": false,
                "username": "",
                "url_private": "https:\/\/files.slack.com\/files-pri\/TE09AK9BK-FH6LGG5DM\/idea_jsp_path.png?t=xoxe-476316655393-618179035285-606757826531-bd1c7b831233e0d053294a8f47715ef5",
                "url_private_download": "https:\/\/files.slack.com\/files-pri\/TE09AK9BK-FH6LGG5DM\/download\/idea_jsp_path.png?t=xoxe-476316655393-618179035285-606757826531-bd1c7b831233e0d053294a8f47715ef5",
                "thumb_64": "https:\/\/files.slack.com\/files-tmb\/TE09AK9BK-FH6LGG5DM-5ae07f2b98\/idea_jsp_path_64.png?t=xoxe-476316655393-618179035285-606757826531-bd1c7b831233e0d053294a8f47715ef5",
                "thumb_80": "https:\/\/files.slack.com\/files-tmb\/TE09AK9BK-FH6LGG5DM-5ae07f2b98\/idea_jsp_path_80.png?t=xoxe-476316655393-618179035285-606757826531-bd1c7b831233e0d053294a8f47715ef5",
                "thumb_360": "https:\/\/files.slack.com\/files-tmb\/TE09AK9BK-FH6LGG5DM-5ae07f2b98\/idea_jsp_path_360.png?t=xoxe-476316655393-618179035285-606757826531-bd1c7b831233e0d053294a8f47715ef5",
                "thumb_360_w": 360,
                "thumb_360_h": 146,
                "thumb_480": "https:\/\/files.slack.com\/files-tmb\/TE09AK9BK-FH6LGG5DM-5ae07f2b98\/idea_jsp_path_480.png?t=xoxe-476316655393-618179035285-606757826531-bd1c7b831233e0d053294a8f47715ef5",
                "thumb_480_w": 480,
                "thumb_480_h": 194,
                "thumb_160": "https:\/\/files.slack.com\/files-tmb\/TE09AK9BK-FH6LGG5DM-5ae07f2b98\/idea_jsp_path_160.png?t=xoxe-476316655393-618179035285-606757826531-bd1c7b831233e0d053294a8f47715ef5",
                "thumb_720": "https:\/\/files.slack.com\/files-tmb\/TE09AK9BK-FH6LGG5DM-5ae07f2b98\/idea_jsp_path_720.png?t=xoxe-476316655393-618179035285-606757826531-bd1c7b831233e0d053294a8f47715ef5",
                "thumb_720_w": 720,
                "thumb_720_h": 291,
                "thumb_800": "https:\/\/files.slack.com\/files-tmb\/TE09AK9BK-FH6LGG5DM-5ae07f2b98\/idea_jsp_path_800.png?t=xoxe-476316655393-618179035285-606757826531-bd1c7b831233e0d053294a8f47715ef5",
                "thumb_800_w": 800,
                "thumb_800_h": 323,
                "thumb_960": "https:\/\/files.slack.com\/files-tmb\/TE09AK9BK-FH6LGG5DM-5ae07f2b98\/idea_jsp_path_960.png?t=xoxe-476316655393-618179035285-606757826531-bd1c7b831233e0d053294a8f47715ef5",
                "thumb_960_w": 960,
                "thumb_960_h": 388,
                "thumb_1024": "https:\/\/files.slack.com\/files-tmb\/TE09AK9BK-FH6LGG5DM-5ae07f2b98\/idea_jsp_path_1024.png?t=xoxe-476316655393-618179035285-606757826531-bd1c7b831233e0d053294a8f47715ef5",
                "thumb_1024_w": 1024,
                "thumb_1024_h": 414,
                "image_exif_rotation": 1,
                "original_w": 1056,
                "original_h": 427,
                "permalink": "https:\/\/topjava16.slack.com\/files\/UFUQUNDRP\/FH6LGG5DM\/idea_jsp_path.png",
                "permalink_public": "https:\/\/slack-files.com\/TE09AK9BK-FH6LGG5DM-e8b5a7f1cf",
                "has_rich_preview": false
            }
        ],
        "upload": true,
        "user": "UFUQUNDRP",
        "display_as_bot": false,
        "ts": "1553150574.013600",
        "thread_ts": "1553087401.012800",
        "parent_user_id": "UFUQUNDRP"
    }
]