[
    {
        "client_msg_id": "2f2d62a4-d2ed-4018-b8fc-255e23d49466",
        "type": "message",
        "text": "Я думаю, на <http:\/\/rutracker.org|rutracker.org> тебе с этим помогут.",
        "user": "UFW2XS0HX",
        "ts": "1550650999.010100",
        "thread_ts": "1550613094.009500",
        "parent_user_id": "UFL6M7PR9"
    },
    {
        "client_msg_id": "b07e8130-56a1-4419-b129-729016a65581",
        "type": "message",
        "text": "Чтобы не переустанавливать надо или пользоваться СЕ или покупать ключ для UE.",
        "user": "UFPV5FPLK",
        "ts": "1550656125.010500",
        "thread_ts": "1550613094.009500",
        "parent_user_id": "UFL6M7PR9"
    },
    {
        "client_msg_id": "b16775b2-95ac-4e0f-9879-0bec2d0c454f",
        "type": "message",
        "text": "у меня переустановка 2 мин заняла. плюс настройки и плагины 2 мин.  То за 500 $ в год     лучше переустановить 12 раз)",
        "user": "UFL6M7PR9",
        "ts": "1550662845.010700",
        "thread_ts": "1550613094.009500",
        "parent_user_id": "UFL6M7PR9"
    }
]