[
    {
        "client_msg_id": "52a11c5b-b359-4931-8cee-cfe45840e3c2",
        "type": "message",
        "text": "С томкатом лучше не биться, он там качается и просто запускается из папочки. Понадобится позже, там же всё и расскажут как им пользоваться.\nТомкат это котейнер сервлетов, из intellijIDEA он просто может запускаться если настроить, может и по другому стартовать, но об этом позже.",
        "user": "UFF1JGE9H",
        "ts": "1548685997.019400",
        "thread_ts": "1548631278.017700",
        "parent_user_id": "UFQ35BUP4"
    },
    {
        "client_msg_id": "a1034a59-e4f5-4be5-a706-af9fef044b1f",
        "type": "message",
        "text": "Подскажите, кодировку ставить with BOM или with NO BOM?",
        "user": "UFB18J10A",
        "ts": "1548690504.020500"
    },
    {
        "client_msg_id": "bd85664a-9212-4909-9597-f67b06bcc357",
        "type": "message",
        "text": "with NO BOM",
        "user": "UFJM88NSF",
        "ts": "1548731631.021500",
        "thread_ts": "1548731631.021500",
        "reply_count": 1,
        "reply_users_count": 1,
        "latest_reply": "1548780217.022700",
        "reply_users": [
            "UFB18J10A"
        ],
        "replies": [
            {
                "user": "UFB18J10A",
                "ts": "1548780217.022700"
            }
        ]
    },
    {
        "client_msg_id": "b5d6e2d2-f21f-42db-91f5-5b14feddfc22",
        "type": "message",
        "text": "у меня ubuntu по дефолту такая была кодировка",
        "user": "UFJM88NSF",
        "ts": "1548731669.022000"
    }
]