[
    {
        "client_msg_id": "69d42622-edd6-487f-8678-b17d2d8da676",
        "type": "message",
        "text": "я, возможно, что-то пропустил... но где ключ-то учебный брать?\nприпоминаю только, что Григорий говорил, что JetBrains просили уведомлять, чтобы ключ использовался для обучения только.\nу меня триал месячный завтра заканчивается...",
        "user": "UFVN63TRT",
        "ts": "1550231773.002700",
        "thread_ts": "1550231773.002700",
        "reply_count": 2,
        "reply_users_count": 2,
        "latest_reply": "1550234191.003100",
        "reply_users": [
            "UFP8P9N6M",
            "UFVN63TRT"
        ],
        "replies": [
            {
                "user": "UFP8P9N6M",
                "ts": "1550231913.002800"
            },
            {
                "user": "UFVN63TRT",
                "ts": "1550234191.003100"
            }
        ]
    },
    {
        "client_msg_id": "85baa6ca-8f25-4527-bf44-13ed0f71affe",
        "type": "message",
        "text": "В личном кабинете: <http:\/\/javaops.ru\/auth\/profile#topjava>",
        "user": "UFP8P9N6M",
        "ts": "1550231913.002800",
        "attachments": [
            {
                "service_name": "Java Online Projects",
                "title": "Java программист:от новичка до профессионала. Бесплатные первые занятия. Core,Web,Веб,Maven,Spring 5,Security,JPA(Hibernate),REST,AJAX,Botstrap,Enterprise",
                "title_link": "http:\/\/javaops.ru\/auth\/profile#topjava",
                "text": "Java программист:от новичка до профессионала. Бесплатные первые занятия. Core,Web,Веб,Maven,Spring 5,Security,JPA(Hibernate),REST,AJAX,Botstrap,Enterprise",
                "fallback": "Java Online Projects: Java программист:от новичка до профессионала. Бесплатные первые занятия. Core,Web,Веб,Maven,Spring 5,Security,JPA(Hibernate),REST,AJAX,Botstrap,Enterprise",
                "image_url": "http:\/\/javaops.ru\/static\/img\/title\/javaops.png",
                "from_url": "http:\/\/javaops.ru\/auth\/profile#topjava",
                "image_width": 537,
                "image_height": 240,
                "image_bytes": 8577,
                "service_icon": "http:\/\/javaops.ru\/static\/img\/java_big_cup.png",
                "id": 1,
                "original_url": "http:\/\/javaops.ru\/auth\/profile#topjava"
            }
        ],
        "thread_ts": "1550231773.002700",
        "parent_user_id": "UFVN63TRT",
        "reactions": [
            {
                "name": "heavy_check_mark",
                "users": [
                    "UE1ULNT9V"
                ],
                "count": 1
            }
        ]
    },
    {
        "client_msg_id": "05515c52-d7d5-46c1-a1e8-f2bb3f4b7b5a",
        "type": "message",
        "text": "благодарю, все получилось...",
        "user": "UFVN63TRT",
        "ts": "1550234191.003100",
        "thread_ts": "1550231773.002700",
        "parent_user_id": "UFVN63TRT"
    }
]