[
    {
        "client_msg_id": "3c6eda96-b9c9-49da-9d10-52981665398c",
        "type": "message",
        "text": "Может кто знает, есть какая настройка или плагин для подсветки неактивных остановов не только при запущеном дебагере, а постоянно. Т.е. если поставить останов, сделать Mute Breakpoints и запустить дебагер - точка будет белым подсвечена, а когда дебагер отработает - снова становится красной. Хотелось бы в режиму mute постоянно подсветки отличным от красного цветом.",
        "user": "UFUQUNDRP",
        "ts": "1552899155.004500"
    },
    {
        "client_msg_id": "98c6329e-d2e7-4e19-8ca4-3fc312e2a699",
        "type": "message",
        "text": "У меня сервлет версии 4.0.1\nДля версии 4.0, как я понимаю, в web.xml в хедере прописывать необходимо так:\n```\n&lt;?xml version=\"1.0\" encoding=\"UTF-8\"?&gt;\n&lt;web-app xmlns=\"http:\/\/xmlns.jcp.org\/xml\/ns\/javaee\"\n         xmlns:xsi=\"http:\/\/www.w3.org\/2001\/XMLSchema-instance\"\n         xsi:schemaLocation=\"http:\/\/xmlns.jcp.org\/xml\/ns\/javaee http:\/\/xmlns.jcp.org\/xml\/ns\/javaee\/web-app_4_0.xsd\"\n         version=\"4.0\"&gt;\n&lt;\/web-app&gt;\n```\nА как будет для версии 4.0.1 ?\nМеня смущает строка:\n```\nxsi:schemaLocation=\"<http:\/\/xmlns.jcp.org\/xml\/ns\/javaee> <http:\/\/xmlns.jcp.org\/xml\/ns\/javaee\/web-app_4_0.xsd>\"\n```\nПочему-то версия задаётся не через точку, а через нижнее подчёркивание. Я хотел добавить через подчёркивание ещё 1, что бы было так:\n```\n&lt;?xml version=\"1.0\" encoding=\"UTF-8\"?&gt;\n&lt;web-app xmlns=\"http:\/\/xmlns.jcp.org\/xml\/ns\/javaee\"\n         xmlns:xsi=\"http:\/\/www.w3.org\/2001\/XMLSchema-instance\"\n         xsi:schemaLocation=\"http:\/\/xmlns.jcp.org\/xml\/ns\/javaee http:\/\/xmlns.jcp.org\/xml\/ns\/javaee\/web-app_4_0_1.xsd\"\n         version=\"4.0.1\"&gt;\n&lt;\/web-app&gt;\n```\nНо идея сразу ругается:\n```\nelement web-app must be declared\n```\nКак этот вопрос решается?",
        "user": "UF4M5BG3X",
        "ts": "1552920495.007800",
        "edited": {
            "user": "UF4M5BG3X",
            "ts": "1552920535.000000"
        }
    },
    {
        "client_msg_id": "95eeb2fa-303e-42e1-9ea5-c8687bc09992",
        "type": "message",
        "text": "1. точно также, как и у нас (topjava). есть web.xml и версия 4.01",
        "user": "UE1ULNT9V",
        "ts": "1552925360.008500",
        "edited": {
            "user": "UE1ULNT9V",
            "ts": "1552925403.000000"
        }
    },
    {
        "client_msg_id": "e8cc2459-daae-4216-8595-a53049d05227",
        "type": "message",
        "text": "2. см. 1",
        "user": "UE1ULNT9V",
        "ts": "1552925385.008800"
    },
    {
        "client_msg_id": "97b647f7-42ee-4325-bb1a-cdcc85b7389d",
        "type": "message",
        "text": "3. это вопрос не по idea а по сервлетам... наверно в general в след. раз или в 1й урок, где у нас сервлеты",
        "user": "UE1ULNT9V",
        "ts": "1552925474.010100"
    },
    {
        "client_msg_id": "e68098c5-a186-4589-bafb-b1320bfb6c76",
        "type": "message",
        "text": "<@UE1ULNT9V> что-то я не нашёл там этого. Как вообще поправить этот момент?",
        "user": "UF4M5BG3X",
        "ts": "1552937626.010800"
    },
    {
        "client_msg_id": "17964a18-ecb7-41d2-9ee6-8f6a4b66b223",
        "type": "message",
        "text": "Да там точно этого нет. Версия 3 с чем-то.",
        "user": "UF4M5BG3X",
        "ts": "1552941070.011100"
    }
]