[
    {
        "client_msg_id": "f53123c0-2c6c-4a93-917b-bd9ce7c7d8c9",
        "type": "message",
        "text": "Григорий, добрый вечер! Подскажите пожалуйста когда планируется запуск проекта с Spring Boot?",
        "user": "UF1SX1KST",
        "ts": "1545587417.002100",
        "reactions": [
            {
                "name": "+1",
                "users": [
                    "UEWSLHBTJ",
                    "UGA28DLGK"
                ],
                "count": 2
            }
        ]
    }
]