[
    {
        "client_msg_id": "BC81EB8F-A7A7-4381-A4DF-E306B54C55EC",
        "type": "message",
        "text": "<@UFU5XFS5D> Как удалось на удаленку устроиться в иннополис? Обычно на удаленку не просто",
        "user": "UFR6VRXL3",
        "ts": "1548921608.089900"
    },
    {
        "client_msg_id": "c4ee1dfa-20b3-4ddc-8784-d685a2e61992",
        "type": "message",
        "text": "<@UFR6VRXL3> Я туда после банка устраивался, был уже и опыт и знания. Взяли по результатам первого же собеседования.",
        "user": "UFU5XFS5D",
        "ts": "1548921691.091000",
        "thread_ts": "1548921691.091000",
        "reply_count": 1,
        "reply_users_count": 1,
        "latest_reply": "1548962856.092500",
        "reply_users": [
            "UFU3VNM9N"
        ],
        "replies": [
            {
                "user": "UFU3VNM9N",
                "ts": "1548962856.092500"
            }
        ]
    },
    {
        "client_msg_id": "90a8923a-6ec4-45f9-bca8-9a1768273a2e",
        "type": "message",
        "text": "Ok, спасибо.",
        "user": "UFRNGAYP2",
        "ts": "1548921958.091300",
        "thread_ts": "1548920687.088000",
        "parent_user_id": "UFRNGAYP2"
    },
    {
        "client_msg_id": "06464c80-2563-45f5-abf6-4ca71ca68a21",
        "type": "message",
        "text": "Можно уточнить? Ты на удалёнке работаешь на Иннополис, или из Иннополиса?",
        "user": "UFU3VNM9N",
        "ts": "1548962856.092500",
        "thread_ts": "1548921691.091000",
        "parent_user_id": "UFU5XFS5D"
    },
    {
        "client_msg_id": "74ce54ab-e6e2-4629-8576-82c38f293dd5",
        "type": "message",
        "text": "Всем привет! Я вот тоже пытаюсь уйти в разработчики, 4й год работаю инженером в сфере телекома (кабельное тв и интернет), но это не совсем моё, до этого 6 лет проработал эникейщиком в нефтяных конторах. Долгое время увлекался геймдевом, но так и не удалось более серьёзно продвинуться в этом направлении, всё таки порог вхождения в эту отрасль очень велик для меня оказался. Джавой начал знакомиться с 2015 года, более серьезно начал ей заниматься с конца 2016, знакомый позвал в один проект в качестве стажёра и вот тут я понял это то что давно искал :slightly_smiling_face: Правда в середине 2017 года некоторые жизненные обстоятельства меня серьёзно выбили из колеи аж до середины 2018 года, потом нашёл в себе силы, с третьего захода одолел javarush и вот попал на эти курсы. После окончания планирую искать новую работу с переездом в другой город, так как в моём городе разработчикам (причём любым) делать нечего :slightly_smiling_face:",
        "user": "UF1PDKV37",
        "ts": "1548964832.103000"
    },
    {
        "client_msg_id": "6f0a4153-dcfb-40e7-a6b6-520de8c9aff7",
        "type": "message",
        "text": "Веду статистику (пользуюсь трекером времени и веду подробный отчёт о проделанной работе в личном redmine) по времени сколько трачу на теорию и практику в рамках учёбы в topjava, ноябрь  (начал с середины месяца) - 27 часов, декабрь 69 часов, январь 107 часов, итого за 2,5 месяца на учёбы потратил 203 часа :slightly_smiling_face:",
        "user": "UF1PDKV37",
        "ts": "1548975441.104300",
        "thread_ts": "1548975441.104300",
        "reply_count": 9,
        "reply_users_count": 5,
        "latest_reply": "1549380917.124100",
        "reply_users": [
            "UFH1T9S1Y",
            "UF1PDKV37",
            "UFVQWFQHM",
            "UEUFBC345",
            "UFNTGKS5D"
        ],
        "replies": [
            {
                "user": "UFH1T9S1Y",
                "ts": "1549013564.107000"
            },
            {
                "user": "UF1PDKV37",
                "ts": "1549015135.107200"
            },
            {
                "user": "UFVQWFQHM",
                "ts": "1549140525.114100"
            },
            {
                "user": "UEUFBC345",
                "ts": "1549209487.115400"
            },
            {
                "user": "UEUFBC345",
                "ts": "1549209510.115600"
            },
            {
                "user": "UF1PDKV37",
                "ts": "1549215725.115800"
            },
            {
                "user": "UFNTGKS5D",
                "ts": "1549375706.123300"
            },
            {
                "user": "UEUFBC345",
                "ts": "1549377542.123900"
            },
            {
                "user": "UF1PDKV37",
                "ts": "1549380917.124100"
            }
        ],
        "reactions": [
            {
                "name": "+1",
                "users": [
                    "UFPRT4B28",
                    "UF0Q50M55",
                    "UFJM88NSF"
                ],
                "count": 3
            }
        ]
    }
]