[
    {
        "client_msg_id": "2514724e-ff3e-4ce9-804c-bea0a263ece9",
        "type": "message",
        "text": "dom и sax- ни в коем случае:)  <https:\/\/habr.com\/ru\/post\/339716\/>",
        "user": "UE1ULNT9V",
        "ts": "1550134917.014900",
        "attachments": [
            {
                "title": "Java XML API: выбираем правильно. StAX: работаем с удовольствием",
                "title_link": "https:\/\/habr.com\/ru\/post\/339716\/",
                "text": "Здравствуйте! Несмотря на снижение популярности формата XML с начала 2000х, он прочно занял свои ниши. Я сталкивался с обработкой XML ~ в 60% проектов и посвятил...",
                "fallback": "Java XML API: выбираем правильно. StAX: работаем с удовольствием",
                "image_url": "https:\/\/habrastorage.org\/webt\/59\/db\/ec\/59dbece690fcb200469874.png",
                "from_url": "https:\/\/habr.com\/ru\/post\/339716\/",
                "image_width": 583,
                "image_height": 250,
                "image_bytes": 25675,
                "service_icon": "https:\/\/habr.com\/images\/apple-touch-icon.png",
                "service_name": "Хабр",
                "id": 1,
                "original_url": "https:\/\/habr.com\/ru\/post\/339716\/"
            }
        ],
        "thread_ts": "1549723061.142300",
        "parent_user_id": "UFH1T9S1Y"
    },
    {
        "client_msg_id": "da62deff-a599-4ec7-ae94-886d2a1ae633",
        "type": "message",
        "text": "<@UE1ULNT9V> а разве stax не является сращиванием dom и sax?",
        "user": "UFH1T9S1Y",
        "ts": "1550154467.015200",
        "thread_ts": "1549723061.142300",
        "parent_user_id": "UFH1T9S1Y"
    },
    {
        "client_msg_id": "4ae83de8-3dac-4452-bee0-9e64f50a5ba9",
        "type": "message",
        "text": ":slightly_smiling_face: нет! это 2 совершенно разные API, обе легаси. статью почитал?",
        "user": "UE1ULNT9V",
        "ts": "1550160357.015400",
        "thread_ts": "1549723061.142300",
        "parent_user_id": "UFH1T9S1Y"
    }
]