[
    {
        "client_msg_id": "8d3582c2-a72e-474a-9cae-a13caac91955",
        "type": "message",
        "text": "Я думаю, что если это задание нормально выполнено, то специалист стоит не меньше 150тр. в Москве. А за 40 пускай курят бамбук)\n\n<https:\/\/topjava16.slack.com\/archives\/CE1V606A3\/p1554799003015400?thread_ts=1554452868.010200&amp;cid=CE1V606A3>",
        "user": "UFF1JGE9H",
        "ts": "1554900821.017900",
        "edited": {
            "user": "UFF1JGE9H",
            "ts": "1554900964.000000"
        },
        "attachments": [
            {
                "from_url": "https:\/\/topjava16.slack.com\/archives\/CE1V606A3\/p1554799003015400?thread_ts=1554452868.010200&amp;cid=CE1V606A3",
                "fallback": "[April 9th, 2019 1:36 AM] gsvk2834tp: Вот пример другого задания для сравнения со сроком 3 дня на зп ~40к Junior",
                "ts": "1554799003.015400",
                "author_id": "UF9DY819B",
                "author_subname": "Dmitry Golyshkin",
                "channel_id": "CE1V606A3",
                "channel_name": "flooding",
                "is_msg_unfurl": true,
                "is_reply_unfurl": true,
                "text": "Вот пример другого задания для сравнения со сроком 3 дня на зп ~40к Junior",
                "author_name": "Dmitry Golyshkin",
                "author_link": "https:\/\/topjava16.slack.com\/team\/UF9DY819B",
                "author_icon": "https:\/\/avatars.slack-edge.com\/2019-02-07\/544614293507_0a3b325cacbbfaf5fa00_48.jpg",
                "mrkdwn_in": [
                    "text"
                ],
                "files": [
                    {
                        "id": "FHTFECUJ3",
                        "created": 1554799002,
                        "timestamp": 1554799002,
                        "name": "Тестовое.docx",
                        "title": "Тестовое.docx",
                        "mimetype": "application\/vnd.openxmlformats-officedocument.wordprocessingml.document",
                        "filetype": "docx",
                        "pretty_type": "Word Document",
                        "user": "UF9DY819B",
                        "editable": false,
                        "size": 13180,
                        "mode": "hosted",
                        "is_external": false,
                        "external_type": "",
                        "is_public": true,
                        "public_url_shared": false,
                        "display_as_bot": false,
                        "username": "",
                        "url_private": "https:\/\/files.slack.com\/files-pri\/TE09AK9BK-FHTFECUJ3\/________________.docx",
                        "url_private_download": "https:\/\/files.slack.com\/files-pri\/TE09AK9BK-FHTFECUJ3\/download\/________________.docx",
                        "converted_pdf": "https:\/\/files.slack.com\/files-tmb\/TE09AK9BK-FHTFECUJ3-3522dbba6e\/_________________converted.pdf",
                        "thumb_pdf": "https:\/\/files.slack.com\/files-tmb\/TE09AK9BK-FHTFECUJ3-3522dbba6e\/_________________thumb_pdf.png",
                        "thumb_pdf_w": 909,
                        "thumb_pdf_h": 1286,
                        "permalink": "https:\/\/topjava16.slack.com\/files\/UF9DY819B\/FHTFECUJ3\/________________.docx",
                        "permalink_public": "https:\/\/slack-files.com\/TE09AK9BK-FHTFECUJ3-381056bfaf",
                        "has_rich_preview": false
                    }
                ],
                "id": 1,
                "original_url": "https:\/\/topjava16.slack.com\/archives\/CE1V606A3\/p1554799003015400?thread_ts=1554452868.010200&amp;cid=CE1V606A3",
                "footer": "From a thread in #flooding"
            }
        ],
        "thread_ts": "1554452868.010200",
        "parent_user_id": "UF9DY819B"
    }
]