[
    {
        "client_msg_id": "95234e29-dc50-4e01-96c4-f0e22479941b",
        "type": "message",
        "text": "А, кажись понял - архитектура такая что с асинхронного сервиса запросы прилетают в веб сервис на spring mvc, а он, передает данные на какой-то клиент, так получается?\nЕсли так, то опять таки ни какой разницы нет, синхронно обрабатываются данные или асинхронно, твоя задача получить данные с асинхронного сервиса, обработать их и передать на клиент и все это используя http, клиентом может быть какой-нибудь react или angular.\n\nЕсли честно, не понял в чем сложность.",
        "user": "UFH1T9S1Y",
        "ts": "1550650737.048800",
        "thread_ts": "1550635918.039300",
        "parent_user_id": "UFWM2ABC5"
    },
    {
        "client_msg_id": "5688161e-6be8-4d4d-8dbc-af0f8bc2815e",
        "type": "message",
        "text": "привет! так гуглить пробовала: <https:\/\/www.google.com\/search?q=spring+acync+rest+template>\n?",
        "user": "UE1ULNT9V",
        "ts": "1550652417.049000",
        "edited": {
            "user": "UE1ULNT9V",
            "ts": "1550652450.000000"
        },
        "thread_ts": "1550635918.039300",
        "parent_user_id": "UFWM2ABC5"
    },
    {
        "client_msg_id": "bc18a858-a168-4fde-8e6b-90fe0c07dfef",
        "type": "message",
        "text": "<@UFH1T9S1Y>, я - клиент. Мне нужно сделать post запрос к rest сервису. И все бы ничего, но сервис, к которому, мне нужно сделать запрос, асинхронный. Я пытаюсь осознать, чем это для меня, его клиента, чревато.",
        "user": "UFWM2ABC5",
        "ts": "1550653426.049300",
        "thread_ts": "1550635918.039300",
        "parent_user_id": "UFWM2ABC5"
    },
    {
        "client_msg_id": "25ed1d8c-315e-4a60-b8de-b120614a9d50",
        "type": "message",
        "text": "<@UE1ULNT9V>, нет ( Спасибо, очень похоже на то, что мне нужно!",
        "user": "UFWM2ABC5",
        "ts": "1550653606.049500",
        "thread_ts": "1550635918.039300",
        "parent_user_id": "UFWM2ABC5",
        "reactions": [
            {
                "name": "ok_hand",
                "users": [
                    "UE1ULNT9V"
                ],
                "count": 1
            }
        ]
    },
    {
        "client_msg_id": "34fbb543-9ac5-4b5c-94af-dcb2025714a2",
        "type": "message",
        "text": "Тогда стоит погуглить в сторону \"блокирующие реквесты в спринг - джава\"",
        "user": "UFH1T9S1Y",
        "ts": "1550654092.049700",
        "thread_ts": "1550635918.039300",
        "parent_user_id": "UFWM2ABC5"
    },
    {
        "client_msg_id": "398388d5-31c5-4b8f-b7f8-3d03af4184f1",
        "type": "message",
        "text": "Печально:)",
        "user": "UFE7TR83Z",
        "ts": "1550665886.051500",
        "thread_ts": "1550546626.026000",
        "parent_user_id": "UFE7TR83Z"
    },
    {
        "client_msg_id": "8a6c15f0-4ad2-49b0-bacd-8a9d5047d95b",
        "type": "message",
        "text": "В тестах генерируем документацию - spring-restdocs-mockmvc + asciidoctor. Swagger",
        "user": "UF3BP78SF",
        "ts": "1550672245.000100",
        "thread_ts": "1550546626.026000",
        "parent_user_id": "UFE7TR83Z"
    }
]