[
    {
        "client_msg_id": "66667e76-beaf-40f1-8c88-7efd96d53500",
        "type": "message",
        "text": "На стороне сервера нужно установить время ожидания ответа, если на основе spring mvc , то есть во вью резолвере метод под это дело",
        "user": "UFH1T9S1Y",
        "ts": "1552195642.036700",
        "thread_ts": "1552114340.036400",
        "parent_user_id": "UFA0AFYAZ"
    },
    {
        "client_msg_id": "e00a0ec0-e4e6-477b-9f8b-1ab5430d98a7",
        "type": "message",
        "text": "Я тут решил научиться хоть минимально собирать проекты без идеи, с блокнотом и командной строкой (запоздало конечно, надо было с этого начинать, но все таки). Подскажите где что глянуть и почитать можно по этому поводу, а то никак не разберусь как без идеи с ее кнопочками и менюшками подключать бд и деплоить приложение в томкат",
        "user": "UFKNK1SBG",
        "ts": "1552203202.040200",
        "thread_ts": "1552203202.040200",
        "reply_count": 6,
        "reply_users_count": 4,
        "latest_reply": "1552208326.041400",
        "reply_users": [
            "UFKG13683",
            "UFKNK1SBG",
            "UF2FGUDPH",
            "UFH1T9S1Y"
        ],
        "replies": [
            {
                "user": "UFKG13683",
                "ts": "1552203743.040300"
            },
            {
                "user": "UFKG13683",
                "ts": "1552203758.040500"
            },
            {
                "user": "UFKNK1SBG",
                "ts": "1552204483.040800"
            },
            {
                "user": "UF2FGUDPH",
                "ts": "1552207844.041000"
            },
            {
                "user": "UFH1T9S1Y",
                "ts": "1552208286.041200"
            },
            {
                "user": "UFH1T9S1Y",
                "ts": "1552208326.041400"
            }
        ]
    },
    {
        "client_msg_id": "2ddb55b6-2772-4589-b4f0-42c8c076d6c3",
        "type": "message",
        "text": "На Хабре статейка была",
        "user": "UFKG13683",
        "ts": "1552203743.040300",
        "thread_ts": "1552203202.040200",
        "parent_user_id": "UFKNK1SBG"
    },
    {
        "client_msg_id": "2484a304-aeec-4886-b98c-1cdf9f71688a",
        "type": "message",
        "text": "<https:\/\/m.habr.com\/ru\/post\/125210\/>\n",
        "user": "UFKG13683",
        "ts": "1552203758.040500",
        "attachments": [
            {
                "title": "Работа с Java в командной строке",
                "title_link": "https:\/\/m.habr.com\/ru\/post\/125210\/",
                "text": "Сейчас уже никто не создает программы в консоли. Используя любимую IDE, разработчик чувствует себя неуютно за чужим компьютером, где её нет. Решив разобраться в...",
                "fallback": "Работа с Java в командной строке",
                "image_url": "https:\/\/m.habr.com\/static\/images\/habr.png?v=1",
                "from_url": "https:\/\/m.habr.com\/ru\/post\/125210\/",
                "image_width": 476,
                "image_height": 250,
                "image_bytes": 51330,
                "service_icon": "https:\/\/m.habr.com\/static\/images\/favicons\/apple-touch-icon.png",
                "service_name": "habr",
                "id": 1,
                "original_url": "https:\/\/m.habr.com\/ru\/post\/125210\/"
            }
        ],
        "thread_ts": "1552203202.040200",
        "parent_user_id": "UFKNK1SBG"
    },
    {
        "client_msg_id": "64b31eb9-0a8d-4e17-bce3-a23027f042b3",
        "type": "message",
        "text": "<@UFKG13683> я видел эту статью, но там только в самом конце пара слов про JavaEE приложения. Мне этого не хватило чтоб разобраться как быть с базой и томкатом",
        "user": "UFKNK1SBG",
        "ts": "1552204483.040800",
        "thread_ts": "1552203202.040200",
        "parent_user_id": "UFKNK1SBG"
    }
]