[
    {
        "client_msg_id": "54f28659-4af7-4b78-a125-278bf0bd7df5",
        "type": "message",
        "text": "Спасибо! Это огонь!",
        "user": "UFALPSH7D",
        "ts": "1549530777.136800",
        "thread_ts": "1549386421.125800",
        "parent_user_id": "UFU5XFS5D"
    },
    {
        "client_msg_id": "e38dc509-8452-4124-bed4-02b1633418a3",
        "type": "message",
        "text": "А будут ли на курсе онлайн занятия, или только записи?",
        "user": "UFU5XFS5D",
        "ts": "1549536787.137400"
    },
    {
        "client_msg_id": "568ab590-4a37-4f57-a04d-a1729e4ce9a5",
        "type": "message",
        "text": "<@UFU5XFS5D> Записи.",
        "user": "UEWSLHBTJ",
        "ts": "1549537398.138100"
    }
]