[
    {
        "client_msg_id": "3af9e9b2-7870-4f87-b61f-60dc6bbba47c",
        "type": "message",
        "text": "Решил уже задач 10, про лицензию ничего не пишут...",
        "user": "UFX085HUL",
        "ts": "1549273263.117600",
        "thread_ts": "1548591053.037900",
        "parent_user_id": "UFFJ077SL"
    },
    {
        "client_msg_id": "37b1fbf9-8d82-4517-81cc-61df826cfa4b",
        "type": "message",
        "text": "Мне после 4 или 6 дали ключ",
        "user": "UFFJ077SL",
        "ts": "1549273324.117800",
        "thread_ts": "1548591053.037900",
        "parent_user_id": "UFFJ077SL"
    },
    {
        "client_msg_id": "f8e1661b-0346-42d7-922f-f8072e0b91ef",
        "type": "message",
        "text": "и написали \"Пожалуйста, обратите внимание, что вы можете использовать эту лицензию только в образовательных целях, и она действует до 27 апреля 2019 г.. Если вам не хватит этого времени, просто продолжайте учиться на Stepik, и вы получите новую лицензию.\"",
        "user": "UFFJ077SL",
        "ts": "1549273364.118000",
        "thread_ts": "1548591053.037900",
        "parent_user_id": "UFFJ077SL"
    },
    {
        "client_msg_id": "b126d329-7b4c-4692-8f39-351700d4c49b",
        "type": "message",
        "text": "Видимо прикрыли лавочку.",
        "user": "UFX085HUL",
        "ts": "1549273531.118200",
        "thread_ts": "1548591053.037900",
        "parent_user_id": "UFFJ077SL"
    },
    {
        "client_msg_id": "0d677034-9753-4670-9a52-c6d2b2c14243",
        "type": "message",
        "text": "А как ее дали, на почту прислали или еще как?",
        "user": "UFX085HUL",
        "ts": "1549273564.118400",
        "thread_ts": "1548591053.037900",
        "parent_user_id": "UFFJ077SL"
    },
    {
        "client_msg_id": "213750da-42a7-418a-98dc-c0a6782b2ee3",
        "type": "message",
        "text": "в профиле пришло уведомление Поздравляем! Вы получили лицензию JetBrains IDE (2019-04-27).",
        "user": "UFFJ077SL",
        "ts": "1549273596.118600",
        "thread_ts": "1548591053.037900",
        "parent_user_id": "UFFJ077SL"
    },
    {
        "client_msg_id": "e2b62ca8-a500-44b4-86b4-2dcd2f5e3032",
        "type": "message",
        "text": "на степике",
        "user": "UFFJ077SL",
        "ts": "1549273600.118800",
        "thread_ts": "1548591053.037900",
        "parent_user_id": "UFFJ077SL"
    },
    {
        "client_msg_id": "8e9b2dca-1f0a-4c50-8695-470a845fbc31",
        "type": "message",
        "text": "никаких всплывашек не было",
        "user": "UFFJ077SL",
        "ts": "1549273605.119000",
        "thread_ts": "1548591053.037900",
        "parent_user_id": "UFFJ077SL"
    },
    {
        "client_msg_id": "dabd0d5f-de0a-4fdf-9c04-2f5af1ca1ddf",
        "type": "message",
        "text": "<@UFX085HUL> На каком курсе решаешь задачи?",
        "user": "UEWSLHBTJ",
        "ts": "1549273617.119200",
        "thread_ts": "1548591053.037900",
        "parent_user_id": "UFFJ077SL"
    },
    {
        "client_msg_id": "cc2988c2-783d-40ad-b6c8-f180a57701a2",
        "type": "message",
        "text": "Java. Functional programming, кактут выше и писали",
        "user": "UFX085HUL",
        "ts": "1549273642.119400",
        "thread_ts": "1548591053.037900",
        "parent_user_id": "UFFJ077SL"
    },
    {
        "client_msg_id": "b91203d8-61e2-4750-b772-05270426598d",
        "type": "message",
        "text": "В уведомлениях пусто",
        "user": "UFX085HUL",
        "ts": "1549273666.119600",
        "thread_ts": "1548591053.037900",
        "parent_user_id": "UFFJ077SL"
    },
    {
        "client_msg_id": "48cdb2d7-49e2-481d-a701-d558d30312b8",
        "type": "message",
        "text": "О, пришло!",
        "user": "UFX085HUL",
        "ts": "1549274171.119800",
        "thread_ts": "1548591053.037900",
        "parent_user_id": "UFFJ077SL"
    },
    {
        "client_msg_id": "92e97a3d-317c-47c4-8351-c3d6632662eb",
        "type": "message",
        "text": "Жди, должны прислать. Решать необходимо сложные задачи. Пишут так: Вы решили сложную задачу и бла-бла-бла и вот Вам ключ. :slightly_smiling_face:",
        "user": "UEWSLHBTJ",
        "ts": "1549274233.120000",
        "thread_ts": "1548591053.037900",
        "parent_user_id": "UFFJ077SL"
    },
    {
        "client_msg_id": "de41b92d-e25e-4191-9624-9eae94fc9893",
        "type": "message",
        "text": "Да, пришло с таким текстом",
        "user": "UFX085HUL",
        "ts": "1549274683.120200",
        "thread_ts": "1548591053.037900",
        "parent_user_id": "UFFJ077SL"
    },
    {
        "client_msg_id": "4a87c613-80ac-4ea7-a526-8c002970bb1f",
        "type": "message",
        "text": "Ну вот, а ты переживал.",
        "user": "UEWSLHBTJ",
        "ts": "1549275784.120400",
        "thread_ts": "1548591053.037900",
        "parent_user_id": "UFFJ077SL"
    }
]