[
    {
        "client_msg_id": "f6fb0248-3896-4820-b68b-d1591e6eabfb",
        "type": "message",
        "text": "Всем привет, есть кто из Москвы ?",
        "user": "UFKMGA8S3",
        "ts": "1549362419.121600",
        "edited": {
            "user": "UFKMGA8S3",
            "ts": "1549366914.000000"
        }
    },
    {
        "client_msg_id": "d58fbc57-6cf7-45c0-a6da-e447e3fab9ff",
        "type": "message",
        "text": "Привет.",
        "user": "UFT7XUWJX",
        "ts": "1549370947.122100"
    },
    {
        "client_msg_id": "7f25a556-93fa-49dc-9977-b45a24986695",
        "type": "message",
        "text": "Есть.",
        "user": "UFT7XUWJX",
        "ts": "1549370956.122300"
    },
    {
        "client_msg_id": "f056a62b-e5c8-4ff5-a1c4-5469287f9b61",
        "type": "message",
        "text": "Есть, привет!",
        "user": "UFW2XS0HX",
        "ts": "1549371763.122500"
    },
    {
        "client_msg_id": "96bd6dee-a967-4a78-b570-859fb60c2eef",
        "type": "message",
        "text": "привет, да",
        "user": "UFVQWFQHM",
        "ts": "1549373257.123000",
        "edited": {
            "user": "UFVQWFQHM",
            "ts": "1549373275.000000"
        }
    },
    {
        "client_msg_id": "4303f2c5-16ab-44bc-a2a9-e8efc690fba9",
        "type": "message",
        "text": "Коллеги,  у кого какие ощущения, сколько в неделю нужно временного ресурса, чтобы осилить курс, при средних способностях к обучению? По моему опыту 14 часов в неделю маловозможно. Не успеваю осваивать материал.",
        "user": "UFNTGKS5D",
        "ts": "1549375706.123300",
        "thread_ts": "1548975441.104300",
        "parent_user_id": "UF1PDKV37"
    },
    {
        "client_msg_id": "91673803-7b92-44ff-b526-165db73ddbbb",
        "type": "message",
        "text": "Мну рядом с Мск, если есть желание пересечься, я за!",
        "user": "UFU5XFS5D",
        "ts": "1549375859.123800"
    },
    {
        "client_msg_id": "eb1f893b-345a-48c4-9099-4b0c9fc08a9e",
        "type": "message",
        "text": "мне надо часов 20 для того чтобы сделать дз, потом его доработать.",
        "user": "UEUFBC345",
        "ts": "1549377542.123900",
        "thread_ts": "1548975441.104300",
        "parent_user_id": "UF1PDKV37"
    },
    {
        "client_msg_id": "66cf37b5-722b-46e6-a282-7ee2729bd3c7",
        "type": "message",
        "text": "Да, 14 часов мало, у меня львиная доля уходит на теорию (чтение доп. материалов), так как те темы, которые тут есть для меня новые, и приходится в них вникать, прежде чем приступать к домашней работе. Например занятие #4, теория 17 часов, домашняя работа 6 часов. А вот например занятие #2, теория  7 часов, а вот домашняя работа 25 часов. Ну вот как-то так. Причем приходится заниматься в основном по ночам (когда домашние спят и никто не мешает :) ), после работы. Поэтому у меня на один раздел уходит примерно 1,5 недели.",
        "user": "UF1PDKV37",
        "ts": "1549380917.124100",
        "thread_ts": "1548975441.104300",
        "parent_user_id": "UF1PDKV37"
    },
    {
        "client_msg_id": "fb777887-0307-465b-8925-18c10ffb5a09",
        "type": "message",
        "text": "Есть)",
        "user": "UFVJ4064D",
        "ts": "1549383363.124500"
    },
    {
        "client_msg_id": "533BAF28-3E92-4BEB-827B-A5457E372B2B",
        "type": "message",
        "text": "<@UFT7XUWJX>, <@UFW2XS0HX>, знакомые лица :)",
        "user": "UFJMTDWBY",
        "ts": "1549385656.125300"
    },
    {
        "client_msg_id": "71E11806-783A-43DC-A60D-438D6A7F1720",
        "type": "message",
        "text": "Ну или ники.. :)",
        "user": "UFJMTDWBY",
        "ts": "1549385680.125600"
    },
    {
        "type": "message",
        "text": "Коллеги, спешу поделиться приобретением. Если понравится, то после ознакомления - приобрести. Поддержим наших переводчиков.",
        "files": [
            {
                "id": "FFYJ21L2Y",
                "created": 1549386417,
                "timestamp": 1549386417,
                "name": "Spring._Все_паттерны_проектирования.pdf",
                "title": "Spring._Все_паттерны_проектирования.pdf",
                "mimetype": "application\/pdf",
                "filetype": "pdf",
                "pretty_type": "PDF",
                "user": "UFU5XFS5D",
                "editable": false,
                "size": 7659217,
                "mode": "hosted",
                "is_external": false,
                "external_type": "",
                "is_public": true,
                "public_url_shared": false,
                "display_as_bot": false,
                "username": "",
                "url_private": "https:\/\/files.slack.com\/files-pri\/TE09AK9BK-FFYJ21L2Y\/spring._____________________________________________________.pdf?t=xoxe-476316655393-618179035285-606757826531-bd1c7b831233e0d053294a8f47715ef5",
                "url_private_download": "https:\/\/files.slack.com\/files-pri\/TE09AK9BK-FFYJ21L2Y\/download\/spring._____________________________________________________.pdf?t=xoxe-476316655393-618179035285-606757826531-bd1c7b831233e0d053294a8f47715ef5",
                "thumb_pdf": "https:\/\/files.slack.com\/files-tmb\/TE09AK9BK-FFYJ21L2Y-395f1dbc0e\/spring.______________________________________________________thumb_pdf.png?t=xoxe-476316655393-618179035285-606757826531-bd1c7b831233e0d053294a8f47715ef5",
                "thumb_pdf_w": 711,
                "thumb_pdf_h": 1012,
                "permalink": "https:\/\/topjava16.slack.com\/files\/UFU5XFS5D\/FFYJ21L2Y\/spring._____________________________________________________.pdf",
                "permalink_public": "https:\/\/slack-files.com\/TE09AK9BK-FFYJ21L2Y-68671cfa40",
                "has_rich_preview": false
            }
        ],
        "upload": true,
        "user": "UFU5XFS5D",
        "display_as_bot": false,
        "ts": "1549386421.125800",
        "thread_ts": "1549386421.125800",
        "reply_count": 9,
        "reply_users_count": 9,
        "latest_reply": "1551470136.000400",
        "reply_users": [
            "UF1DTET53",
            "UF1PDKV37",
            "UEUFBC345",
            "UFJM88NSF",
            "UF1DAUJE6",
            "UFTEY6H27",
            "UFU5XFS5D",
            "UFALPSH7D",
            "UEWUS547K"
        ],
        "replies": [
            {
                "user": "UF1DTET53",
                "ts": "1549389865.126100"
            },
            {
                "user": "UF1PDKV37",
                "ts": "1549398193.126800"
            },
            {
                "user": "UEUFBC345",
                "ts": "1549410146.127300"
            },
            {
                "user": "UFJM88NSF",
                "ts": "1549418641.130400"
            },
            {
                "user": "UF1DAUJE6",
                "ts": "1549425235.130700"
            },
            {
                "user": "UFTEY6H27",
                "ts": "1549436590.131100"
            },
            {
                "user": "UFU5XFS5D",
                "ts": "1549436638.131300"
            },
            {
                "user": "UFALPSH7D",
                "ts": "1549530777.136800"
            },
            {
                "user": "UEWUS547K",
                "ts": "1551470136.000400"
            }
        ],
        "reactions": [
            {
                "name": "+1",
                "users": [
                    "UFVJ4064D",
                    "UFPL22Z5E",
                    "UF1PDKV37",
                    "UFAP0PTV4",
                    "UEWSLHBTJ",
                    "UFP8P9N6M",
                    "UFTJAG1J4",
                    "UFS7914A0",
                    "UFV6YGMUL",
                    "UFA1BA7AM",
                    "UFRNGAYP2",
                    "UF1EPHMU7",
                    "UERDM12SG"
                ],
                "count": 13
            },
            {
                "name": "heart",
                "users": [
                    "UFALPSH7D",
                    "UF1DTEC9Z",
                    "UERDM12SG"
                ],
                "count": 3
            },
            {
                "name": "eyes",
                "users": [
                    "UEWUS547K"
                ],
                "count": 1
            }
        ]
    },
    {
        "client_msg_id": "12793d92-9dbb-4c62-82d2-26d29bf8f88f",
        "type": "message",
        "text": "звучит интересно, закажу бумажную версию. Спасибо)",
        "user": "UF1DTET53",
        "ts": "1549389865.126100",
        "thread_ts": "1549386421.125800",
        "parent_user_id": "UFU5XFS5D"
    },
    {
        "client_msg_id": "520a5db9-d933-4567-8ff0-89b35de4c9ea",
        "type": "message",
        "text": "Я заказал уже, на днях должно прийти.",
        "user": "UF1PDKV37",
        "ts": "1549398193.126800",
        "thread_ts": "1549386421.125800",
        "parent_user_id": "UFU5XFS5D"
    },
    {
        "client_msg_id": "08356664-9a6c-416d-bca2-5f97e3fe9414",
        "type": "message",
        "text": "индус .... да еще издан и переведен питером... стремное сочетание. мне кажется не стоит торопиться ) )",
        "user": "UEUFBC345",
        "ts": "1549410146.127300",
        "thread_ts": "1549386421.125800",
        "parent_user_id": "UFU5XFS5D",
        "reactions": [
            {
                "name": "heavy_plus_sign",
                "users": [
                    "UEWUS547K"
                ],
                "count": 1
            }
        ]
    },
    {
        "client_msg_id": "0eba5212-b09e-4a4d-b794-7dff19edb31a",
        "type": "message",
        "text": "<@UFJMTDWBY> :wink:",
        "user": "UFW2XS0HX",
        "ts": "1549413554.127800"
    },
    {
        "client_msg_id": "1e6e53ba-e908-4b98-97c3-b1b5325e375b",
        "type": "message",
        "text": ":sob:",
        "user": "UFB18J10A",
        "ts": "1549413732.128100"
    },
    {
        "client_msg_id": "99eebaf3-b9dc-4dee-8a74-c530e210f4fe",
        "type": "message",
        "text": "Чего грустишь?",
        "user": "UFW2XS0HX",
        "ts": "1549413841.128400"
    },
    {
        "client_msg_id": "5216def4-6c4d-4b85-aa84-41a48acf071d",
        "type": "message",
        "text": "Та все норм. То я просто.:grinning:",
        "user": "UFB18J10A",
        "ts": "1549414180.128900"
    },
    {
        "client_msg_id": "fc105746-2223-48f1-b1ce-6b918fb57284",
        "type": "message",
        "text": "Если вы там приуныли - не унывайте",
        "user": "UFW2XS0HX",
        "ts": "1549414463.129300"
    },
    {
        "client_msg_id": "f204a546-a565-47b9-a588-e6cc5947b6b9",
        "type": "message",
        "text": "спать надо в три часа ночи, а не унывать :wink:",
        "user": "UF7MD83EU",
        "ts": "1549414494.129900",
        "reactions": [
            {
                "name": "+1",
                "users": [
                    "UEWSLHBTJ",
                    "UF1EPHMU7"
                ],
                "count": 2
            }
        ]
    },
    {
        "client_msg_id": "e557aa9d-3345-46d7-9a01-60b0ddbc8bca",
        "type": "message",
        "text": "<https:\/\/ih0.redbubble.net\/image.438495542.4935\/flat,550x550,075,f.u1.jpg>",
        "user": "UF7MD83EU",
        "ts": "1549414807.130200",
        "attachments": [
            {
                "fallback": "550x550px image",
                "image_url": "https:\/\/ih0.redbubble.net\/image.438495542.4935\/flat,550x550,075,f.u1.jpg",
                "image_width": 550,
                "image_height": 550,
                "image_bytes": 40835,
                "from_url": "https:\/\/ih0.redbubble.net\/image.438495542.4935\/flat,550x550,075,f.u1.jpg",
                "id": 1,
                "original_url": "https:\/\/ih0.redbubble.net\/image.438495542.4935\/flat,550x550,075,f.u1.jpg"
            }
        ],
        "reactions": [
            {
                "name": "+1",
                "users": [
                    "UFVJ4064D"
                ],
                "count": 1
            },
            {
                "name": "sweat_smile",
                "users": [
                    "UF1EPHMU7"
                ],
                "count": 1
            }
        ]
    },
    {
        "client_msg_id": "23d85fa4-c784-413b-8a47-f2196f2a952e",
        "type": "message",
        "text": "А эта полная версия книги?",
        "user": "UFJM88NSF",
        "ts": "1549418641.130400",
        "thread_ts": "1549386421.125800",
        "parent_user_id": "UFU5XFS5D",
        "reactions": [
            {
                "name": "+1",
                "users": [
                    "UFU5XFS5D"
                ],
                "count": 1
            }
        ]
    },
    {
        "client_msg_id": "c4b98b25-50f5-4569-8fb1-028c62f7eb29",
        "type": "message",
        "text": "О! Спасибо, за приятную информацию! Хотел купить ее бумажную версию на работу, когда у них была недавняя акция - распродажа книг, но тогда ее еще нельзя было купить.",
        "user": "UF1DAUJE6",
        "ts": "1549425235.130700",
        "thread_ts": "1549386421.125800",
        "parent_user_id": "UFU5XFS5D"
    },
    {
        "client_msg_id": "9e60e2a7-9981-47ea-8ba9-113262bcc0e8",
        "type": "message",
        "text": "Спасибо! Скачал, на планшете читаю. Не люблю бумагу",
        "user": "UFTEY6H27",
        "ts": "1549436590.131100",
        "thread_ts": "1549386421.125800",
        "parent_user_id": "UFU5XFS5D"
    },
    {
        "client_msg_id": "314bc5b0-5853-4fce-b0e5-0158045128c2",
        "type": "message",
        "text": "Если окажется полезной, то обязателно купи. 400 рублей не большая цена для хорошей книги.",
        "user": "UFU5XFS5D",
        "ts": "1549436638.131300",
        "thread_ts": "1549386421.125800",
        "parent_user_id": "UFU5XFS5D"
    },
    {
        "client_msg_id": "a221261a-757d-411c-8f82-28d93cf31285",
        "type": "message",
        "text": "Я правильно понимаю, что нам завтра придет ссылка на новое видео? Или вебинар будет онлайновый?",
        "user": "UFU5XFS5D",
        "ts": "1549436941.132500"
    },
    {
        "client_msg_id": "754952bd-fdba-41c1-ba02-c8f62b7f956e",
        "type": "message",
        "text": "Будет ссылка на запись.",
        "user": "UEWSLHBTJ",
        "ts": "1549437494.133100",
        "reactions": [
            {
                "name": "spock-hand",
                "users": [
                    "UFU5XFS5D"
                ],
                "count": 1
            }
        ]
    },
    {
        "client_msg_id": "7498a2f4-4755-4246-a914-931af8d2634c",
        "type": "message",
        "text": "а вопросы по видео потом задавать в general?",
        "user": "UFFJ077SL",
        "ts": "1549437875.133500",
        "thread_ts": "1549437875.133500",
        "reply_count": 1,
        "reply_users_count": 1,
        "latest_reply": "1549438587.133900",
        "reply_users": [
            "UF1DAUJE6"
        ],
        "replies": [
            {
                "user": "UF1DAUJE6",
                "ts": "1549438587.133900"
            }
        ]
    },
    {
        "client_msg_id": "772177d7-22b4-4641-a453-4e3e1d46e59d",
        "type": "message",
        "text": "В канале hw(номер урока) например hw1",
        "user": "UF1DAUJE6",
        "ts": "1549438587.133900",
        "thread_ts": "1549437875.133500",
        "parent_user_id": "UFFJ077SL",
        "reactions": [
            {
                "name": "heavy_check_mark",
                "users": [
                    "UE1ULNT9V"
                ],
                "count": 1
            }
        ]
    }
]