[
    {
        "client_msg_id": "a8966c4b-5634-4e11-af64-1c934e36c821",
        "type": "message",
        "text": "я тоже трекер использую, но скорее для того чтобы дисциплинировать себя...",
        "user": "UEUFBC345",
        "ts": "1549209487.115400",
        "thread_ts": "1548975441.104300",
        "parent_user_id": "UF1PDKV37"
    },
    {
        "client_msg_id": "90751581-61c4-4a43-860d-8cbd32aae75b",
        "type": "message",
        "text": "RescueTime кому интересно",
        "user": "UEUFBC345",
        "ts": "1549209510.115600",
        "thread_ts": "1548975441.104300",
        "parent_user_id": "UF1PDKV37"
    },
    {
        "client_msg_id": "d596ddad-ba93-4b70-8626-ac7a838d8396",
        "type": "message",
        "text": "&gt; я тоже трекер использую, но скорее для того чтобы дисциплинировать себя...\n\nНу в общем-то для этих целей и я подсчетом времени занимаюсь.",
        "user": "UF1PDKV37",
        "ts": "1549215725.115800",
        "thread_ts": "1548975441.104300",
        "parent_user_id": "UF1PDKV37"
    },
    {
        "client_msg_id": "E973DDA6-6A9A-45E0-893D-12A68B847271",
        "type": "message",
        "text": "Ещё раз спасибо за наводку. Получила лицензию на три месяца",
        "user": "UFRA5FKN3",
        "ts": "1549229354.116800",
        "thread_ts": "1548591053.037900",
        "parent_user_id": "UFFJ077SL"
    }
]