[
    {
        "client_msg_id": "2cf63f65-9f88-48cd-acb2-b66284665930",
        "type": "message",
        "text": "Подскажите пожалуйста, а то туплю, не могу сообразить, как в запросе к БД сделать так, чтобы столбец, по которому идет сортировка и направление сортировки выбирались на основе переданных параметров?",
        "user": "UFKNK1SBG",
        "ts": "1551720220.014600",
        "thread_ts": "1551720220.014600",
        "reply_count": 7,
        "reply_users_count": 4,
        "latest_reply": "1551808025.017400",
        "reply_users": [
            "UFP7PTM99",
            "UFKNK1SBG",
            "UF2MZBKAR",
            "UE1ULNT9V"
        ],
        "replies": [
            {
                "user": "UFP7PTM99",
                "ts": "1551721869.014700"
            },
            {
                "user": "UFKNK1SBG",
                "ts": "1551725129.016100"
            },
            {
                "user": "UFKNK1SBG",
                "ts": "1551776216.016300"
            },
            {
                "user": "UF2MZBKAR",
                "ts": "1551777689.016500"
            },
            {
                "user": "UE1ULNT9V",
                "ts": "1551807327.016800"
            },
            {
                "user": "UE1ULNT9V",
                "ts": "1551807998.017000"
            },
            {
                "user": "UE1ULNT9V",
                "ts": "1551808025.017400"
            }
        ]
    },
    {
        "client_msg_id": "380c1f06-bd2d-495f-b87a-c394fdb3336a",
        "type": "message",
        "text": "В sql запрос пихаешь параметр e.g.\n\n                .setParameter(\"Date\",date)\n\nкоторый в методе и ORDER BY по этому параметру.",
        "user": "UFP7PTM99",
        "ts": "1551721869.014700",
        "thread_ts": "1551720220.014600",
        "parent_user_id": "UFKNK1SBG"
    },
    {
        "client_msg_id": "8e74401a-ae00-40e1-9672-b8e36be5ad7d",
        "type": "message",
        "text": "так в том то и дело, что не получается так. Если прямо указать, по какому столбцу *ORDER  BY  title*  то все работает. Но, если сделать *ORDER  BY :param*  и  *.setParameter(\"param\", title)*   то это уже не работает. Да и к тому же еще и ASC\/DESC тоже нужно как-то менять в зависимости от, например, boolean параметра.",
        "user": "UFKNK1SBG",
        "ts": "1551725129.016100",
        "thread_ts": "1551720220.014600",
        "parent_user_id": "UFKNK1SBG"
    }
]