[
    {
        "client_msg_id": "643c8675-c7a9-42ff-8b2c-26c40e190c7b",
        "type": "message",
        "text": "Если хочешь бута и современных шаблонов поищи в ютубе \"sweater\". Мне понравилось",
        "user": "UFA1BA7AM",
        "ts": "1549968031.008700",
        "thread_ts": "1549900409.004800",
        "parent_user_id": "UFU5XFS5D",
        "reactions": [
            {
                "name": "+1",
                "users": [
                    "UEWUS547K",
                    "UF1DTEC9Z"
                ],
                "count": 2
            }
        ]
    },
    {
        "client_msg_id": "8256f314-b2b7-42a4-b17e-b09891067a60",
        "type": "message",
        "text": "Мы вобще фронтом не занимаемся. Запросы дергаем Postman - ом. Фронт фронтендщик на ангуларе пишет. Как по мне если учить фронт то ангулар это гуд. Jsp тоже полезно знать. Но мне не пригодилось.",
        "user": "UF3BP78SF",
        "ts": "1549970193.008900",
        "thread_ts": "1549900409.004800",
        "parent_user_id": "UFU5XFS5D"
    },
    {
        "client_msg_id": "7b8755b3-26dd-46ba-a511-632b501e45b2",
        "type": "message",
        "text": "Я реакт и вью знаю на уровне модификации и фикса багов. Потому и спросил. ",
        "user": "UFU5XFS5D",
        "ts": "1549970276.009100",
        "thread_ts": "1549900409.004800",
        "parent_user_id": "UFU5XFS5D"
    },
    {
        "client_msg_id": "296ea44d-e75f-456e-ae5a-4c454b09bbe0",
        "type": "message",
        "text": "Когда мы на спринг переходить будем?",
        "user": "UFU5XFS5D",
        "ts": "1549970293.009300",
        "thread_ts": "1549900409.004800",
        "parent_user_id": "UFU5XFS5D"
    },
    {
        "client_msg_id": "a2b4ca7d-4bf5-44fa-bc55-fe7a40d268b2",
        "type": "message",
        "text": "<@UFU5XFS5D> расписание есть в <http:\/\/read.me|read.me> нашего проекта. на тему шаблонов- по моему опыту их часто с js фреймворком совмещают...\nпроекты да, все разные. <http:\/\/javaops.ru|javaops.ru> например- на thymleaf, никаких angular\/react не требуется.",
        "user": "UE1ULNT9V",
        "ts": "1549970989.009500",
        "edited": {
            "user": "UE1ULNT9V",
            "ts": "1549971005.000000"
        },
        "thread_ts": "1549900409.004800",
        "parent_user_id": "UFU5XFS5D"
    },
    {
        "client_msg_id": "B89894B6-3DC9-428F-B7F1-5286FBAA980D",
        "type": "message",
        "text": "Я 2-ю неделю тружусь над проектом, которому около 6-7 лет. И также вижу и работаю с jsp ежедневно. Видимо, кому как повезёт:man-shrugging::skin-tone-2:",
        "user": "UF1LBPMT9",
        "ts": "1549973209.012200",
        "thread_ts": "1549900409.004800",
        "parent_user_id": "UFU5XFS5D"
    }
]