[
    {
        "client_msg_id": "09891f28-c52f-4d79-9cb0-d955e244b6b8",
        "type": "message",
        "text": "<@UF0Q50M55> спасибо:)!\nскажи- в vk есть аккаунт? сюда писал:\n<https:\/\/vk.com\/topic-74381644_30447246?offset=120>\n?",
        "user": "UE1ULNT9V",
        "ts": "1555231659.017400",
        "edited": {
            "user": "UE1ULNT9V",
            "ts": "1555231671.000000"
        },
        "thread_ts": "1555161121.016400",
        "parent_user_id": "UF0Q50M55"
    },
    {
        "client_msg_id": "6066e6cd-2dab-48ca-be74-10f0de16437c",
        "type": "message",
        "text": "К сожалению, ВК у меня нет, но если есть возможность оставить отзыв где то ещё, с радостью напишу.",
        "user": "UF0Q50M55",
        "ts": "1555239460.018300",
        "thread_ts": "1555161121.016400",
        "parent_user_id": "UF0Q50M55"
    },
    {
        "client_msg_id": "209b87b3-1bbf-4339-ac2e-da7309f07bb2",
        "type": "message",
        "text": "ок. я тогда от себя опубликую. спасибо:) думаю, что на fb еще сделаю",
        "user": "UE1ULNT9V",
        "ts": "1555240964.018500",
        "thread_ts": "1555161121.016400",
        "parent_user_id": "UF0Q50M55"
    },
    {
        "client_msg_id": "c445714f-4a0e-4358-9ce4-205c90cd02cc",
        "type": "message",
        "text": "<@UF0Q50M55> после испытательного жду историю успеха:)",
        "user": "UE1ULNT9V",
        "ts": "1555241095.018700",
        "thread_ts": "1555161121.016400",
        "parent_user_id": "UF0Q50M55"
    }
]