[
    {
        "client_msg_id": "4f560c1f-60ae-44bc-bdb2-c78cab7b13ae",
        "type": "message",
        "text": "я на 13-м вроде учился",
        "user": "UF2PXFBBR",
        "ts": "1550479087.022700",
        "thread_ts": "1550387434.019100",
        "parent_user_id": "UFT7XUWJX"
    },
    {
        "client_msg_id": "70846a95-affa-4376-80a2-2f19898ff91b",
        "type": "message",
        "text": "&gt;  и приходят из открытого соединения, то есть, постоянно обновляются\nвот это неверно, остальное- да",
        "user": "UE1ULNT9V",
        "ts": "1550516614.023200",
        "thread_ts": "1549723061.142300",
        "parent_user_id": "UFH1T9S1Y"
    },
    {
        "client_msg_id": "b287ed5a-14e6-412f-9b05-49e6418da2ce",
        "type": "message",
        "text": "Всем привет! Поделитесь опытом документирования кода в реальных проектах. Как это делается на практике? Javadoc, обычные комментарии..?",
        "user": "UFE7TR83Z",
        "ts": "1550546626.026000",
        "thread_ts": "1550546626.026000",
        "reply_count": 6,
        "reply_users_count": 5,
        "latest_reply": "1550741827.000300",
        "reply_users": [
            "UF2PXFBBR",
            "UF2JE861M",
            "UE1ULNT9V",
            "UFE7TR83Z",
            "UF3BP78SF"
        ],
        "replies": [
            {
                "user": "UF2PXFBBR",
                "ts": "1550564469.026100"
            },
            {
                "user": "UF2JE861M",
                "ts": "1550566291.026300"
            },
            {
                "user": "UE1ULNT9V",
                "ts": "1550567736.026600"
            },
            {
                "user": "UFE7TR83Z",
                "ts": "1550665886.051500"
            },
            {
                "user": "UF3BP78SF",
                "ts": "1550672245.000100"
            },
            {
                "user": "UE1ULNT9V",
                "ts": "1550741827.000300"
            }
        ]
    }
]