[
    {
        "client_msg_id": "fdee60f0-da9f-4ca2-b29f-96654602ed50",
        "type": "message",
        "text": "Всем привет! кто-то может подсказать, что произойдет, если нажать из своего личного профиля на кнопку \"Оплатить онлайн (весь мир)\". Есть ли какой способ оплаты кредитной картой как на сайте javarush было?",
        "user": "UFRA5FKN3",
        "ts": "1549110129.111000"
    },
    {
        "client_msg_id": "3899d71e-ebc7-41c3-b481-941f553575c7",
        "type": "message",
        "text": "да",
        "user": "UFFJ077SL",
        "ts": "1549110932.111300"
    },
    {
        "client_msg_id": "f029559c-f0a0-4995-a08e-3132524eaac5",
        "type": "message",
        "text": "нужно нажать “Оплатить онлайн (весь мир)”",
        "user": "UFFJ077SL",
        "ts": "1549110952.111700"
    },
    {
        "client_msg_id": "b4bd1bd0-23cc-4b0f-9977-1b24a0fe714d",
        "type": "message",
        "text": "и просто оплатить картой )",
        "user": "UFFJ077SL",
        "ts": "1549110956.112000"
    },
    {
        "client_msg_id": "0b1dba22-5a90-4e1a-bc8d-b05b9718d287",
        "type": "message",
        "text": "<@UFFJ077SL> спасибо огромное! все получилось!!!",
        "user": "UFRA5FKN3",
        "ts": "1549112705.112500"
    },
    {
        "client_msg_id": "c32bcb7f-6d6a-4127-8e38-73e2355d11d8",
        "type": "message",
        "text": "да незачто :slightly_smiling_face:",
        "user": "UFFJ077SL",
        "ts": "1549112728.113200"
    },
    {
        "client_msg_id": "0e152300-dd40-4df7-b2ea-93a1ed23ac6b",
        "type": "message",
        "text": "теперь, в общем, не отвертишься, надо идти и делать домашние задания))))",
        "user": "UFRA5FKN3",
        "ts": "1549112795.113700",
        "reactions": [
            {
                "name": "grin",
                "users": [
                    "UFW2XS0HX"
                ],
                "count": 1
            },
            {
                "name": "+1",
                "users": [
                    "UFZT3QMU6"
                ],
                "count": 1
            }
        ]
    },
    {
        "client_msg_id": "93ac1866-2d4d-4660-bee7-6caa21d64836",
        "type": "message",
        "text": "10000 часов это только начало)",
        "user": "UFVQWFQHM",
        "ts": "1549140525.114100",
        "thread_ts": "1548975441.104300",
        "parent_user_id": "UF1PDKV37"
    }
]