[
    {
        "client_msg_id": "94b88def-0f12-435f-a5cf-d1dfe9ec8200",
        "type": "message",
        "text": "Например, надо получить данные из БД и их обработка будет долгой и сложной.\nЕсли транзакцию создавать в сервисе, то значит всё это долгое время будет открытая транзакция и, возможно, висеть блокировки в БД.\nКак-то всё это нелогично... Обычно наоборот - все рекомендуют транзакции делать максимально короткими.\nЕсли транзакцию сделать в DAO - то она будет открыта только несколько миллисекунд и быстро освободит все заблокированные ресурсы.",
        "user": "UG105SZ89",
        "ts": "1551600709.007600",
        "edited": {
            "user": "UG105SZ89",
            "ts": "1551601062.000000"
        },
        "thread_ts": "1551599635.007300",
        "parent_user_id": "UFFJ077SL"
    },
    {
        "client_msg_id": "13bf2eae-0840-40f2-8494-2786b0ede089",
        "type": "message",
        "text": "&gt;Всегда реализуйте транзакции на уровне сервисов\nну к таким категоричным утверждениям надо относится с осторожностью, все должно зависеть от архитектуры приложения",
        "user": "UF7MD83EU",
        "ts": "1551601959.008100",
        "thread_ts": "1551599635.007300",
        "parent_user_id": "UFFJ077SL"
    },
    {
        "client_msg_id": "ac1da24c-cd0c-4ab9-8ce1-bbb93b7ea51a",
        "type": "message",
        "text": "и еще вопрос, скажите пож, в списке статей по транзакциям, вот тут <https:\/\/www.ibm.com\/developerworks\/ru\/library\/j-ts1\/index.html?ca=drs-> говорится “При использовании аннотации @Transactional в Spring следует добавить следующую строку в конфигурационный файл Spring:\n&lt;tx:annotation-driven transaction-manager=“transactionManager”\/&gt;“,",
        "user": "UFFJ077SL",
        "ts": "1551603860.009300",
        "attachments": [
            {
                "title": "Распространенные ошибки",
                "title_link": "https:\/\/www.ibm.com\/developerworks\/ru\/library\/j-ts1\/index.html?ca=drs-",
                "text": "В этой статье Марк Ричардс описывает распространенные подводные камни, которые могут привести к потере согласованности. Они объясняются на примерах, взятых из инфраструктуры Spring Framework и спецификации EJB (Enterprise JavaBeans) 3.0.",
                "fallback": "Распространенные ошибки",
                "from_url": "https:\/\/www.ibm.com\/developerworks\/ru\/library\/j-ts1\/index.html?ca=drs-",
                "service_icon": "http:\/\/www.ibm.com\/favicon.ico",
                "service_name": "ibm.com",
                "id": 1,
                "original_url": "https:\/\/www.ibm.com\/developerworks\/ru\/library\/j-ts1\/index.html?ca=drs-"
            }
        ],
        "thread_ts": "1551603860.009300",
        "reply_count": 6,
        "reply_users_count": 3,
        "latest_reply": "1551808143.017700",
        "reply_users": [
            "UFFJ077SL",
            "UFT7XUWJX",
            "UE1ULNT9V"
        ],
        "replies": [
            {
                "user": "UFFJ077SL",
                "ts": "1551603874.009500"
            },
            {
                "user": "UFFJ077SL",
                "ts": "1551603893.009700"
            },
            {
                "user": "UFT7XUWJX",
                "ts": "1551606363.010900"
            },
            {
                "user": "UFFJ077SL",
                "ts": "1551611870.011200"
            },
            {
                "user": "UFT7XUWJX",
                "ts": "1551612890.011400"
            },
            {
                "user": "UE1ULNT9V",
                "ts": "1551808143.017700"
            }
        ]
    },
    {
        "client_msg_id": "aa032ed1-23da-4404-976e-3ec208b7213c",
        "type": "message",
        "text": "В свойстве transaction-manager хранится ссылка на менеджер транзакций, определенный в конфигурационном файле Spring. Эта строка указывает Spring, что при применении перехватчика транзакций следует использовать аннотацию @Transactional. Без нее данная аннотация игнорируется, в результате чего транзакции в коде не используются вовсе.",
        "user": "UFFJ077SL",
        "ts": "1551603874.009500",
        "thread_ts": "1551603860.009300",
        "parent_user_id": "UFFJ077SL"
    },
    {
        "client_msg_id": "ee19f9a3-cfd4-4e1f-a229-a6f63fe28e64",
        "type": "message",
        "text": "у нас в проекте просто &lt;tx:annotation-driven\/&gt;",
        "user": "UFFJ077SL",
        "ts": "1551603893.009700",
        "thread_ts": "1551603860.009300",
        "parent_user_id": "UFFJ077SL",
        "reactions": [
            {
                "name": "heavy_check_mark",
                "users": [
                    "UE1ULNT9V"
                ],
                "count": 1
            }
        ]
    },
    {
        "client_msg_id": "746af356-8af5-4237-9a9e-5ad6f4c708fd",
        "type": "message",
        "text": "Устанавливайте аннотацию @Transactional в слое сервиса (Service layer), а не в слое DAO. Сервисные бины могут использовать несколько DAO, соблюдая ACID под одной и той же транзакцией. Иначе если только в DAO определен механизм транзакций, то сервисные бины увеличат расходы на создание множественных транзакций для концептуально сгруппированных операций, не говоря уже о неконсистентном состоянии данных, которое мы рискуем получить.",
        "user": "UFT7XUWJX",
        "ts": "1551605024.009900",
        "thread_ts": "1551599635.007300",
        "parent_user_id": "UFFJ077SL"
    },
    {
        "client_msg_id": "fd8c4f03-4141-44ba-8460-dac89e8c591c",
        "type": "message",
        "text": "отсюда <http:\/\/akorsa.ru\/2017\/01\/sovety-i-oshibki-v-spring-transactions\/>",
        "user": "UFT7XUWJX",
        "ts": "1551605041.010100",
        "attachments": [
            {
                "service_name": "Блог Анатолия Корсакова",
                "title": "Советы и ошибки в Spring Transactional - Блог Анатолия Корсакова",
                "title_link": "http:\/\/akorsa.ru\/2017\/01\/sovety-i-oshibki-v-spring-transactions\/",
                "text": "В этом посте я соберу самые лучшие практики использования Spring Transactional Service или DAO? Устанавливайте аннотацию @Transactional в слое сервиса (Service layer), а не в слое DAO. Сервисные бины могут использовать несколько DAO, соблюдая ACID под одной и той же транзакцией. Иначе если только в DAO определен механизм транзакций, то сервисные бины увеличат расходы на создание множественных …",
                "fallback": "Блог Анатолия Корсакова: Советы и ошибки в Spring Transactional - Блог Анатолия Корсакова",
                "ts": 1485858813,
                "from_url": "http:\/\/akorsa.ru\/2017\/01\/sovety-i-oshibki-v-spring-transactions\/",
                "id": 1,
                "original_url": "http:\/\/akorsa.ru\/2017\/01\/sovety-i-oshibki-v-spring-transactions\/"
            }
        ],
        "thread_ts": "1551599635.007300",
        "parent_user_id": "UFFJ077SL"
    },
    {
        "client_msg_id": "041124f1-fbce-4dec-8848-9f82ffb28fc6",
        "type": "message",
        "text": "Меня больше в этой статье насторожило:\nИтак, можно сделать следующий вывод: при использовании ORM флаг \"только чтение\", как правило, бесполезен, и в большинстве случаев игнорируется. Однако если вы все же хотите его использовать, то обязательно установите режим распространения SUPPORTS, чтобы избежать запуска транзакций",
        "user": "UFT7XUWJX",
        "ts": "1551606363.010900",
        "thread_ts": "1551603860.009300",
        "parent_user_id": "UFFJ077SL"
    },
    {
        "client_msg_id": "12fc1644-2e2f-4dd3-9edf-42b132875c3e",
        "type": "message",
        "text": "Возможно так написано, потому что пишут, что для операций чтения - транзакция не нужна. Мы же не меняем данные. SUPPORTS нам говорит, что если есть транзакция - используйте ее, иначе выполняейте без транзакции.",
        "user": "UFFJ077SL",
        "ts": "1551611870.011200",
        "thread_ts": "1551603860.009300",
        "parent_user_id": "UFFJ077SL"
    },
    {
        "client_msg_id": "9b6b2966-eee5-4e2b-a12e-a006a05b1ae2",
        "type": "message",
        "text": "в нашем приложении нет SUPPORTS )",
        "user": "UFT7XUWJX",
        "ts": "1551612890.011400",
        "thread_ts": "1551603860.009300",
        "parent_user_id": "UFFJ077SL"
    },
    {
        "client_msg_id": "af19916f-36e6-4ee5-a21b-ab67e857644c",
        "type": "message",
        "text": "1. на эту темя я и в видео говорю и в уроке есть\n2. не все что пишут в инете- есть истина",
        "user": "UE1ULNT9V",
        "ts": "1551619131.011600",
        "edited": {
            "user": "UE1ULNT9V",
            "ts": "1551619160.000000"
        },
        "thread_ts": "1551599635.007300",
        "parent_user_id": "UFFJ077SL"
    }
]