[
    {
        "client_msg_id": "795b55af-b441-440a-b889-45689f4f327b",
        "type": "message",
        "text": "деление по функционалу сродни делениям на отдельные (микро) сервисы. те должны проходить по месту, где минимальное (в оптимуме отсутствие) связей. В реальности такого практически нет. поэтому рекомендация- используйте упаковку по функциональности без условий- как минимум ограничена. Часто в большом пакете функционала делают еще и пакеты по слоям",
        "user": "UE1ULNT9V",
        "ts": "1551524006.003000",
        "thread_ts": "1551507819.002700",
        "parent_user_id": "UFUQUNDRP"
    },
    {
        "client_msg_id": "e250934a-d9a6-4b88-b66b-0e9058415606",
        "type": "message",
        "text": "Наткнулся в одного блогера на такой плагин:",
        "user": "UFLKE29QW",
        "ts": "1551596016.004100"
    },
    {
        "client_msg_id": "7d14efa1-853b-4c99-b765-6027c1430ce5",
        "type": "message",
        "text": "<https:\/\/plugins.jetbrains.com\/plugin\/8357-force-shortcuts>",
        "user": "UFLKE29QW",
        "ts": "1551596020.004300",
        "attachments": [
            {
                "service_name": "JetBrains Plugin Repository",
                "title": "Force Shortcuts - Plugins | JetBrains",
                "title_link": "https:\/\/plugins.jetbrains.com\/plugin\/8357-force-shortcuts",
                "text": "Welcome to the JetBrains plugin repository",
                "fallback": "JetBrains Plugin Repository: Force Shortcuts - Plugins | JetBrains",
                "image_url": "https:\/\/resources.jetbrains.com\/storage\/products\/jetbrains\/img\/meta\/jetbrains_1280x800.png",
                "from_url": "https:\/\/plugins.jetbrains.com\/plugin\/8357-force-shortcuts",
                "image_width": 400,
                "image_height": 250,
                "image_bytes": 1125317,
                "service_icon": "https:\/\/resources.jetbrains.com\/storage\/ui\/favicons\/apple-touch-icon-57x57.png",
                "id": 1,
                "original_url": "https:\/\/plugins.jetbrains.com\/plugin\/8357-force-shortcuts"
            }
        ]
    },
    {
        "client_msg_id": "878e5a0d-1dc7-4247-94af-d3b0f1c889b4",
        "type": "message",
        "text": "Кто пользовался?",
        "user": "UFLKE29QW",
        "ts": "1551596035.004800"
    },
    {
        "client_msg_id": "b8a65b96-164b-4e3a-87d5-4f837fcc42e8",
        "type": "message",
        "text": "<@UFLKE29QW> Force shortcuts не пользовался, но могу посоветовать плагин Key promoter X. Им пользуюсь, прикольная штука, заставляет пользоваться шоткатами.",
        "user": "UEWSLHBTJ",
        "ts": "1551597322.006700",
        "reactions": [
            {
                "name": "+1",
                "users": [
                    "UFLKE29QW"
                ],
                "count": 1
            }
        ]
    },
    {
        "client_msg_id": "76f05f49-8956-46cc-9ae2-2616a1169e6f",
        "type": "message",
        "text": "Всегда реализуйте транзакции на уровне сервисов приложения, а не на уровне DAO — это оптимальное место для транзакций (см. следующий код):\n@Service\n@Transactional\npublic class AccountServiceImpl implements AccountService {\/\/...} (это из книги про паттерны в Spring), а у нас @Transactional в уровне DAO",
        "user": "UFFJ077SL",
        "ts": "1551599635.007300",
        "thread_ts": "1551599635.007300",
        "reply_count": 6,
        "reply_users_count": 5,
        "latest_reply": "1551619131.011600",
        "reply_users": [
            "UFFJ077SL",
            "UG105SZ89",
            "UF7MD83EU",
            "UFT7XUWJX",
            "UE1ULNT9V"
        ],
        "replies": [
            {
                "user": "UFFJ077SL",
                "ts": "1551599662.007400"
            },
            {
                "user": "UG105SZ89",
                "ts": "1551600709.007600"
            },
            {
                "user": "UF7MD83EU",
                "ts": "1551601959.008100"
            },
            {
                "user": "UFT7XUWJX",
                "ts": "1551605024.009900"
            },
            {
                "user": "UFT7XUWJX",
                "ts": "1551605041.010100"
            },
            {
                "user": "UE1ULNT9V",
                "ts": "1551619131.011600"
            }
        ]
    },
    {
        "client_msg_id": "6926beb2-685b-46cf-807f-867f123bb189",
        "type": "message",
        "text": "Декларативное управление транзакциями дает больше возможностей и лучше подходит для задания настроек в приложении, а потому в приложениях Spring\n 226 Глава 8 • Доступ к базе данных с помощью паттернов ORM и транзакций\nнастоятельно рекомендуется использовать именно этот подход. Оно разделяет сквозную функциональность с бизнес-логикой.\nВсегда генерируйте исключения времени выполнения вместо проверяемых ис- ключений с уровня сервисов.\nОсторожно обращайтесь с флагом readOnly (только для чтения) аннотации @Transactional. Помечайте транзакции как readOnly=true лишь тогда, когда методы сервиса содержат только запросы данных.",
        "user": "UFFJ077SL",
        "ts": "1551599662.007400",
        "thread_ts": "1551599635.007300",
        "parent_user_id": "UFFJ077SL"
    }
]