[
    {
        "client_msg_id": "01ce8e16-e1c9-4410-9931-d35f083fd3e2",
        "type": "message",
        "text": "Всем привет...",
        "user": "UFRKBEP9S",
        "ts": "1548766017.045200",
        "reactions": [
            {
                "name": "woman-raising-hand",
                "users": [
                    "UFA0AFYAZ",
                    "UFR0844ER"
                ],
                "count": 2
            },
            {
                "name": "man-raising-hand",
                "users": [
                    "UEWSLHBTJ",
                    "UFP8P9N6M",
                    "UFKMGA8S3",
                    "UFFJ077SL",
                    "UF9DY819B",
                    "UFQT0J4PP",
                    "UFS7494J3",
                    "UFKA9M309"
                ],
                "count": 8
            }
        ]
    },
    {
        "client_msg_id": "41d79c47-e2b9-469c-9d07-027106b65956",
        "type": "message",
        "text": "Затем удивляемся (почему у меня это и то не работает) и тратим кучу времени на решение проблем. :slightly_smiling_face:",
        "user": "UEWSLHBTJ",
        "ts": "1548767156.045700",
        "thread_ts": "1548591053.037900",
        "parent_user_id": "UFFJ077SL"
    },
    {
        "client_msg_id": "b70953d2-bcda-417e-80b4-9d157935d2aa",
        "type": "message",
        "text": "Кто с Ростова-на-Дону?",
        "user": "UFS7494J3",
        "ts": "1548782329.048200"
    },
    {
        "client_msg_id": "579bbd62-c953-4063-9735-f6ec4098a451",
        "type": "message",
        "text": "Я :grinning:",
        "user": "UELE85CTB",
        "ts": "1548783333.048800"
    },
    {
        "client_msg_id": "ab8173ca-7f7e-4d62-99d3-c678f94ea5c0",
        "type": "message",
        "text": "Hi wazzap!",
        "user": "UFS7914A0",
        "ts": "1548789600.049200"
    },
    {
        "client_msg_id": "fa92ef50-bdf0-4d8e-8f9a-0de26890c504",
        "type": "message",
        "text": "<@UELE85CTB> добавляй в скайп меня live:livelive.1",
        "user": "UFS7494J3",
        "ts": "1548789926.050100"
    }
]