[
    {
        "type": "message",
        "text": "",
        "files": [
            {
                "id": "FGYU5PA0M",
                "created": 1552557600,
                "timestamp": 1552557600,
                "name": "ghf9V7hArTg.jpg",
                "title": "ghf9V7hArTg.jpg",
                "mimetype": "image\/jpeg",
                "filetype": "jpg",
                "pretty_type": "JPEG",
                "user": "UFKG13683",
                "editable": false,
                "size": 40758,
                "mode": "hosted",
                "is_external": false,
                "external_type": "",
                "is_public": true,
                "public_url_shared": false,
                "display_as_bot": false,
                "username": "",
                "url_private": "https:\/\/files.slack.com\/files-pri\/TE09AK9BK-FGYU5PA0M\/ghf9v7hartg.jpg?t=xoxe-476316655393-618179035285-606757826531-bd1c7b831233e0d053294a8f47715ef5",
                "url_private_download": "https:\/\/files.slack.com\/files-pri\/TE09AK9BK-FGYU5PA0M\/download\/ghf9v7hartg.jpg?t=xoxe-476316655393-618179035285-606757826531-bd1c7b831233e0d053294a8f47715ef5",
                "thumb_64": "https:\/\/files.slack.com\/files-tmb\/TE09AK9BK-FGYU5PA0M-b056daa936\/ghf9v7hartg_64.jpg?t=xoxe-476316655393-618179035285-606757826531-bd1c7b831233e0d053294a8f47715ef5",
                "thumb_80": "https:\/\/files.slack.com\/files-tmb\/TE09AK9BK-FGYU5PA0M-b056daa936\/ghf9v7hartg_80.jpg?t=xoxe-476316655393-618179035285-606757826531-bd1c7b831233e0d053294a8f47715ef5",
                "thumb_360": "https:\/\/files.slack.com\/files-tmb\/TE09AK9BK-FGYU5PA0M-b056daa936\/ghf9v7hartg_360.jpg?t=xoxe-476316655393-618179035285-606757826531-bd1c7b831233e0d053294a8f47715ef5",
                "thumb_360_w": 360,
                "thumb_360_h": 360,
                "thumb_480": "https:\/\/files.slack.com\/files-tmb\/TE09AK9BK-FGYU5PA0M-b056daa936\/ghf9v7hartg_480.jpg?t=xoxe-476316655393-618179035285-606757826531-bd1c7b831233e0d053294a8f47715ef5",
                "thumb_480_w": 480,
                "thumb_480_h": 480,
                "thumb_160": "https:\/\/files.slack.com\/files-tmb\/TE09AK9BK-FGYU5PA0M-b056daa936\/ghf9v7hartg_160.jpg?t=xoxe-476316655393-618179035285-606757826531-bd1c7b831233e0d053294a8f47715ef5",
                "image_exif_rotation": 1,
                "original_w": 717,
                "original_h": 717,
                "permalink": "https:\/\/topjava16.slack.com\/files\/UFKG13683\/FGYU5PA0M\/ghf9v7hartg.jpg",
                "permalink_public": "https:\/\/slack-files.com\/TE09AK9BK-FGYU5PA0M-c26903bc15",
                "has_rich_preview": false
            }
        ],
        "upload": true,
        "user": "UFKG13683",
        "display_as_bot": false,
        "ts": "1552557600.050000",
        "client_msg_id": "c16741fd-a7f7-4d81-a509-0718673fe526",
        "thread_ts": "1552425738.047700",
        "parent_user_id": "UF7MD83EU"
    }
]