[
    {
        "client_msg_id": "9abc24d6-89c6-4164-818f-f3d2e56b735f",
        "type": "message",
        "text": "<@UFP7PTM99> глянь уровни вложенности спринга))",
        "user": "UFH1T9S1Y",
        "ts": "1551970131.027600",
        "thread_ts": "1551880726.020100",
        "parent_user_id": "UFP7PTM99"
    },
    {
        "client_msg_id": "20a7fecd-b8d0-4496-814d-6d9f85db3931",
        "type": "message",
        "text": "Занимательно.\n<https:\/\/www.youtube.com\/watch?v=lfdAwl3-X_c>",
        "user": "UFP7PTM99",
        "ts": "1551999079.028000",
        "attachments": [
            {
                "service_name": "YouTube",
                "service_url": "https:\/\/www.youtube.com\/",
                "title": "Егор Бугаенко — Объектно-ориентированное вранье",
                "title_link": "https:\/\/www.youtube.com\/watch?v=lfdAwl3-X_c",
                "author_name": "JUG .ru",
                "author_link": "https:\/\/www.youtube.com\/user\/JUGRuVideo",
                "thumb_url": "https:\/\/i.ytimg.com\/vi\/lfdAwl3-X_c\/hqdefault.jpg",
                "thumb_width": 480,
                "thumb_height": 360,
                "fallback": "YouTube Video: Егор Бугаенко — Объектно-ориентированное вранье",
                "video_html": "<iframe width=\"400\" height=\"225\" src=\"https:\/\/www.youtube.com\/embed\/lfdAwl3-X_c?feature=oembed&autoplay=1&iv_load_policy=3\" frameborder=\"0\" allow=\"accelerometer; autoplay; encrypted-media; gyroscope; picture-in-picture\" allowfullscreen><\/iframe>",
                "video_html_width": 400,
                "video_html_height": 225,
                "from_url": "https:\/\/www.youtube.com\/watch?v=lfdAwl3-X_c",
                "service_icon": "https:\/\/a.slack-edge.com\/2089\/img\/unfurl_icons\/youtube.png",
                "id": 1,
                "original_url": "https:\/\/www.youtube.com\/watch?v=lfdAwl3-X_c"
            }
        ]
    }
]