[
    {
        "client_msg_id": "ed4a8ada-0353-4de8-9b24-d2314ff42ec9",
        "type": "message",
        "text": "Да, там есть такая тема, буквально 5-6 заданий делаешь, и подкидывают этот бонус.",
        "user": "UFMAVCYKB",
        "ts": "1548668659.042200",
        "thread_ts": "1548591053.037900",
        "parent_user_id": "UFFJ077SL"
    },
    {
        "client_msg_id": "7c31bc65-b4da-429e-922a-81e6593e491b",
        "type": "message",
        "text": "на торенте лицензию на всю жизнь получить не пробовали? или выращенное чувство вины не позволяет?:relaxed:",
        "user": "UFQ35BUP4",
        "ts": "1548701463.043600",
        "thread_ts": "1548591053.037900",
        "parent_user_id": "UFFJ077SL"
    }
]