[
    {
        "client_msg_id": "ca7377a5-e0c9-4715-b978-79a01cee5f0d",
        "type": "message",
        "text": "Сейчас даже наверное никто не создает проекты с нуля. На одном собеседовании говорили что они используют готовый каркас приложения для всех новых проектов",
        "user": "UF2FGUDPH",
        "ts": "1552207844.041000",
        "thread_ts": "1552203202.040200",
        "parent_user_id": "UFKNK1SBG"
    },
    {
        "client_msg_id": "512d7cb8-263a-4837-a411-64169d84906f",
        "type": "message",
        "text": "<@UFKNK1SBG> посмотри как выглядит структура проекта в папке ideaProjects, и воспроизводи ее, то есть ничего сверх естественного, подключения к базе происходит же на уровне кода, а не физически как-то. По сборке, если пытаться обойтись без мавена, будет муторно, нужно в ручную сложить в свою папку джарники необходимых либ и при компиляции, утилите javac с ключом -cp, передать все зависимости. После чего папку с скомпилированным, уже байткодом, нужно физически положить в папку томката, которая у него называется по-моему applications. Вот и все.",
        "user": "UFH1T9S1Y",
        "ts": "1552208286.041200",
        "thread_ts": "1552203202.040200",
        "parent_user_id": "UFKNK1SBG"
    },
    {
        "client_msg_id": "dc76a152-1165-4422-b725-314ddba04cbe",
        "type": "message",
        "text": "Ещё вот статейка по теме.\n<http:\/\/www.quizful.net\/post\/sborka_i_vipolnenie_Java>",
        "user": "UFH1T9S1Y",
        "ts": "1552208326.041400",
        "attachments": [
            {
                "title": "Сборка и выполнение Java программ",
                "title_link": "http:\/\/www.quizful.net\/post\/sborka_i_vipolnenie_Java",
                "text": "Автоматизация сборки — этап написания скриптов или автоматизация широкого спектра задач применительно к ПО. В статье рассказывается о сборке и выполнении Java программ",
                "fallback": "Сборка и выполнение Java программ",
                "from_url": "http:\/\/www.quizful.net\/post\/sborka_i_vipolnenie_Java",
                "service_icon": "http:\/\/www.quizful.net\/res\/favicon.ico",
                "service_name": "quizful.net",
                "id": 1,
                "original_url": "http:\/\/www.quizful.net\/post\/sborka_i_vipolnenie_Java"
            }
        ],
        "thread_ts": "1552203202.040200",
        "parent_user_id": "UFKNK1SBG"
    },
    {
        "client_msg_id": "18fb6fb8-845d-40db-b888-92a2ae9d01cb",
        "type": "message",
        "text": "может кому пригодится :slightly_smiling_face: <https:\/\/rutracker.org\/forum\/viewtopic.php?t=5697493>",
        "user": "UFZTDP64Q",
        "ts": "1552215760.042100",
        "attachments": [
            {
                "title": "[OTUS] Разработчик на Spring Framework [2018, RUS] :: RuTracker.org",
                "title_link": "https:\/\/rutracker.org\/forum\/viewtopic.php?t=5697493",
                "text": "[OTUS] Разработчик на Spring Framework [2018, RUS] » Программирование (видеоуроки) » Скачать торрент :: <http:\/\/RuTracker.org|RuTracker.org>",
                "fallback": "[OTUS] Разработчик на Spring Framework [2018, RUS] :: RuTracker.org",
                "from_url": "https:\/\/rutracker.org\/forum\/viewtopic.php?t=5697493",
                "service_icon": "https:\/\/rutracker.org\/favicon.ico",
                "service_name": "rutracker.org",
                "id": 1,
                "original_url": "https:\/\/rutracker.org\/forum\/viewtopic.php?t=5697493"
            }
        ]
    },
    {
        "client_msg_id": "7984c8e8-c5e3-4298-b9ba-9b3e448f8467",
        "type": "message",
        "text": "Спасибо, жаль, что без проверки...",
        "user": "UFZTDP64Q",
        "ts": "1552216274.042300",
        "thread_ts": "1552033170.029200",
        "parent_user_id": "UFZTDP64Q"
    },
    {
        "client_msg_id": "4e6eaa0d-530d-47c1-b76f-d59fe94ddb74",
        "type": "message",
        "text": "<@UFZTDP64Q> напиши напрямую Григорию, я думаю, можно договориться",
        "user": "UG105SZ89",
        "ts": "1552227726.042500",
        "edited": {
            "user": "UG105SZ89",
            "ts": "1552227768.000000"
        },
        "thread_ts": "1552033170.029200",
        "parent_user_id": "UFZTDP64Q"
    },
    {
        "client_msg_id": "ac2b3771-09a7-4413-b27c-844f3574da75",
        "type": "message",
        "text": "Спасибо, направление поняла, буду пробовать реализовать, проект на спринг буте",
        "user": "UFA0AFYAZ",
        "ts": "1552232087.042900",
        "thread_ts": "1552114340.036400",
        "parent_user_id": "UFA0AFYAZ"
    },
    {
        "client_msg_id": "933c4927-5c9e-4ef7-931c-0108b00678f9",
        "type": "message",
        "text": "спасибо за вопрос. я пока bootjava хочу закончить... а все не успеть. там 3 раза с проверкой прошлись- боле менее отрефакторили.. пока не планирую\n<@UG105SZ89> BTW: не хочешь попробовать проверку взять:)?",
        "user": "UE1ULNT9V",
        "ts": "1552251183.043300",
        "thread_ts": "1552033170.029200",
        "parent_user_id": "UFZTDP64Q"
    },
    {
        "client_msg_id": "0551fb57-7c41-4df2-b3ff-b8ca3eee864c",
        "type": "message",
        "text": "<@UE1ULNT9V> <@UG105SZ89> спасибо, по мне тут вся соль в проверках того, что ты напоял :slightly_smiling_face: . Было бы просто здорово иметь сервис проверки проектов. Т.е. иметь список в районе 5 проектов на подобии выпускного topjava (разной степени сложности), которые ты сам делаешь полностью. И за отдельную плату бы их смотрели... Для тех, кто не спешит на работу, а хочет отточить навыки... Теории куча вокруг, а вот достойной практики очень мало. Спасибо, что занимаете эту нишу...",
        "user": "UFZTDP64Q",
        "ts": "1552285714.043500",
        "thread_ts": "1552033170.029200",
        "parent_user_id": "UFZTDP64Q",
        "reactions": [
            {
                "name": "heavy_plus_sign",
                "users": [
                    "UF2MZBKAR"
                ],
                "count": 1
            }
        ]
    }
]