[
    {
        "client_msg_id": "f2ab0cfe-748e-4e84-a7f1-f6feb232863e",
        "type": "message",
        "text": "<@UE1ULNT9V> ну, он говорил в контексте вакансий на back end. Так-то да. Я бы сам angular\/react немного  изучил для лучшего понимания, что происходит на фронте, но пока отгоняю от себя эти соблазны, надо для начала с джавой и спринг получше разобраться и к миддлу по уровню знаний подойти.",
        "user": "UF2JE861M",
        "ts": "1554969101.018900",
        "edited": {
            "user": "UF2JE861M",
            "ts": "1554969128.000000"
        },
        "thread_ts": "1554452868.010200",
        "parent_user_id": "UF9DY819B"
    }
]