[
    {
        "client_msg_id": "b31abd1c-c5e2-45fc-bbba-652843f4d57b",
        "type": "message",
        "text": "<@UE1ULNT9V> прочитал, познавательно.\nИсходя из статьи, можно ли сделать вывод, что stax следует использовать тогда, когда данные присутствуют в большом объеме и приходят из открытого соединения, то есть, постоянно обновляются, а jaxb подойдёт для, скажем так, статического анализа xml не большого объёма? ",
        "user": "UFH1T9S1Y",
        "ts": "1550223760.015600",
        "edited": {
            "user": "UFH1T9S1Y",
            "ts": "1550242303.000000"
        },
        "thread_ts": "1549723061.142300",
        "parent_user_id": "UFH1T9S1Y"
    },
    {
        "client_msg_id": "71C653BD-B888-4DAB-9F70-521B4377EDDD",
        "type": "message",
        "text": "Как в слаке понять, прочитал ли юзер личное сообщение или нет?",
        "user": "UF30Z1F8W",
        "ts": "1550261013.017200",
        "thread_ts": "1550261013.017200",
        "reply_count": 1,
        "reply_users_count": 1,
        "latest_reply": "1550265047.017400",
        "reply_users": [
            "UFKG13683"
        ],
        "replies": [
            {
                "user": "UFKG13683",
                "ts": "1550265047.017400"
            }
        ]
    },
    {
        "client_msg_id": "e1e01860-c97f-4adf-9dcf-bdaeb633fb39",
        "type": "message",
        "text": "Походу никак",
        "user": "UFKG13683",
        "ts": "1550265047.017400",
        "thread_ts": "1550261013.017200",
        "parent_user_id": "UF30Z1F8W"
    }
]