[
    {
        "client_msg_id": "994d5c1f-2b7a-4ca2-af49-92480494d8a0",
        "type": "message",
        "text": "Добрый день, подскажите, пожалуйста, ДЗ первого занятия уже можно начинать делать, или ждать до 31.01?",
        "user": "UFKLLLP1A",
        "ts": "1548430042.029600",
        "thread_ts": "1548430042.029600",
        "reply_count": 1,
        "reply_users_count": 1,
        "latest_reply": "1548433165.029800",
        "reply_users": [
            "UE1ULNT9V"
        ],
        "replies": [
            {
                "user": "UE1ULNT9V",
                "ts": "1548433165.029800"
            }
        ]
    },
    {
        "client_msg_id": "e78644e2-552e-465a-aa2a-ca38e18e82ba",
        "type": "message",
        "text": "вступительное - можно и нужно. канал обсуждений <#CE1V5RT63|hw0>",
        "user": "UE1ULNT9V",
        "ts": "1548433165.029800",
        "thread_ts": "1548430042.029600",
        "parent_user_id": "UFKLLLP1A"
    },
    {
        "client_msg_id": "f89389d2-2fb6-4b6e-89e4-306886f54491",
        "type": "message",
        "text": "Всем привет)))",
        "user": "UFPM2CVDK",
        "ts": "1548441790.030400",
        "reactions": [
            {
                "name": "woman-raising-hand",
                "users": [
                    "UFA0AFYAZ",
                    "UEWSLHBTJ",
                    "UFFJ077SL",
                    "UFP8P9N6M",
                    "UFGTW4BJS",
                    "UF0MYABQQ",
                    "UFA1BA7AM"
                ],
                "count": 7
            }
        ]
    }
]