[
    {
        "client_msg_id": "219604c5-2e18-4546-829a-92751684c78f",
        "type": "message",
        "text": "Прочитал половину. Много опечаток, нет примеров кода для поведенческих паттернов. После видосов на ютубе по спрингу и чтения различных статей, ничего пока что нового не вынес из этой книги. Сами паттерны более глубоко и лучше рассмотрены например в Head First O'Reilly с девахой на обложке.",
        "user": "UEWUS547K",
        "ts": "1551470136.000400",
        "thread_ts": "1549386421.125800",
        "parent_user_id": "UFU5XFS5D"
    },
    {
        "client_msg_id": "2d82ba5a-4662-4ed3-93cd-99dda1c4201c",
        "type": "message",
        "text": "А что за специалист?",
        "user": "UEWUS547K",
        "ts": "1551470321.000900",
        "thread_ts": "1550387434.019100",
        "parent_user_id": "UFT7XUWJX"
    },
    {
        "client_msg_id": "7dbefefe-990d-400f-b389-923d92cccb07",
        "type": "message",
        "text": "<http:\/\/specialist.ru|specialist.ru> при Баумана",
        "user": "UFT7XUWJX",
        "ts": "1551472410.001100",
        "thread_ts": "1550387434.019100",
        "parent_user_id": "UFT7XUWJX"
    },
    {
        "client_msg_id": "54b25bad-6f1b-46a4-9c34-f042e0c33e95",
        "type": "message",
        "text": "Наткнулся на сравнение дробления по функционалу с дроблением по слоям: <http:\/\/j4sq.blogspot.com\/2011\/09\/blog-post_15.html>  Аргументы, вроде, выглядят достаточно убедительными. Кто-то может из практического производственного опыта прокомментировать - действительно ли один подход всегда предпочтительней другого, или есть некий набор критериев для применения какого-то из них?",
        "user": "UFUQUNDRP",
        "ts": "1551507819.002700",
        "attachments": [
            {
                "title": "Упаковка по функциональности, а не по слоям",
                "title_link": "http:\/\/j4sq.blogspot.com\/2011\/09\/blog-post_15.html",
                "text": "Перевод статьи « Package by feature, not layer ». Первый вопрос при проектировании нового приложения – «Как упаковать его по пакетам?». ...",
                "fallback": "Упаковка по функциональности, а не по слоям",
                "from_url": "http:\/\/j4sq.blogspot.com\/2011\/09\/blog-post_15.html",
                "service_icon": "http:\/\/j4sq.blogspot.com\/favicon.ico",
                "service_name": "j4sq.blogspot.com",
                "id": 1,
                "original_url": "http:\/\/j4sq.blogspot.com\/2011\/09\/blog-post_15.html"
            }
        ],
        "thread_ts": "1551507819.002700",
        "reply_count": 1,
        "reply_users_count": 1,
        "latest_reply": "1551524006.003000",
        "reply_users": [
            "UE1ULNT9V"
        ],
        "replies": [
            {
                "user": "UE1ULNT9V",
                "ts": "1551524006.003000"
            }
        ],
        "reactions": [
            {
                "name": "+1",
                "users": [
                    "UFR6VRXL3"
                ],
                "count": 1
            }
        ]
    }
]