[
    {
        "client_msg_id": "949680d1-6294-4b6e-8b94-1bc51f0d94c6",
        "type": "message",
        "text": "Добрый день. Помогите пожалуйста разобраться, предпочтительно мнение от людей на опыте.\nВ чем отличие веб-приложения, созданные на java, python и т.д. от приложений, написанных на фронте + CRM?\nМногое прочитал в инете, но конкретного, ответа не нашел. Спасибо.",
        "user": "UFMGDSVM4",
        "ts": "1554106605.005100",
        "reactions": [
            {
                "name": "+1",
                "users": [
                    "UF2MZBKAR"
                ],
                "count": 1
            }
        ]
    },
    {
        "client_msg_id": "03ace6fb-bfa2-4483-b28b-a8e05937eff7",
        "type": "message",
        "text": "<https:\/\/telegra.ph\/Java-is-dead-04-01> Oracle прекращает поддержку Java. Компания Oracle решила отказаться от дальнейшего развития языка Java и перейти на Kotlin. С таким заявлением сегодня выступил главный архитектор платформы Java Марк Рейнолд. Как сказал Рейнолд, языку Java более 20 лет и в нём есть фундаментальные изъяны, которые невозможно исправить, не нарушив обратную совместимость. «Изъяны языка не должны препятствовать развитию всей платформы, поэтому мы решили отказаться от Java в пользу более современного языка, который был создан намного…",
        "user": "UEWSLHBTJ",
        "ts": "1554116327.005400",
        "edited": {
            "user": "UEWSLHBTJ",
            "ts": "1554116428.000000"
        },
        "thread_ts": "1554116327.005400",
        "reply_count": 2,
        "reply_users_count": 2,
        "latest_reply": "1554118097.006000",
        "reply_users": [
            "UFFJ077SL",
            "UF1PDKV37"
        ],
        "replies": [
            {
                "user": "UFFJ077SL",
                "ts": "1554116436.005800"
            },
            {
                "user": "UF1PDKV37",
                "ts": "1554118097.006000"
            }
        ],
        "reactions": [
            {
                "name": "slightly_smiling_face",
                "users": [
                    "UE1ULNT9V"
                ],
                "count": 1
            }
        ]
    },
    {
        "client_msg_id": "0095d3a3-62da-4611-96d9-f67b5006bdc6",
        "type": "message",
        "text": "хорошая первоапрельская шутка :slightly_smiling_face:",
        "user": "UFFJ077SL",
        "ts": "1554116436.005800",
        "thread_ts": "1554116327.005400",
        "parent_user_id": "UEWSLHBTJ"
    },
    {
        "client_msg_id": "1d3863a8-77a7-4990-b6fb-f683c25e6151",
        "type": "message",
        "text": "вы пошутили, мы посмеялись :slightly_smiling_face:",
        "user": "UF1PDKV37",
        "ts": "1554118097.006000",
        "thread_ts": "1554116327.005400",
        "parent_user_id": "UEWSLHBTJ"
    }
]