[
    {
        "client_msg_id": "acdb8a5d-0692-49bc-b5f8-bc2a199d0991",
        "type": "message",
        "text": "обычно никак ))))",
        "user": "UF2PXFBBR",
        "ts": "1550564469.026100",
        "thread_ts": "1550546626.026000",
        "parent_user_id": "UFE7TR83Z"
    },
    {
        "client_msg_id": "c7869844-b8cb-4257-8cc0-2f32c085b2d0",
        "type": "message",
        "text": "либо никак, либо JavaDoc и swagger )))",
        "user": "UF2JE861M",
        "ts": "1550566291.026300",
        "thread_ts": "1550546626.026000",
        "parent_user_id": "UFE7TR83Z",
        "reactions": [
            {
                "name": "heavy_check_mark",
                "users": [
                    "UE1ULNT9V"
                ],
                "count": 1
            }
        ]
    },
    {
        "client_msg_id": "49388d00-1d96-45e1-9d02-dc94ae78d49f",
        "type": "message",
        "text": "код редко документируют.. разве что для заказчика\nwiki да, бывает что пишут для своих",
        "user": "UE1ULNT9V",
        "ts": "1550567736.026600",
        "thread_ts": "1550546626.026000",
        "parent_user_id": "UFE7TR83Z"
    },
    {
        "client_msg_id": "01066708-93ec-4a95-a489-4c0c039b9c1b",
        "type": "message",
        "text": "Привет! Поговорите со мной, пожалуйста, про асинхронные сервисы )\n\nМне нужно написать клиент к асин. rest сервису.\nО сервисе знаю url, формат запроса и ответа.\nЗапрос, ответ и логику своего приложения отладила с обычным клиентом на end point с имитацией синхронной работы.\n\nМое приложение со своей стороны может работать только синхронно, т.е. оно отправив запрос не может продолжить работу, пока не получит ответ.\n\nНе могу сообразить:\n- Изменится ли что-то для меня при переходе на end point с настоящей асинхронной работой. И что именно.\n- Обычный клиент не сгодиться, раз с моей стороны работа синхронная?\n\nHelp! Какие слова правильнее гуглить, чтобы написать клиент к асинхронному сервису",
        "user": "UFWM2ABC5",
        "ts": "1550635918.039300",
        "thread_ts": "1550635918.039300",
        "reply_count": 10,
        "reply_users_count": 4,
        "latest_reply": "1550654092.049700",
        "reply_users": [
            "UF2JE861M",
            "UFWM2ABC5",
            "UFH1T9S1Y",
            "UE1ULNT9V"
        ],
        "replies": [
            {
                "user": "UF2JE861M",
                "ts": "1550641960.047700"
            },
            {
                "user": "UFWM2ABC5",
                "ts": "1550645992.047900"
            },
            {
                "user": "UFH1T9S1Y",
                "ts": "1550647407.048100"
            },
            {
                "user": "UFWM2ABC5",
                "ts": "1550647955.048300"
            },
            {
                "user": "UFH1T9S1Y",
                "ts": "1550648665.048600"
            },
            {
                "user": "UFH1T9S1Y",
                "ts": "1550650737.048800"
            },
            {
                "user": "UE1ULNT9V",
                "ts": "1550652417.049000"
            },
            {
                "user": "UFWM2ABC5",
                "ts": "1550653426.049300"
            },
            {
                "user": "UFWM2ABC5",
                "ts": "1550653606.049500"
            },
            {
                "user": "UFH1T9S1Y",
                "ts": "1550654092.049700"
            }
        ]
    },
    {
        "client_msg_id": "FF5FE44F-76F8-4001-A327-3675735EAE53",
        "type": "message",
        "text": "Реактивное программирование, webflux?",
        "user": "UF2JE861M",
        "ts": "1550641960.047700",
        "thread_ts": "1550635918.039300",
        "parent_user_id": "UFWM2ABC5"
    },
    {
        "client_msg_id": "5a7e8769-823a-423a-9f98-d183bf3ad9ca",
        "type": "message",
        "text": "Спасибо, ознакамливаюсь! \nСейчас мое приложение на Spring MVC под Tomcat.\nПока нагуглила, что со Spring WebFlux мне это дело в одном приложении не подружить",
        "user": "UFWM2ABC5",
        "ts": "1550645992.047900",
        "thread_ts": "1550635918.039300",
        "parent_user_id": "UFWM2ABC5"
    },
    {
        "client_msg_id": "1ad1b216-474d-4506-955e-023a84a58bbc",
        "type": "message",
        "text": "<@UFWM2ABC5> не совсем понял - что собой представляет \"сервис\"? Если на spring mvc, то видимо rest сервер это?\nКлиент имеется ввиду веб морда?",
        "user": "UFH1T9S1Y",
        "ts": "1550647407.048100",
        "thread_ts": "1550635918.039300",
        "parent_user_id": "UFWM2ABC5"
    },
    {
        "client_msg_id": "69abd7ae-9087-4332-8662-5ab6f80be993",
        "type": "message",
        "text": "Мое приложение - это web сервис. В состав него нужно включить клиент к асин. сервису. Про этот асин. сервис я  ничего не знаю. А мое приложение на Spring MVC, чтобы когда голосовая платформа обращается к url, выполнять логику в контроллере и динамически формировать из jsp язык vxml, сценарии на котором голосовая платформа понимает. Не уверена, что эти подробности относятся к делу.",
        "user": "UFWM2ABC5",
        "ts": "1550647955.048300",
        "edited": {
            "user": "UFWM2ABC5",
            "ts": "1550647991.000000"
        },
        "thread_ts": "1550635918.039300",
        "parent_user_id": "UFWM2ABC5"
    },
    {
        "client_msg_id": "7e077b76-1dea-46ea-9a6d-fb226e30b3dd",
        "type": "message",
        "text": "Эээм, ну тогда какая разница что происходит на клиенте? У тебя есть свои эндпоинты, ты получаешь по ним в контроллер данные, обрабатываешь и отправляешь обратно - клиент, пусть он и асинхронный, сам должен разруливать как ему эти данные обрабатывать. Если между сервером и клиентом все гоняется по ресту, то они друг о друге ничего не знают кроме урлов.",
        "user": "UFH1T9S1Y",
        "ts": "1550648665.048600",
        "thread_ts": "1550635918.039300",
        "parent_user_id": "UFWM2ABC5"
    }
]