[
    {
        "client_msg_id": "0a89a0f5-a9f1-4f48-aa47-f518d79fc46c",
        "type": "message",
        "text": "А не слишком много для джуниора?",
        "user": "UFF1JGE9H",
        "ts": "1554734382.013900",
        "thread_ts": "1554452868.010200",
        "parent_user_id": "UF9DY819B"
    },
    {
        "client_msg_id": "dbb4132f-520c-454c-ae17-d3907f22173a",
        "type": "message",
        "text": "1*",
        "user": "UEVD69P5H",
        "ts": "1554782119.014200"
    },
    {
        "client_msg_id": "1e93dee8-3860-4579-92d0-75e29cfe47d0",
        "type": "message",
        "text": "ну оно вроде не особо сложное",
        "user": "UFFJ077SL",
        "ts": "1554782878.014300",
        "thread_ts": "1554452868.010200",
        "parent_user_id": "UF9DY819B"
    },
    {
        "client_msg_id": "4aebcb0e-f6b6-44ed-a4ea-04a367d40330",
        "type": "message",
        "text": "в интернете поглядел примеры реализаций",
        "user": "UFFJ077SL",
        "ts": "1554785936.014500",
        "thread_ts": "1554452868.010200",
        "parent_user_id": "UF9DY819B"
    }
]