[
    {
        "client_msg_id": "e00a695e-7263-4787-b1b9-ec0f37597511",
        "type": "message",
        "text": "Ребята, кто хочет прокачать свой Английский, добро пожаловать\nпо ссылке: <https:\/\/skyeng.ru\/invite\/4d5467354d7a67774e513d3d?utm_source=copy>\nПервый пробный урок бесплатный. Занятия проходят в режиме one to one с учителем.\nЕсли понравится и захотите заниматься дальше, то заходите по ссылке выше\n(ссылка типа: пригласи друга и получайте каждый по 2 дополнительных урока)\nвыбираете количество занятий, оплачиваете и получаете два урока дополнительно.\nТакже есть приятный бонус, все учащиеся могут бесплатно и неограниченно принимать участие\nв Skyeng Speaking club. Вот такие дела.:slightly_smiling_face:",
        "user": "UEWSLHBTJ",
        "ts": "1553200378.055900",
        "edited": {
            "user": "UEWSLHBTJ",
            "ts": "1553200386.000000"
        }
    }
]