[
    {
        "client_msg_id": "10ec9d6e-8619-4aba-8ba1-ab72d1360ab4",
        "type": "message",
        "text": "В связи с грядущим удалением групп по topjava16 вопрос - можно себе выкачать как-то каналы из групп? Или мои избранные сообщения не удалятся вместе с группами?\nЕсли вопрос в лимите групп на аккаунте - может, можно перевесить их на другой?",
        "user": "UFUQUNDRP",
        "ts": "1556161180.028300",
        "thread_ts": "1556161180.028300",
        "reply_count": 1,
        "reply_users_count": 1,
        "latest_reply": "1556188863.028500",
        "reply_users": [
            "UFUQUNDRP"
        ],
        "replies": [
            {
                "user": "UFUQUNDRP",
                "ts": "1556188863.028500"
            }
        ],
        "reactions": [
            {
                "name": "+1",
                "users": [
                    "UFR6VRXL3"
                ],
                "count": 1
            }
        ]
    }
]