[
    {
        "client_msg_id": "3fcde83f-022d-4d65-af7c-35534985d787",
        "type": "message",
        "text": "<https:\/\/martinfowler.com\/articles\/mocksArentStubs.html>",
        "user": "UFBHB8PFS",
        "ts": "1549713392.140000",
        "attachments": [
            {
                "service_name": "martinfowler.com",
                "title": "Mocks Aren't Stubs",
                "title_link": "https:\/\/martinfowler.com\/articles\/mocksArentStubs.html",
                "text": "Explaining the difference between Mock Objects and Stubs (together with other forms of Test Double). Also the difference between classical and mockist styles of unit testing.",
                "fallback": "martinfowler.com: Mocks Aren't Stubs",
                "thumb_url": "https:\/\/martinfowler.com\/logo-sq.png",
                "from_url": "https:\/\/martinfowler.com\/articles\/mocksArentStubs.html",
                "thumb_width": 278,
                "thumb_height": 278,
                "service_icon": "https:\/\/martinfowler.com\/favicon.ico",
                "id": 1,
                "original_url": "https:\/\/martinfowler.com\/articles\/mocksArentStubs.html"
            }
        ]
    },
    {
        "client_msg_id": "05b54cf9-9fc5-494f-b793-70574a16f9fd",
        "type": "message",
        "text": "благодарю)",
        "user": "UFFJ077SL",
        "ts": "1549713572.140700"
    },
    {
        "client_msg_id": "a811d511-7fb4-41f9-b365-0a886db9fe0d",
        "type": "message",
        "text": "Всем привет. Ребят, подскажите, вот есть у меня список из 1500 сущностей, как адекватно добавить в постгрес некоторые! поля этих сущностей, так что бы не выполнять полторы тысячи инсертов в базу?",
        "user": "UFH1T9S1Y",
        "ts": "1549723061.142300",
        "edited": {
            "user": "UFH1T9S1Y",
            "ts": "1549723109.000000"
        },
        "thread_ts": "1549723061.142300",
        "reply_count": 17,
        "reply_users_count": 3,
        "latest_reply": "1550516614.023200",
        "reply_users": [
            "UFJCHS6RE",
            "UFH1T9S1Y",
            "UE1ULNT9V"
        ],
        "replies": [
            {
                "user": "UFJCHS6RE",
                "ts": "1549723437.142500"
            },
            {
                "user": "UFH1T9S1Y",
                "ts": "1549725117.142800"
            },
            {
                "user": "UFJCHS6RE",
                "ts": "1549726460.143000"
            },
            {
                "user": "UFH1T9S1Y",
                "ts": "1549728140.143300"
            },
            {
                "user": "UE1ULNT9V",
                "ts": "1549730158.143600"
            },
            {
                "user": "UFJCHS6RE",
                "ts": "1549730212.143900"
            },
            {
                "user": "UFJCHS6RE",
                "ts": "1549730526.144100"
            },
            {
                "user": "UFH1T9S1Y",
                "ts": "1549781553.144300"
            },
            {
                "user": "UE1ULNT9V",
                "ts": "1549880755.000200"
            },
            {
                "user": "UFH1T9S1Y",
                "ts": "1549898694.000400"
            },
            {
                "user": "UE1ULNT9V",
                "ts": "1549901263.006800"
            },
            {
                "user": "UFH1T9S1Y",
                "ts": "1549901974.007500"
            },
            {
                "user": "UE1ULNT9V",
                "ts": "1550134917.014900"
            },
            {
                "user": "UFH1T9S1Y",
                "ts": "1550154467.015200"
            },
            {
                "user": "UE1ULNT9V",
                "ts": "1550160357.015400"
            },
            {
                "user": "UFH1T9S1Y",
                "ts": "1550223760.015600"
            },
            {
                "user": "UE1ULNT9V",
                "ts": "1550516614.023200"
            }
        ]
    },
    {
        "client_msg_id": "25f0daf4-51fb-4f1e-8bae-b8499eeb8ac3",
        "type": "message",
        "text": "не знаю, как в постгресе, но в транзакт сиквеле я в таких случаях использую множественную вставку, она работает внутри одной транзакции очень быстро <http:\/\/www.sqlservertutorial.net\/sql-server-basics\/sql-server-insert-multiple-rows\/> но у неё есть ограничения на количество вставляемых строк",
        "user": "UFJCHS6RE",
        "ts": "1549723437.142500",
        "attachments": [
            {
                "service_name": "SQL Server Tutorial",
                "title": "SQL Server INSERT Multiple Rows Into a Table Using One Statement",
                "title_link": "http:\/\/www.sqlservertutorial.net\/sql-server-basics\/sql-server-insert-multiple-rows\/",
                "text": "This tutorial shows you how to use another form of the SQL Server INSERT statement to insert multiple rows into a table using one INSERT statement.",
                "fallback": "SQL Server Tutorial: SQL Server INSERT Multiple Rows Into a Table Using One Statement",
                "image_url": "http:\/\/www.sqlservertutorial.net\/wp-content\/uploads\/SQL-Server-INSERT-multiple-rows-example.png",
                "from_url": "http:\/\/www.sqlservertutorial.net\/sql-server-basics\/sql-server-insert-multiple-rows\/",
                "image_width": 411,
                "image_height": 147,
                "image_bytes": 3333,
                "service_icon": "http:\/\/www.sqlservertutorial.net\/wp-content\/uploads\/cropped-favicon-180x180.png",
                "id": 1,
                "original_url": "http:\/\/www.sqlservertutorial.net\/sql-server-basics\/sql-server-insert-multiple-rows\/"
            }
        ],
        "thread_ts": "1549723061.142300",
        "parent_user_id": "UFH1T9S1Y"
    },
    {
        "client_msg_id": "bfccaba0-1cd1-46e1-a973-b565fec05e6b",
        "type": "message",
        "text": "<@UFJCHS6RE> воу, этот способ подразумевает вручную вводить полторы тысячи values?",
        "user": "UFH1T9S1Y",
        "ts": "1549725117.142800",
        "thread_ts": "1549723061.142300",
        "parent_user_id": "UFH1T9S1Y"
    },
    {
        "client_msg_id": "588fd198-b763-4c21-b617-0b58c69f22e4",
        "type": "message",
        "text": "в каком смысле вручную? ну, в принципе, да - вы генерируете скрипт и отправляете его субд. но, как я писал выше, точно есть ограничения на кол-во строк, в 2008м сиквелсервере было что-то в районе 1000, и нужно разбивать",
        "user": "UFJCHS6RE",
        "ts": "1549726460.143000",
        "thread_ts": "1549723061.142300",
        "parent_user_id": "UFH1T9S1Y"
    },
    {
        "client_msg_id": "f3395cf1-5f51-443d-8070-08ef6d9bb31f",
        "type": "message",
        "text": "я понял что генерируется скрипт, но, этот скрипт, будет содержать, полторы тысячи строк вида VALUES(data), их же вручную нужно описывать",
        "user": "UFH1T9S1Y",
        "ts": "1549728140.143300",
        "edited": {
            "user": "UFH1T9S1Y",
            "ts": "1549729855.000000"
        },
        "thread_ts": "1549723061.142300",
        "parent_user_id": "UFH1T9S1Y"
    },
    {
        "client_msg_id": "38b92877-3e2a-42bd-a22b-729f9a80762e",
        "type": "message",
        "text": "<http:\/\/www.postgresqltutorial.com\/import-csv-file-into-posgresql-table\/>",
        "user": "UE1ULNT9V",
        "ts": "1549730158.143600",
        "attachments": [
            {
                "title": "Import CSV File Into PosgreSQL Table",
                "title_link": "http:\/\/www.postgresqltutorial.com\/import-csv-file-into-posgresql-table\/",
                "text": "In this tutorial, we will show various ways to import a CSV file into a PosgreSQL table.",
                "fallback": "Import CSV File Into PosgreSQL Table",
                "from_url": "http:\/\/www.postgresqltutorial.com\/import-csv-file-into-posgresql-table\/",
                "service_icon": "http:\/\/www.postgresqltutorial.com\/wp-content\/uploads\/2017\/03\/favicon.png",
                "service_name": "postgresqltutorial.com",
                "id": 1,
                "original_url": "http:\/\/www.postgresqltutorial.com\/import-csv-file-into-posgresql-table\/"
            }
        ],
        "thread_ts": "1549723061.142300",
        "parent_user_id": "UFH1T9S1Y"
    },
    {
        "client_msg_id": "ea483b6e-9d08-4a1c-9967-36e00efa1180",
        "type": "message",
        "text": "под словом генерируется я подразумевал, что вы VALUES(data),...,(data) нагенерируете, например, циклом )\nправда, в боевых условиях, я использовал этот способ только в крайних разовых случаях, когда у меня исходные данные были в табличке в екселе (например, прислали по почте выгрузку чего-нибудь, номера накладных, например), а мне нужно было срочно их сверить содержимым в БД",
        "user": "UFJCHS6RE",
        "ts": "1549730212.143900",
        "thread_ts": "1549723061.142300",
        "parent_user_id": "UFH1T9S1Y"
    },
    {
        "client_msg_id": "6adf3437-b4f5-4efa-bb97-ab1e737d99ee",
        "type": "message",
        "text": "как долговременный вариант, в сиквелсервере есть такая тема - table valued parameter, это переменная-таблица, которую можно передавать в процедуру как параметр, со своими оговорками. Т.е. вы создаёте в коде дата-сет, передаёте через sqlсоединение в процедуру, где просиходит простой select from tvp. Вот тут есть примеры на C# <https:\/\/docs.microsoft.com\/en-us\/dotnet\/framework\/data\/adonet\/sql\/table-valued-parameters#passing>\nуверен, что за 10 лет что-то такое должно было появиться и в постгресе",
        "user": "UFJCHS6RE",
        "ts": "1549730526.144100",
        "thread_ts": "1549723061.142300",
        "parent_user_id": "UFH1T9S1Y"
    },
    {
        "client_msg_id": "817f46fc-2ffc-4c00-ae42-8d4174f8e0c5",
        "type": "message",
        "text": "<@UE1ULNT9V> тут ещё я должен уточнить, что изначально у меня есть xml файл, который парсится при помощи jaxb в лист сущностей. Исходя из статьи которую ты скинул мне нужно сгенерить csv файл, а потом, описанным способом скопировать в базу?",
        "user": "UFH1T9S1Y",
        "ts": "1549781553.144300",
        "edited": {
            "user": "UFH1T9S1Y",
            "ts": "1549789800.000000"
        },
        "thread_ts": "1549723061.142300",
        "parent_user_id": "UFH1T9S1Y"
    }
]