[
    {
        "client_msg_id": "6dd5d3f8-fdcc-4e80-b57a-8e835c509462",
        "type": "message",
        "text": "а почему building без артикля? :grinning:",
        "user": "UF2JE861M",
        "ts": "1552471368.048700",
        "thread_ts": "1552425738.047700",
        "parent_user_id": "UF7MD83EU"
    },
    {
        "client_msg_id": "b9c6473c-7438-4e3b-9086-67d1fec2def4",
        "type": "message",
        "text": "общая инструкция, а не только для опред здания",
        "user": "UF7MD83EU",
        "ts": "1552510937.049700",
        "thread_ts": "1552425738.047700",
        "parent_user_id": "UF7MD83EU"
    }
]