[
    {
        "client_msg_id": "7f904919-fe63-45e8-927e-d5f31f3abee0",
        "type": "message",
        "text": "До конца курса в том году не дошел из-за труд-ва по Java:) А вообще, нет сомнений, что могу дойти до конца, т.к. и пришел на курс уже с коммерческим опытом со Спрингом.",
        "user": "UFZT3QMU6",
        "ts": "1550427990.020200",
        "thread_ts": "1550387434.019100",
        "parent_user_id": "UFT7XUWJX"
    },
    {
        "client_msg_id": "2f748d4f-a604-40c0-ab8c-fdba9a882c27",
        "type": "message",
        "text": "А на каком курсе сошел? Может вместе учились.",
        "user": "UFT7XUWJX",
        "ts": "1550431915.020500",
        "thread_ts": "1550387434.019100",
        "parent_user_id": "UFT7XUWJX"
    },
    {
        "client_msg_id": "ef53e956-d00f-4d2a-9659-89485952ab69",
        "type": "message",
        "text": "Замапить это означает передать или сопоставить или создать Map? В ООП только) создал объект, передал объект...",
        "user": "UFVQWFQHM",
        "ts": "1550437348.022400",
        "thread_ts": "1550437348.022400",
        "reply_count": 1,
        "reply_users_count": 1,
        "latest_reply": "1550441865.022500",
        "reply_users": [
            "UE1ULNT9V"
        ],
        "replies": [
            {
                "user": "UE1ULNT9V",
                "ts": "1550441865.022500"
            }
        ]
    },
    {
        "client_msg_id": "8b510576-50ef-4278-a7d8-04f687693f7a",
        "type": "message",
        "text": "зависит от контекста. но сокрее - сопоставить",
        "user": "UE1ULNT9V",
        "ts": "1550441865.022500",
        "thread_ts": "1550437348.022400",
        "parent_user_id": "UFVQWFQHM"
    }
]