[
    {
        "user": "UE1ULNT9V",
        "type": "message",
        "subtype": "channel_join",
        "ts": "1553726536.000200",
        "text": "<@UE1ULNT9V> has joined the channel"
    },
    {
        "user": "UE1ULNT9V",
        "type": "message",
        "subtype": "channel_topic",
        "ts": "1553726547.000300",
        "text": "<@UE1ULNT9V> set the channel topic: <https:\/\/github.com\/JavaWebinar\/topjava\/blob\/doc\/doc\/lesson07.md>",
        "topic": "<https:\/\/github.com\/JavaWebinar\/topjava\/blob\/doc\/doc\/lesson07.md>"
    },
    {
        "client_msg_id": "5e9240cf-d3e6-4a06-984a-a3facb42bb1a",
        "type": "message",
        "text": "Добро пожаловать на 7е занятие: <https:\/\/github.com\/JavaWebinar\/topjava\/blob\/doc\/doc\/lesson07.md>\nУспехов в изучении",
        "user": "UE1ULNT9V",
        "ts": "1553726564.000600",
        "edited": {
            "user": "UE1ULNT9V",
            "ts": "1553726585.000000"
        }
    },
    {
        "user": "UFKMGA8S3",
        "type": "message",
        "subtype": "channel_join",
        "ts": "1553726712.001200",
        "text": "<@UFKMGA8S3> has joined the channel"
    },
    {
        "user": "UFQFJRADC",
        "type": "message",
        "subtype": "channel_join",
        "ts": "1553726876.001400",
        "text": "<@UFQFJRADC> has joined the channel"
    },
    {
        "user": "UFVTNRHNK",
        "type": "message",
        "subtype": "channel_join",
        "ts": "1553727661.001600",
        "text": "<@UFVTNRHNK> has joined the channel"
    },
    {
        "user": "UFHCGQ525",
        "type": "message",
        "subtype": "channel_join",
        "ts": "1553732810.001800",
        "text": "<@UFHCGQ525> has joined the channel"
    },
    {
        "user": "UF7MD83EU",
        "type": "message",
        "subtype": "channel_join",
        "ts": "1553732936.002000",
        "text": "<@UF7MD83EU> has joined the channel"
    },
    {
        "user": "UFQT0J4PP",
        "type": "message",
        "subtype": "channel_join",
        "ts": "1553735990.002200",
        "text": "<@UFQT0J4PP> has joined the channel"
    },
    {
        "user": "UF2FGUDPH",
        "type": "message",
        "subtype": "channel_join",
        "ts": "1553736072.002400",
        "text": "<@UF2FGUDPH> has joined the channel"
    },
    {
        "user": "UFJJL4USF",
        "type": "message",
        "subtype": "channel_join",
        "ts": "1553738046.002600",
        "text": "<@UFJJL4USF> has joined the channel"
    },
    {
        "user": "UF3JGRQSX",
        "type": "message",
        "subtype": "channel_join",
        "ts": "1553741183.002800",
        "text": "<@UF3JGRQSX> has joined the channel"
    },
    {
        "user": "UF6HMCG3X",
        "type": "message",
        "subtype": "channel_join",
        "ts": "1553741668.003000",
        "text": "<@UF6HMCG3X> has joined the channel"
    },
    {
        "user": "UF49VUDHR",
        "type": "message",
        "subtype": "channel_join",
        "ts": "1553743015.003200",
        "text": "<@UF49VUDHR> has joined the channel"
    },
    {
        "user": "UF1DAUJE6",
        "type": "message",
        "subtype": "channel_join",
        "ts": "1553745653.000200",
        "text": "<@UF1DAUJE6> has joined the channel"
    },
    {
        "user": "UFR6VRXL3",
        "type": "message",
        "subtype": "channel_join",
        "ts": "1553746725.000400",
        "text": "<@UFR6VRXL3> has joined the channel"
    },
    {
        "user": "UFKG13683",
        "type": "message",
        "subtype": "channel_join",
        "ts": "1553748178.000600",
        "text": "<@UFKG13683> has joined the channel"
    },
    {
        "user": "UFWQHQV1Q",
        "type": "message",
        "subtype": "channel_join",
        "ts": "1553748918.000800",
        "text": "<@UFWQHQV1Q> has joined the channel"
    },
    {
        "user": "UFJCHS6RE",
        "type": "message",
        "subtype": "channel_join",
        "ts": "1553748938.001000",
        "text": "<@UFJCHS6RE> has joined the channel"
    },
    {
        "user": "UEUTPR8KW",
        "type": "message",
        "subtype": "channel_join",
        "ts": "1553749515.001200",
        "text": "<@UEUTPR8KW> has joined the channel"
    },
    {
        "user": "UFZTDP64Q",
        "type": "message",
        "subtype": "channel_join",
        "ts": "1553749773.001400",
        "text": "<@UFZTDP64Q> has joined the channel"
    },
    {
        "user": "UFUQUNDRP",
        "type": "message",
        "subtype": "channel_join",
        "ts": "1553750556.001600",
        "text": "<@UFUQUNDRP> has joined the channel"
    }
]