[
    {
        "client_msg_id": "86cd48b5-738f-471a-9bf3-86c6a6def530",
        "type": "message",
        "text": "А зачем нам в тестах юзера service.create(new User(newUser))?\nЭто ж мы 2 раза юзера создаём",
        "user": "UFKG13683",
        "ts": "1553780173.006000",
        "thread_ts": "1553780173.006000",
        "reply_count": 2,
        "reply_users_count": 2,
        "latest_reply": "1553783843.009600",
        "reply_users": [
            "UF6HMCG3X",
            "UE1ULNT9V"
        ],
        "replies": [
            {
                "user": "UF6HMCG3X",
                "ts": "1553782730.009200"
            },
            {
                "user": "UE1ULNT9V",
                "ts": "1553783843.009600"
            }
        ],
        "reactions": [
            {
                "name": "thumbsup_all",
                "users": [
                    "UFBHB8PFS"
                ],
                "count": 1
            }
        ]
    },
    {
        "client_msg_id": "b8d26a15-1c57-4c99-9aa0-8fb20f5d6f03",
        "type": "message",
        "text": "И ещё, что лучше ResultSetExtractor или эта реализация?\nВедь в ResultSetExtractor мы все одним запросом достаем и роли и юзеры, а здесь 2 запроса.",
        "user": "UFKG13683",
        "ts": "1553781126.009100",
        "thread_ts": "1553781126.009100",
        "reply_count": 2,
        "reply_users_count": 1,
        "latest_reply": "1553783983.010000",
        "reply_users": [
            "UE1ULNT9V"
        ],
        "replies": [
            {
                "user": "UE1ULNT9V",
                "ts": "1553783949.009800"
            },
            {
                "user": "UE1ULNT9V",
                "ts": "1553783983.010000"
            }
        ]
    },
    {
        "client_msg_id": "03c46cc2-f946-4fda-bc2e-e85213a0b76c",
        "type": "message",
        "text": "Рискну предположить что не два раза одного и того же юзера а двух одинаковых.",
        "user": "UF6HMCG3X",
        "ts": "1553782730.009200",
        "thread_ts": "1553780173.006000",
        "parent_user_id": "UFKG13683",
        "reactions": [
            {
                "name": "heavy_check_mark",
                "users": [
                    "UE1ULNT9V"
                ],
                "count": 1
            }
        ]
    },
    {
        "client_msg_id": "fb6255d5-1ae9-4209-a49e-aeec7f93bfa6",
        "type": "message",
        "text": "вообще это редкий случай- человек в реализации jdbc так newUser у себя модифицировал, что реализация неверная, а тесты проходили",
        "user": "UE1ULNT9V",
        "ts": "1553783843.009600",
        "thread_ts": "1553780173.006000",
        "parent_user_id": "UFKG13683"
    },
    {
        "client_msg_id": "35f1b3df-01e4-4904-9b84-eec9d55e4709",
        "type": "message",
        "text": "ну, если у нас 1000 узеров и у каждого будет 10 ролей, то данные каждого юзера 10 раз задублирубтся в результах. что лучше- опять нет такого. все нужно соотносить с данными, которыми работаешь",
        "user": "UE1ULNT9V",
        "ts": "1553783949.009800",
        "thread_ts": "1553781126.009100",
        "parent_user_id": "UFKG13683"
    },
    {
        "client_msg_id": "e76f79ff-05fb-4b8d-883a-e6f959c7d207",
        "type": "message",
        "text": "2 запроса в базу (если не нагруженные)- это ерунда",
        "user": "UE1ULNT9V",
        "ts": "1553783983.010000",
        "thread_ts": "1553781126.009100",
        "parent_user_id": "UFKG13683"
    }
]