[
    {
        "client_msg_id": "5333a7de-3622-4e28-8fb1-97c046b841bc",
        "type": "message",
        "text": "<https:\/\/docs.spring.io\/spring\/docs\/current\/spring-framework-reference\/web.html#mvc-config-conversion>",
        "user": "UEY47RCQZ",
        "ts": "1554102813.031400",
        "thread_ts": "1554068038.026300",
        "parent_user_id": "UFZT3QMU6"
    },
    {
        "client_msg_id": "4f4b4473-6e07-448f-96cb-00f8986034d4",
        "type": "message",
        "text": "<@UE1ULNT9V> У меня вылетает ошибка Вызвано: java.lang.IllegalArgumentException: Не удалось разрешить заполнитель «jdbc.initLocation» в значении «classpath: db \/ $ {jdbc.initLocation}» при запуске \"class RootControllerTest\".  В spring-mvc.xml  Не могу понять ! советов приемлимых не нашел.",
        "user": "UG862J8F8",
        "ts": "1554104144.033200",
        "edited": {
            "user": "UG862J8F8",
            "ts": "1554111008.000000"
        },
        "thread_ts": "1554104144.033200",
        "reply_count": 8,
        "reply_users_count": 2,
        "latest_reply": "1554158167.044900",
        "reply_users": [
            "UE1ULNT9V",
            "UG862J8F8"
        ],
        "replies": [
            {
                "user": "UE1ULNT9V",
                "ts": "1554120972.039900"
            },
            {
                "user": "UG862J8F8",
                "ts": "1554127900.041500"
            },
            {
                "user": "UG862J8F8",
                "ts": "1554127943.041800"
            },
            {
                "user": "UE1ULNT9V",
                "ts": "1554128511.042000"
            },
            {
                "user": "UG862J8F8",
                "ts": "1554129477.042300"
            },
            {
                "user": "UE1ULNT9V",
                "ts": "1554135328.042500"
            },
            {
                "user": "UG862J8F8",
                "ts": "1554146336.043800"
            },
            {
                "user": "UE1ULNT9V",
                "ts": "1554158167.044900"
            }
        ]
    },
    {
        "client_msg_id": "94016839-9731-431e-ba1a-39a61a65a688",
        "type": "message",
        "text": "кто-нибудь через curl пробовал добавить юзера?",
        "user": "UFFJ077SL",
        "ts": "1554106045.033700",
        "thread_ts": "1554106045.033700",
        "reply_count": 25,
        "reply_users_count": 3,
        "latest_reply": "1554236037.062600",
        "reply_users": [
            "UEY47RCQZ",
            "UFFJ077SL",
            "UFT7XUWJX"
        ],
        "replies": [
            {
                "user": "UEY47RCQZ",
                "ts": "1554106098.033800"
            },
            {
                "user": "UFFJ077SL",
                "ts": "1554106244.034000"
            },
            {
                "user": "UFFJ077SL",
                "ts": "1554106258.034200"
            },
            {
                "user": "UFFJ077SL",
                "ts": "1554106294.034400"
            },
            {
                "user": "UFFJ077SL",
                "ts": "1554106295.034600"
            },
            {
                "user": "UFFJ077SL",
                "ts": "1554106297.034800"
            },
            {
                "user": "UFFJ077SL",
                "ts": "1554106306.035000"
            },
            {
                "user": "UEY47RCQZ",
                "ts": "1554106998.035200"
            },
            {
                "user": "UFFJ077SL",
                "ts": "1554107129.035500"
            },
            {
                "user": "UFFJ077SL",
                "ts": "1554107135.035700"
            },
            {
                "user": "UFFJ077SL",
                "ts": "1554107466.036000"
            },
            {
                "user": "UFFJ077SL",
                "ts": "1554107500.036200"
            },
            {
                "user": "UFFJ077SL",
                "ts": "1554107650.036400"
            },
            {
                "user": "UFFJ077SL",
                "ts": "1554107655.036800"
            },
            {
                "user": "UFFJ077SL",
                "ts": "1554107675.037000"
            },
            {
                "user": "UEY47RCQZ",
                "ts": "1554108258.037200"
            },
            {
                "user": "UEY47RCQZ",
                "ts": "1554108295.037400"
            },
            {
                "user": "UFFJ077SL",
                "ts": "1554108371.037800"
            },
            {
                "user": "UFFJ077SL",
                "ts": "1554108377.038000"
            },
            {
                "user": "UFFJ077SL",
                "ts": "1554108415.038200"
            },
            {
                "user": "UEY47RCQZ",
                "ts": "1554108597.038400"
            },
            {
                "user": "UFFJ077SL",
                "ts": "1554108640.038800"
            },
            {
                "user": "UFT7XUWJX",
                "ts": "1554234518.061700"
            },
            {
                "user": "UFT7XUWJX",
                "ts": "1554235386.062400"
            },
            {
                "user": "UFT7XUWJX",
                "ts": "1554236037.062600"
            }
        ]
    },
    {
        "client_msg_id": "f890d43e-4b9c-4b19-91aa-bcac7a657eaa",
        "type": "message",
        "text": "да. в чем трудности?",
        "user": "UEY47RCQZ",
        "ts": "1554106098.033800",
        "thread_ts": "1554106045.033700",
        "parent_user_id": "UFFJ077SL"
    },
    {
        "client_msg_id": "e19b9165-5efb-4d9e-a7b3-755d67d39f07",
        "type": "message",
        "text": "да что то не понял, пробовал так:\n$ curl -d \"name=New2&amp;email=new2@yandex.ru&amp;password=passwordNew\" localhost:8080\/topjava\/rest\/admin\/users\nВылазит ошибка 415 про заголовок, окей, передал еще заголовок, curl -d \"name=New2&amp;email=new2@yandex.ru&amp;password=passwordNew\" -H \"Content-Type: application\/json\" localhost:8080\/topjava\/rest\/admin\/users",
        "user": "UFFJ077SL",
        "ts": "1554106244.034000",
        "thread_ts": "1554106045.033700",
        "parent_user_id": "UFFJ077SL"
    },
    {
        "client_msg_id": "af993cef-3678-48c2-8085-cd0f33ccef3a",
        "type": "message",
        "text": "теперь возвращается bad request 400",
        "user": "UFFJ077SL",
        "ts": "1554106258.034200",
        "thread_ts": "1554106045.033700",
        "parent_user_id": "UFFJ077SL"
    },
    {
        "client_msg_id": "e002f0c6-9a22-4532-ad9f-8f410c6d30c6",
        "type": "message",
        "text": "для создания юзеров у нас вообще ждет",
        "user": "UFFJ077SL",
        "ts": "1554106294.034400",
        "thread_ts": "1554106045.033700",
        "parent_user_id": "UFFJ077SL"
    },
    {
        "client_msg_id": "46d695e9-cf6c-40cc-a9f5-83f7214da6e9",
        "type": "message",
        "text": "public ResponseEntity&lt;User&gt; createWithLocation(@RequestBody User user)",
        "user": "UFFJ077SL",
        "ts": "1554106295.034600",
        "thread_ts": "1554106045.033700",
        "parent_user_id": "UFFJ077SL"
    },
    {
        "client_msg_id": "cf67fc65-26e3-4e60-b427-9c6c7132a0f7",
        "type": "message",
        "text": "User",
        "user": "UFFJ077SL",
        "ts": "1554106297.034800",
        "thread_ts": "1554106045.033700",
        "parent_user_id": "UFFJ077SL"
    },
    {
        "client_msg_id": "ad6efe24-fb2f-46a3-8c08-39ddaf29f87a",
        "type": "message",
        "text": "вот что то я не понял, как я должен передать юзера",
        "user": "UFFJ077SL",
        "ts": "1554106306.035000",
        "thread_ts": "1554106045.033700",
        "parent_user_id": "UFFJ077SL"
    },
    {
        "client_msg_id": "1e9750f8-b56a-4048-93d8-a543f9c71e3a",
        "type": "message",
        "text": "<@UFFJ077SL> попробуй добавить {} и метод - POST",
        "user": "UEY47RCQZ",
        "ts": "1554106998.035200",
        "edited": {
            "user": "UEY47RCQZ",
            "ts": "1554107051.000000"
        },
        "thread_ts": "1554106045.033700",
        "parent_user_id": "UFFJ077SL"
    },
    {
        "client_msg_id": "859e790d-a157-4921-b1c5-cd8f55fdb5f1",
        "type": "message",
        "text": "curl -d '{\"name\":\"Vasya\",\"email\":\"<mailto:test1@gmail.com|test1@gmail.com>\",\"password\":\"pass\",\"roles\":[\"ROLE_USER\"]}' -H \"Content-Type: application\/json\" localhost:8080\/topjava\/rest\/admin\/users",
        "user": "UFFJ077SL",
        "ts": "1554107129.035500",
        "edited": {
            "user": "UFFJ077SL",
            "ts": "1554107348.000000"
        },
        "thread_ts": "1554106045.033700",
        "parent_user_id": "UFFJ077SL"
    },
    {
        "client_msg_id": "54cc0c05-77bf-492b-b084-df4583f8b9bc",
        "type": "message",
        "text": "вот так норм получилось ) спасиб)",
        "user": "UFFJ077SL",
        "ts": "1554107135.035700",
        "thread_ts": "1554106045.033700",
        "parent_user_id": "UFFJ077SL"
    },
    {
        "client_msg_id": "dcbb55f0-62f5-4a54-98f3-b82f34a5eb1b",
        "type": "message",
        "text": "единственное, что не понятно",
        "user": "UFFJ077SL",
        "ts": "1554107466.036000",
        "thread_ts": "1554106045.033700",
        "parent_user_id": "UFFJ077SL"
    },
    {
        "client_msg_id": "25d44c68-5f1f-4d46-84f4-9f0003904da8",
        "type": "message",
        "text": "когда всех юзеров запрашиваю, ответ в каше приходит, без форматирования",
        "user": "UFFJ077SL",
        "ts": "1554107500.036200",
        "thread_ts": "1554106045.033700",
        "parent_user_id": "UFFJ077SL"
    },
    {
        "type": "message",
        "text": "",
        "files": [
            {
                "id": "FHELM1316",
                "created": 1554107647,
                "timestamp": 1554107647,
                "name": "image.png",
                "title": "Pasted image at 2019-04-01, 3:34 PM",
                "mimetype": "image\/png",
                "filetype": "png",
                "pretty_type": "PNG",
                "user": "UFFJ077SL",
                "editable": false,
                "size": 97651,
                "mode": "hosted",
                "is_external": false,
                "external_type": "",
                "is_public": true,
                "public_url_shared": false,
                "display_as_bot": false,
                "username": "",
                "url_private": "https:\/\/files.slack.com\/files-pri\/TE09AK9BK-FHELM1316\/image.png?t=xoxe-476316655393-618179035285-606757826531-bd1c7b831233e0d053294a8f47715ef5",
                "url_private_download": "https:\/\/files.slack.com\/files-pri\/TE09AK9BK-FHELM1316\/download\/image.png?t=xoxe-476316655393-618179035285-606757826531-bd1c7b831233e0d053294a8f47715ef5",
                "thumb_64": "https:\/\/files.slack.com\/files-tmb\/TE09AK9BK-FHELM1316-e3d09a9ec6\/image_64.png?t=xoxe-476316655393-618179035285-606757826531-bd1c7b831233e0d053294a8f47715ef5",
                "thumb_80": "https:\/\/files.slack.com\/files-tmb\/TE09AK9BK-FHELM1316-e3d09a9ec6\/image_80.png?t=xoxe-476316655393-618179035285-606757826531-bd1c7b831233e0d053294a8f47715ef5",
                "thumb_360": "https:\/\/files.slack.com\/files-tmb\/TE09AK9BK-FHELM1316-e3d09a9ec6\/image_360.png?t=xoxe-476316655393-618179035285-606757826531-bd1c7b831233e0d053294a8f47715ef5",
                "thumb_360_w": 360,
                "thumb_360_h": 192,
                "thumb_480": "https:\/\/files.slack.com\/files-tmb\/TE09AK9BK-FHELM1316-e3d09a9ec6\/image_480.png?t=xoxe-476316655393-618179035285-606757826531-bd1c7b831233e0d053294a8f47715ef5",
                "thumb_480_w": 480,
                "thumb_480_h": 256,
                "thumb_160": "https:\/\/files.slack.com\/files-tmb\/TE09AK9BK-FHELM1316-e3d09a9ec6\/image_160.png?t=xoxe-476316655393-618179035285-606757826531-bd1c7b831233e0d053294a8f47715ef5",
                "thumb_720": "https:\/\/files.slack.com\/files-tmb\/TE09AK9BK-FHELM1316-e3d09a9ec6\/image_720.png?t=xoxe-476316655393-618179035285-606757826531-bd1c7b831233e0d053294a8f47715ef5",
                "thumb_720_w": 720,
                "thumb_720_h": 384,
                "thumb_800": "https:\/\/files.slack.com\/files-tmb\/TE09AK9BK-FHELM1316-e3d09a9ec6\/image_800.png?t=xoxe-476316655393-618179035285-606757826531-bd1c7b831233e0d053294a8f47715ef5",
                "thumb_800_w": 800,
                "thumb_800_h": 426,
                "image_exif_rotation": 1,
                "original_w": 931,
                "original_h": 496,
                "permalink": "https:\/\/topjava16.slack.com\/files\/UFFJ077SL\/FHELM1316\/image.png",
                "permalink_public": "https:\/\/slack-files.com\/TE09AK9BK-FHELM1316-160ce523e7",
                "has_rich_preview": false
            }
        ],
        "upload": true,
        "user": "UFFJ077SL",
        "display_as_bot": false,
        "ts": "1554107650.036400",
        "client_msg_id": "bad3aec9-718e-4e0e-aa28-55438d6a725d",
        "thread_ts": "1554106045.033700",
        "parent_user_id": "UFFJ077SL"
    },
    {
        "client_msg_id": "2bc415d1-d592-4e79-ac51-c3ff70f45d95",
        "type": "message",
        "text": "вот так метод getAll выглядит",
        "user": "UFFJ077SL",
        "ts": "1554107655.036800",
        "thread_ts": "1554106045.033700",
        "parent_user_id": "UFFJ077SL"
    },
    {
        "client_msg_id": "03f55b41-88bb-49ce-8d79-f0610a5e1f02",
        "type": "message",
        "text": "единственный норм вариант это -o tmp.json добавить и в файл выводить?",
        "user": "UFFJ077SL",
        "ts": "1554107675.037000",
        "thread_ts": "1554106045.033700",
        "parent_user_id": "UFFJ077SL"
    },
    {
        "client_msg_id": "498e8792-7e7c-43ee-b1c7-d9c0249dfaa9",
        "type": "message",
        "text": "Я так понял, что curl не может форматировать. Нужно что-то дополнительно. Я использую postman. Для задач проекта достаточно + есть вывод для curl.",
        "user": "UEY47RCQZ",
        "ts": "1554108258.037200",
        "thread_ts": "1554106045.033700",
        "parent_user_id": "UFFJ077SL"
    },
    {
        "type": "message",
        "text": "",
        "files": [
            {
                "id": "FHELYSD8Q",
                "created": 1554108294,
                "timestamp": 1554108294,
                "name": "image.png",
                "title": "Pasted image at 2019-04-01, 11:44 AM",
                "mimetype": "image\/png",
                "filetype": "png",
                "pretty_type": "PNG",
                "user": "UEY47RCQZ",
                "editable": false,
                "size": 38053,
                "mode": "hosted",
                "is_external": false,
                "external_type": "",
                "is_public": true,
                "public_url_shared": false,
                "display_as_bot": false,
                "username": "",
                "url_private": "https:\/\/files.slack.com\/files-pri\/TE09AK9BK-FHELYSD8Q\/image.png?t=xoxe-476316655393-618179035285-606757826531-bd1c7b831233e0d053294a8f47715ef5",
                "url_private_download": "https:\/\/files.slack.com\/files-pri\/TE09AK9BK-FHELYSD8Q\/download\/image.png?t=xoxe-476316655393-618179035285-606757826531-bd1c7b831233e0d053294a8f47715ef5",
                "thumb_64": "https:\/\/files.slack.com\/files-tmb\/TE09AK9BK-FHELYSD8Q-27ec526147\/image_64.png?t=xoxe-476316655393-618179035285-606757826531-bd1c7b831233e0d053294a8f47715ef5",
                "thumb_80": "https:\/\/files.slack.com\/files-tmb\/TE09AK9BK-FHELYSD8Q-27ec526147\/image_80.png?t=xoxe-476316655393-618179035285-606757826531-bd1c7b831233e0d053294a8f47715ef5",
                "thumb_360": "https:\/\/files.slack.com\/files-tmb\/TE09AK9BK-FHELYSD8Q-27ec526147\/image_360.png?t=xoxe-476316655393-618179035285-606757826531-bd1c7b831233e0d053294a8f47715ef5",
                "thumb_360_w": 357,
                "thumb_360_h": 360,
                "thumb_160": "https:\/\/files.slack.com\/files-tmb\/TE09AK9BK-FHELYSD8Q-27ec526147\/image_160.png?t=xoxe-476316655393-618179035285-606757826531-bd1c7b831233e0d053294a8f47715ef5",
                "image_exif_rotation": 1,
                "original_w": 461,
                "original_h": 465,
                "permalink": "https:\/\/topjava16.slack.com\/files\/UEY47RCQZ\/FHELYSD8Q\/image.png",
                "permalink_public": "https:\/\/slack-files.com\/TE09AK9BK-FHELYSD8Q-97dc74297c",
                "has_rich_preview": false
            }
        ],
        "upload": true,
        "user": "UEY47RCQZ",
        "display_as_bot": false,
        "ts": "1554108295.037400",
        "client_msg_id": "5e2380f9-7bb7-4ba7-bda1-ebb49aeab60a",
        "thread_ts": "1554106045.033700",
        "parent_user_id": "UFFJ077SL"
    },
    {
        "client_msg_id": "1a5b7a1b-99db-458f-a787-4e9296bade25",
        "type": "message",
        "text": "да я просто прочитал в выпускном проекте, что нужно предоставить скрипты курла для голосования, вывода результатов",
        "user": "UFFJ077SL",
        "ts": "1554108371.037800",
        "thread_ts": "1554106045.033700",
        "parent_user_id": "UFFJ077SL"
    },
    {
        "client_msg_id": "43de60de-4ee1-4337-8c92-1f1277786864",
        "type": "message",
        "text": "решил поиграться с курлом на нашем проекте",
        "user": "UFFJ077SL",
        "ts": "1554108377.038000",
        "thread_ts": "1554106045.033700",
        "parent_user_id": "UFFJ077SL"
    },
    {
        "client_msg_id": "aadf0466-adca-4e60-a1b0-2a3c286c14bf",
        "type": "message",
        "text": "а так я в браузере плагин поставил, он тоже json выводит отформатированный )",
        "user": "UFFJ077SL",
        "ts": "1554108415.038200",
        "thread_ts": "1554106045.033700",
        "parent_user_id": "UFFJ077SL"
    },
    {
        "type": "message",
        "text": "postman позволяет генерировать curl команды",
        "files": [
            {
                "id": "FHEM4EH96",
                "created": 1554108595,
                "timestamp": 1554108595,
                "name": "image.png",
                "title": "Pasted image at 2019-04-01, 11:48 AM",
                "mimetype": "image\/png",
                "filetype": "png",
                "pretty_type": "PNG",
                "user": "UEY47RCQZ",
                "editable": false,
                "size": 25593,
                "mode": "hosted",
                "is_external": false,
                "external_type": "",
                "is_public": true,
                "public_url_shared": false,
                "display_as_bot": false,
                "username": "",
                "url_private": "https:\/\/files.slack.com\/files-pri\/TE09AK9BK-FHEM4EH96\/image.png?t=xoxe-476316655393-618179035285-606757826531-bd1c7b831233e0d053294a8f47715ef5",
                "url_private_download": "https:\/\/files.slack.com\/files-pri\/TE09AK9BK-FHEM4EH96\/download\/image.png?t=xoxe-476316655393-618179035285-606757826531-bd1c7b831233e0d053294a8f47715ef5",
                "thumb_64": "https:\/\/files.slack.com\/files-tmb\/TE09AK9BK-FHEM4EH96-cc9f1f9412\/image_64.png?t=xoxe-476316655393-618179035285-606757826531-bd1c7b831233e0d053294a8f47715ef5",
                "thumb_80": "https:\/\/files.slack.com\/files-tmb\/TE09AK9BK-FHEM4EH96-cc9f1f9412\/image_80.png?t=xoxe-476316655393-618179035285-606757826531-bd1c7b831233e0d053294a8f47715ef5",
                "thumb_360": "https:\/\/files.slack.com\/files-tmb\/TE09AK9BK-FHEM4EH96-cc9f1f9412\/image_360.png?t=xoxe-476316655393-618179035285-606757826531-bd1c7b831233e0d053294a8f47715ef5",
                "thumb_360_w": 360,
                "thumb_360_h": 128,
                "thumb_480": "https:\/\/files.slack.com\/files-tmb\/TE09AK9BK-FHEM4EH96-cc9f1f9412\/image_480.png?t=xoxe-476316655393-618179035285-606757826531-bd1c7b831233e0d053294a8f47715ef5",
                "thumb_480_w": 480,
                "thumb_480_h": 170,
                "thumb_160": "https:\/\/files.slack.com\/files-tmb\/TE09AK9BK-FHEM4EH96-cc9f1f9412\/image_160.png?t=xoxe-476316655393-618179035285-606757826531-bd1c7b831233e0d053294a8f47715ef5",
                "thumb_720": "https:\/\/files.slack.com\/files-tmb\/TE09AK9BK-FHEM4EH96-cc9f1f9412\/image_720.png?t=xoxe-476316655393-618179035285-606757826531-bd1c7b831233e0d053294a8f47715ef5",
                "thumb_720_w": 720,
                "thumb_720_h": 255,
                "image_exif_rotation": 1,
                "original_w": 725,
                "original_h": 257,
                "permalink": "https:\/\/topjava16.slack.com\/files\/UEY47RCQZ\/FHEM4EH96\/image.png",
                "permalink_public": "https:\/\/slack-files.com\/TE09AK9BK-FHEM4EH96-4c780e48c2",
                "has_rich_preview": false
            }
        ],
        "upload": true,
        "user": "UEY47RCQZ",
        "display_as_bot": false,
        "ts": "1554108597.038400",
        "client_msg_id": "c18133b1-9d1a-4dd7-99de-6b1efa462ec7",
        "thread_ts": "1554106045.033700",
        "parent_user_id": "UFFJ077SL",
        "reactions": [
            {
                "name": "+1",
                "users": [
                    "UFZT3QMU6"
                ],
                "count": 1
            }
        ]
    },
    {
        "client_msg_id": "15db40ad-f2f1-45b7-af6e-5c8b6729de8a",
        "type": "message",
        "text": "м, надо попробовать )",
        "user": "UFFJ077SL",
        "ts": "1554108640.038800",
        "thread_ts": "1554106045.033700",
        "parent_user_id": "UFFJ077SL"
    },
    {
        "client_msg_id": "30535265-ea1e-4690-a52f-5741396bf9c6",
        "type": "message",
        "text": "Да, что то такое я видел. И подумал - неужто чрз этот сервис надо подключать.. Что может быть способ проще. Ладно, попробуем так.",
        "user": "UFZT3QMU6",
        "ts": "1554118430.039100",
        "thread_ts": "1554068038.026300",
        "parent_user_id": "UFZT3QMU6"
    },
    {
        "client_msg_id": "2ff3908c-48a3-418a-ada6-0338672c0420",
        "type": "message",
        "text": "если что-то в idea не работает первым делом запускаешь без нее",
        "user": "UE1ULNT9V",
        "ts": "1554120564.039400",
        "thread_ts": "1554062773.025300",
        "parent_user_id": "UFZT3QMU6"
    },
    {
        "client_msg_id": "2f37820d-b4b2-4327-af22-b30a39f80776",
        "type": "message",
        "text": "обычно clean помогает проекта и убить все java процессы",
        "user": "UE1ULNT9V",
        "ts": "1554120654.039600",
        "edited": {
            "user": "UE1ULNT9V",
            "ts": "1554120660.000000"
        },
        "thread_ts": "1554031468.017700",
        "parent_user_id": "UFP7PTM99"
    },
    {
        "client_msg_id": "a1d0691f-bcb6-4e7f-ac4a-4ef1a54242b9",
        "type": "message",
        "text": "для этого проперти должен попадать один из context:property-placeholder\nа для этого должен быть один из профилей hsqldb\/postgres\nу тебя он активируется в тестах?",
        "user": "UE1ULNT9V",
        "ts": "1554120972.039900",
        "edited": {
            "user": "UE1ULNT9V",
            "ts": "1554120984.000000"
        },
        "thread_ts": "1554104144.033200",
        "parent_user_id": "UG862J8F8"
    },
    {
        "client_msg_id": "3da96bc7-13e1-46e6-b99d-3883eac5671d",
        "type": "message",
        "text": "Кто как понял задание 2.2?",
        "user": "UFT7XUWJX",
        "ts": "1554123405.040800",
        "thread_ts": "1554123405.040800",
        "reply_count": 4,
        "reply_users_count": 3,
        "latest_reply": "1554139295.042900",
        "reply_users": [
            "UFT7XUWJX",
            "UFKNK1SBG",
            "UFZT3QMU6"
        ],
        "replies": [
            {
                "user": "UFT7XUWJX",
                "ts": "1554123464.040900"
            },
            {
                "user": "UFKNK1SBG",
                "ts": "1554123614.041100"
            },
            {
                "user": "UFT7XUWJX",
                "ts": "1554123684.041300"
            },
            {
                "user": "UFZT3QMU6",
                "ts": "1554139295.042900"
            }
        ]
    },
    {
        "client_msg_id": "43d9341c-2437-45e8-a0e5-bb824ebc2e97",
        "type": "message",
        "text": "Надо принимать два параметра гетом в LocalDateTime, а потом конвертировать в четыре и передавать в супер?",
        "user": "UFT7XUWJX",
        "ts": "1554123464.040900",
        "thread_ts": "1554123405.040800",
        "parent_user_id": "UFT7XUWJX"
    },
    {
        "client_msg_id": "8c186b9a-dece-4392-a55d-150fbb3e75fb",
        "type": "message",
        "text": "Да, по идее",
        "user": "UFKNK1SBG",
        "ts": "1554123614.041100",
        "thread_ts": "1554123405.040800",
        "parent_user_id": "UFT7XUWJX"
    },
    {
        "client_msg_id": "0841a9f8-d585-4c43-a9dd-b0316140e37f",
        "type": "message",
        "text": "Спасибо.",
        "user": "UFT7XUWJX",
        "ts": "1554123684.041300",
        "thread_ts": "1554123405.040800",
        "parent_user_id": "UFT7XUWJX"
    },
    {
        "client_msg_id": "f983fb34-a50e-4054-b835-80ac78ea0b7b",
        "type": "message",
        "text": "<@UE1ULNT9V> Да это  я понимаю. Я не пойму как проверить активируется или нет? Профили вроде на месте в папке resources\/db. При запуске тестов Ошибка недопустимое определение компонента Caused by: org.springframework.beans.factory.BeanDefinitionStoreException: Invalid bean definition with name 'org.springframework.jdbc.datasource.init.DataSourceInitializer#0' defined in null:",
        "user": "UG862J8F8",
        "ts": "1554127900.041500",
        "edited": {
            "user": "UG862J8F8",
            "ts": "1554127918.000000"
        },
        "thread_ts": "1554104144.033200",
        "parent_user_id": "UG862J8F8"
    },
    {
        "client_msg_id": "e05aba12-c6f7-453d-9f21-d534e5160250",
        "type": "message",
        "text": "Какой ролик пересмотреть?",
        "user": "UG862J8F8",
        "ts": "1554127943.041800",
        "thread_ts": "1554104144.033200",
        "parent_user_id": "UG862J8F8"
    },
    {
        "client_msg_id": "185a4ca2-89df-4ac2-a38b-a45b4cd7317a",
        "type": "message",
        "text": "<@UG862J8F8>\n&gt; Профили вроде на месте\nпрофили в тестах активируются. через @ActiveProfiles\nты там либо константы, либо resolver\nсмотрим активированы ли определенные профили мы например в ru.javawebinar.topjava.service.AbstractServiceTest#isJpaBased",
        "user": "UE1ULNT9V",
        "ts": "1554128511.042000",
        "edited": {
            "user": "UE1ULNT9V",
            "ts": "1554128577.000000"
        },
        "thread_ts": "1554104144.033200",
        "parent_user_id": "UG862J8F8"
    },
    {
        "client_msg_id": "2b1d6261-266a-43bb-86f8-16dec1fcab1e",
        "type": "message",
        "text": "<@UE1ULNT9V> Ок! Понял спасибо! но там вроде все в порядке (Сверял с оригиналом )==========@ActiveProfiles(resolver=ActiveDbProfileResolver.class)======= и в и @ActiveProfiles(resolver = AllActiveProfileResolver.class)\nabstract public class AbstractControllerTest {",
        "user": "UG862J8F8",
        "ts": "1554129477.042300",
        "thread_ts": "1554104144.033200",
        "parent_user_id": "UG862J8F8"
    },
    {
        "client_msg_id": "94cfddb8-4aa9-4617-9943-71da77398996",
        "type": "message",
        "text": "а в мавене какой профиль поставлен? и еще clean \/refresh",
        "user": "UE1ULNT9V",
        "ts": "1554135328.042500",
        "thread_ts": "1554104144.033200",
        "parent_user_id": "UG862J8F8"
    },
    {
        "client_msg_id": "c53fbf3f-3110-4e65-b38f-66518d18087e",
        "type": "message",
        "text": "Такой форматтер как там встроить легко:) Я вроде такой вставил в HW6.",
        "user": "UFZT3QMU6",
        "ts": "1554139295.042900",
        "thread_ts": "1554123405.040800",
        "parent_user_id": "UFT7XUWJX"
    },
    {
        "client_msg_id": "6530014a-82b6-4544-bb99-552c9c0f963a",
        "type": "message",
        "text": "<@UE1ULNT9V> Поставил hsqldb! Сейчас ошибка ОШИБКА СОЗДАНИЯ БИНА Caused by: org.springframework.beans.factory.BeanCreationException: Error creating bean with name 'entityManagerFactory' defined in class path resource [spring\/spring-db.xml]: Invocation of init method failed; nested exception is java.lang.NoSuchMethodError: javax.persistence.JoinColumn.foreignKey()Ljavax\/persistence\/ForeignKey;",
        "user": "UG862J8F8",
        "ts": "1554146336.043800",
        "thread_ts": "1554104144.033200",
        "parent_user_id": "UG862J8F8"
    },
    {
        "client_msg_id": "71e35bbd-1505-4390-b075-5789cfe177e4",
        "type": "message",
        "text": "Кто как сделал optional?",
        "user": "UFT7XUWJX",
        "ts": "1554157019.044600",
        "thread_ts": "1554157019.044600",
        "reply_count": 9,
        "reply_users_count": 4,
        "latest_reply": "1554766006.082500",
        "reply_users": [
            "UFT7XUWJX",
            "UFZT3QMU6",
            "UEY47RCQZ",
            "UFBHB8PFS"
        ],
        "replies": [
            {
                "user": "UFT7XUWJX",
                "ts": "1554157040.044700"
            },
            {
                "user": "UFZT3QMU6",
                "ts": "1554159027.045100"
            },
            {
                "user": "UEY47RCQZ",
                "ts": "1554184408.045700"
            },
            {
                "user": "UEY47RCQZ",
                "ts": "1554184451.045900"
            },
            {
                "user": "UFZT3QMU6",
                "ts": "1554198016.053100"
            },
            {
                "user": "UFZT3QMU6",
                "ts": "1554198124.053300"
            },
            {
                "user": "UFT7XUWJX",
                "ts": "1554222957.057500"
            },
            {
                "user": "UFBHB8PFS",
                "ts": "1554284581.063200"
            },
            {
                "user": "UFZT3QMU6",
                "ts": "1554766006.082500"
            }
        ]
    },
    {
        "client_msg_id": "7eb87bf7-2082-4e00-ad1e-a41c9f85d1d8",
        "type": "message",
        "text": "Через post или get?",
        "user": "UFT7XUWJX",
        "ts": "1554157040.044700",
        "thread_ts": "1554157019.044600",
        "parent_user_id": "UFT7XUWJX"
    },
    {
        "client_msg_id": "5c08c916-4c89-41c5-b9b5-d8e6a0b34e51",
        "type": "message",
        "text": "hsqldb-если tomcat запускаешь, нужно web.xml профиль поменять (11 строчка)\nв уроке есть",
        "user": "UE1ULNT9V",
        "ts": "1554158167.044900",
        "thread_ts": "1554104144.033200",
        "parent_user_id": "UG862J8F8"
    },
    {
        "client_msg_id": "b5ed626a-7dab-4d72-8647-5bfcf29e9a5f",
        "type": "message",
        "text": "У меня post. Все-тки там может быть отправка формы post'ом.",
        "user": "UFZT3QMU6",
        "ts": "1554159027.045100",
        "thread_ts": "1554157019.044600",
        "parent_user_id": "UFT7XUWJX"
    },
    {
        "client_msg_id": "71080524-0b47-42c8-a14a-68863e514318",
        "type": "message",
        "text": "В смысле вы getBeetwen() сделали post запросом? Причем тут отправка формы? Это же rest контроллер.. Для UI в проекте другой контроллер.. В уроке была ссылка (там первая табличка может объяснить как использовать методы http для операций над ресурсами): <https:\/\/blog.mwaysolutions.com\/2014\/06\/05\/10-best-practices-for-better-restful-api\/>",
        "user": "UEY47RCQZ",
        "ts": "1554184408.045700",
        "thread_ts": "1554157019.044600",
        "parent_user_id": "UFT7XUWJX",
        "reactions": [
            {
                "name": "+1",
                "users": [
                    "UFKG13683"
                ],
                "count": 1
            }
        ]
    },
    {
        "type": "message",
        "text": "",
        "files": [
            {
                "id": "FHKKFA83Z",
                "created": 1554184450,
                "timestamp": 1554184450,
                "name": "image.png",
                "title": "Pasted image at 2019-04-02, 8:54 AM",
                "mimetype": "image\/png",
                "filetype": "png",
                "pretty_type": "PNG",
                "user": "UEY47RCQZ",
                "editable": false,
                "size": 33818,
                "mode": "hosted",
                "is_external": false,
                "external_type": "",
                "is_public": true,
                "public_url_shared": false,
                "display_as_bot": false,
                "username": "",
                "url_private": "https:\/\/files.slack.com\/files-pri\/TE09AK9BK-FHKKFA83Z\/image.png?t=xoxe-476316655393-618179035285-606757826531-bd1c7b831233e0d053294a8f47715ef5",
                "url_private_download": "https:\/\/files.slack.com\/files-pri\/TE09AK9BK-FHKKFA83Z\/download\/image.png?t=xoxe-476316655393-618179035285-606757826531-bd1c7b831233e0d053294a8f47715ef5",
                "thumb_64": "https:\/\/files.slack.com\/files-tmb\/TE09AK9BK-FHKKFA83Z-0a6c306394\/image_64.png?t=xoxe-476316655393-618179035285-606757826531-bd1c7b831233e0d053294a8f47715ef5",
                "thumb_80": "https:\/\/files.slack.com\/files-tmb\/TE09AK9BK-FHKKFA83Z-0a6c306394\/image_80.png?t=xoxe-476316655393-618179035285-606757826531-bd1c7b831233e0d053294a8f47715ef5",
                "thumb_360": "https:\/\/files.slack.com\/files-tmb\/TE09AK9BK-FHKKFA83Z-0a6c306394\/image_360.png?t=xoxe-476316655393-618179035285-606757826531-bd1c7b831233e0d053294a8f47715ef5",
                "thumb_360_w": 360,
                "thumb_360_h": 157,
                "thumb_480": "https:\/\/files.slack.com\/files-tmb\/TE09AK9BK-FHKKFA83Z-0a6c306394\/image_480.png?t=xoxe-476316655393-618179035285-606757826531-bd1c7b831233e0d053294a8f47715ef5",
                "thumb_480_w": 480,
                "thumb_480_h": 210,
                "thumb_160": "https:\/\/files.slack.com\/files-tmb\/TE09AK9BK-FHKKFA83Z-0a6c306394\/image_160.png?t=xoxe-476316655393-618179035285-606757826531-bd1c7b831233e0d053294a8f47715ef5",
                "thumb_720": "https:\/\/files.slack.com\/files-tmb\/TE09AK9BK-FHKKFA83Z-0a6c306394\/image_720.png?t=xoxe-476316655393-618179035285-606757826531-bd1c7b831233e0d053294a8f47715ef5",
                "thumb_720_w": 720,
                "thumb_720_h": 314,
                "image_exif_rotation": 1,
                "original_w": 767,
                "original_h": 335,
                "permalink": "https:\/\/topjava16.slack.com\/files\/UEY47RCQZ\/FHKKFA83Z\/image.png",
                "permalink_public": "https:\/\/slack-files.com\/TE09AK9BK-FHKKFA83Z-39019ca465",
                "has_rich_preview": false
            }
        ],
        "upload": true,
        "user": "UEY47RCQZ",
        "display_as_bot": false,
        "ts": "1554184451.045900",
        "client_msg_id": "9b23fbf4-68df-4d5c-9358-486531132280",
        "thread_ts": "1554157019.044600",
        "parent_user_id": "UFT7XUWJX",
        "reactions": [
            {
                "name": "+1",
                "users": [
                    "UFT7XUWJX"
                ],
                "count": 1
            }
        ]
    },
    {
        "client_msg_id": "327e4c1d-e65f-4d84-bcf0-227b6f9c4229",
        "type": "message",
        "text": "Всем привет. Возникает ошибка \"JSON parse error: Unexpected character (''' (code 39)): expected a valid value (number, String, array, object, 'true', 'false' or 'null');\" при выполнении curl запросов POST\/PUT и для пользователей и для еды. При том что у учителей мои POST\/PUT запросы выполняются правильно, без ошибок. ОС Windows, выполняю запросы в командной строке. Может быть у кого то тоже так было, как починили?",
        "user": "UFSPCA7L7",
        "ts": "1554185982.050200",
        "thread_ts": "1554185982.050200",
        "reply_count": 6,
        "reply_users_count": 3,
        "latest_reply": "1554193255.051500",
        "reply_users": [
            "UEY47RCQZ",
            "UFSPCA7L7",
            "UFKG13683"
        ],
        "replies": [
            {
                "user": "UEY47RCQZ",
                "ts": "1554186202.050300"
            },
            {
                "user": "UFSPCA7L7",
                "ts": "1554186249.050500"
            },
            {
                "user": "UEY47RCQZ",
                "ts": "1554186351.050800"
            },
            {
                "user": "UFSPCA7L7",
                "ts": "1554186607.051100"
            },
            {
                "user": "UFKG13683",
                "ts": "1554192875.051300"
            },
            {
                "user": "UFSPCA7L7",
                "ts": "1554193255.051500"
            }
        ]
    },
    {
        "client_msg_id": "b9216c52-1551-41be-a852-8e15b467d13f",
        "type": "message",
        "text": "Скинь запрос, который не выполняется",
        "user": "UEY47RCQZ",
        "ts": "1554186202.050300",
        "thread_ts": "1554185982.050200",
        "parent_user_id": "UFSPCA7L7"
    },
    {
        "client_msg_id": "4011138a-8008-4205-a834-ce4d5c67b2f7",
        "type": "message",
        "text": "curl -X PUT -H \"Content-Type: application\/json\" -d '{\"calories\":\"80\"}' <http:\/\/localhost:8080\/topjava\/rest\/meals\/100003>",
        "user": "UFSPCA7L7",
        "ts": "1554186249.050500",
        "thread_ts": "1554185982.050200",
        "parent_user_id": "UFSPCA7L7"
    },
    {
        "client_msg_id": "20d507ca-ace1-423e-8704-085319ec1919",
        "type": "message",
        "text": "Попробуй в строке заменить одинарные кавычки на двойные, а внутренние экранировать\n```\n'{\"calories\":\"80\"}' \n```\n\nвот так: ` \"[{\\\"id\\\":100003,\\\"dateTime\\\":\\\"2015-05-30T10:00:01\\\",\\\"description\\\":\\\"New\\\",\\\"calories\\\":200}]\"`",
        "user": "UEY47RCQZ",
        "ts": "1554186351.050800",
        "edited": {
            "user": "UEY47RCQZ",
            "ts": "1554186500.000000"
        },
        "thread_ts": "1554185982.050200",
        "parent_user_id": "UFSPCA7L7"
    },
    {
        "client_msg_id": "551e9e09-8373-4c70-a40a-d4d9275bd91d",
        "type": "message",
        "text": "Большое спасибо :slightly_smiling_face:",
        "user": "UFSPCA7L7",
        "ts": "1554186607.051100",
        "thread_ts": "1554185982.050200",
        "parent_user_id": "UFSPCA7L7"
    }
]