[
    {
        "client_msg_id": "39fffcfe-9ccb-4fe8-a9ef-bcffe0de670a",
        "type": "message",
        "text": "<@UFZT3QMU6> и тем не менее, в демо приложения фильтрация делается через get",
        "user": "UFBHB8PFS",
        "ts": "1554284581.063200",
        "thread_ts": "1554157019.044600",
        "parent_user_id": "UFT7XUWJX"
    },
    {
        "client_msg_id": "638c20f6-935a-4bea-8f1f-02ab86648eea",
        "type": "message",
        "text": "А json нужно десериализовать в MealTo или Meal? Для первого случая пришлось добавить сеттеры и дефолт конструктор в TO.",
        "user": "UFLKE29QW",
        "ts": "1554287459.063500",
        "thread_ts": "1554230592.061400",
        "parent_user_id": "UFKR9FT55"
    },
    {
        "client_msg_id": "f93a810b-434b-45b7-82c2-ae34d15ba681",
        "type": "message",
        "text": "В To нельзя размещать логику, а конструктор никто не запрещает.",
        "user": "UEY47RCQZ",
        "ts": "1554289902.063700",
        "thread_ts": "1554230592.061400",
        "parent_user_id": "UFKR9FT55"
    },
    {
        "client_msg_id": "64338070-e18a-4144-8cf4-28547a79763c",
        "type": "message",
        "text": "так я только конструктор и сеттеры добавил, потому что не мог дессериализовать",
        "user": "UFLKE29QW",
        "ts": "1554289980.063900",
        "thread_ts": "1554230592.061400",
        "parent_user_id": "UFKR9FT55",
        "reactions": [
            {
                "name": "+1",
                "users": [
                    "UEY47RCQZ"
                ],
                "count": 1
            }
        ]
    },
    {
        "client_msg_id": "7e593933-95ab-415c-aa17-723e327be61d",
        "type": "message",
        "text": "Какой то косяк с MealTo. Не хочет десериализовываться. Пока получал Meal все было в порядке. MealTestData подредактировал для MealTo. Выдает java.lang.IllegalArgumentException: Invalid read array from JSON:\n'[{\"id\":100009,\"dateTime\":\"2015-06-01T21:00:00\",\"description\":\"Админ ужин\",\"calories\":1500,\"excess\":true},{\"id\":100008,\"dateTime\":\"2015-06-01T14:00:00\",\"description\":\"Админ ланч\",\"calories\":510,\"excess\":true}]'\n\n\tat ru.javawebinar.topjava.web.json.JsonUtil.readValues(JsonUtil.java:19)\n\tat ru.javawebinar.topjava.TestUtil.readListFromJsonMvcResult(TestUtil.java:24)",
        "user": "UFKR9FT55",
        "ts": "1554290897.065600",
        "thread_ts": "1554290897.065600",
        "reply_count": 2,
        "reply_users_count": 2,
        "latest_reply": "1554295514.067000",
        "reply_users": [
            "UFKG13683",
            "UE1ULNT9V"
        ],
        "replies": [
            {
                "user": "UFKG13683",
                "ts": "1554293019.066800"
            },
            {
                "user": "UE1ULNT9V",
                "ts": "1554295514.067000"
            }
        ]
    },
    {
        "client_msg_id": "2ef98fb0-9291-4f75-9c38-abd28f245a78",
        "type": "message",
        "text": "Нужен дефолтный конструктор в MealTo.",
        "user": "UFKG13683",
        "ts": "1554293019.066800",
        "thread_ts": "1554290897.065600",
        "parent_user_id": "UFKR9FT55",
        "reactions": [
            {
                "name": "heavy_check_mark",
                "users": [
                    "UE1ULNT9V"
                ],
                "count": 1
            }
        ]
    },
    {
        "client_msg_id": "027c1133-5039-427a-9b62-c6f26956e6d2",
        "type": "message",
        "text": "а еще- смотреть верх последнего эксепшена",
        "user": "UE1ULNT9V",
        "ts": "1554295514.067000",
        "thread_ts": "1554290897.065600",
        "parent_user_id": "UFKR9FT55"
    },
    {
        "client_msg_id": "53ce9f29-fd22-4841-ba38-0288b9cbb1fe",
        "type": "message",
        "text": "В опшинал нормально будет если делать запрос без параметров для метода between и возвращать всю еду пользователя?",
        "user": "UFLKE29QW",
        "ts": "1554299752.068700",
        "thread_ts": "1554299752.068700",
        "reply_count": 3,
        "reply_users_count": 2,
        "latest_reply": "1554300047.069300",
        "reply_users": [
            "UFPRT4B28",
            "UFLKE29QW"
        ],
        "replies": [
            {
                "user": "UFPRT4B28",
                "ts": "1554299827.068800"
            },
            {
                "user": "UFLKE29QW",
                "ts": "1554299924.069100"
            },
            {
                "user": "UFPRT4B28",
                "ts": "1554300047.069300"
            }
        ]
    },
    {
        "client_msg_id": "767b7dd3-9592-444d-be77-034c8fca383b",
        "type": "message",
        "text": "нужны параметры. всю-неоптимально",
        "user": "UFPRT4B28",
        "ts": "1554299827.068800",
        "edited": {
            "user": "UFPRT4B28",
            "ts": "1554299883.000000"
        },
        "thread_ts": "1554299752.068700",
        "parent_user_id": "UFLKE29QW"
    },
    {
        "client_msg_id": "66a16b16-af5b-4135-b709-dc381ac0164b",
        "type": "message",
        "text": "Но если без них то можно вернуть всю еду(у меня на getBetween URL rest\/meals\/between + parameters(required = false)",
        "user": "UFLKE29QW",
        "ts": "1554299924.069100",
        "thread_ts": "1554299752.068700",
        "parent_user_id": "UFLKE29QW"
    },
    {
        "client_msg_id": "1634ce3e-821b-4587-bebd-07551f55d6ce",
        "type": "message",
        "text": "если без них то да!",
        "user": "UFPRT4B28",
        "ts": "1554300047.069300",
        "thread_ts": "1554299752.068700",
        "parent_user_id": "UFLKE29QW",
        "reactions": [
            {
                "name": "+1",
                "users": [
                    "UFLKE29QW"
                ],
                "count": 1
            }
        ]
    },
    {
        "client_msg_id": "f883e23a-73fc-43ce-928f-ebbd762324c8",
        "type": "message",
        "text": "Убрал сеттеры. Достаточно дефолтного конструктора в MealTo",
        "user": "UFLKE29QW",
        "ts": "1554300230.071500",
        "thread_ts": "1554230592.061400",
        "parent_user_id": "UFKR9FT55"
    },
    {
        "client_msg_id": "06189abe-f945-4376-acd0-49c6dc457bea",
        "type": "message",
        "text": "Используя эту подсказку не нужно даже дефолтного конструктора <https:\/\/urvanov.ru\/2016\/12\/03\/jackson-%D0%B8-%D0%BD%D0%B5%D0%B8%D0%B7%D0%BC%D0%B5%D0%BD%D1%8F%D0%B5%D0%BC%D1%8B%D0%B5-%D0%BE%D0%B1%D1%8A%D0%B5%D0%BA%D1%82%D1%8B\/>",
        "user": "UFLKE29QW",
        "ts": "1554321882.075600",
        "thread_ts": "1554230592.061400",
        "parent_user_id": "UFKR9FT55"
    },
    {
        "type": "message",
        "text": "С таким кто-нибудь сталкивался? Это вроде не критично, потому что в Tomcat проект запускается, и я толком не понял происходит ли сборка в war-ик каждый раз перед запуском сервера или нет, по идее да, но тогда не ясно как же он вообще стартует если сборка проекта при запуске Maven-а происходит с ошибкой. (Ошибка при site и deploy)",
        "files": [
            {
                "id": "FHNQ73GK0",
                "created": 1554322014,
                "timestamp": 1554322014,
                "name": "image.png",
                "title": "Pasted image at 2019-04-03, 11:06 PM",
                "mimetype": "image\/png",
                "filetype": "png",
                "pretty_type": "PNG",
                "user": "UFP7PTM99",
                "editable": false,
                "size": 20962,
                "mode": "hosted",
                "is_external": false,
                "external_type": "",
                "is_public": true,
                "public_url_shared": false,
                "display_as_bot": false,
                "username": "",
                "url_private": "https:\/\/files.slack.com\/files-pri\/TE09AK9BK-FHNQ73GK0\/image.png?t=xoxe-476316655393-618179035285-606757826531-bd1c7b831233e0d053294a8f47715ef5",
                "url_private_download": "https:\/\/files.slack.com\/files-pri\/TE09AK9BK-FHNQ73GK0\/download\/image.png?t=xoxe-476316655393-618179035285-606757826531-bd1c7b831233e0d053294a8f47715ef5",
                "thumb_64": "https:\/\/files.slack.com\/files-tmb\/TE09AK9BK-FHNQ73GK0-597fe5a56a\/image_64.png?t=xoxe-476316655393-618179035285-606757826531-bd1c7b831233e0d053294a8f47715ef5",
                "thumb_80": "https:\/\/files.slack.com\/files-tmb\/TE09AK9BK-FHNQ73GK0-597fe5a56a\/image_80.png?t=xoxe-476316655393-618179035285-606757826531-bd1c7b831233e0d053294a8f47715ef5",
                "thumb_360": "https:\/\/files.slack.com\/files-tmb\/TE09AK9BK-FHNQ73GK0-597fe5a56a\/image_360.png?t=xoxe-476316655393-618179035285-606757826531-bd1c7b831233e0d053294a8f47715ef5",
                "thumb_360_w": 360,
                "thumb_360_h": 26,
                "thumb_480": "https:\/\/files.slack.com\/files-tmb\/TE09AK9BK-FHNQ73GK0-597fe5a56a\/image_480.png?t=xoxe-476316655393-618179035285-606757826531-bd1c7b831233e0d053294a8f47715ef5",
                "thumb_480_w": 480,
                "thumb_480_h": 35,
                "thumb_160": "https:\/\/files.slack.com\/files-tmb\/TE09AK9BK-FHNQ73GK0-597fe5a56a\/image_160.png?t=xoxe-476316655393-618179035285-606757826531-bd1c7b831233e0d053294a8f47715ef5",
                "thumb_720": "https:\/\/files.slack.com\/files-tmb\/TE09AK9BK-FHNQ73GK0-597fe5a56a\/image_720.png?t=xoxe-476316655393-618179035285-606757826531-bd1c7b831233e0d053294a8f47715ef5",
                "thumb_720_w": 720,
                "thumb_720_h": 52,
                "thumb_800": "https:\/\/files.slack.com\/files-tmb\/TE09AK9BK-FHNQ73GK0-597fe5a56a\/image_800.png?t=xoxe-476316655393-618179035285-606757826531-bd1c7b831233e0d053294a8f47715ef5",
                "thumb_800_w": 800,
                "thumb_800_h": 58,
                "thumb_960": "https:\/\/files.slack.com\/files-tmb\/TE09AK9BK-FHNQ73GK0-597fe5a56a\/image_960.png?t=xoxe-476316655393-618179035285-606757826531-bd1c7b831233e0d053294a8f47715ef5",
                "thumb_960_w": 960,
                "thumb_960_h": 70,
                "thumb_1024": "https:\/\/files.slack.com\/files-tmb\/TE09AK9BK-FHNQ73GK0-597fe5a56a\/image_1024.png?t=xoxe-476316655393-618179035285-606757826531-bd1c7b831233e0d053294a8f47715ef5",
                "thumb_1024_w": 1024,
                "thumb_1024_h": 75,
                "image_exif_rotation": 1,
                "original_w": 1661,
                "original_h": 121,
                "permalink": "https:\/\/topjava16.slack.com\/files\/UFP7PTM99\/FHNQ73GK0\/image.png",
                "permalink_public": "https:\/\/slack-files.com\/TE09AK9BK-FHNQ73GK0-b105ccfc68",
                "has_rich_preview": false
            }
        ],
        "upload": true,
        "user": "UFP7PTM99",
        "display_as_bot": false,
        "ts": "1554322021.077200",
        "edited": {
            "user": "UFP7PTM99",
            "ts": "1554322534.000000"
        },
        "client_msg_id": "b552bf97-8c8d-4b5b-bceb-38f73a51cb7b",
        "thread_ts": "1554322021.077200",
        "reply_count": 3,
        "reply_users_count": 2,
        "latest_reply": "1554327734.080500",
        "reply_users": [
            "UFP7PTM99",
            "UE1ULNT9V"
        ],
        "replies": [
            {
                "user": "UFP7PTM99",
                "ts": "1554322387.077500"
            },
            {
                "user": "UFP7PTM99",
                "ts": "1554325754.079900"
            },
            {
                "user": "UE1ULNT9V",
                "ts": "1554327734.080500"
            }
        ]
    },
    {
        "client_msg_id": "7f4778b5-7106-4c07-b7f8-d3e3592655ef",
        "type": "message",
        "text": "Ошибку я погуглил, люди пишут что в pom.xml должен быть &lt;distributionManagement&gt;\n    &lt;repository&gt;\n раздел, в котором описывается maven Repository по идее. Но зачем это нужно суть не ясно, одни догадки на эту тему.",
        "user": "UFP7PTM99",
        "ts": "1554322387.077500",
        "thread_ts": "1554322021.077200",
        "parent_user_id": "UFP7PTM99"
    },
    {
        "client_msg_id": "aa18c26e-26df-470d-8742-4b6c9f8fa2e8",
        "type": "message",
        "text": "В Idea .md файл отображается норм, а залил на GitHub и там вместо заголовка ####AdminRestController. Почему так?",
        "user": "UFLKE29QW",
        "ts": "1554322603.079100",
        "thread_ts": "1554322603.079100",
        "reply_count": 1,
        "reply_users_count": 1,
        "latest_reply": "1554327769.080700",
        "reply_users": [
            "UE1ULNT9V"
        ],
        "replies": [
            {
                "user": "UE1ULNT9V",
                "ts": "1554327769.080700"
            }
        ]
    },
    {
        "client_msg_id": "a92cf5ce-23e6-4534-a6e8-876c66bef6a5",
        "type": "message",
        "text": "есть два решения:\n1. открыть в блокноте файл SoapUI-(№версии).vmoptions, который лежит в каталоге с экзешником, добавить строку:\n-Dfile.encoding=UTF8\nсохранить, перезапустить.\n2. В конкретном запросе через Properties (есть кнопка внизу слева родительского окна (v 5.4.0))\/Request Properties установить значение UTF-8 для поля Encoding.",
        "user": "UFKQ3T6AG",
        "ts": "1554324301.079200",
        "edited": {
            "user": "UFKQ3T6AG",
            "ts": "1554324830.000000"
        },
        "thread_ts": "1554228588.058500",
        "parent_user_id": "UFT7XUWJX"
    },
    {
        "client_msg_id": "2f702733-0b1e-4e51-9683-f48392294807",
        "type": "message",
        "text": "Сказалось непонимание фундаментальных вещей в Maven;\ninstall: install the package to a local repository\ndeploy: copy the package to the remote repository\nа package сборка в war-ик проходит без ошибок, потому все и работает.\n\nP.s. в голове доминировало поверхностное представление о том что в процессе сборки по очереди запускаются все фазы lifecycle, а получается что некоторые весьма специфичны и не всегда нужны.",
        "user": "UFP7PTM99",
        "ts": "1554325754.079900",
        "edited": {
            "user": "UFP7PTM99",
            "ts": "1554325888.000000"
        },
        "thread_ts": "1554322021.077200",
        "parent_user_id": "UFP7PTM99",
        "reactions": [
            {
                "name": "heavy_check_mark",
                "users": [
                    "UE1ULNT9V"
                ],
                "count": 1
            }
        ]
    },
    {
        "client_msg_id": "f1006a34-049d-41a7-b32d-fe8efdb1b279",
        "type": "message",
        "text": "deploy на работе обычно когда делают корпоративный репозиторий и ты свой артифакт туда деплоишь\nно при разработке это нечасто. обычно уже когда прод собирают специальные люди",
        "user": "UE1ULNT9V",
        "ts": "1554327734.080500",
        "thread_ts": "1554322021.077200",
        "parent_user_id": "UFP7PTM99"
    },
    {
        "client_msg_id": "2cab0a3a-82c5-4e88-a970-60dd88a3d7ac",
        "type": "message",
        "text": "пробел попробуй после #",
        "user": "UE1ULNT9V",
        "ts": "1554327769.080700",
        "thread_ts": "1554322603.079100",
        "parent_user_id": "UFLKE29QW",
        "reactions": [
            {
                "name": "+1",
                "users": [
                    "UFLKE29QW"
                ],
                "count": 1
            }
        ]
    }
]