[
    {
        "client_msg_id": "b148dcf2-b68d-41ac-a523-b410bcfe180c",
        "type": "message",
        "text": "Смотрю видео разбора ДЗ HW0 --&gt; 2. Работа с git в IDEA. Реализация через цикл.\nТам в методе getFilteredWithExcessByCycle() есть такая строка:\nmeals.forEach(meal -&gt; caloriesSumByDate.merge(meal.getDate(), meal.getCalories(), Integer::sum)\n\nВопрос: Как написать Integer::sum средствами Java 7 (Без Method Reference из Java :sunglasses:",
        "user": "UGLLHPNR2",
        "ts": "1553084875.001300",
        "thread_ts": "1553084875.001300",
        "reply_count": 4,
        "reply_users_count": 3,
        "latest_reply": "1553139913.002400",
        "reply_users": [
            "UEUTPR8KW",
            "UGLLHPNR2",
            "UF7MD83EU"
        ],
        "replies": [
            {
                "user": "UEUTPR8KW",
                "ts": "1553090375.001600"
            },
            {
                "user": "UGLLHPNR2",
                "ts": "1553093556.002000"
            },
            {
                "user": "UEUTPR8KW",
                "ts": "1553110198.002200"
            },
            {
                "user": "UF7MD83EU",
                "ts": "1553139913.002400"
            }
        ]
    },
    {
        "client_msg_id": "b9e525a0-54b3-4a11-ab88-1d184e359ae1",
        "type": "message",
        "text": "никак",
        "user": "UE1ULNT9V",
        "ts": "1553087198.001500"
    },
    {
        "client_msg_id": "05264b93-5b57-4df4-a5d2-90e74a9f1814",
        "type": "message",
        "text": "```(a, b) -&gt; Integer.sum(a, b)```",
        "user": "UEUTPR8KW",
        "ts": "1553090375.001600",
        "thread_ts": "1553084875.001300",
        "parent_user_id": "UGLLHPNR2"
    },
    {
        "client_msg_id": "097b0952-14e0-4cec-af3b-c5269e7fab8d",
        "type": "message",
        "text": "Это вместо Method Reference с использованием лямбды?",
        "user": "UGLLHPNR2",
        "ts": "1553093556.002000",
        "thread_ts": "1553084875.001300",
        "parent_user_id": "UGLLHPNR2"
    },
    {
        "client_msg_id": "ef931e5f-ddf6-4ec5-9d44-f420f75e4837",
        "type": "message",
        "text": "да, но на 7 и такое не прокатит)",
        "user": "UEUTPR8KW",
        "ts": "1553110198.002200",
        "thread_ts": "1553084875.001300",
        "parent_user_id": "UGLLHPNR2"
    },
    {
        "client_msg_id": "e4d5f95a-a27d-46ed-a389-8b8602e1bb22",
        "type": "message",
        "text": "```new BinaryOperator&lt;Integer&gt;() {\n       @Override\n        public Integer apply(Integer a, Integer b) {\n              return Integer.sum(a, b);\n        }\n}```\nно это не поможет, т.к. стримов и бинарных операторов в 7ой тоже не было",
        "user": "UF7MD83EU",
        "ts": "1553139913.002400",
        "edited": {
            "user": "UF7MD83EU",
            "ts": "1553139945.000000"
        },
        "thread_ts": "1553084875.001300",
        "parent_user_id": "UGLLHPNR2"
    }
]