[
    {
        "client_msg_id": "b5cf7cfd-f6a2-4f53-ad00-90c10eb1b8c5",
        "type": "message",
        "text": "переслала письмо",
        "user": "UFPRT4B28",
        "ts": "1549011599.104800",
        "thread_ts": "1548961304.100700",
        "parent_user_id": "UFNTL4QV9"
    },
    {
        "client_msg_id": "5f61c367-b9e6-4ab4-b6a8-b0b0b60e0d34",
        "type": "message",
        "text": "<@UFVQWFQHM> решил сумму калорий по дате не проверять? По условию нужно еще флаг менять если эта сумма превышает переданную в параметре метода. Группировку нужно юзать в случае стримов.",
        "user": "UFTSGQ7U5",
        "ts": "1549018562.105200",
        "thread_ts": "1548887694.093700",
        "parent_user_id": "UFQ35BUP4"
    },
    {
        "client_msg_id": "1434ca12-3623-4c53-aa9c-a88bb7358d82",
        "type": "message",
        "text": "В общем надо все переделывать）Вечером обновлюсь）",
        "user": "UFVQWFQHM",
        "ts": "1549018756.105400",
        "thread_ts": "1548887694.093700",
        "parent_user_id": "UFQ35BUP4"
    },
    {
        "client_msg_id": "482dded4-cc2e-45c0-b228-90f0d85bd4da",
        "type": "message",
        "text": "<@UFNTL4QV9> ты не один такой, это моя 5 попытка",
        "user": "UFVG5Q7S6",
        "ts": "1549022565.105800",
        "edited": {
            "user": "UFVG5Q7S6",
            "ts": "1549023040.000000"
        },
        "thread_ts": "1548961304.100700",
        "parent_user_id": "UFNTL4QV9"
    },
    {
        "client_msg_id": "51ec9e46-e146-4977-93ef-86c7a55ce171",
        "type": "message",
        "text": "<@UFPRT4B28> Спасибо!!!",
        "user": "UFNTL4QV9",
        "ts": "1549025437.106200",
        "thread_ts": "1548961304.100700",
        "parent_user_id": "UFNTL4QV9"
    },
    {
        "client_msg_id": "da17f916-2c5e-4ff9-be7e-258e49892948",
        "type": "message",
        "text": "что за рассылка с чем？",
        "user": "UFVQWFQHM",
        "ts": "1549062960.107200",
        "thread_ts": "1548961304.100700",
        "parent_user_id": "UFNTL4QV9"
    }
]