[
    {
        "client_msg_id": "42cfc164-3a50-41ef-9c0f-89060fcbef59",
        "type": "message",
        "text": "так, вторник- это 05.10. ошибся",
        "user": "UE1ULNT9V",
        "ts": "1548152076.038100",
        "thread_ts": "1548054166.034100",
        "parent_user_id": "UFFJ077SL"
    },
    {
        "client_msg_id": "89df1e4b-6762-43cf-8328-b4302ec7233d",
        "type": "message",
        "text": "да, но если с самого начала с HW0, то до дедлайна 05.10\nвообще лучше пораньше- тогда можно исправить ошибки и еще раз сделать ревью",
        "user": "UE1ULNT9V",
        "ts": "1548152111.038300",
        "thread_ts": "1548099261.037100",
        "parent_user_id": "UFJBMRL7K"
    },
    {
        "client_msg_id": "bc7a1831-9598-4507-8b34-fa41270906ee",
        "type": "message",
        "text": "<@UE1ULNT9V> Я смотрю перешли на java 11 - &lt;java.version&gt;11&lt;\/java.version&gt;, но нигде ни слова на вступительном занятии, даже наоборот куча ссылок на статьи по java 8:   ```Java 8 Date and Time API, Установить ПО (git, JDK8, IntelliJ IDEA, Maven), A Guide to Java 8 и тд ...```",
        "user": "UFF1JGE9H",
        "ts": "1548222326.041400",
        "thread_ts": "1548222326.041400",
        "reply_count": 8,
        "reply_users_count": 5,
        "latest_reply": "1548255889.047000",
        "reply_users": [
            "UF0MYABQQ",
            "UFKMGA8S3",
            "UFF1JGE9H",
            "UFBHB8PFS",
            "UE1ULNT9V"
        ],
        "replies": [
            {
                "user": "UF0MYABQQ",
                "ts": "1548225514.041500"
            },
            {
                "user": "UFKMGA8S3",
                "ts": "1548227173.041700"
            },
            {
                "user": "UFF1JGE9H",
                "ts": "1548230048.042000"
            },
            {
                "user": "UFBHB8PFS",
                "ts": "1548232617.042200"
            },
            {
                "user": "UFF1JGE9H",
                "ts": "1548234941.045700"
            },
            {
                "user": "UFBHB8PFS",
                "ts": "1548235378.046000"
            },
            {
                "user": "UFBHB8PFS",
                "ts": "1548235421.046200"
            },
            {
                "user": "UE1ULNT9V",
                "ts": "1548255889.047000"
            }
        ]
    },
    {
        "client_msg_id": "dcd9bb30-97e6-48f1-a889-9e2440b6cbe8",
        "type": "message",
        "text": "Будет рассказано позже,как переходить и что нового",
        "user": "UF0MYABQQ",
        "ts": "1548225514.041500",
        "thread_ts": "1548222326.041400",
        "parent_user_id": "UFF1JGE9H"
    },
    {
        "client_msg_id": "c6a5fa97-07be-4b17-981c-83839f38bcbb",
        "type": "message",
        "text": "Я как понял, продолжаем использовать java8, а на 5 занятии, будем делать переход на java11",
        "user": "UFKMGA8S3",
        "ts": "1548227173.041700",
        "edited": {
            "user": "UFKMGA8S3",
            "ts": "1548227200.000000"
        },
        "thread_ts": "1548222326.041400",
        "parent_user_id": "UFF1JGE9H",
        "reactions": [
            {
                "name": "heavy_check_mark",
                "users": [
                    "UE1ULNT9V"
                ],
                "count": 1
            }
        ]
    },
    {
        "client_msg_id": "25cf3ec6-51c8-4318-9d67-82c87561441a",
        "type": "message",
        "text": "не, не получится сейчас использовать 8, в pom.xml прописана 11я. Он просто не запустится на 8й... если только не исправить pom. Короче нужны ЦУ от автора)",
        "user": "UFF1JGE9H",
        "ts": "1548230048.042000",
        "thread_ts": "1548222326.041400",
        "parent_user_id": "UFF1JGE9H"
    }
]