[
    {
        "client_msg_id": "cd26638f-4a9a-42eb-92d9-690802b954d2",
        "type": "message",
        "text": "а сколько слов? )))...в одну строку сделай",
        "user": "UFQ35BUP4",
        "ts": "1549269369.133100",
        "thread_ts": "1548887694.093700",
        "parent_user_id": "UFQ35BUP4"
    },
    {
        "client_msg_id": "34129a06-1cea-4b8a-bbcc-c17d9419cae6",
        "type": "message",
        "text": "Кто сделал за один стрим? С помощью коллектора или что там надо использовать?",
        "user": "UFVQWFQHM",
        "ts": "1549272597.133600",
        "thread_ts": "1548887694.093700",
        "parent_user_id": "UFQ35BUP4"
    },
    {
        "client_msg_id": "51b5b1df-19f1-4376-a813-e082ba67499a",
        "type": "message",
        "text": "после review стало 13 )",
        "user": "UFT7XUWJX",
        "ts": "1549306305.134500",
        "thread_ts": "1548887694.093700",
        "parent_user_id": "UFQ35BUP4"
    },
    {
        "client_msg_id": "a6235313-ac7f-449a-8e58-238f019486b2",
        "type": "message",
        "text": "Вообше кто то вернул list в стриме? Только чтобы было реально видно, что это именно arraylist или linkedList, а не просто тупо стрим или .toList? Чтоб прчм в дебаггере можно было увидеть, что это List?",
        "user": "UFVQWFQHM",
        "ts": "1549309294.136700",
        "edited": {
            "user": "UFVQWFQHM",
            "ts": "1549309491.000000"
        },
        "thread_ts": "1549309294.136700",
        "reply_count": 12,
        "reply_users_count": 6,
        "latest_reply": "1549464570.147000",
        "reply_users": [
            "UF2MZBKAR",
            "UFVQWFQHM",
            "UFPV5FPLK",
            "UFA0AFYAZ",
            "UFTEY6H27",
            "UFQ35BUP4"
        ],
        "replies": [
            {
                "user": "UF2MZBKAR",
                "ts": "1549311571.137000"
            },
            {
                "user": "UFVQWFQHM",
                "ts": "1549313081.137200"
            },
            {
                "user": "UFPV5FPLK",
                "ts": "1549316552.138400"
            },
            {
                "user": "UFA0AFYAZ",
                "ts": "1549319583.139600"
            },
            {
                "user": "UFTEY6H27",
                "ts": "1549346332.140100"
            },
            {
                "user": "UFVQWFQHM",
                "ts": "1549355117.140400"
            },
            {
                "user": "UFQ35BUP4",
                "ts": "1549364469.143600"
            },
            {
                "user": "UFVQWFQHM",
                "ts": "1549397551.144200"
            },
            {
                "user": "UFQ35BUP4",
                "ts": "1549414058.145100"
            },
            {
                "user": "UFA0AFYAZ",
                "ts": "1549426521.145400"
            },
            {
                "user": "UFPV5FPLK",
                "ts": "1549440172.146400"
            },
            {
                "user": "UFVQWFQHM",
                "ts": "1549464570.147000"
            }
        ]
    },
    {
        "client_msg_id": "6269b1fe-22a1-4276-9d6c-5175c8bb5af7",
        "type": "message",
        "text": "List&lt;&gt; list = stream...toList()",
        "user": "UF2MZBKAR",
        "ts": "1549311571.137000",
        "thread_ts": "1549309294.136700",
        "parent_user_id": "UFVQWFQHM"
    },
    {
        "client_msg_id": "54fe94da-fc9a-4624-8eb4-2e630bf7b081",
        "type": "message",
        "text": "Да вот в том то и дело, что надо б из стрима Map  ＜a,b＞получить на выход List＜c＞ но прям что все в стриме происходило и никуда из него не выходило. В коллекторе не получается что то перевести из Map в List, чтоб я в дебаге видел класс не HashMap, а ArrayList к примеру. там еще какие то доллары)",
        "user": "UFVQWFQHM",
        "ts": "1549313081.137200",
        "edited": {
            "user": "UFVQWFQHM",
            "ts": "1549313174.000000"
        },
        "thread_ts": "1549309294.136700",
        "parent_user_id": "UFVQWFQHM"
    },
    {
        "client_msg_id": "9c685791-a4af-4d41-8782-151baa2c1187",
        "type": "message",
        "text": "а куда посылать на ссылку на тестовое ревью?",
        "user": "UFL6M7PR9",
        "ts": "1549316359.138300",
        "thread_ts": "1549316359.138300",
        "reply_count": 3,
        "reply_users_count": 3,
        "latest_reply": "1549317415.139400",
        "reply_users": [
            "UFPV5FPLK",
            "UF7MD83EU",
            "UFL6M7PR9"
        ],
        "replies": [
            {
                "user": "UFPV5FPLK",
                "ts": "1549316718.138800"
            },
            {
                "user": "UF7MD83EU",
                "ts": "1549316909.139200"
            },
            {
                "user": "UFL6M7PR9",
                "ts": "1549317415.139400"
            }
        ]
    },
    {
        "type": "message",
        "text": "Map-stream-toList\nВ дебагере виден ArrayList.",
        "files": [
            {
                "id": "FFX64GPA4",
                "created": 1549316548,
                "timestamp": 1549316548,
                "name": "image.png",
                "title": "Pasted image at 2019-02-04, 11:42 PM",
                "mimetype": "image\/png",
                "filetype": "png",
                "pretty_type": "PNG",
                "user": "UFPV5FPLK",
                "editable": false,
                "size": 54190,
                "mode": "hosted",
                "is_external": false,
                "external_type": "",
                "is_public": true,
                "public_url_shared": false,
                "display_as_bot": false,
                "username": "",
                "url_private": "https:\/\/files.slack.com\/files-pri\/TE09AK9BK-FFX64GPA4\/image.png?t=xoxe-476316655393-618179035285-606757826531-bd1c7b831233e0d053294a8f47715ef5",
                "url_private_download": "https:\/\/files.slack.com\/files-pri\/TE09AK9BK-FFX64GPA4\/download\/image.png?t=xoxe-476316655393-618179035285-606757826531-bd1c7b831233e0d053294a8f47715ef5",
                "thumb_64": "https:\/\/files.slack.com\/files-tmb\/TE09AK9BK-FFX64GPA4-72b1b2ec45\/image_64.png?t=xoxe-476316655393-618179035285-606757826531-bd1c7b831233e0d053294a8f47715ef5",
                "thumb_80": "https:\/\/files.slack.com\/files-tmb\/TE09AK9BK-FFX64GPA4-72b1b2ec45\/image_80.png?t=xoxe-476316655393-618179035285-606757826531-bd1c7b831233e0d053294a8f47715ef5",
                "thumb_360": "https:\/\/files.slack.com\/files-tmb\/TE09AK9BK-FFX64GPA4-72b1b2ec45\/image_360.png?t=xoxe-476316655393-618179035285-606757826531-bd1c7b831233e0d053294a8f47715ef5",
                "thumb_360_w": 360,
                "thumb_360_h": 155,
                "thumb_480": "https:\/\/files.slack.com\/files-tmb\/TE09AK9BK-FFX64GPA4-72b1b2ec45\/image_480.png?t=xoxe-476316655393-618179035285-606757826531-bd1c7b831233e0d053294a8f47715ef5",
                "thumb_480_w": 480,
                "thumb_480_h": 207,
                "thumb_160": "https:\/\/files.slack.com\/files-tmb\/TE09AK9BK-FFX64GPA4-72b1b2ec45\/image_160.png?t=xoxe-476316655393-618179035285-606757826531-bd1c7b831233e0d053294a8f47715ef5",
                "thumb_720": "https:\/\/files.slack.com\/files-tmb\/TE09AK9BK-FFX64GPA4-72b1b2ec45\/image_720.png?t=xoxe-476316655393-618179035285-606757826531-bd1c7b831233e0d053294a8f47715ef5",
                "thumb_720_w": 720,
                "thumb_720_h": 310,
                "thumb_800": "https:\/\/files.slack.com\/files-tmb\/TE09AK9BK-FFX64GPA4-72b1b2ec45\/image_800.png?t=xoxe-476316655393-618179035285-606757826531-bd1c7b831233e0d053294a8f47715ef5",
                "thumb_800_w": 800,
                "thumb_800_h": 344,
                "thumb_960": "https:\/\/files.slack.com\/files-tmb\/TE09AK9BK-FFX64GPA4-72b1b2ec45\/image_960.png?t=xoxe-476316655393-618179035285-606757826531-bd1c7b831233e0d053294a8f47715ef5",
                "thumb_960_w": 960,
                "thumb_960_h": 413,
                "thumb_1024": "https:\/\/files.slack.com\/files-tmb\/TE09AK9BK-FFX64GPA4-72b1b2ec45\/image_1024.png?t=xoxe-476316655393-618179035285-606757826531-bd1c7b831233e0d053294a8f47715ef5",
                "thumb_1024_w": 1024,
                "thumb_1024_h": 441,
                "image_exif_rotation": 1,
                "original_w": 1138,
                "original_h": 490,
                "permalink": "https:\/\/topjava16.slack.com\/files\/UFPV5FPLK\/FFX64GPA4\/image.png",
                "permalink_public": "https:\/\/slack-files.com\/TE09AK9BK-FFX64GPA4-1f0eacdd43",
                "has_rich_preview": false
            }
        ],
        "upload": true,
        "user": "UFPV5FPLK",
        "display_as_bot": false,
        "ts": "1549316552.138400",
        "thread_ts": "1549309294.136700",
        "parent_user_id": "UFVQWFQHM"
    },
    {
        "client_msg_id": "b2ab2733-f0e5-4287-be74-b72aa39c21ca",
        "type": "message",
        "text": "В канал <#CFWA9EVND|test_review>.\nНо код ревью нулевого урока много не даст - всего-то 10 строчек кода.",
        "user": "UFPV5FPLK",
        "ts": "1549316718.138800",
        "thread_ts": "1549316359.138300",
        "parent_user_id": "UFL6M7PR9"
    },
    {
        "client_msg_id": "7245781c-0037-4211-89e8-71dd61beb3b3",
        "type": "message",
        "text": "смотря какие строчки, иногда на 10 строчек кода простынь замечаний получается",
        "user": "UF7MD83EU",
        "ts": "1549316909.139200",
        "thread_ts": "1549316359.138300",
        "parent_user_id": "UFL6M7PR9"
    },
    {
        "client_msg_id": "f173eafe-84db-4b63-9f22-85e4bb8d5255",
        "type": "message",
        "text": "спасибо друзья)",
        "user": "UFL6M7PR9",
        "ts": "1549317415.139400",
        "thread_ts": "1549316359.138300",
        "parent_user_id": "UFL6M7PR9"
    },
    {
        "client_msg_id": "91a012bb-8cf3-465b-990f-5810d33d4cc5",
        "type": "message",
        "text": "Ну map состоит из пары ключ- значение, смотря что ты хочешь видеть в листе, если брать значения map, тогда по ним можно иттерироваться, чего там надо, делать, оставаясь в стриме, не делая терминальную операцию, а потом после всех действий собрать значения в список",
        "user": "UFA0AFYAZ",
        "ts": "1549319583.139600",
        "thread_ts": "1549309294.136700",
        "parent_user_id": "UFVQWFQHM"
    },
    {
        "client_msg_id": "6a0929c4-486c-4c71-b600-a738f0bce46e",
        "type": "message",
        "text": "Я всё правильно понимаю, что ты изначально получаешь из HashMap стрим? Я что-то путаю, или из map стрима не существует? Только из keySet или valueSet? Или я спросонья не так понял что-то",
        "user": "UFTEY6H27",
        "ts": "1549346332.140100",
        "thread_ts": "1549309294.136700",
        "parent_user_id": "UFVQWFQHM"
    }
]