[
    {
        "client_msg_id": "848bd49a-bf03-4f12-9f3b-d25c79252ad6",
        "type": "message",
        "text": "<@UE1ULNT9V> Тут получается недопонимание некоторое. У меня в письме про первое занятие есть такая фраза : ‘Рассылка первого занятия будет в четверг, 07.02’\nИз чего следует по моему мнению, что мне надо ожидать 7 февраля. Но как понимаю ждать уже не стоит :thinking_face:",
        "user": "UFF1JGE9H",
        "ts": "1547651734.027100",
        "thread_ts": "1547485339.014600",
        "parent_user_id": "UE1ULNT9V"
    },
    {
        "client_msg_id": "d5997b62-6ffd-4526-b37e-10eb21f6e9c4",
        "type": "message",
        "text": "аа, оно получается первым, если считать с нуля) Не очевидный момент.",
        "user": "UFF1JGE9H",
        "ts": "1547651786.027300",
        "thread_ts": "1547485339.014600",
        "parent_user_id": "UE1ULNT9V"
    },
    {
        "client_msg_id": "4eadf469-47ab-480b-b589-d3c4876c0a47",
        "type": "message",
        "text": "<@UFF1JGE9H> старт 31.01, первое занятие 07.02. Делать вступительно можно уже сейчас, смысл дожидаться старта?",
        "user": "UE1ULNT9V",
        "ts": "1547652012.027500",
        "edited": {
            "user": "UE1ULNT9V",
            "ts": "1547652021.000000"
        },
        "thread_ts": "1547485339.014600",
        "parent_user_id": "UE1ULNT9V"
    },
    {
        "client_msg_id": "64c7a1a1-6dfa-417e-b76c-89c12544efdc",
        "type": "message",
        "text": "Информацию о вступительном упустил, сразу про первое речь в письме.",
        "user": "UFF1JGE9H",
        "ts": "1547652849.027800",
        "thread_ts": "1547485339.014600",
        "parent_user_id": "UE1ULNT9V"
    }
]