[
    {
        "client_msg_id": "bd48fc8e-e78a-4257-9a49-1ebd3fa83e49",
        "type": "message",
        "text": "Здравствуйте, на первое занятие будет канал HW1?",
        "user": "UFQ0B3V0S",
        "ts": "1549528913.159300"
    },
    {
        "client_msg_id": "a2853952-910f-49b9-a76e-a963a873076a",
        "type": "message",
        "text": "да, он уже есть",
        "user": "UFFJ077SL",
        "ts": "1549528948.159500"
    },
    {
        "client_msg_id": "376ac179-e07b-41bb-9b5b-2c7c06425859",
        "type": "message",
        "text": "а как туда попасть?",
        "user": "UFQ0B3V0S",
        "ts": "1549529037.159700"
    },
    {
        "client_msg_id": "8d52fa4f-e555-449b-9428-326e6506d25a",
        "type": "message",
        "text": "мне email не пришел",
        "user": "UFQ0B3V0S",
        "ts": "1549529100.159900"
    },
    {
        "client_msg_id": "125a0284-db24-406b-942b-3a8be05334fb",
        "type": "message",
        "text": "<https:\/\/topjava16.slack.com\/archives\/CG063UDMG>",
        "user": "UFU5XFS5D",
        "ts": "1549529123.160100"
    },
    {
        "client_msg_id": "aa76d292-78fd-41d2-a7bd-6f9997388025",
        "type": "message",
        "text": "в дженерал канале",
        "user": "UFMAVCYKB",
        "ts": "1549529130.160300"
    },
    {
        "client_msg_id": "472f854b-a389-4ddc-bfe8-febf4ea7b512",
        "type": "message",
        "text": "Спасибо!!!",
        "user": "UFQ0B3V0S",
        "ts": "1549529200.160600"
    },
    {
        "client_msg_id": "1cdb31b9-2177-4922-af8e-5cfca8c20bee",
        "type": "message",
        "text": "ты имеешь в виду 2N - тут N2 - это N в квадрате",
        "user": "UF3BP78SF",
        "ts": "1549531864.160700",
        "thread_ts": "1548887694.093700",
        "parent_user_id": "UFQ35BUP4"
    },
    {
        "client_msg_id": "d38f8f27-d99e-4a0f-85d9-00916c6ba43d",
        "type": "message",
        "text": "Основная выгода стримов это то что не нужно писать код для распаралеливания. Достаточно заменить stream на parallelStream().\nВторое это более лаконичный код за счет использования лямбд в методах stream API.\nНашел недавно минус - в stream().forEach нельзя сделать break как в обычном цикле. Если кто знает как подскажите.",
        "user": "UF3BP78SF",
        "ts": "1549532148.160900",
        "edited": {
            "user": "UF3BP78SF",
            "ts": "1549532341.000000"
        },
        "thread_ts": "1549483655.155600",
        "parent_user_id": "UFKNK1SBG"
    },
    {
        "client_msg_id": "97bb7aa8-3576-48ff-b0b6-2016968dd4be",
        "type": "message",
        "text": "Точно 2N",
        "user": "UFT7XUWJX",
        "ts": "1549534355.161200",
        "thread_ts": "1548887694.093700",
        "parent_user_id": "UFQ35BUP4"
    },
    {
        "client_msg_id": "41f16f0f-9af0-4665-a180-8d6f3a54ad71",
        "type": "message",
        "text": "Привет. У меня два вопроса.\n1) Правильно ли я понимаю, что вариант решения стримом с одним return дан с целью показать что так тоже можно, но по правилам он является О(N^2) ?\n2) Можно ли где-то скачать код вариантов с AtomicBoolean и с последним с созданием коллектора, хочется разобраться, а по видео не очень удобно.",
        "user": "UFPRT4B28",
        "ts": "1549538878.165800",
        "edited": {
            "user": "UFPRT4B28",
            "ts": "1549538944.000000"
        }
    },
    {
        "client_msg_id": "6da5ea59-a7fd-4369-9712-8e9eb05f4196",
        "type": "message",
        "text": "Там же всё в патчах есть.",
        "user": "UFU5XFS5D",
        "ts": "1549538981.166200"
    },
    {
        "client_msg_id": "5d9259c3-2d01-4712-ad6f-2f60e5ded62a",
        "type": "message",
        "text": "о спасибо, я решила что это старый патч",
        "user": "UFPRT4B28",
        "ts": "1549539004.166600"
    },
    {
        "type": "message",
        "text": "Вот патч с самой сложнои и правильной версией",
        "files": [
            {
                "id": "FG0G4DPQC",
                "created": 1549539008,
                "timestamp": 1549539008,
                "name": "1_3_HW0_optional2.patch",
                "title": "1_3_HW0_optional2.patch",
                "mimetype": "text\/plain",
                "filetype": "diff",
                "pretty_type": "Diff",
                "user": "UFU5XFS5D",
                "editable": true,
                "size": 3773,
                "mode": "snippet",
                "is_external": false,
                "external_type": "",
                "is_public": true,
                "public_url_shared": false,
                "display_as_bot": false,
                "username": "",
                "url_private": "https:\/\/files.slack.com\/files-pri\/TE09AK9BK-FG0G4DPQC\/1_3_hw0_optional2.patch?t=xoxe-476316655393-618179035285-606757826531-bd1c7b831233e0d053294a8f47715ef5",
                "url_private_download": "https:\/\/files.slack.com\/files-pri\/TE09AK9BK-FG0G4DPQC\/download\/1_3_hw0_optional2.patch?t=xoxe-476316655393-618179035285-606757826531-bd1c7b831233e0d053294a8f47715ef5",
                "permalink": "https:\/\/topjava16.slack.com\/files\/UFU5XFS5D\/FG0G4DPQC\/1_3_hw0_optional2.patch",
                "permalink_public": "https:\/\/slack-files.com\/TE09AK9BK-FG0G4DPQC-40d29b8169",
                "edit_link": "https:\/\/topjava16.slack.com\/files\/UFU5XFS5D\/FG0G4DPQC\/1_3_hw0_optional2.patch\/edit",
                "has_rich_preview": false
            }
        ],
        "upload": true,
        "user": "UFU5XFS5D",
        "display_as_bot": false,
        "ts": "1549539008.166700"
    },
    {
        "client_msg_id": "1eb5c4a2-017d-4920-95eb-24c5c352ea20",
        "type": "message",
        "text": "а слона то я и не заметил, спасибо",
        "user": "UFPRT4B28",
        "ts": "1549539053.167200"
    },
    {
        "client_msg_id": "892de113-b53f-4e20-9168-03953c1f4695",
        "type": "message",
        "text": "Что-то я не вижу в данных методах (getFilteredWithExcessInOnePass и getFilteredWithExcessInOnePass2) решения в *один* проход.\nВ первом методе сперва проходим по входному списку и группируем по дням. Если входной список содержит по одной записи на каждый день, то на выходе получим этот же список и потом снова по нему итерируемся в _return list.stream()_. То, что его переименовали ничего не меняет - 2N итераций в итоге.\nАналогично во втором методе: первый стрим в строчке 71, второй в методе finisher(). В итоге те же 2N итераций.",
        "user": "UFPV5FPLK",
        "ts": "1549543310.172200"
    },
    {
        "client_msg_id": "6a632d10-059f-4986-b14e-45f8c93972fc",
        "type": "message",
        "text": "смотри в раздаточном материале ссылку по сложностям алгоритмов",
        "user": "UFMAVCYKB",
        "ts": "1549545567.173000"
    },
    {
        "client_msg_id": "336523f9-147d-4320-bb37-48fe9372cb16",
        "type": "message",
        "text": "константа 2 не рассматривается",
        "user": "UFMAVCYKB",
        "ts": "1549545600.173600"
    },
    {
        "client_msg_id": "0854f781-c9e5-463b-942f-71510db6e0ca",
        "type": "message",
        "text": "это будет O(N)",
        "user": "UFMAVCYKB",
        "ts": "1549545630.174300"
    },
    {
        "client_msg_id": "668086f1-f79d-4790-ac67-c8c04590f728",
        "type": "message",
        "text": "Я не говорю, что данное решение нелинейное. Я о том, что название метода (..InOnePass) не соответствует реализации (по факту 2 прохода)",
        "user": "UFPV5FPLK",
        "ts": "1549545753.175900"
    },
    {
        "client_msg_id": "1ff940b4-4bec-4667-9737-535796cad899",
        "type": "message",
        "text": "<@UFPRT4B28> все варианты решения O(N). самый \"правильный\" - именно в кавычках- getFilteredWithExcess. его оставим",
        "user": "UE1ULNT9V",
        "ts": "1549545954.177100"
    },
    {
        "client_msg_id": "e9feb90c-5182-4bf6-bbc9-a3f9a84f5a8d",
        "type": "message",
        "text": "<@UFPV5FPLK> прочти внимательно условия по Ontional2. Запрещается 2 раза проходить по исходному листу",
        "user": "UE1ULNT9V",
        "ts": "1549545998.177900"
    },
    {
        "client_msg_id": "38c27fcb-e0be-4815-8ac5-ad3804b7451c",
        "type": "message",
        "text": "<@UE1ULNT9V>, то есть, если в начале метода создать копию входного списка и использовать копию, то у меня будет ноль проходов по исходному списку?",
        "user": "UFPV5FPLK",
        "ts": "1549546102.179500"
    },
    {
        "client_msg_id": "8ad625fb-f250-44b9-9399-ca648e0c0dab",
        "type": "message",
        "text": "при чем тут это?)",
        "user": "UFMAVCYKB",
        "ts": "1549546128.179900",
        "thread_ts": "1549546128.179900",
        "reply_count": 1,
        "reply_users_count": 1,
        "latest_reply": "1549546226.180300",
        "reply_users": [
            "UFPV5FPLK"
        ],
        "replies": [
            {
                "user": "UFPV5FPLK",
                "ts": "1549546226.180300"
            }
        ]
    },
    {
        "client_msg_id": "28eec689-e60f-4999-b1b5-a1a97c99a07a",
        "type": "message",
        "text": "<@UFPV5FPLK> формально- да. фактически решение не приму",
        "user": "UE1ULNT9V",
        "ts": "1549546139.180200"
    },
    {
        "client_msg_id": "59b032d6-e366-480d-a74a-5af3a22efe05",
        "type": "message",
        "text": "Collection&lt;List&lt;Meal&gt;&gt; list = meals.stream().collect(Collectors.groupingBy(Meal::getDate)).values();\nэтот код создает копию исходного списка при условии, что каждый день содержит по одной записи",
        "user": "UFPV5FPLK",
        "ts": "1549546226.180300",
        "thread_ts": "1549546128.179900",
        "parent_user_id": "UFMAVCYKB"
    },
    {
        "client_msg_id": "6cb52119-b084-4b2f-9ba8-b812b77bc6ae",
        "type": "message",
        "text": "В решение N1 +N2 (или 2N), что приводится к сложности O(N)",
        "user": "UF9DY819B",
        "ts": "1549546763.182400"
    },
    {
        "client_msg_id": "f29cf2ec-b94f-45bc-82c2-70931d2b2050",
        "type": "message",
        "text": "<@UFPV5FPLK> Короче кто не решил еще за один проход по коллекции, то можно сделать так: проход и запись в одну количество калорий за день, в другую результат UserMeal фильтрованных. Потом пройтись по фильтрованной и вынуть оттуда сравнение результата для заполнения. Получилось 6+2 итераций. я так понял, что это самое кратчайщее. С стримами наверное надо тоже самое как то сделать.",
        "user": "UFVQWFQHM",
        "ts": "1549548182.184400",
        "edited": {
            "user": "UFVQWFQHM",
            "ts": "1549548375.000000"
        },
        "thread_ts": "1549548182.184400",
        "reply_count": 2,
        "reply_users_count": 2,
        "latest_reply": "1549551119.191100",
        "reply_users": [
            "UE1ULNT9V",
            "UFKNK1SBG"
        ],
        "replies": [
            {
                "user": "UE1ULNT9V",
                "ts": "1549548757.185900"
            },
            {
                "user": "UFKNK1SBG",
                "ts": "1549551119.191100"
            }
        ]
    },
    {
        "client_msg_id": "a9884e27-ea4c-4fc7-8f01-b2ecbff3ad93",
        "type": "message",
        "text": "уже можно решения смотреть:)",
        "user": "UE1ULNT9V",
        "ts": "1549548757.185900",
        "thread_ts": "1549548182.184400",
        "parent_user_id": "UFVQWFQHM"
    },
    {
        "client_msg_id": "5f97baf9-475f-435b-b687-824251e1720e",
        "type": "message",
        "text": "Добрый вечер!\nА можно поподробнее рассказать про то, как именно происходит установка AtomicBoolean exceed в true \"задним числом\" в листе?\nВедь к этому времени мы уже добавили туда new UserMealWithExceed с exceed=false.",
        "user": "UFTLU8L02",
        "ts": "1549549501.188300",
        "thread_ts": "1549549501.188300",
        "reply_count": 1,
        "reply_users_count": 1,
        "latest_reply": "1549563606.194800",
        "reply_users": [
            "UFKG13683"
        ],
        "replies": [
            {
                "user": "UFKG13683",
                "ts": "1549563606.194800"
            }
        ]
    },
    {
        "client_msg_id": "92bd3664-39d8-467e-b083-fa393b8fa0d4",
        "type": "message",
        "text": "это же референсный объект-обертка. точно также как мы можем по ссылке на лист менять значения его элементов",
        "user": "UE1ULNT9V",
        "ts": "1549550366.189200",
        "edited": {
            "user": "UE1ULNT9V",
            "ts": "1549550889.000000"
        }
    },
    {
        "client_msg_id": "a12f27a2-555c-4643-bcab-d57a4941aeb1",
        "type": "message",
        "text": "<@UFVQWFQHM> Я тоже сначала так сделал, но мне объяснили, что польза от такого вспомогательного списка сомнительна. Дело в том, что это в данном конкретном случае получается маленький список, но в общем то мы не будем знать, какой список будут отправлять параметром в этот метод. И если туда отправить список, в котором почти все элементы, а то и вообще все элементы останутся после фильтрации, тогда получится что мы просто создали второй такой же список, а значит это уже затратнее, чем просто дважды пройтись по исходному списку.",
        "user": "UFKNK1SBG",
        "ts": "1549551119.191100",
        "thread_ts": "1549548182.184400",
        "parent_user_id": "UFVQWFQHM"
    },
    {
        "client_msg_id": "652328dc-5598-4253-a7e5-d64112e1816f",
        "type": "message",
        "text": "Сорри, повнимательнее посмотрел на класс AtomicBoolean и нашел у него сеттер.\nПросто я сначала пробовал с обычным Boolean, у которого нет сеттера и соответственно у меня ничего не получалось.",
        "user": "UFTLU8L02",
        "ts": "1549551148.191700"
    },
    {
        "client_msg_id": "9837ce28-806d-4f95-a23b-54fbd4b2553e",
        "type": "message",
        "text": "у меня через циклы на 25% быстрее отрабатывает метод через стримы. Это так и должно быть?",
        "user": "UFL6M7PR9",
        "ts": "1549551598.193000",
        "thread_ts": "1549551598.193000",
        "reply_count": 9,
        "reply_users_count": 8,
        "latest_reply": "1549662958.195600",
        "reply_users": [
            "UFPV5FPLK",
            "UFL6M7PR9",
            "UFRNGAYP2",
            "UF2PXFBBR",
            "UFTEY6H27",
            "UE1ULNT9V",
            "UF3BP78SF",
            "UF9DY819B"
        ],
        "replies": [
            {
                "user": "UFPV5FPLK",
                "ts": "1549551680.193100"
            },
            {
                "user": "UFL6M7PR9",
                "ts": "1549551762.193300"
            },
            {
                "user": "UFRNGAYP2",
                "ts": "1549552335.193500"
            },
            {
                "user": "UF2PXFBBR",
                "ts": "1549552401.193700"
            },
            {
                "user": "UFTEY6H27",
                "ts": "1549552410.193900"
            },
            {
                "user": "UFPV5FPLK",
                "ts": "1549553670.194100"
            },
            {
                "user": "UE1ULNT9V",
                "ts": "1549553784.194300"
            },
            {
                "user": "UF3BP78SF",
                "ts": "1549608967.195400"
            },
            {
                "user": "UF9DY819B",
                "ts": "1549662958.195600"
            }
        ]
    },
    {
        "client_msg_id": "6ba9156d-a73c-4f54-9795-410e0b512e5a",
        "type": "message",
        "text": "зависит от средства и условий проведения замерений",
        "user": "UFPV5FPLK",
        "ts": "1549551680.193100",
        "thread_ts": "1549551598.193000",
        "parent_user_id": "UFL6M7PR9"
    },
    {
        "client_msg_id": "562ab14e-846f-4124-bd2d-f552474b17ac",
        "type": "message",
        "text": "а конретно для нашего задания лучше стрим или цикл?",
        "user": "UFL6M7PR9",
        "ts": "1549551762.193300",
        "thread_ts": "1549551598.193000",
        "parent_user_id": "UFL6M7PR9"
    },
    {
        "client_msg_id": "6a17d076-f5bd-4a33-85b1-618e8849fda5",
        "type": "message",
        "text": "все советуют стрим. Мне как новичку, удобнее через циклы",
        "user": "UFRNGAYP2",
        "ts": "1549552335.193500",
        "thread_ts": "1549551598.193000",
        "parent_user_id": "UFL6M7PR9"
    },
    {
        "client_msg_id": "1711baa5-6b5d-4f87-94f7-5fe54e24e24f",
        "type": "message",
        "text": "стрим лучше хотя бы с той позиции, что заставляет тебя перестроить свой мозг, потом начинаешь ценить стримы, опционалы, метод-референсы и т.п. - очень упрощает жизнь",
        "user": "UF2PXFBBR",
        "ts": "1549552401.193700",
        "thread_ts": "1549551598.193000",
        "parent_user_id": "UFL6M7PR9"
    },
    {
        "client_msg_id": "c0add6c1-987d-4df6-b98e-5fa8149ec39f",
        "type": "message",
        "text": "стрим читается легче. Григорий правильно говорит, что вопрос привычки. Но стримы стали уже обыденностью.",
        "user": "UFTEY6H27",
        "ts": "1549552410.193900",
        "thread_ts": "1549551598.193000",
        "parent_user_id": "UFL6M7PR9"
    },
    {
        "client_msg_id": "51200cd9-ad33-4ec9-8eee-ebbbffea5c54",
        "type": "message",
        "text": "Стрим - меньше кода, но цикл понимать проще. То же самое при сравнении анонимного класса и лямбды. Хотя если начинать изучение сразу с лямбд и на анонимные классы\/функции не обращать внимания, то может и наоборот.\nА для нашего задания, ИМХО, лучше то, что для самого проще понимать.",
        "user": "UFPV5FPLK",
        "ts": "1549553670.194100",
        "thread_ts": "1549551598.193000",
        "parent_user_id": "UFL6M7PR9"
    },
    {
        "client_msg_id": "59c3fad4-7410-434c-a157-536b58dfd14c",
        "type": "message",
        "text": "<https:\/\/github.com\/JavaOPs\/topjava#%D0%B7%D0%B0%D0%BC%D0%B5%D1%87%D0%B0%D0%BD%D0%B8%D1%8F-%D0%BF%D0%BE-%D0%B8%D1%81%D0%BF%D0%BE%D0%BB%D1%8C%D0%B7%D0%BE%D0%B2%D0%B0%D0%BD%D0%B8%D1%8E-stream-api>\nвторой раз уже даю. читайте урок внимательно!",
        "user": "UE1ULNT9V",
        "ts": "1549553784.194300",
        "edited": {
            "user": "UE1ULNT9V",
            "ts": "1549553790.000000"
        },
        "thread_ts": "1549551598.193000",
        "parent_user_id": "UFL6M7PR9"
    },
    {
        "client_msg_id": "c31cf241-cf37-4898-972c-c906526f30d1",
        "type": "message",
        "text": "Потому что у тебя в UserMealWithExceed будет ссылка на объект. И значение этого объекта с фолс меняется на тру. ",
        "user": "UFKG13683",
        "ts": "1549563606.194800",
        "thread_ts": "1549549501.188300",
        "parent_user_id": "UFTLU8L02"
    },
    {
        "client_msg_id": "7224288a-e5dc-46af-8555-9eedc10452fb",
        "type": "message",
        "text": "насчет скорости попробуйте вместо stream - parallelStream. И коллекцию побольше",
        "user": "UF3BP78SF",
        "ts": "1549608967.195400",
        "thread_ts": "1549551598.193000",
        "parent_user_id": "UFL6M7PR9"
    }
]