[
    {
        "client_msg_id": "63e6cefb-237c-409d-879a-956c35ee6628",
        "type": "message",
        "text": "O(2*N) ? :slightly_smiling_face:",
        "user": "UFALPSH7D",
        "ts": "1548663040.061400",
        "thread_ts": "1548618829.057800",
        "parent_user_id": "UE1ULNT9V"
    },
    {
        "client_msg_id": "D57F1C2A-CDAB-41E9-A94E-C98A591A0392",
        "type": "message",
        "text": "Добрый день! Как я понимаю где-то находится видео по вводному занятию. Подскажите пожалуйста где его найти?На гитхаб я так понимаю его нет",
        "user": "UFPN54N0L",
        "ts": "1548663125.063700",
        "thread_ts": "1548663125.063700",
        "reply_count": 3,
        "reply_users_count": 3,
        "latest_reply": "1548688399.072200",
        "reply_users": [
            "UF44A0V3K",
            "UE1ULNT9V",
            "UFPRT4B28"
        ],
        "replies": [
            {
                "user": "UF44A0V3K",
                "ts": "1548663324.063800"
            },
            {
                "user": "UE1ULNT9V",
                "ts": "1548673350.065300"
            },
            {
                "user": "UFPRT4B28",
                "ts": "1548688399.072200"
            }
        ]
    },
    {
        "client_msg_id": "81cf0519-ae84-4b46-923c-0a14fed5d616",
        "type": "message",
        "text": "В readme проекта из загаловка этого канала есть все ссылки на видео и прочие материалы.",
        "user": "UF44A0V3K",
        "ts": "1548663324.063800",
        "thread_ts": "1548663125.063700",
        "parent_user_id": "UFPN54N0L",
        "reactions": [
            {
                "name": "heavy_check_mark",
                "users": [
                    "UE1ULNT9V"
                ],
                "count": 1
            }
        ]
    },
    {
        "client_msg_id": "e8257c62-d9e3-407b-95eb-ae981fe7c8ee",
        "type": "message",
        "text": "Привет! Нет в задании такого требования",
        "user": "UFA0AFYAZ",
        "ts": "1548663990.064000",
        "thread_ts": "1548660635.060000",
        "parent_user_id": "UFKLLLP1A",
        "reactions": [
            {
                "name": "heavy_check_mark",
                "users": [
                    "UE1ULNT9V"
                ],
                "count": 1
            }
        ]
    },
    {
        "client_msg_id": "4388c71c-e323-4729-ac89-cfec07f90a9a",
        "type": "message",
        "text": "Подскажите, пожалуйста, как подсчитать проходы по коллекции при использовании Stream API?",
        "user": "UFKLLLP1A",
        "ts": "1548672766.065000",
        "thread_ts": "1548618829.057800",
        "parent_user_id": "UE1ULNT9V"
    },
    {
        "client_msg_id": "4bc8f0f2-0925-4e97-aa7b-e86828fa018c",
        "type": "message",
        "text": "+ ссылка и инеструкции есть в письме участника. его очень желательно прочитать",
        "user": "UE1ULNT9V",
        "ts": "1548673350.065300",
        "thread_ts": "1548663125.063700",
        "parent_user_id": "UFPN54N0L"
    },
    {
        "client_msg_id": "a482491a-96ae-4951-9d8a-f6c994259ed4",
        "type": "message",
        "text": "То есть сделать два варианта решения и одно из них закомменитровать? А то в задании написано не оставлять закомментированных строк. И это только для тех, кто оплатил проверку кода?",
        "user": "UFKR9FT55",
        "ts": "1548673966.065600",
        "thread_ts": "1548585389.055000",
        "parent_user_id": "UE1ULNT9V"
    },
    {
        "client_msg_id": "d0788a1e-15ed-4939-8f61-8b0f6632f646",
        "type": "message",
        "text": "O - это коэффициент- любое число. 2 прохода или 10 проходов это O(N). в уроке есть ссылки- почитайте",
        "user": "UE1ULNT9V",
        "ts": "1548675366.065800",
        "thread_ts": "1548618829.057800",
        "parent_user_id": "UE1ULNT9V"
    },
    {
        "client_msg_id": "232d0ada-9797-4b6e-92c1-e98807edf921",
        "type": "message",
        "text": "проходы по коллекции при использовании Stream API- если нет вложенных стримов- то O(N)",
        "user": "UE1ULNT9V",
        "ts": "1548675405.066000",
        "thread_ts": "1548618829.057800",
        "parent_user_id": "UE1ULNT9V"
    },
    {
        "client_msg_id": "7f47aabc-e9e8-45b5-912d-83a9989b1c7c",
        "type": "message",
        "text": "Повторяю некоторые момент. Есть статья по XML <http:\/\/www.vogella.com\/tutorials\/JavaXML\/article.html#xml_overview>\nВ статье сказано:\n```\nXML is the abbreviation for Extensible Markup Language and is an established data exchange format.\n```\nЕсли перевести это будет как-то так:\n```\nТипа XML это расширенный язык разметки и утверждённый формат обмена данных..\n```\nНо XML это не формат обмена данных. Это же лишь разметка. Ошибка что-ли в статье?",
        "user": "UF4M5BG3X",
        "ts": "1548682076.068800",
        "thread_ts": "1548682076.068800",
        "reply_count": 39,
        "reply_users_count": 9,
        "latest_reply": "1548791556.080600",
        "reply_users": [
            "UE1ULNT9V",
            "UF4M5BG3X",
            "UFFJ077SL",
            "UFP7PTM99",
            "UFJCHS6RE",
            "UFA0AFYAZ",
            "UFPV5FPLK",
            "UFH1T9S1Y",
            "UF44A0V3K"
        ],
        "replies": [
            {
                "user": "UE1ULNT9V",
                "ts": "1548682541.069000"
            },
            {
                "user": "UF4M5BG3X",
                "ts": "1548682696.069200"
            },
            {
                "user": "UF4M5BG3X",
                "ts": "1548682723.069400"
            },
            {
                "user": "UFFJ077SL",
                "ts": "1548683672.069600"
            },
            {
                "user": "UFFJ077SL",
                "ts": "1548683676.069800"
            },
            {
                "user": "UF4M5BG3X",
                "ts": "1548684304.070000"
            },
            {
                "user": "UF4M5BG3X",
                "ts": "1548684317.070200"
            },
            {
                "user": "UFFJ077SL",
                "ts": "1548684358.070400"
            },
            {
                "user": "UFFJ077SL",
                "ts": "1548684373.070600"
            },
            {
                "user": "UFP7PTM99",
                "ts": "1548686492.071800"
            },
            {
                "user": "UF4M5BG3X",
                "ts": "1548687583.072000"
            },
            {
                "user": "UFJCHS6RE",
                "ts": "1548694031.073000"
            },
            {
                "user": "UFA0AFYAZ",
                "ts": "1548695119.073200"
            },
            {
                "user": "UFPV5FPLK",
                "ts": "1548696974.073500"
            },
            {
                "user": "UFH1T9S1Y",
                "ts": "1548704846.073900"
            },
            {
                "user": "UF4M5BG3X",
                "ts": "1548710587.074400"
            },
            {
                "user": "UF4M5BG3X",
                "ts": "1548710660.074600"
            },
            {
                "user": "UFA0AFYAZ",
                "ts": "1548710718.074800"
            },
            {
                "user": "UF4M5BG3X",
                "ts": "1548711118.075000"
            },
            {
                "user": "UF4M5BG3X",
                "ts": "1548711120.075200"
            },
            {
                "user": "UF4M5BG3X",
                "ts": "1548711139.075400"
            },
            {
                "user": "UF44A0V3K",
                "ts": "1548759340.076300"
            },
            {
                "user": "UF4M5BG3X",
                "ts": "1548759416.076500"
            },
            {
                "user": "UF4M5BG3X",
                "ts": "1548762412.076700"
            },
            {
                "user": "UF4M5BG3X",
                "ts": "1548762681.077000"
            },
            {
                "user": "UF4M5BG3X",
                "ts": "1548762695.077300"
            },
            {
                "user": "UF4M5BG3X",
                "ts": "1548762702.077500"
            },
            {
                "user": "UFA0AFYAZ",
                "ts": "1548764928.077800"
            },
            {
                "user": "UF4M5BG3X",
                "ts": "1548765613.078000"
            },
            {
                "user": "UF4M5BG3X",
                "ts": "1548765627.078200"
            },
            {
                "user": "UFA0AFYAZ",
                "ts": "1548765723.078400"
            },
            {
                "user": "UFPV5FPLK",
                "ts": "1548766386.078700"
            },
            {
                "user": "UFA0AFYAZ",
                "ts": "1548767349.078900"
            },
            {
                "user": "UF4M5BG3X",
                "ts": "1548773037.079200"
            },
            {
                "user": "UF4M5BG3X",
                "ts": "1548773045.079400"
            },
            {
                "user": "UF4M5BG3X",
                "ts": "1548773067.079600"
            },
            {
                "user": "UFA0AFYAZ",
                "ts": "1548773135.079800"
            },
            {
                "user": "UF4M5BG3X",
                "ts": "1548777190.080000"
            },
            {
                "user": "UE1ULNT9V",
                "ts": "1548791556.080600"
            }
        ]
    },
    {
        "client_msg_id": "15957682-2482-4f2b-a2b7-f47994638589",
        "type": "message",
        "text": "думаю, можно назвать и форматом обмена данных",
        "user": "UE1ULNT9V",
        "ts": "1548682541.069000",
        "thread_ts": "1548682076.068800",
        "parent_user_id": "UF4M5BG3X"
    },
    {
        "client_msg_id": "f06a1d4a-481b-403b-9564-e0e01402f44d",
        "type": "message",
        "text": "Между кем?",
        "user": "UF4M5BG3X",
        "ts": "1548682696.069200",
        "thread_ts": "1548682076.068800",
        "parent_user_id": "UF4M5BG3X"
    },
    {
        "client_msg_id": "c8f5dd9d-7862-45f8-bccf-7811c9e91a6d",
        "type": "message",
        "text": "Я задумался о конкретике. Чтобы понять эту фразу",
        "user": "UF4M5BG3X",
        "ts": "1548682723.069400",
        "thread_ts": "1548682076.068800",
        "parent_user_id": "UF4M5BG3X"
    },
    {
        "client_msg_id": "3c2bee0f-7d85-4c3a-80c3-5c1839178c83",
        "type": "message",
        "text": "как вариант xml это один из форматов обмена данными между сервером и клиентом",
        "user": "UFFJ077SL",
        "ts": "1548683672.069600",
        "thread_ts": "1548682076.068800",
        "parent_user_id": "UF4M5BG3X"
    },
    {
        "client_msg_id": "cca97096-c81f-48bf-a5e9-5244fc09a856",
        "type": "message",
        "text": "так же как json",
        "user": "UFFJ077SL",
        "ts": "1548683676.069800",
        "thread_ts": "1548682076.068800",
        "parent_user_id": "UF4M5BG3X"
    },
    {
        "client_msg_id": "c33907a2-ccdb-4652-9b55-bf2125d367c1",
        "type": "message",
        "text": "разве кто-нить XML использует как JSON?",
        "user": "UF4M5BG3X",
        "ts": "1548684304.070000",
        "thread_ts": "1548682076.068800",
        "parent_user_id": "UF4M5BG3X"
    },
    {
        "client_msg_id": "a15b177e-63c3-4c8c-950b-e70677629596",
        "type": "message",
        "text": "первый раз об это слышу..",
        "user": "UF4M5BG3X",
        "ts": "1548684317.070200",
        "thread_ts": "1548682076.068800",
        "parent_user_id": "UF4M5BG3X"
    },
    {
        "client_msg_id": "3dc27054-f95e-4941-ac53-4e6debb82d80",
        "type": "message",
        "text": "нет, я говорю что вы можете между сервером и клиентом общаться разными форматами данных",
        "user": "UFFJ077SL",
        "ts": "1548684358.070400",
        "thread_ts": "1548682076.068800",
        "parent_user_id": "UF4M5BG3X"
    },
    {
        "client_msg_id": "3c1719a4-d34b-480f-aad1-ed60ee6975a0",
        "type": "message",
        "text": "можете json’ом, можете XML, можете еще как то",
        "user": "UFFJ077SL",
        "ts": "1548684373.070600",
        "thread_ts": "1548682076.068800",
        "parent_user_id": "UF4M5BG3X"
    },
    {
        "client_msg_id": "097f3214-bd6d-46cb-a21e-4e3c20f750b3",
        "type": "message",
        "text": "Вопрос имеет какое-то отношение к домашнему заданию по курсу стажировки?) :sweat_smile:",
        "user": "UFP7PTM99",
        "ts": "1548686492.071800",
        "thread_ts": "1548682076.068800",
        "parent_user_id": "UF4M5BG3X"
    },
    {
        "client_msg_id": "b3ef7ed4-5d36-4ae3-aeae-b73932376fdd",
        "type": "message",
        "text": "Нет, по идее. Но я решил некоторые моменты закрепить, с которыми не работал, но, возможно, пригодятся",
        "user": "UF4M5BG3X",
        "ts": "1548687583.072000",
        "thread_ts": "1548682076.068800",
        "parent_user_id": "UF4M5BG3X"
    },
    {
        "client_msg_id": "641db1cb-4f2f-44e6-a580-62347f50da42",
        "type": "message",
        "text": "я только на второй день смогла найти видео:face_with_rolling_eyes: действительно не очевидно, заголовок к тексту является одновременно ссылкой на видео. хорошо что есть иконки с видеокамерой, они помогли найти",
        "user": "UFPRT4B28",
        "ts": "1548688399.072200",
        "edited": {
            "user": "UFPRT4B28",
            "ts": "1548688445.000000"
        },
        "thread_ts": "1548663125.063700",
        "parent_user_id": "UFPN54N0L"
    },
    {
        "client_msg_id": "c1ef83eb-b855-4c21-b6e1-391c173fb920",
        "type": "message",
        "text": "json произошёл из описания объекта в javascript и так и называется JavaScript Object Notation. А с XMLем чуть сложнее: там, например, есть XPath - XML Path Language - язык запросов к xml документу, есть XSLT-преобразование - данные, хранимые в одной DOM переписываются в другой DOM по специальной таблице стилей xslt, например, какую-нибудь выгрузку откуда-нибудь в xml-e преобразовать в html",
        "user": "UFJCHS6RE",
        "ts": "1548694031.073000",
        "thread_ts": "1548682076.068800",
        "parent_user_id": "UF4M5BG3X",
        "reactions": [
            {
                "name": "+1",
                "users": [
                    "UEWSLHBTJ",
                    "UFPM2CVDK",
                    "UFVJ4064D"
                ],
                "count": 3
            }
        ]
    },
    {
        "client_msg_id": "7058a3e1-3946-4856-b4a2-b3424ad584df",
        "type": "message",
        "text": "Что такое XML?\nXML - аббревиатура от англ. eXtensible Markup Language (пер. расширяемый язык разметки).\nXML – язык разметки, который напоминает HTML.\nXML предназначен для передачи данных, а не для их отображения.\nТеги XML не предопределены. Вы должны сами определять нужные теги.\nXML описан таким образом, чтобы быть самоопределяемым.\n<https:\/\/msiter.ru\/tutorials\/uchebnik-xml-dlya-nachinayushchih\/chto-takoe-xml>",
        "user": "UFA0AFYAZ",
        "ts": "1548695119.073200",
        "attachments": [
            {
                "title": "Что такое XML",
                "title_link": "https:\/\/msiter.ru\/tutorials\/uchebnik-xml-dlya-nachinayushchih\/chto-takoe-xml",
                "text": "Язык XML предназначен для хранения и передачи данных. HTML же предназначен для отображения данных",
                "fallback": "Что такое XML",
                "from_url": "https:\/\/msiter.ru\/tutorials\/uchebnik-xml-dlya-nachinayushchih\/chto-takoe-xml",
                "service_icon": "https:\/\/msiter.ru\/sites\/all\/themes\/msiter_bootstrap\/favicon.ico",
                "service_name": "msiter.ru",
                "id": 1,
                "original_url": "https:\/\/msiter.ru\/tutorials\/uchebnik-xml-dlya-nachinayushchih\/chto-takoe-xml"
            }
        ],
        "thread_ts": "1548682076.068800",
        "parent_user_id": "UF4M5BG3X",
        "reactions": [
            {
                "name": "heavy_check_mark",
                "users": [
                    "UE1ULNT9V"
                ],
                "count": 1
            },
            {
                "name": "+1",
                "users": [
                    "UE1ULNT9V"
                ],
                "count": 1
            }
        ]
    },
    {
        "client_msg_id": "60f66ae6-993c-427a-8d2e-3448aebac999",
        "type": "message",
        "text": "<@UF4M5BG3X>, в том контексте более правильно понимать XML не как _формат обмена_, а как _формат данных для обмена_",
        "user": "UFPV5FPLK",
        "ts": "1548696974.073500",
        "thread_ts": "1548682076.068800",
        "parent_user_id": "UF4M5BG3X"
    },
    {
        "client_msg_id": "690cb1f5-c7aa-4934-a283-5eaa1366aef3",
        "type": "message",
        "text": "<@UF4M5BG3X> почитай про soap",
        "user": "UFH1T9S1Y",
        "ts": "1548704846.073900",
        "thread_ts": "1548682076.068800",
        "parent_user_id": "UF4M5BG3X"
    },
    {
        "client_msg_id": "02074ef4-5d9d-443f-9f4d-d562fbdce7be",
        "type": "message",
        "text": "<@UFA0AFYAZ> спасибо за ссылку. Мне она не попадалась. Там удобно всё разжёвано",
        "user": "UF4M5BG3X",
        "ts": "1548710587.074400",
        "thread_ts": "1548682076.068800",
        "parent_user_id": "UF4M5BG3X"
    },
    {
        "client_msg_id": "ca4326d4-529d-48a5-bf89-7ae0b819259f",
        "type": "message",
        "text": "<@UFPV5FPLK> можно и так сказать. Просто когда с этим не работал думается, что там прописываешь конфиги или  какие-то статические данные и всё. Оказывается не так..",
        "user": "UF4M5BG3X",
        "ts": "1548710660.074600",
        "thread_ts": "1548682076.068800",
        "parent_user_id": "UF4M5BG3X"
    },
    {
        "client_msg_id": "8412d88a-93fe-478b-87dd-e90f3fcf87c6",
        "type": "message",
        "text": "<@UF4M5BG3X> пожалуйста, самой было интересно узнать подробней что это и с чем)",
        "user": "UFA0AFYAZ",
        "ts": "1548710718.074800",
        "thread_ts": "1548682076.068800",
        "parent_user_id": "UF4M5BG3X"
    },
    {
        "client_msg_id": "a869a502-1d39-426e-b6ca-e37a8631fafe",
        "type": "message",
        "text": "Тока я вот думаю. Что это не пригодится на топджаве",
        "user": "UF4M5BG3X",
        "ts": "1548711118.075000",
        "thread_ts": "1548682076.068800",
        "parent_user_id": "UF4M5BG3X"
    },
    {
        "client_msg_id": "e4e70471-11ce-4167-8d85-045453cfcc6c",
        "type": "message",
        "text": "по идее",
        "user": "UF4M5BG3X",
        "ts": "1548711120.075200",
        "thread_ts": "1548682076.068800",
        "parent_user_id": "UF4M5BG3X"
    },
    {
        "client_msg_id": "142bc069-db8a-48aa-a126-b5e91054955d",
        "type": "message",
        "text": "Значит пробегусь по-шустрому и дальше двигаться нужно",
        "user": "UF4M5BG3X",
        "ts": "1548711139.075400",
        "thread_ts": "1548682076.068800",
        "parent_user_id": "UF4M5BG3X"
    },
    {
        "type": "message",
        "text": "",
        "files": [
            {
                "id": "FFQV5EM2L",
                "created": 1548743801,
                "timestamp": 1548743801,
                "name": "Уорбэртон Р. - Лямбда-выражения в Java 8 (Функциональное программирование) - 2014.pdf",
                "title": "Уорбэртон Р. - Лямбда-выражения в Java 8 (Функциональное программирование) - 2014.pdf",
                "mimetype": "application\/pdf",
                "filetype": "pdf",
                "pretty_type": "PDF",
                "user": "UFQ35BUP4",
                "editable": false,
                "size": 12449506,
                "mode": "hosted",
                "is_external": false,
                "external_type": "",
                "is_public": true,
                "public_url_shared": false,
                "display_as_bot": false,
                "username": "",
                "url_private": "https:\/\/files.slack.com\/files-pri\/TE09AK9BK-FFQV5EM2L\/_____________________._-_____________-______________________java_8_________________________________________________________________-_2014.pdf?t=xoxe-476316655393-618179035285-606757826531-bd1c7b831233e0d053294a8f47715ef5",
                "url_private_download": "https:\/\/files.slack.com\/files-pri\/TE09AK9BK-FFQV5EM2L\/download\/_____________________._-_____________-______________________java_8_________________________________________________________________-_2014.pdf?t=xoxe-476316655393-618179035285-606757826531-bd1c7b831233e0d053294a8f47715ef5",
                "thumb_pdf": "https:\/\/files.slack.com\/files-tmb\/TE09AK9BK-FFQV5EM2L-d17a39becf\/_____________________._-_____________-______________________java_8_________________________________________________________________-_2014_thumb_pdf.png?t=xoxe-476316655393-618179035285-606757826531-bd1c7b831233e0d053294a8f47715ef5",
                "thumb_pdf_w": 607,
                "thumb_pdf_h": 888,
                "permalink": "https:\/\/topjava16.slack.com\/files\/UFQ35BUP4\/FFQV5EM2L\/_____________________._-_____________-______________________java_8_________________________________________________________________-_2014.pdf",
                "permalink_public": "https:\/\/slack-files.com\/TE09AK9BK-FFQV5EM2L-ede3c39fa9",
                "has_rich_preview": false
            }
        ],
        "upload": true,
        "user": "UFQ35BUP4",
        "display_as_bot": false,
        "ts": "1548743804.075600",
        "thread_ts": "1547508197.019500",
        "parent_user_id": "UEWSLHBTJ",
        "reactions": [
            {
                "name": "+1",
                "users": [
                    "UFVJ4064D"
                ],
                "count": 1
            }
        ]
    }
]