[
    {
        "client_msg_id": "ee82106b-5649-44ba-810a-54d26e86f770",
        "type": "message",
        "text": "Старт проверки домашнего задания вступительного занятия (для участников с проверкой решения присылать до 02.10).",
        "user": "UFFJ077SL",
        "ts": "1548054137.033300"
    },
    {
        "client_msg_id": "3d80fd6c-22e8-44ab-b71d-eedc0fa17d64",
        "type": "message",
        "text": "Добрый день всем!",
        "user": "UFFJ077SL",
        "ts": "1548054144.033600"
    },
    {
        "client_msg_id": "ccdfa484-f94e-4ab1-b601-229cbd9f7eb2",
        "type": "message",
        "text": "до какого в итоге присылать можно задания? до 2 февраля? или что за дата такая?",
        "user": "UFFJ077SL",
        "ts": "1548054166.034100",
        "thread_ts": "1548054166.034100",
        "reply_count": 4,
        "reply_users_count": 3,
        "latest_reply": "1548542483.054300",
        "reply_users": [
            "UFF1JGE9H",
            "UE1ULNT9V",
            "UFQ35BUP4"
        ],
        "replies": [
            {
                "user": "UFF1JGE9H",
                "ts": "1548077702.034600"
            },
            {
                "user": "UE1ULNT9V",
                "ts": "1548080726.035100"
            },
            {
                "user": "UE1ULNT9V",
                "ts": "1548152076.038100"
            },
            {
                "user": "UFQ35BUP4",
                "ts": "1548542483.054300"
            }
        ]
    }
]