[
    {
        "client_msg_id": "6c203150-57cf-4480-a830-27c525ca8b09",
        "type": "message",
        "text": "Я тоже не до конца понял по поводу сортировки, но на всякий случай отсортировал по датам входящий список mealList.",
        "user": "UFB18J10A",
        "ts": "1548837555.087700",
        "thread_ts": "1548832213.087400",
        "parent_user_id": "UFRKBEP9S"
    },
    {
        "client_msg_id": "77ba8f3b-a2ab-4a9e-9513-37a17809dd3b",
        "type": "message",
        "text": "сортировать не надо",
        "user": "UFPRT4B28",
        "ts": "1548838930.087900",
        "thread_ts": "1548832213.087400",
        "parent_user_id": "UFRKBEP9S"
    },
    {
        "client_msg_id": "59b7c139-b473-4e81-88e4-636da6b93110",
        "type": "message",
        "text": "не достаточно просто добавить. вам нужно же вычислить значение поля exceed",
        "user": "UFPRT4B28",
        "ts": "1548838966.088100",
        "thread_ts": "1548832213.087400",
        "parent_user_id": "UFRKBEP9S"
    },
    {
        "client_msg_id": "9e4cef0d-e151-476f-a09b-a349655d9433",
        "type": "message",
        "text": "да",
        "user": "UFF1JGE9H",
        "ts": "1548839228.088300",
        "thread_ts": "1548829752.085100",
        "parent_user_id": "UFKR9FT55"
    },
    {
        "client_msg_id": "16f19eaa-1200-47b7-a9ea-f5a5e4b50eaa",
        "type": "message",
        "text": "Сортировать ни на входе ни на выходе не требуется, нужно выбрать записи в заданном промежутке времени и определить было ли превышение количества калорий",
        "user": "UFA0AFYAZ",
        "ts": "1548839922.088500",
        "thread_ts": "1548832213.087400",
        "parent_user_id": "UFRKBEP9S"
    },
    {
        "client_msg_id": "32ced1c5-7a59-4c38-ac8a-6662edc7699a",
        "type": "message",
        "text": "и потом порадоваться что твое решение похоже на правильное))",
        "user": "UF3BP78SF",
        "ts": "1548847818.088900",
        "thread_ts": "1548829752.085100",
        "parent_user_id": "UFKR9FT55"
    },
    {
        "client_msg_id": "d31c44c1-3627-4f17-b794-d07d31c3664d",
        "type": "message",
        "text": "ага, спасибо, я просто не совсем до конца понимал задание, перечитал - разобрался.",
        "user": "UFRKBEP9S",
        "ts": "1548852326.089300",
        "thread_ts": "1548832213.087400",
        "parent_user_id": "UFRKBEP9S"
    },
    {
        "client_msg_id": "b7feee86-ae0d-473e-acc0-87f2874c269a",
        "type": "message",
        "text": "Блин, только узнал, что 2мя способами нужно сделать...",
        "user": "UFTEY6H27",
        "ts": "1548875126.090300"
    },
    {
        "client_msg_id": "490278cf-0ee2-44d9-bb5c-187043fcb5ab",
        "type": "message",
        "text": "я только узнал, что до 31го что-то делать надо )",
        "user": "UFT7XUWJX",
        "ts": "1548879307.091300",
        "thread_ts": "1548879307.091300",
        "reply_count": 6,
        "reply_users_count": 2,
        "latest_reply": "1548945149.099500",
        "reply_users": [
            "UFA0AFYAZ",
            "UFRNGAYP2"
        ],
        "replies": [
            {
                "user": "UFA0AFYAZ",
                "ts": "1548879639.091600"
            },
            {
                "user": "UFRNGAYP2",
                "ts": "1548938342.098300"
            },
            {
                "user": "UFA0AFYAZ",
                "ts": "1548939052.098600"
            },
            {
                "user": "UFRNGAYP2",
                "ts": "1548944068.098800"
            },
            {
                "user": "UFRNGAYP2",
                "ts": "1548944086.099000"
            },
            {
                "user": "UFA0AFYAZ",
                "ts": "1548945149.099500"
            }
        ]
    },
    {
        "client_msg_id": "1e38672a-5567-4b31-8cd3-5c16306f1617",
        "type": "message",
        "text": "Делаю...",
        "user": "UFT7XUWJX",
        "ts": "1548879311.091500"
    },
    {
        "client_msg_id": "ddf5ccb2-82b5-4c66-acd7-8324bd69ced6",
        "type": "message",
        "text": "А не до 07.02? разбор ДЗ и новый урок будет 07.02 если я правильно понимаю",
        "user": "UFA0AFYAZ",
        "ts": "1548879639.091600",
        "thread_ts": "1548879307.091300",
        "parent_user_id": "UFT7XUWJX"
    },
    {
        "client_msg_id": "56256117-4d2f-4e27-ad41-985d44784417",
        "type": "message",
        "text": "за один проход из стрима, думаю не вытащить результат...со вложенным можно, но затраты - выше...или я ошибаюсь?",
        "user": "UFQ35BUP4",
        "ts": "1548887694.093700",
        "thread_ts": "1548887694.093700",
        "reply_count": 54,
        "reply_users_count": 13,
        "latest_reply": "1549534355.161200",
        "reply_users": [
            "UFTEY6H27",
            "UFKMGA8S3",
            "UFPRT4B28",
            "UFALPSH7D",
            "UF1DAUJE6",
            "UFP7PTM99",
            "UFQ35BUP4",
            "UF3BP78SF",
            "UFVQWFQHM",
            "UFTSGQ7U5",
            "UF0Q50M55",
            "UFXTZQA06",
            "UFT7XUWJX"
        ],
        "replies": [
            {
                "user": "UFTEY6H27",
                "ts": "1548908390.093900"
            },
            {
                "user": "UFKMGA8S3",
                "ts": "1548919755.094300"
            },
            {
                "user": "UFPRT4B28",
                "ts": "1548920919.094500"
            },
            {
                "user": "UFPRT4B28",
                "ts": "1548920977.094700"
            },
            {
                "user": "UFALPSH7D",
                "ts": "1548928507.095000"
            },
            {
                "user": "UF1DAUJE6",
                "ts": "1548928810.095200"
            },
            {
                "user": "UFP7PTM99",
                "ts": "1548935068.095800"
            },
            {
                "user": "UFQ35BUP4",
                "ts": "1548935111.096000"
            },
            {
                "user": "UFQ35BUP4",
                "ts": "1548935633.096400"
            },
            {
                "user": "UFP7PTM99",
                "ts": "1548935706.096600"
            },
            {
                "user": "UFP7PTM99",
                "ts": "1548935750.096800"
            },
            {
                "user": "UFQ35BUP4",
                "ts": "1548936620.098000"
            },
            {
                "user": "UF3BP78SF",
                "ts": "1548944920.099300"
            },
            {
                "user": "UFQ35BUP4",
                "ts": "1548957625.099700"
            },
            {
                "user": "UFPRT4B28",
                "ts": "1548957714.099900"
            },
            {
                "user": "UFVQWFQHM",
                "ts": "1548972067.103500"
            },
            {
                "user": "UFQ35BUP4",
                "ts": "1548984760.104100"
            },
            {
                "user": "UFTSGQ7U5",
                "ts": "1549018562.105200"
            },
            {
                "user": "UFVQWFQHM",
                "ts": "1549018756.105400"
            },
            {
                "user": "UF0Q50M55",
                "ts": "1549106189.107400"
            },
            {
                "user": "UFQ35BUP4",
                "ts": "1549123600.111900"
            },
            {
                "user": "UFP7PTM99",
                "ts": "1549129269.112300"
            },
            {
                "user": "UFXTZQA06",
                "ts": "1549133894.112600"
            },
            {
                "user": "UFT7XUWJX",
                "ts": "1549136751.115400"
            },
            {
                "user": "UFT7XUWJX",
                "ts": "1549136816.115600"
            },
            {
                "user": "UFT7XUWJX",
                "ts": "1549136862.115800"
            },
            {
                "user": "UFVQWFQHM",
                "ts": "1549141041.119200"
            },
            {
                "user": "UFP7PTM99",
                "ts": "1549207696.123200"
            },
            {
                "user": "UFXTZQA06",
                "ts": "1549208920.123500"
            },
            {
                "user": "UFT7XUWJX",
                "ts": "1549213552.123700"
            },
            {
                "user": "UFT7XUWJX",
                "ts": "1549213560.123900"
            },
            {
                "user": "UFT7XUWJX",
                "ts": "1549213597.124100"
            },
            {
                "user": "UFT7XUWJX",
                "ts": "1549213633.124300"
            },
            {
                "user": "UFT7XUWJX",
                "ts": "1549213657.124500"
            },
            {
                "user": "UFP7PTM99",
                "ts": "1549216325.124700"
            },
            {
                "user": "UFQ35BUP4",
                "ts": "1549242010.129700"
            },
            {
                "user": "UFVQWFQHM",
                "ts": "1549242641.130200"
            },
            {
                "user": "UFQ35BUP4",
                "ts": "1549242661.130400"
            },
            {
                "user": "UFVQWFQHM",
                "ts": "1549242844.130700"
            },
            {
                "user": "UFQ35BUP4",
                "ts": "1549242855.130900"
            },
            {
                "user": "UFVQWFQHM",
                "ts": "1549242915.131100"
            },
            {
                "user": "UFQ35BUP4",
                "ts": "1549243039.131300"
            },
            {
                "user": "UFVQWFQHM",
                "ts": "1549243125.131500"
            },
            {
                "user": "UFQ35BUP4",
                "ts": "1549243169.131700"
            },
            {
                "user": "UFQ35BUP4",
                "ts": "1549243323.131900"
            },
            {
                "user": "UFQ35BUP4",
                "ts": "1549243796.132100"
            },
            {
                "user": "UFT7XUWJX",
                "ts": "1549256854.132600"
            },
            {
                "user": "UFQ35BUP4",
                "ts": "1549269369.133100"
            },
            {
                "user": "UFVQWFQHM",
                "ts": "1549272597.133600"
            },
            {
                "user": "UFT7XUWJX",
                "ts": "1549306305.134500"
            },
            {
                "user": "UF3BP78SF",
                "ts": "1549463365.146800"
            },
            {
                "user": "UFT7XUWJX",
                "ts": "1549467238.147600"
            },
            {
                "user": "UF3BP78SF",
                "ts": "1549531864.160700"
            },
            {
                "user": "UFT7XUWJX",
                "ts": "1549534355.161200"
            }
        ]
    },
    {
        "client_msg_id": "db176a87-ba7d-430c-b61b-f889a3373546",
        "type": "message",
        "text": "Я из-за этого ночами не сплю))) Почти уверен, что да, за один проход не получится. Но! Потом нам расскажут, и будем за голову хвататься",
        "user": "UFTEY6H27",
        "ts": "1548908390.093900",
        "thread_ts": "1548887694.093700",
        "parent_user_id": "UFQ35BUP4"
    },
    {
        "client_msg_id": "05c015d5-bd01-4075-9ef8-97057f9ce676",
        "type": "message",
        "text": "Если делать вложенный, то это O(N*N), по заданию нельзя",
        "user": "UFKMGA8S3",
        "ts": "1548919755.094300",
        "thread_ts": "1548887694.093700",
        "parent_user_id": "UFQ35BUP4"
    },
    {
        "client_msg_id": "4ec2eb6f-9570-49a9-92a7-e3777141ece4",
        "type": "message",
        "text": "надо 2 прохода",
        "user": "UFPRT4B28",
        "ts": "1548920919.094500",
        "thread_ts": "1548887694.093700",
        "parent_user_id": "UFQ35BUP4"
    },
    {
        "client_msg_id": "fef18f78-711e-42e7-bcb3-a1d710b47faf",
        "type": "message",
        "text": "ну и в комментариях написано, что допускается цикл по нескольким элементам в цикле",
        "user": "UFPRT4B28",
        "ts": "1548920977.094700",
        "thread_ts": "1548887694.093700",
        "parent_user_id": "UFQ35BUP4"
    }
]