[
    {
        "client_msg_id": "A529D7F2-0864-4ADF-973A-77974DBA2CB0",
        "type": "message",
        "text": "Только не за, а про. Уж простите, но вот прям слух режет, когда так говорят",
        "user": "UF2JE861M",
        "ts": "1547887039.031000",
        "thread_ts": "1547482535.012300",
        "parent_user_id": "UEWSLHBTJ",
        "reactions": [
            {
                "name": "grin",
                "users": [
                    "UEWSLHBTJ",
                    "UFVJ4064D"
                ],
                "count": 2
            },
            {
                "name": "+1",
                "users": [
                    "UEWSLHBTJ"
                ],
                "count": 1
            }
        ]
    }
]