[
    {
        "client_msg_id": "04ce2a72-2315-434f-820c-646f760592de",
        "type": "message",
        "text": "<https:\/\/stackoverflow.com\/questions\/23308193\/break-or-return-from-java-8-stream-foreach>",
        "user": "UFUA3RR0R",
        "ts": "1549728297.195900",
        "attachments": [
            {
                "service_name": "Stack Overflow",
                "title": "Break or return from Java 8 stream forEach?",
                "title_link": "https:\/\/stackoverflow.com\/questions\/23308193\/break-or-return-from-java-8-stream-foreach",
                "text": "When using external iteration over an Iterable we use break or return from enhanced for-each loop as: for (SomeObject obj : someObjects) { if (some_condition_met) { break; \/\/ or return ob...",
                "fallback": "Stack Overflow: Break or return from Java 8 stream forEach?",
                "thumb_url": "https:\/\/cdn.sstatic.net\/Sites\/stackoverflow\/img\/apple-touch-icon@2.png?v=73d79a89bded",
                "from_url": "https:\/\/stackoverflow.com\/questions\/23308193\/break-or-return-from-java-8-stream-foreach",
                "thumb_width": 316,
                "thumb_height": 316,
                "service_icon": "https:\/\/cdn.sstatic.net\/Sites\/stackoverflow\/img\/favicon.ico?v=4f32ecc8f43d",
                "id": 1,
                "original_url": "https:\/\/stackoverflow.com\/questions\/23308193\/break-or-return-from-java-8-stream-foreach"
            }
        ],
        "thread_ts": "1549483655.155600",
        "parent_user_id": "UFKNK1SBG"
    }
]