[
    {
        "client_msg_id": "879f39eb-fb33-4b0d-adce-780b965a9a44",
        "type": "message",
        "text": "<@UF4M5BG3X> Не знаю пригодится или нет, но смотря в исходники уже переживших многое проектов, написанных на java, я только и вижу конфигурации, описанные в XML. Как минимум, придется понимать что находится внутри pom.xml - файле описания модуля и его зависимостей в maven.",
        "user": "UF44A0V3K",
        "ts": "1548759340.076300",
        "thread_ts": "1548682076.068800",
        "parent_user_id": "UF4M5BG3X"
    },
    {
        "client_msg_id": "c9027aeb-b4dd-4c59-827b-1edc4f272905",
        "type": "message",
        "text": "Да и в Андроиде всё конфигурации на этом базируются. Читаю про это.. Не хочется пробелы оставлять)",
        "user": "UF4M5BG3X",
        "ts": "1548759416.076500",
        "thread_ts": "1548682076.068800",
        "parent_user_id": "UF4M5BG3X"
    },
    {
        "client_msg_id": "4592c348-dbe3-4aa6-821c-1babe89b31e5",
        "type": "message",
        "text": "<@UFA0AFYAZ> Статья вообще шикарная, кстати. Где же ты была пару часов до того, когда я натыкался на какие-то огрызки..:smiley:",
        "user": "UF4M5BG3X",
        "ts": "1548762412.076700",
        "thread_ts": "1548682076.068800",
        "parent_user_id": "UF4M5BG3X"
    },
    {
        "client_msg_id": "ef84e7ca-f63b-45d4-b16e-3e589351c26c",
        "type": "message",
        "text": "Только вот 1 момент там странный. Может потому что я не сталкивался реально на практике с подобным. Здесь <https:\/\/msiter.ru\/tutorials\/uchebnik-xml-dlya-nachinayushchih\/xml-prostranstva-imen> говорится о префиксах к имени элемента. Это понятно. Но зачем там ещё и пространства имён:\n```\n&lt;root xmlns:h=\"<http:\/\/www.w3.org\/TR\/html4\/>\" xmlns:f=\"<http:\/\/www.w3schools.com\/furniture>\"&gt;\n```\nвот это странно. Ссылки разные. Но не факт, что ссылки этих XLS-документов будут на разные сайты",
        "user": "UF4M5BG3X",
        "ts": "1548762681.077000",
        "attachments": [
            {
                "title": "XML пространства имен",
                "title_link": "https:\/\/msiter.ru\/tutorials\/uchebnik-xml-dlya-nachinayushchih\/xml-prostranstva-imen",
                "text": "В XML имена элементов определяет разработчик. Часто это становится причиной конфликта имен при попытке одновременного использования нескольких XML документов от разных XML приложений. Пространства имен позволяют избежать конфликта имен XML элементов.",
                "fallback": "XML пространства имен",
                "from_url": "https:\/\/msiter.ru\/tutorials\/uchebnik-xml-dlya-nachinayushchih\/xml-prostranstva-imen",
                "service_icon": "https:\/\/msiter.ru\/sites\/all\/themes\/msiter_bootstrap\/favicon.ico",
                "service_name": "msiter.ru",
                "id": 1,
                "original_url": "https:\/\/msiter.ru\/tutorials\/uchebnik-xml-dlya-nachinayushchih\/xml-prostranstva-imen"
            }
        ],
        "thread_ts": "1548682076.068800",
        "parent_user_id": "UF4M5BG3X"
    },
    {
        "client_msg_id": "442ce220-e6a9-42b5-938a-b3bee9dd49c4",
        "type": "message",
        "text": "И вообще не понятно, зачем они. По идее, так и так работать будут..",
        "user": "UF4M5BG3X",
        "ts": "1548762695.077300",
        "edited": {
            "user": "UF4M5BG3X",
            "ts": "1548762711.000000"
        },
        "thread_ts": "1548682076.068800",
        "parent_user_id": "UF4M5BG3X"
    },
    {
        "client_msg_id": "4780e699-a5d5-41b9-8740-d9208a2247d2",
        "type": "message",
        "text": "имею ввиду префисы имён",
        "user": "UF4M5BG3X",
        "ts": "1548762702.077500",
        "thread_ts": "1548682076.068800",
        "parent_user_id": "UF4M5BG3X"
    },
    {
        "client_msg_id": "03b50652-2bde-4a7c-9bf3-de389ad487ea",
        "type": "message",
        "text": "<@UF4M5BG3X> а ты знаком с конфигурационными файлами xml спринга?",
        "user": "UFA0AFYAZ",
        "ts": "1548764928.077800",
        "thread_ts": "1548682076.068800",
        "parent_user_id": "UF4M5BG3X"
    },
    {
        "client_msg_id": "45f2df36-a68d-4e8d-afe0-52bbd24dd8c9",
        "type": "message",
        "text": "неа. Я за спринг не брался ещё. Только на swing писал..",
        "user": "UF4M5BG3X",
        "ts": "1548765613.078000",
        "thread_ts": "1548682076.068800",
        "parent_user_id": "UF4M5BG3X"
    },
    {
        "client_msg_id": "48fdea50-b4d2-4690-8034-1dce545dc850",
        "type": "message",
        "text": "вот нужно как-то переходить на новый уровень)",
        "user": "UF4M5BG3X",
        "ts": "1548765627.078200",
        "thread_ts": "1548682076.068800",
        "parent_user_id": "UF4M5BG3X"
    },
    {
        "client_msg_id": "e315cff2-bc82-40f1-afcf-ca4d6d769bfc",
        "type": "message",
        "text": "<http:\/\/qaru.site\/questions\/216843\/spring-xml-namespaces-how-do-i-find-what-are-the-implementing-classes-behind-them>\nЭто если кратко, начинай читать спринг в действии",
        "user": "UFA0AFYAZ",
        "ts": "1548765723.078400",
        "attachments": [
            {
                "title": "spring - Spring пространства имен XML: как найти, какие классы реализации позади них? - Qaru",
                "title_link": "http:\/\/qaru.site\/questions\/216843\/spring-xml-namespaces-how-do-i-find-what-are-the-implementing-classes-behind-them",
                "text": "В моем приложении Spring 3.1 мне иногда нужно изменить поведение по умолчанию некоторых пространств имен Spring в моих контекстных файлах. Для этого я создаю пользовательские классы, реализующие некоторые интерфейсы или расширяющие классы по умолчан",
                "fallback": "spring - Spring пространства имен XML: как найти, какие классы реализации позади них? - Qaru",
                "from_url": "http:\/\/qaru.site\/questions\/216843\/spring-xml-namespaces-how-do-i-find-what-are-the-implementing-classes-behind-them",
                "service_icon": "http:\/\/qaru.site\/apple-touch-icon.png",
                "service_name": "qaru.site",
                "id": 1,
                "original_url": "http:\/\/qaru.site\/questions\/216843\/spring-xml-namespaces-how-do-i-find-what-are-the-implementing-classes-behind-them"
            }
        ],
        "thread_ts": "1548682076.068800",
        "parent_user_id": "UF4M5BG3X"
    },
    {
        "client_msg_id": "c842a0db-3d17-4a05-9e79-6cd55e9d581c",
        "type": "message",
        "text": "Лезть глубоко в xml только для того чтобы начать изучать спринг не стоит. Начиная с версии 3.0 спринг поддерживает java конфиги, то есть, приложению вовсе не нужны xml. А новые проекты и вовсе на буте начинают.",
        "user": "UFPV5FPLK",
        "ts": "1548766386.078700",
        "thread_ts": "1548682076.068800",
        "parent_user_id": "UF4M5BG3X"
    },
    {
        "client_msg_id": "5e0d7409-594a-44e5-b66a-b3eff7d3385f",
        "type": "message",
        "text": "Да, так и есть, но этот курс построен в основном на xml, так что базовое понимание в этом пригодится :)",
        "user": "UFA0AFYAZ",
        "ts": "1548767349.078900",
        "thread_ts": "1548682076.068800",
        "parent_user_id": "UF4M5BG3X"
    },
    {
        "client_msg_id": "3db3fdfd-0797-434c-8d7d-f36b56b1ab3c",
        "type": "message",
        "text": "<@UFA0AFYAZ> а не проще будет в процессе колупаться с этим, а не сейчас фантомная какая-то перспектива",
        "user": "UF4M5BG3X",
        "ts": "1548773037.079200",
        "thread_ts": "1548682076.068800",
        "parent_user_id": "UF4M5BG3X"
    },
    {
        "client_msg_id": "1fb6ddda-aa92-4b66-b6c6-f442d0632b83",
        "type": "message",
        "text": "ничего нет.. читай читай..",
        "user": "UF4M5BG3X",
        "ts": "1548773045.079400",
        "thread_ts": "1548682076.068800",
        "parent_user_id": "UF4M5BG3X"
    },
    {
        "client_msg_id": "7a17d07c-f248-4bf3-aaa7-455f33646537",
        "type": "message",
        "text": "Проще когда можно пощупать. А если просто читать.. Эффекта не так много",
        "user": "UF4M5BG3X",
        "ts": "1548773067.079600",
        "thread_ts": "1548682076.068800",
        "parent_user_id": "UF4M5BG3X"
    },
    {
        "client_msg_id": "1b358aa4-5380-4a6c-a052-05417725c3d6",
        "type": "message",
        "text": "это по желанию все, тебе же интересно стало что такое xml :wink:\nа примеры с книги надо ручками набирать и запускать)",
        "user": "UFA0AFYAZ",
        "ts": "1548773135.079800",
        "thread_ts": "1548682076.068800",
        "parent_user_id": "UF4M5BG3X"
    },
    {
        "client_msg_id": "76f80fe9-06db-4550-a699-842878498824",
        "type": "message",
        "text": "Ну это понятно.. Я дошёл до некоторого момент. Пока что хватит)",
        "user": "UF4M5BG3X",
        "ts": "1548777190.080000",
        "thread_ts": "1548682076.068800",
        "parent_user_id": "UF4M5BG3X"
    },
    {
        "client_msg_id": "2053af3a-c3f7-4585-9198-2e2cf9a09904",
        "type": "message",
        "text": "с xml мы плотно на masterjava работаем\nвот еще немного про xml для общего развития: <https:\/\/habr.com\/ru\/post\/339716\/>",
        "user": "UE1ULNT9V",
        "ts": "1548791556.080600",
        "attachments": [
            {
                "title": "Java XML API: выбираем правильно. StAX: работаем с удовольствием",
                "title_link": "https:\/\/habr.com\/ru\/post\/339716\/",
                "text": "Здравствуйте! Несмотря на снижение популярности формата XML с начала 2000х, он прочно занял свои ниши. Я сталкивался с обработкой XML ~ в 60% проектов и...",
                "fallback": "Java XML API: выбираем правильно. StAX: работаем с удовольствием",
                "image_url": "https:\/\/habrastorage.org\/webt\/59\/db\/ec\/59dbece690fcb200469874.png",
                "from_url": "https:\/\/habr.com\/ru\/post\/339716\/",
                "image_width": 583,
                "image_height": 250,
                "image_bytes": 25675,
                "service_icon": "https:\/\/habr.com\/images\/apple-touch-icon.png",
                "service_name": "Хабр",
                "id": 1,
                "original_url": "https:\/\/habr.com\/ru\/post\/339716\/"
            }
        ],
        "thread_ts": "1548682076.068800",
        "parent_user_id": "UF4M5BG3X"
    },
    {
        "client_msg_id": "c006b190-d569-4cf3-acbd-4e7f09079a85",
        "type": "message",
        "text": "Народ, кто как понял. Наш куратор сказал, что делать рядом 2 решения в циклах и стримах. Я так понял одно из них должно быть закомментировано? А как же условие, что не должно быть закомментированных строк?",
        "user": "UFKR9FT55",
        "ts": "1548829393.082700"
    },
    {
        "client_msg_id": "76969ce4-de9d-4a59-824d-0e638de390ab",
        "type": "message",
        "text": "вы сделайте 2 функции",
        "user": "UFFJ077SL",
        "ts": "1548829490.083000"
    },
    {
        "client_msg_id": "b77c5c84-88db-429c-b6ee-acd0565c83f0",
        "type": "message",
        "text": "одну с циклами",
        "user": "UFFJ077SL",
        "ts": "1548829496.083200"
    },
    {
        "client_msg_id": "cf05430d-ac5f-4a6b-be35-510438a03616",
        "type": "message",
        "text": "вторую со стримами",
        "user": "UFFJ077SL",
        "ts": "1548829499.083500"
    },
    {
        "client_msg_id": "e77a8811-1c80-4ce5-8d61-8ef72dd999b6",
        "type": "message",
        "text": "обозначьте как то, что вторая это решение со стримами",
        "user": "UFFJ077SL",
        "ts": "1548829511.083800"
    },
    {
        "client_msg_id": "fccca9c1-d57c-40ea-905f-6eb2f669d5c1",
        "type": "message",
        "text": "и все",
        "user": "UFFJ077SL",
        "ts": "1548829513.084000"
    },
    {
        "client_msg_id": "d8b516e7-e482-4ff7-ba0a-4bdf0cbd12ff",
        "type": "message",
        "text": "Это только для тех, кто оплатил проверку кода? остальным я так понял никуда ссылку на решение сбрасывать не надо. Ждать четверга и сверять свое решение с предложенным.",
        "user": "UFKR9FT55",
        "ts": "1548829752.085100",
        "thread_ts": "1548829752.085100",
        "reply_count": 2,
        "reply_users_count": 2,
        "latest_reply": "1548847818.088900",
        "reply_users": [
            "UFF1JGE9H",
            "UF3BP78SF"
        ],
        "replies": [
            {
                "user": "UFF1JGE9H",
                "ts": "1548839228.088300"
            },
            {
                "user": "UF3BP78SF",
                "ts": "1548847818.088900"
            }
        ]
    },
    {
        "client_msg_id": "5a8fa41a-d630-4f0f-bba0-a195bff04ba1",
        "type": "message",
        "text": "Всем привет, можете пояснить по первому заданию, нужно ли сортировать выходной список дат. Не совсем понятно, в примечании к HW0 написано посмотреть в сторону Map - \"При реализации через циклы посмотрите в Map на методы getOrDefault или merge\", но если не нужна сортировка, достаточно добавить нужные записи в List.",
        "user": "UFRKBEP9S",
        "ts": "1548832213.087400",
        "thread_ts": "1548832213.087400",
        "reply_count": 5,
        "reply_users_count": 4,
        "latest_reply": "1548852326.089300",
        "reply_users": [
            "UFB18J10A",
            "UFPRT4B28",
            "UFA0AFYAZ",
            "UFRKBEP9S"
        ],
        "replies": [
            {
                "user": "UFB18J10A",
                "ts": "1548837555.087700"
            },
            {
                "user": "UFPRT4B28",
                "ts": "1548838930.087900"
            },
            {
                "user": "UFPRT4B28",
                "ts": "1548838966.088100"
            },
            {
                "user": "UFA0AFYAZ",
                "ts": "1548839922.088500"
            },
            {
                "user": "UFRKBEP9S",
                "ts": "1548852326.089300"
            }
        ]
    }
]