[
    {
        "client_msg_id": "0eabdee1-a8eb-4892-8740-ed0d99827738",
        "type": "message",
        "text": "мне вот эта нравится",
        "user": "UF2PXFBBR",
        "ts": "1547542061.023700",
        "thread_ts": "1547508197.019500",
        "parent_user_id": "UEWSLHBTJ"
    },
    {
        "client_msg_id": "4fb95b55-6a50-47cd-a469-f078d089aa4e",
        "type": "message",
        "text": "<https:\/\/www.ozon.ru\/context\/detail\/id\/28001133\/>",
        "user": "UF2PXFBBR",
        "ts": "1547542062.023900",
        "attachments": [
            {
                "service_name": "Ozon.ru",
                "title": "Книга «Лямбда-выражения в Java 8. Функциональное программирование» Ричард Уорбэртон - купить на OZON.ru книгу Java 8 Lambdas: Functional Programming for the Masses с быстрой доставкой | 978-5-94074-919-6",
                "title_link": "https:\/\/www.ozon.ru\/context\/detail\/id\/28001133\/",
                "text": "Купить книгу «Лямбда-выражения в Java 8. Функциональное программирование» автора Ричард Уорбэртон и другие произведения в разделе Книги в интернет-магазине <http:\/\/OZON.ru|OZON.ru>. Доступны цифровые, печатные и аудиокниги. На сайте вы можете почитать отзывы, рецензии, отрывки. Мы бесплатно доставим книгу «Лямбда-выражения в Java 8. Функциональное программирование» по Москве при общей сумме заказа от 3500 рублей. Возможна доставка по всей России. Скидки и бонусы для постоянных покупателей.",
                "fallback": "Ozon.ru: Книга «Лямбда-выражения в Java 8. Функциональное программирование» Ричард Уорбэртон - купить на OZON.ru книгу Java 8 Lambdas: Functional Programming for the Masses с быстрой доставкой | 978-5-94074-919-6",
                "image_url": "https:\/\/ozon-st.cdn.ngenix.net\/multimedia\/1010578513.jpg",
                "from_url": "https:\/\/www.ozon.ru\/context\/detail\/id\/28001133\/",
                "image_width": 175,
                "image_height": 250,
                "image_bytes": 30004,
                "service_icon": "http:\/\/ozon-st.cdn.ngenix.net\/graphics\/action\/icons_for_browsers\/ios\/touch-icon-ipad-retina.png",
                "id": 1,
                "original_url": "https:\/\/www.ozon.ru\/context\/detail\/id\/28001133\/"
            }
        ],
        "thread_ts": "1547508197.019500",
        "parent_user_id": "UEWSLHBTJ",
        "reactions": [
            {
                "name": "+1",
                "users": [
                    "UEWSLHBTJ"
                ],
                "count": 1
            }
        ]
    },
    {
        "client_msg_id": "03711ea5-7dfb-43c0-a0e7-0da1a1b456fc",
        "type": "message",
        "text": "ок, спасибо",
        "user": "UFALPSH7D",
        "ts": "1547547219.024400",
        "thread_ts": "1547526513.023300",
        "parent_user_id": "UFALPSH7D"
    },
    {
        "client_msg_id": "51939eed-d31d-4fb2-b7b7-441d3f601729",
        "type": "message",
        "text": "опять же в уроке есть ссылки",
        "user": "UE1ULNT9V",
        "ts": "1547558293.025100",
        "thread_ts": "1547508197.019500",
        "parent_user_id": "UEWSLHBTJ",
        "reactions": [
            {
                "name": "+1",
                "users": [
                    "UEWSLHBTJ"
                ],
                "count": 1
            }
        ]
    },
    {
        "client_msg_id": "87671c70-d68c-4727-9a20-27e6c0bf6aa7",
        "type": "message",
        "text": "все между startTime и endTime\nнапример, если с 7 до 11 - то все завтраки из списка",
        "user": "UE1ULNT9V",
        "ts": "1547558420.025300",
        "edited": {
            "user": "UE1ULNT9V",
            "ts": "1547558429.000000"
        },
        "thread_ts": "1547526513.023300",
        "parent_user_id": "UFALPSH7D"
    },
    {
        "client_msg_id": "d349aa3c-8426-443c-a012-96e244091f31",
        "type": "message",
        "text": "Если я назову свой репозитарий topjava16, то это не повлияет на накаты патчей и тд?",
        "user": "UF2FGUDPH",
        "ts": "1547569363.026300",
        "thread_ts": "1547569363.026300",
        "reply_count": 1,
        "reply_users_count": 1,
        "latest_reply": "1547570503.026400",
        "reply_users": [
            "UF2PXFBBR"
        ],
        "replies": [
            {
                "user": "UF2PXFBBR",
                "ts": "1547570503.026400"
            }
        ]
    },
    {
        "client_msg_id": "e2bd56ac-ee14-4020-8ec1-076d9b8a5c6f",
        "type": "message",
        "text": "не повлияет",
        "user": "UF2PXFBBR",
        "ts": "1547570503.026400",
        "thread_ts": "1547569363.026300",
        "parent_user_id": "UF2FGUDPH",
        "reactions": [
            {
                "name": "heavy_check_mark",
                "users": [
                    "UE1ULNT9V"
                ],
                "count": 1
            }
        ]
    }
]