[
    {
        "client_msg_id": "2b880152-b60e-4377-a7a7-2c1fb0a04469",
        "type": "message",
        "text": "‘старт 31.01, первое занятие 07.02. Делать вступительно можно уже сейчас,’",
        "user": "UFF1JGE9H",
        "ts": "1548077702.034600",
        "thread_ts": "1548054166.034100",
        "parent_user_id": "UFFJ077SL"
    },
    {
        "client_msg_id": "e769f4c3-a33e-4356-9ab1-586561abfbce",
        "type": "message",
        "text": "присылать на ревью нужно, только если есть проверка HW\nдедлайны для проверки - вечер вторника перед след. занятием",
        "user": "UE1ULNT9V",
        "ts": "1548080726.035100",
        "thread_ts": "1548054166.034100",
        "parent_user_id": "UFFJ077SL"
    },
    {
        "client_msg_id": "b518f7a9-04c7-43e4-bebd-29d2d5d0b9cd",
        "type": "message",
        "text": "Отсылают на проверку все или только те кто купил ревью? я просто тут с JavaRush",
        "user": "UFJBMRL7K",
        "ts": "1548099261.037100",
        "thread_ts": "1548099261.037100",
        "reply_count": 4,
        "reply_users_count": 3,
        "latest_reply": "1548152111.038300",
        "reply_users": [
            "UE1ULNT9V",
            "UFFJ077SL",
            "UFH1T9S1Y"
        ],
        "replies": [
            {
                "user": "UE1ULNT9V",
                "ts": "1548109069.037300"
            },
            {
                "user": "UFFJ077SL",
                "ts": "1548128870.037500"
            },
            {
                "user": "UFH1T9S1Y",
                "ts": "1548134534.037800"
            },
            {
                "user": "UE1ULNT9V",
                "ts": "1548152111.038300"
            }
        ]
    },
    {
        "client_msg_id": "49d26d31-8f43-478a-bcbd-560a37ba2fd9",
        "type": "message",
        "text": "все же есть в письме участника. Независимо откуда",
        "user": "UE1ULNT9V",
        "ts": "1548109069.037300",
        "thread_ts": "1548099261.037100",
        "parent_user_id": "UFJBMRL7K"
    },
    {
        "client_msg_id": "34a33fd6-7937-4be1-bf71-1617807f0b3e",
        "type": "message",
        "text": "скажите пожалуйста, до какого можно оплатить проверку ДЗ?",
        "user": "UFFJ077SL",
        "ts": "1548128870.037500",
        "thread_ts": "1548099261.037100",
        "parent_user_id": "UFJBMRL7K"
    },
    {
        "client_msg_id": "2ce52565-ee91-49a2-9dcc-1372b01cef31",
        "type": "message",
        "text": "<@UFFJ077SL> если память мне не изменяет, то на любой стадии проекта.",
        "user": "UFH1T9S1Y",
        "ts": "1548134534.037800",
        "thread_ts": "1548099261.037100",
        "parent_user_id": "UFJBMRL7K"
    }
]