[
    {
        "type": "message",
        "text": "<@UFVQWFQHM>, пришлось заменить метод фильтрации, а так вроде ты это хотел видеть?",
        "files": [
            {
                "id": "FFYQ0BTMF",
                "created": 1549440168,
                "timestamp": 1549440168,
                "name": "image.png",
                "title": "Pasted image at 2019-02-06, 10:02 AM",
                "mimetype": "image\/png",
                "filetype": "png",
                "pretty_type": "PNG",
                "user": "UFPV5FPLK",
                "editable": false,
                "size": 175326,
                "mode": "hosted",
                "is_external": false,
                "external_type": "",
                "is_public": true,
                "public_url_shared": false,
                "display_as_bot": false,
                "username": "",
                "url_private": "https:\/\/files.slack.com\/files-pri\/TE09AK9BK-FFYQ0BTMF\/image.png?t=xoxe-476316655393-618179035285-606757826531-bd1c7b831233e0d053294a8f47715ef5",
                "url_private_download": "https:\/\/files.slack.com\/files-pri\/TE09AK9BK-FFYQ0BTMF\/download\/image.png?t=xoxe-476316655393-618179035285-606757826531-bd1c7b831233e0d053294a8f47715ef5",
                "thumb_64": "https:\/\/files.slack.com\/files-tmb\/TE09AK9BK-FFYQ0BTMF-e8555827cc\/image_64.png?t=xoxe-476316655393-618179035285-606757826531-bd1c7b831233e0d053294a8f47715ef5",
                "thumb_80": "https:\/\/files.slack.com\/files-tmb\/TE09AK9BK-FFYQ0BTMF-e8555827cc\/image_80.png?t=xoxe-476316655393-618179035285-606757826531-bd1c7b831233e0d053294a8f47715ef5",
                "thumb_360": "https:\/\/files.slack.com\/files-tmb\/TE09AK9BK-FFYQ0BTMF-e8555827cc\/image_360.png?t=xoxe-476316655393-618179035285-606757826531-bd1c7b831233e0d053294a8f47715ef5",
                "thumb_360_w": 360,
                "thumb_360_h": 181,
                "thumb_480": "https:\/\/files.slack.com\/files-tmb\/TE09AK9BK-FFYQ0BTMF-e8555827cc\/image_480.png?t=xoxe-476316655393-618179035285-606757826531-bd1c7b831233e0d053294a8f47715ef5",
                "thumb_480_w": 480,
                "thumb_480_h": 241,
                "thumb_160": "https:\/\/files.slack.com\/files-tmb\/TE09AK9BK-FFYQ0BTMF-e8555827cc\/image_160.png?t=xoxe-476316655393-618179035285-606757826531-bd1c7b831233e0d053294a8f47715ef5",
                "thumb_720": "https:\/\/files.slack.com\/files-tmb\/TE09AK9BK-FFYQ0BTMF-e8555827cc\/image_720.png?t=xoxe-476316655393-618179035285-606757826531-bd1c7b831233e0d053294a8f47715ef5",
                "thumb_720_w": 720,
                "thumb_720_h": 362,
                "thumb_800": "https:\/\/files.slack.com\/files-tmb\/TE09AK9BK-FFYQ0BTMF-e8555827cc\/image_800.png?t=xoxe-476316655393-618179035285-606757826531-bd1c7b831233e0d053294a8f47715ef5",
                "thumb_800_w": 800,
                "thumb_800_h": 402,
                "thumb_960": "https:\/\/files.slack.com\/files-tmb\/TE09AK9BK-FFYQ0BTMF-e8555827cc\/image_960.png?t=xoxe-476316655393-618179035285-606757826531-bd1c7b831233e0d053294a8f47715ef5",
                "thumb_960_w": 960,
                "thumb_960_h": 482,
                "thumb_1024": "https:\/\/files.slack.com\/files-tmb\/TE09AK9BK-FFYQ0BTMF-e8555827cc\/image_1024.png?t=xoxe-476316655393-618179035285-606757826531-bd1c7b831233e0d053294a8f47715ef5",
                "thumb_1024_w": 1024,
                "thumb_1024_h": 515,
                "image_exif_rotation": 1,
                "original_w": 1594,
                "original_h": 801,
                "permalink": "https:\/\/topjava16.slack.com\/files\/UFPV5FPLK\/FFYQ0BTMF\/image.png",
                "permalink_public": "https:\/\/slack-files.com\/TE09AK9BK-FFYQ0BTMF-a528c25ec3",
                "has_rich_preview": false
            }
        ],
        "upload": true,
        "user": "UFPV5FPLK",
        "display_as_bot": false,
        "ts": "1549440172.146400",
        "thread_ts": "1549309294.136700",
        "parent_user_id": "UFVQWFQHM"
    },
    {
        "client_msg_id": "b0eb07c1-ee54-489c-9af8-8ee9fb41cbd8",
        "type": "message",
        "text": "Думаю тут нельзя за один проход O(N) сделать.  Все равно для каждого элемента нужно пробегать по части коллекции. Но чтобы это делать она должна быть упорядочена, т.е. в каждой итерации нужно сортировать по новой. А это О(N2)",
        "user": "UF3BP78SF",
        "ts": "1549463365.146800",
        "thread_ts": "1548887694.093700",
        "parent_user_id": "UFQ35BUP4"
    },
    {
        "client_msg_id": "72139d2a-892c-471b-bb06-1fcb07829f5d",
        "type": "message",
        "text": "<@UFPV5FPLK> Да, вот это хотел. Сохранил картинку, спс, мучения завершились) Я бы такое именно решение и использовал бы, потому что оно реально показывает процесс) Только TimeUtils.isBetween как я писал",
        "user": "UFVQWFQHM",
        "ts": "1549464570.147000",
        "edited": {
            "user": "UFVQWFQHM",
            "ts": "1549465316.000000"
        },
        "thread_ts": "1549309294.136700",
        "parent_user_id": "UFVQWFQHM"
    },
    {
        "client_msg_id": "f6c46fbd-db22-4a65-9cb2-2daf5f9bb42e",
        "type": "message",
        "text": "технически O(N2) это и есть O(N) ))",
        "user": "UFT7XUWJX",
        "ts": "1549467238.147600",
        "thread_ts": "1548887694.093700",
        "parent_user_id": "UFQ35BUP4"
    },
    {
        "client_msg_id": "c16e8c2f-eb97-4e94-a597-751d7af44974",
        "type": "message",
        "text": "<@UF30Z1F8W> проблему в итоге удалось решить? если да, то как?",
        "user": "UFWQHQV1Q",
        "ts": "1549471696.147800",
        "edited": {
            "user": "UFWQHQV1Q",
            "ts": "1549471732.000000"
        },
        "thread_ts": "1549137271.117000",
        "parent_user_id": "UFVQWFQHM"
    },
    {
        "client_msg_id": "359e523f-3050-4a69-af86-d25d109c0177",
        "type": "message",
        "text": "<@UFWQHQV1Q> увы, нет",
        "user": "UF30Z1F8W",
        "ts": "1549475751.148100",
        "thread_ts": "1549137271.117000",
        "parent_user_id": "UFVQWFQHM"
    },
    {
        "client_msg_id": "031b5498-cce2-4295-b50f-a3933bbb9ada",
        "type": "message",
        "text": "Я пока довольно слабо разобрался в тонкостях работы стримов, но у меня вопрос возник. А вот в данном конкретном случае в этом задании использовать стрим действительно выгоднее, чем цикл, или это мы просто для тренировки? Просто я пытался замерить какой вариант быстрее отработает и у меня выходит что вариант с циклами работает где-то на 30% быстрее. Решение, я так глянул, у нас почти всех примерно одинаковое. Вот мне и интересно, может вариант через стрим в чем-то другом выигрывает? Ну и заодно сразу еще один вопрос, а как правильно тестировать такие маленькие кусочки кода, я то просто тупо _currentTimeMillis()_ использовал, но видимо для таких целей более умные решения есть, а я пока не смог разобраться.",
        "user": "UFKNK1SBG",
        "ts": "1549483655.155600",
        "thread_ts": "1549483655.155600",
        "reply_count": 7,
        "reply_users_count": 6,
        "latest_reply": "1549728297.195900",
        "reply_users": [
            "UE1ULNT9V",
            "UFKNK1SBG",
            "UFQT0J4PP",
            "UFUQUNDRP",
            "UF3BP78SF",
            "UFUA3RR0R"
        ],
        "replies": [
            {
                "user": "UE1ULNT9V",
                "ts": "1549484285.157200"
            },
            {
                "user": "UFKNK1SBG",
                "ts": "1549484894.157800"
            },
            {
                "user": "UFQT0J4PP",
                "ts": "1549502957.158000"
            },
            {
                "user": "UFUQUNDRP",
                "ts": "1549520754.158300"
            },
            {
                "user": "UFUQUNDRP",
                "ts": "1549520882.158500"
            },
            {
                "user": "UF3BP78SF",
                "ts": "1549532148.160900"
            },
            {
                "user": "UFUA3RR0R",
                "ts": "1549728297.195900"
            }
        ]
    },
    {
        "client_msg_id": "f006e195-851d-4ea9-afc3-cf9ba83f5e1e",
        "type": "message",
        "text": "Для тестов быстро действия существуют специальные фреймворки. Так просто его не затестить. ",
        "user": "UFU5XFS5D",
        "ts": "1549484193.157100"
    },
    {
        "client_msg_id": "8be485f2-6329-4c0a-8dbe-a71b7a0791e0",
        "type": "message",
        "text": "по использования стримов и замера производительности есть в уроке:\n<https:\/\/github.com\/JavaOPs\/topjava#замечания-по-использованию-stream-api>\nты не первый:)",
        "user": "UE1ULNT9V",
        "ts": "1549484285.157200",
        "edited": {
            "user": "UE1ULNT9V",
            "ts": "1549484365.000000"
        },
        "thread_ts": "1549483655.155600",
        "parent_user_id": "UFKNK1SBG"
    },
    {
        "client_msg_id": "b63a4ed2-84dc-4fd3-87ee-1d2668bce599",
        "type": "message",
        "text": "Ну, я уже смотрел это все вроде, но понимание не пришло. Хотя, возможно проблема в том, что я это все смотрел еще до того, как сам начал пробовать сделать что-то со стримами, так что наверное этой информации не за что было зацепиться у меня в голове и она прошла мимо :)) Пожалуй завтра еще разок покопаюсь в этом",
        "user": "UFKNK1SBG",
        "ts": "1549484894.157800",
        "thread_ts": "1549483655.155600",
        "parent_user_id": "UFKNK1SBG"
    },
    {
        "client_msg_id": "402a12a9-279d-4fd0-ab50-23470d31f486",
        "type": "message",
        "text": "Говорят, что преимущество стримов будет видно при \"разогретой\" jvm. ",
        "user": "UFQT0J4PP",
        "ts": "1549502957.158000",
        "thread_ts": "1549483655.155600",
        "parent_user_id": "UFKNK1SBG"
    },
    {
        "client_msg_id": "6068f1c0-7c53-4a2e-a5c7-c0b9fb93a3d6",
        "type": "message",
        "text": "Насколько я понимаю - стримы намного проще параллелить для обработки коллекций. Т.е. тут можно рассматривать в кач-ве задела на будущее, если в остальном разницы с циклами нет.",
        "user": "UFUQUNDRP",
        "ts": "1549520754.158300",
        "thread_ts": "1549483655.155600",
        "parent_user_id": "UFKNK1SBG"
    },
    {
        "client_msg_id": "7f34cb43-8f21-40db-9b70-1fe5516a29e1",
        "type": "message",
        "text": "А для замеров по-простому (и не стимов) ставлю метки System.nanoTime() до и после, потом разность между ними можно посмотреть.",
        "user": "UFUQUNDRP",
        "ts": "1549520882.158500",
        "thread_ts": "1549483655.155600",
        "parent_user_id": "UFKNK1SBG"
    }
]