[
    {
        "client_msg_id": "7de3d4d7-f518-4238-8bb7-3444ff57f992",
        "type": "message",
        "text": "Скажите пож, а зачем в CrudMealRepository мы заоверрайдели save с transactional, если у нас в SimpleJpaRepository save с @transactional и в видео об этом же говорится, а в патче в итоге есть?",
        "user": "UFFJ077SL",
        "ts": "1552721921.025400",
        "thread_ts": "1552721921.025400",
        "reply_count": 2,
        "reply_users_count": 2,
        "latest_reply": "1552772251.039400",
        "reply_users": [
            "UFZT3QMU6",
            "UE1ULNT9V"
        ],
        "replies": [
            {
                "user": "UFZT3QMU6",
                "ts": "1552723858.025700"
            },
            {
                "user": "UE1ULNT9V",
                "ts": "1552772251.039400"
            }
        ]
    },
    {
        "client_msg_id": "d46ecc1b-9092-4231-a27d-cc47ec4dc842",
        "type": "message",
        "text": "Там обычный save, который не учитывает обработку нашего userId.",
        "user": "UFZT3QMU6",
        "ts": "1552723858.025700",
        "thread_ts": "1552721921.025400",
        "parent_user_id": "UFFJ077SL"
    },
    {
        "client_msg_id": "d7abe792-a33a-482d-b67b-216ab503ef8b",
        "type": "message",
        "text": "Ну вот. Прочитав вопрос, я сразу подумал о том же)",
        "user": "UFZT3QMU6",
        "ts": "1552723953.025900",
        "thread_ts": "1552688662.023000",
        "parent_user_id": "UFPRT4B28"
    },
    {
        "client_msg_id": "34b38f3c-ddd3-43a5-8a3f-c05efb772065",
        "type": "message",
        "text": "кто-нибудь разобрался хорошо в вопросе “JPA JoinColumn vs mappedBy”? ЧТо когда использовать?",
        "user": "UFFJ077SL",
        "ts": "1552725392.026900",
        "thread_ts": "1552725392.026900",
        "reply_count": 3,
        "reply_users_count": 3,
        "latest_reply": "1552748582.034100",
        "reply_users": [
            "UFT7XUWJX",
            "UFZT3QMU6",
            "UFKG13683"
        ],
        "replies": [
            {
                "user": "UFT7XUWJX",
                "ts": "1552725612.027000"
            },
            {
                "user": "UFZT3QMU6",
                "ts": "1552726114.027200"
            },
            {
                "user": "UFKG13683",
                "ts": "1552748582.034100"
            }
        ]
    },
    {
        "client_msg_id": "3befba65-a892-4462-bd4e-98041348dc47",
        "type": "message",
        "text": "Я думаю, что если отношения двусторонние(1 к м, м к 1), то mappedBy",
        "user": "UFT7XUWJX",
        "ts": "1552725612.027000",
        "thread_ts": "1552725392.026900",
        "parent_user_id": "UFFJ077SL"
    },
    {
        "client_msg_id": "e1d33d8c-26e1-40e1-9633-fc6351946887",
        "type": "message",
        "text": "JoinColumn - когда нужно больше настроек, а mappedBy - указываем таблицу и берем дефолтные настройки. В частности, JoinColumn дает указать поля с обеих таблиц, и неск-ко других настроек.",
        "user": "UFZT3QMU6",
        "ts": "1552726114.027200",
        "thread_ts": "1552725392.026900",
        "parent_user_id": "UFFJ077SL"
    },
    {
        "client_msg_id": "f6cdb9fd-2f76-41ed-b4ba-8a697ba47988",
        "type": "message",
        "text": "и еще непонятно, в видео мы в User в шапке класса пишем\n@NamedEntityGraph(name = User.GRAPH_WITH_MEALS, attributeNodes = {@NamedAttributeNode(“meals”)}), а в патчах ничего подобного нет, и в CrudRepository теперь пишется @EntityGraph(attributePaths = {“meals”, “roles”}), вместо @EntityGraph(value = User.GRAPH_WITH_MEALS). Теперь достаточно только EntityGraph задавать получается?",
        "user": "UFFJ077SL",
        "ts": "1552726355.029200",
        "thread_ts": "1552726355.029200",
        "reply_count": 3,
        "reply_users_count": 2,
        "latest_reply": "1552799841.040800",
        "reply_users": [
            "UE1ULNT9V",
            "UFFJ077SL"
        ],
        "replies": [
            {
                "user": "UE1ULNT9V",
                "ts": "1552772339.039600"
            },
            {
                "user": "UFFJ077SL",
                "ts": "1552799840.040600"
            },
            {
                "user": "UFFJ077SL",
                "ts": "1552799841.040800"
            }
        ]
    },
    {
        "type": "message",
        "text": "Коллеги, подскажите, кто знает. В примере мое решение HW5 по CrudMealRepository. Григорий в решении использует для методов delete и get... @Query с запросом. Есть ли разница какой способ использовать, и если есть то в чем и какой способ лучше?",
        "files": [
            {
                "id": "FGYKZ916C",
                "created": 1552743262,
                "timestamp": 1552743262,
                "name": "-.java",
                "title": "Untitled",
                "mimetype": "text\/plain",
                "filetype": "java",
                "pretty_type": "Java",
                "user": "UG2UHV0KF",
                "editable": true,
                "size": 534,
                "mode": "snippet",
                "is_external": false,
                "external_type": "",
                "is_public": true,
                "public_url_shared": false,
                "display_as_bot": false,
                "username": "",
                "url_private": "https:\/\/files.slack.com\/files-pri\/TE09AK9BK-FGYKZ916C\/-.java?t=xoxe-476316655393-618179035285-606757826531-bd1c7b831233e0d053294a8f47715ef5",
                "url_private_download": "https:\/\/files.slack.com\/files-pri\/TE09AK9BK-FGYKZ916C\/download\/-.java?t=xoxe-476316655393-618179035285-606757826531-bd1c7b831233e0d053294a8f47715ef5",
                "permalink": "https:\/\/topjava16.slack.com\/files\/UG2UHV0KF\/FGYKZ916C\/-.java",
                "permalink_public": "https:\/\/slack-files.com\/TE09AK9BK-FGYKZ916C-80a54eb448",
                "edit_link": "https:\/\/topjava16.slack.com\/files\/UG2UHV0KF\/FGYKZ916C\/-.java\/edit",
                "has_rich_preview": false
            }
        ],
        "upload": true,
        "user": "UG2UHV0KF",
        "display_as_bot": false,
        "ts": "1552743262.030400",
        "thread_ts": "1552743262.030400",
        "reply_count": 3,
        "reply_users_count": 3,
        "latest_reply": "1552749304.034400",
        "reply_users": [
            "UFT7XUWJX",
            "UFKG13683",
            "UFFJ077SL"
        ],
        "replies": [
            {
                "user": "UFT7XUWJX",
                "ts": "1552743732.030700"
            },
            {
                "user": "UFKG13683",
                "ts": "1552746395.033900"
            },
            {
                "user": "UFFJ077SL",
                "ts": "1552749304.034400"
            }
        ]
    },
    {
        "client_msg_id": "2a02923c-547b-4881-b1d4-819c61597ad8",
        "type": "message",
        "text": "Не уверен на счет разницы, но, кажется, аннотация @Modifying ставится только @Query и только если меняются данные в БД.",
        "user": "UFT7XUWJX",
        "ts": "1552743732.030700",
        "thread_ts": "1552743262.030400",
        "parent_user_id": "UG2UHV0KF"
    },
    {
        "client_msg_id": "f742d738-0819-4fa1-9959-c0c6fdeaa5c7",
        "type": "message",
        "text": "Ассоциации так же могут быть закэшированы кэшем второго уровня, но по умолчанию это не включено. Для кэширования ассоциаций нам нужно установить аннотацию @Cache к самой ассоциации:\n\n@Entity\npublic class SomeEntity {\n@OneToMany\n@Cache(usage=CacheConcurrencyStrategy.READ_ONLY, region=“yourCollectionRegion”)\nprivate Set&lt;OtherEntity&gt; other;\n}\nтоесть нужно еще дополнительно @cache проставлять, если хотим закэшировать meals у User?",
        "user": "UFFJ077SL",
        "ts": "1552744447.031500"
    },
    {
        "client_msg_id": "1c81d088-0fc3-487e-893a-0d7905213fc6",
        "type": "message",
        "text": "И интересно, почему мы кэш запросов не используем?",
        "user": "UFFJ077SL",
        "ts": "1552744516.032000",
        "thread_ts": "1552744516.032000",
        "reply_count": 1,
        "reply_users_count": 1,
        "latest_reply": "1552772531.040200",
        "reply_users": [
            "UE1ULNT9V"
        ],
        "replies": [
            {
                "user": "UE1ULNT9V",
                "ts": "1552772531.040200"
            }
        ]
    },
    {
        "client_msg_id": "ccfa5028-4a67-4dba-9c40-6f1f9ad5699f",
        "type": "message",
        "text": "@guery быстрее чем магические запросы, потому что spring пока распарсит строку сформирует запрос",
        "user": "UFKG13683",
        "ts": "1552746395.033900",
        "thread_ts": "1552743262.030400",
        "parent_user_id": "UG2UHV0KF",
        "reactions": [
            {
                "name": "heavy_check_mark",
                "users": [
                    "UE1ULNT9V"
                ],
                "count": 1
            },
            {
                "name": "+1",
                "users": [
                    "UFS44Q1JS",
                    "UG2UHV0KF"
                ],
                "count": 2
            }
        ]
    },
    {
        "client_msg_id": "2ca94c47-7800-4c3e-aa87-b1623c0b2035",
        "type": "message",
        "text": "<https:\/\/stackoverflow.com\/questions\/11938253\/whats-the-difference-between-joincolumn-and-mappedby-when-using-a-jpa-onetoma>",
        "user": "UFKG13683",
        "ts": "1552748582.034100",
        "attachments": [
            {
                "service_name": "Stack Overflow",
                "title": "What's the difference between @JoinColumn and mappedBy when using a JPA @OneToMany association",
                "title_link": "https:\/\/stackoverflow.com\/questions\/11938253\/whats-the-difference-between-joincolumn-and-mappedby-when-using-a-jpa-onetoma",
                "text": "What is the difference between: @Entity public class Company { @OneToMany(cascade = CascadeType.ALL , fetch = FetchType.LAZY) @JoinColumn(name = \"companyIdRef\", referencedColumnName = \"",
                "fallback": "Stack Overflow: What's the difference between @JoinColumn and mappedBy when using a JPA @OneToMany association",
                "thumb_url": "https:\/\/cdn.sstatic.net\/Sites\/stackoverflow\/img\/apple-touch-icon@2.png?v=73d79a89bded",
                "from_url": "https:\/\/stackoverflow.com\/questions\/11938253\/whats-the-difference-between-joincolumn-and-mappedby-when-using-a-jpa-onetoma",
                "thumb_width": 316,
                "thumb_height": 316,
                "service_icon": "https:\/\/cdn.sstatic.net\/Sites\/stackoverflow\/img\/favicon.ico?v=4f32ecc8f43d",
                "id": 1,
                "original_url": "https:\/\/stackoverflow.com\/questions\/11938253\/whats-the-difference-between-joincolumn-and-mappedby-when-using-a-jpa-onetoma"
            }
        ],
        "thread_ts": "1552725392.026900",
        "parent_user_id": "UFFJ077SL"
    },
    {
        "client_msg_id": "9db40f37-e762-42d9-8b59-59a379e89f5b",
        "type": "message",
        "text": "но используя query не забудьте, что кэш не всегда работает с query:\nКогда работает кэш?\n\nКогда вы вызываете методы session.get() или session.load() для объекта, который до этого размещен в кэше. Кэш это хранилище, в котором ID это ключ и свойства сущности являются значением. Так что получить сущность из кэша возможно только по его ID.\nКогда Ваши ассоциации загружаются lazy (или eager с селектами вместо joins)\nНе работает когда:\n\nЕсли Вы делаете выборку не по ID. Если Вы делаете запрос как: from Authors where name = :name, то тогда запрос не попадет в кэш.\nКогда вы используете HQL (даже если задавать where id = ?).\nЕсли в маппинге проставлено fetch=“join”, это означает что надо выгружать ассоциацию с помощью джойнов везде, вместо отдельных запросов селекта. Кэш работает, только если используется fetch=“select”.",
        "user": "UFFJ077SL",
        "ts": "1552749304.034400",
        "thread_ts": "1552743262.030400",
        "parent_user_id": "UG2UHV0KF"
    },
    {
        "client_msg_id": "17b796ec-4a37-4546-89a2-20e3e81e89cd",
        "type": "message",
        "text": "Не запускается через cargo:run",
        "user": "UFT7XUWJX",
        "ts": "1552752393.037700",
        "thread_ts": "1552752393.037700",
        "reply_count": 3,
        "reply_users_count": 2,
        "latest_reply": "1552753948.038900",
        "reply_users": [
            "UFT7XUWJX",
            "UF6HMCG3X"
        ],
        "replies": [
            {
                "user": "UFT7XUWJX",
                "ts": "1552752398.037900"
            },
            {
                "user": "UF6HMCG3X",
                "ts": "1552753167.038400"
            },
            {
                "user": "UFT7XUWJX",
                "ts": "1552753948.038900"
            }
        ]
    },
    {
        "client_msg_id": "d9f959ab-1240-4c9b-8a33-188c80b88ce7",
        "type": "message",
        "text": "[ERROR] Failed to execute goal org.codehaus.cargo:cargo-maven2-plugin:1.7.3:run (default-cli) on project topjava: Execution default-cli of goal org.codehaus.cargo:cargo-maven2-plugin:1.7.3:run failed: Failed to create deployable with implementation class org.codehaus.cargo.container.tomcat.TomcatWAR for the parameters (container [id = [tomcat9x]], deployable type [war]). InvocationTargetException: Failed to parse Tomcat WAR file in [D:\\_DEV\\topjava\\topjava\\target\\topjava.war]: Failed to find file [D:\\_DEV\\topjava\\topjava\\target\\topjava.war]: D:\\_DEV\\topjava\\topjava\\target\\topjava.war (Не удается найти указанный файл) -&gt; [Help 1]",
        "user": "UFT7XUWJX",
        "ts": "1552752398.037900",
        "thread_ts": "1552752393.037700",
        "parent_user_id": "UFT7XUWJX"
    },
    {
        "client_msg_id": "b41ad923-18b9-41ec-9c3f-581530a7dd15",
        "type": "message",
        "text": "У кого нибудь была ошибка в классе USER В анотациях @NamedQuery(name = User.BY_EMAIL, query = \"SELECT u FROM User u LEFT JOIN FETCH u.roles WHERE u.email=?1\"),    ВСЕ - USER -&gt; ПОДЧЕРКНУТЫ КРАСНЫМ  Подскаска говорит что не удается разрешить символ USER и Inspection info: This inspection controls whether the Persistence QL Queries are error-checked  т.е  Я так понимаю что Запрос проверятся на ошибку а в чем ошибка не пойму. Клас тайкой же как и на TOPJAVA оригинал",
        "user": "UG862J8F8",
        "ts": "1552752410.038200",
        "edited": {
            "user": "UG862J8F8",
            "ts": "1552752494.000000"
        },
        "thread_ts": "1552752410.038200",
        "reply_count": 3,
        "reply_users_count": 3,
        "latest_reply": "1553671415.199400",
        "reply_users": [
            "UFKG13683",
            "UG862J8F8",
            "UFTLU8L02"
        ],
        "replies": [
            {
                "user": "UFKG13683",
                "ts": "1552753851.038600"
            },
            {
                "user": "UG862J8F8",
                "ts": "1552765572.039100"
            },
            {
                "user": "UFTLU8L02",
                "ts": "1553671415.199400"
            }
        ]
    },
    {
        "client_msg_id": "3172ca67-b588-43bf-82a9-e7932b054663",
        "type": "message",
        "text": "1. clean\n2. package",
        "user": "UF6HMCG3X",
        "ts": "1552753167.038400",
        "thread_ts": "1552752393.037700",
        "parent_user_id": "UFT7XUWJX",
        "reactions": [
            {
                "name": "+1",
                "users": [
                    "UFT7XUWJX",
                    "UE1ULNT9V"
                ],
                "count": 2
            }
        ]
    },
    {
        "client_msg_id": "68826845-fa31-4182-8ae6-c61e092107a0",
        "type": "message",
        "text": "Может idea тупит",
        "user": "UFKG13683",
        "ts": "1552753851.038600",
        "thread_ts": "1552752410.038200",
        "parent_user_id": "UG862J8F8"
    },
    {
        "client_msg_id": "2569aa8c-d8f1-4b9c-924d-09d62f90b53f",
        "type": "message",
        "text": "Спасибо",
        "user": "UFT7XUWJX",
        "ts": "1552753948.038900",
        "thread_ts": "1552752393.037700",
        "parent_user_id": "UFT7XUWJX"
    },
    {
        "client_msg_id": "13f924d8-a7b2-4e86-a764-2e5adb21f539",
        "type": "message",
        "text": "Возможно! Отлючил проверку , не знаю как это повлияет.",
        "user": "UG862J8F8",
        "ts": "1552765572.039100",
        "thread_ts": "1552752410.038200",
        "parent_user_id": "UG862J8F8"
    },
    {
        "client_msg_id": "5125220b-6edf-4e11-9c9b-eebc8a59de11",
        "type": "message",
        "text": "вообще save() можно не писать сюда, он наследуется\nбез transactional я у себя на проекте багу словил- не сохранялось. копать не стал почему",
        "user": "UE1ULNT9V",
        "ts": "1552772251.039400",
        "thread_ts": "1552721921.025400",
        "parent_user_id": "UFFJ077SL"
    },
    {
        "client_msg_id": "40cf943b-d630-4bba-8eb8-e2e9126c34f9",
        "type": "message",
        "text": "<@UFFJ077SL> под патчем комментарий смотрел?",
        "user": "UE1ULNT9V",
        "ts": "1552772339.039600",
        "edited": {
            "user": "UE1ULNT9V",
            "ts": "1552772360.000000"
        },
        "thread_ts": "1552726355.029200",
        "parent_user_id": "UFFJ077SL"
    },
    {
        "client_msg_id": "a7983d2c-a85a-4b8d-a8ba-eeff40236560",
        "type": "message",
        "text": "ну, не используем без всякой идеологии:) just because. можно подумать о включении в курс",
        "user": "UE1ULNT9V",
        "ts": "1552772531.040200",
        "edited": {
            "user": "UE1ULNT9V",
            "ts": "1552772565.000000"
        },
        "thread_ts": "1552744516.032000",
        "parent_user_id": "UFFJ077SL"
    },
    {
        "client_msg_id": "a953ab40-7110-4766-b2d4-5e73662ae7b7",
        "type": "message",
        "text": "да, но бегло ) пошел по ссылке прочитал",
        "user": "UFFJ077SL",
        "ts": "1552799840.040600",
        "thread_ts": "1552726355.029200",
        "parent_user_id": "UFFJ077SL"
    },
    {
        "client_msg_id": "9e440918-16ab-43fb-9ac4-288d5b6d8312",
        "type": "message",
        "text": "The Gosling release now takes our JPA 2.1 story one step forward, extending it to ad-hoc fetch graph definitions. By explicitly specifying properties via @EntityGraph(attributePaths = …) on the query method you don’t need to have the NamedEntityGraph annotation on your entity.",
        "user": "UFFJ077SL",
        "ts": "1552799841.040800",
        "thread_ts": "1552726355.029200",
        "parent_user_id": "UFFJ077SL"
    }
]