[
    {
        "client_msg_id": "deeb71dd-8ddf-439c-ab1f-297719c378a5",
        "type": "message",
        "text": "Товарищи, ни у кого не было ошибки:\n\norg.apache.jasper.JasperException: An exception occurred processing [\/WEB-INF\/jsp\/fragments\/headTag.jsp] at line [8]\n\n5: &lt;head&gt;\n6:     &lt;meta http-equiv=“Content-Type” content=“text\/html; charset=UTF-8\"&gt;\n7:     &lt;title&gt;&lt;spring:message code=“app.title”\/&gt;&lt;\/title&gt;\n8:     &lt;link rel=“stylesheet” href=“resources\/css\/style.css”&gt;\n9: &lt;\/head&gt;\n\njavax.servlet.ServletException: javax.servlet.jsp.JspTagException: No message found under code ‘app.title’ for locale ‘en_US’.",
        "user": "UFS44Q1JS",
        "ts": "1552814886.042100",
        "thread_ts": "1552814886.042100",
        "reply_count": 4,
        "reply_users_count": 3,
        "latest_reply": "1553228480.158600",
        "reply_users": [
            "UG105SZ89",
            "UFZT3QMU6",
            "UFR6VRXL3"
        ],
        "replies": [
            {
                "user": "UG105SZ89",
                "ts": "1552815844.042200"
            },
            {
                "user": "UFZT3QMU6",
                "ts": "1552827670.046700"
            },
            {
                "user": "UFR6VRXL3",
                "ts": "1553228248.158200"
            },
            {
                "user": "UFR6VRXL3",
                "ts": "1553228480.158600"
            }
        ]
    },
    {
        "client_msg_id": "dfb73925-46ce-4002-a47e-2bb038558120",
        "type": "message",
        "text": "В 99% случаев - это неверная настройка переменной окружения, которая требуется нашему проекту (TOPJAVA_ROOT)",
        "user": "UG105SZ89",
        "ts": "1552815844.042200",
        "edited": {
            "user": "UG105SZ89",
            "ts": "1552815875.000000"
        },
        "thread_ts": "1552814886.042100",
        "parent_user_id": "UFS44Q1JS",
        "reactions": [
            {
                "name": "fire",
                "users": [
                    "UFS44Q1JS"
                ],
                "count": 1
            },
            {
                "name": "heavy_check_mark",
                "users": [
                    "UE1ULNT9V",
                    "UFVJ4064D"
                ],
                "count": 2
            }
        ]
    },
    {
        "client_msg_id": "df76179f-d3c5-4616-8ff4-74cbfa092ac9",
        "type": "message",
        "text": "Намекните пожалуйста как можно лучше всего Jdbc тесты пофиксить",
        "user": "UFKNK1SBG",
        "ts": "1552824493.045000",
        "thread_ts": "1552824493.045000",
        "reply_count": 27,
        "reply_users_count": 9,
        "latest_reply": "1552932158.079300",
        "reply_users": [
            "UFKNK1SBG",
            "UFPRT4B28",
            "UFZT3QMU6",
            "UF6HMCG3X",
            "UFKG13683",
            "UFLKE29QW",
            "UE1ULNT9V",
            "UFFJ077SL",
            "UFT7XUWJX"
        ],
        "replies": [
            {
                "user": "UFKNK1SBG",
                "ts": "1552824613.045100"
            },
            {
                "user": "UFPRT4B28",
                "ts": "1552827415.045500"
            },
            {
                "user": "UFPRT4B28",
                "ts": "1552827512.045900"
            },
            {
                "user": "UFKNK1SBG",
                "ts": "1552827587.046100"
            },
            {
                "user": "UFPRT4B28",
                "ts": "1552827607.046300"
            },
            {
                "user": "UFPRT4B28",
                "ts": "1552827640.046500"
            },
            {
                "user": "UFZT3QMU6",
                "ts": "1552827980.046900"
            },
            {
                "user": "UFKNK1SBG",
                "ts": "1552828234.049400"
            },
            {
                "user": "UFKNK1SBG",
                "ts": "1552828395.049600"
            },
            {
                "user": "UFPRT4B28",
                "ts": "1552828876.050000"
            },
            {
                "user": "UFZT3QMU6",
                "ts": "1552830413.051000"
            },
            {
                "user": "UF6HMCG3X",
                "ts": "1552830562.051200"
            },
            {
                "user": "UFZT3QMU6",
                "ts": "1552830716.052700"
            },
            {
                "user": "UFKG13683",
                "ts": "1552833095.055700"
            },
            {
                "user": "UFLKE29QW",
                "ts": "1552838214.056300"
            },
            {
                "user": "UFLKE29QW",
                "ts": "1552838282.056500"
            },
            {
                "user": "UFKNK1SBG",
                "ts": "1552840900.058000"
            },
            {
                "user": "UE1ULNT9V",
                "ts": "1552925909.074700"
            },
            {
                "user": "UFFJ077SL",
                "ts": "1552926521.076500"
            },
            {
                "user": "UFLKE29QW",
                "ts": "1552927025.077300"
            },
            {
                "user": "UE1ULNT9V",
                "ts": "1552931273.078100"
            },
            {
                "user": "UFLKE29QW",
                "ts": "1552931432.078300"
            },
            {
                "user": "UFT7XUWJX",
                "ts": "1552931988.078500"
            },
            {
                "user": "UFT7XUWJX",
                "ts": "1552932007.078700"
            },
            {
                "user": "UFLKE29QW",
                "ts": "1552932095.078900"
            },
            {
                "user": "UFLKE29QW",
                "ts": "1552932150.079100"
            },
            {
                "user": "UFT7XUWJX",
                "ts": "1552932158.079300"
            }
        ]
    },
    {
        "client_msg_id": "307bc067-9c43-41a0-965e-529043bdef08",
        "type": "message",
        "text": "Проблема ведь в том, что в родительском классе есть JpaUtil с @Autowired, а в Jdbc профиле у нас нечего туда подставить. Значит, на сколько я понимаю, для исправления нужно просто убрать JpaUtil для Jdbc тестов. Вот собственно и вопрос, как это можно сделать, ведь оно у нас в классе-родителе?\n\nЕдинственное, что я смог придумать, это изменить родителя. Т.е. добавил промежуточный абстрактный класс AbstractJpaUtilUserServiceTest, в который вынес JpaUtil, и наследование DataJpa и Jpa тестов сделал уже от него.\n\nТ.е. получается для починки Jdbc тестов я вообще их не трогал, а вместо этого переделал все остальные. Видимо получше способ должен быть, но я никак его найти не могу.",
        "user": "UFKNK1SBG",
        "ts": "1552824613.045100",
        "thread_ts": "1552824493.045000",
        "parent_user_id": "UFKNK1SBG"
    },
    {
        "client_msg_id": "e4a3d194-168a-411b-a457-9372175d0f3d",
        "type": "message",
        "text": "ты про первую часть домашки говоришь?",
        "user": "UFPRT4B28",
        "ts": "1552827415.045500",
        "thread_ts": "1552824493.045000",
        "parent_user_id": "UFKNK1SBG"
    },
    {
        "client_msg_id": "38ad8b01-abaf-4d8b-9e49-fffa80502ba1",
        "type": "message",
        "text": "там где нужно исключить валидацию?",
        "user": "UFPRT4B28",
        "ts": "1552827512.045900",
        "thread_ts": "1552824493.045000",
        "parent_user_id": "UFKNK1SBG"
    },
    {
        "client_msg_id": "20f26642-a1d3-487d-9424-6be0a39ab894",
        "type": "message",
        "text": "да",
        "user": "UFKNK1SBG",
        "ts": "1552827587.046100",
        "thread_ts": "1552824493.045000",
        "parent_user_id": "UFKNK1SBG"
    },
    {
        "client_msg_id": "dab3f701-9cf4-433e-ba86-949921ac25e0",
        "type": "message",
        "text": "смотри там ссылки прямо под заданием о том как исключать тесты",
        "user": "UFPRT4B28",
        "ts": "1552827607.046300",
        "thread_ts": "1552824493.045000",
        "parent_user_id": "UFKNK1SBG"
    },
    {
        "client_msg_id": "61dbbaa2-0e8b-4074-b894-f4a0999293f5",
        "type": "message",
        "text": "нужно просто чтобы при запуске jdbc мавен и junit их игнорировали, пропускали",
        "user": "UFPRT4B28",
        "ts": "1552827640.046500",
        "thread_ts": "1552824493.045000",
        "parent_user_id": "UFKNK1SBG"
    },
    {
        "client_msg_id": "702ced12-9216-408e-b86c-21c6d6fc80f7",
        "type": "message",
        "text": "Ага. И перезапуск Идеи вдобавок нужен.",
        "user": "UFZT3QMU6",
        "ts": "1552827670.046700",
        "thread_ts": "1552814886.042100",
        "parent_user_id": "UFS44Q1JS"
    },
    {
        "client_msg_id": "364f29f8-8497-4d4f-9ceb-8d0c5232af3f",
        "type": "message",
        "text": "Можно:\n1. просто не запускать тесты для профиля Jdbc. Это просто реализовать. Но, возможно, не правильно.\n2. запускать, но без JpaUtil. поставил у него null, а для Jpa создаю new JpaUtil. т.к. пока не придумал способ дернуть контекст из тестов.",
        "user": "UFZT3QMU6",
        "ts": "1552827980.046900",
        "thread_ts": "1552824493.045000",
        "parent_user_id": "UFKNK1SBG"
    },
    {
        "client_msg_id": "02f1973d-32b7-4e72-b8a2-462f2143a63f",
        "type": "message",
        "text": "Кто как параметры передает на Jsp? Через Model? Например в Post-методе \/filter нужно список передавать",
        "user": "UFZT3QMU6",
        "ts": "1552828232.049300",
        "thread_ts": "1552828232.049300",
        "reply_count": 6,
        "reply_users_count": 4,
        "latest_reply": "1552926057.075300",
        "reply_users": [
            "UFPRT4B28",
            "UFZT3QMU6",
            "UFT7XUWJX",
            "UE1ULNT9V"
        ],
        "replies": [
            {
                "user": "UFPRT4B28",
                "ts": "1552828811.049800"
            },
            {
                "user": "UFZT3QMU6",
                "ts": "1552829621.050200"
            },
            {
                "user": "UFT7XUWJX",
                "ts": "1552829994.050600"
            },
            {
                "user": "UFZT3QMU6",
                "ts": "1552830146.050800"
            },
            {
                "user": "UE1ULNT9V",
                "ts": "1552925997.075100"
            },
            {
                "user": "UE1ULNT9V",
                "ts": "1552926057.075300"
            }
        ]
    },
    {
        "client_msg_id": "41ea4db4-cb07-4f1f-b4ba-315d947274f0",
        "type": "message",
        "text": "<@UFPRT4B28> как исключить тесты это понятно, а вот как эту нашу JpaUtil исключить из рассмотрения, вот в чем вопрос.",
        "user": "UFKNK1SBG",
        "ts": "1552828234.049400",
        "thread_ts": "1552824493.045000",
        "parent_user_id": "UFKNK1SBG"
    },
    {
        "client_msg_id": "5d6b1c65-04b4-48ef-9452-e50e7aa4f8a3",
        "type": "message",
        "text": "<@UFZT3QMU6> я тоже сначала думал просто в null поставить, но тоже как то это не так. Да к тому же тогда все равно в Jpa и DataJpa менять, а хочется такое решение, которое их вообще не затронет",
        "user": "UFKNK1SBG",
        "ts": "1552828395.049600",
        "thread_ts": "1552824493.045000",
        "parent_user_id": "UFKNK1SBG"
    },
    {
        "client_msg_id": "e6d788d5-7d8a-411a-89e2-6aece1350d3f",
        "type": "message",
        "text": "туда через Model обратно через HttpServletRequest",
        "user": "UFPRT4B28",
        "ts": "1552828811.049800",
        "thread_ts": "1552828232.049300",
        "parent_user_id": "UFZT3QMU6"
    },
    {
        "client_msg_id": "bc98e5d4-907a-4cd2-99c2-8286e08bb0be",
        "type": "message",
        "text": "не знаю, я просто исключила и все. посмотрим что на ревью скажут",
        "user": "UFPRT4B28",
        "ts": "1552828876.050000",
        "thread_ts": "1552824493.045000",
        "parent_user_id": "UFKNK1SBG"
    },
    {
        "client_msg_id": "acfb3200-6029-4465-926b-baf8dd3f1f53",
        "type": "message",
        "text": "Да, уже понял)",
        "user": "UFZT3QMU6",
        "ts": "1552829621.050200",
        "thread_ts": "1552828232.049300",
        "parent_user_id": "UFZT3QMU6"
    },
    {
        "client_msg_id": "bbbdaa77-b828-4c65-a90a-054709d91deb",
        "type": "message",
        "text": "Странно. На классе - \"\/meals\", на методе - GetMapping(\"\/\") и не работает. Пока скобки совсем не убрать. Пишет - нет такого ресурса.",
        "user": "UFZT3QMU6",
        "ts": "1552829739.050500"
    },
    {
        "client_msg_id": "0fefd605-2f99-41d1-9a4a-4ce65c87aa1a",
        "type": "message",
        "text": "Все так быстро читаю... ( Я один до сих пор читаю материал по 9му пункту? Кстати... кто знает? В этот раз дедлайн по ДЗ тоже до конца вторника?",
        "user": "UFT7XUWJX",
        "ts": "1552829994.050600",
        "thread_ts": "1552828232.049300",
        "parent_user_id": "UFZT3QMU6"
    },
    {
        "client_msg_id": "9fdcc7c5-b93b-429f-b9a4-69bf2784eaee",
        "type": "message",
        "text": "Да не. 2 недели теперь есть.",
        "user": "UFZT3QMU6",
        "ts": "1552830146.050800",
        "thread_ts": "1552828232.049300",
        "parent_user_id": "UFZT3QMU6"
    },
    {
        "client_msg_id": "ea436627-876d-4831-90eb-9c712996e8af",
        "type": "message",
        "text": "У меня вот так пока:\n\/\/@Autowired\nprotected JpaUtil jpaUtil;\n\n@BeforeClass\npublic void checkJpa() throws Exception {\n\tfor (String profile : env.getActiveProfiles()) {\n\t\tif (\"jpa\".equals(profile) || \"datajpa\".equals(profile)) {\n\t\t\tjpaUtil = new JpaUtil();\n\t\t}\n\t}\n}\n\n@Before\npublic void setUp() throws Exception {\n\tif (jpaUtil != null) {\n\t\tcacheManager.getCache(\"users\").clear();\n\t\tjpaUtil.clear2ndLevelHibernateCache();\n\t}\n}",
        "user": "UFZT3QMU6",
        "ts": "1552830413.051000",
        "thread_ts": "1552824493.045000",
        "parent_user_id": "UFKNK1SBG"
    },
    {
        "client_msg_id": "c8924a55-2703-4f5e-bb19-b5a53c17a98a",
        "type": "message",
        "text": "А остальные тесты при таком раскладе проходят?",
        "user": "UF6HMCG3X",
        "ts": "1552830562.051200",
        "thread_ts": "1552824493.045000",
        "parent_user_id": "UFKNK1SBG"
    },
    {
        "type": "message",
        "text": "Вопрос. А у кого настройки spring в проекте не такие как тут:",
        "files": [
            {
                "id": "FGZ1CSQ80",
                "created": 1552830618,
                "timestamp": 1552830618,
                "name": "image.png",
                "title": "Pasted image at 2019-03-17, 4:50 PM",
                "mimetype": "image\/png",
                "filetype": "png",
                "pretty_type": "PNG",
                "user": "UFT7XUWJX",
                "editable": false,
                "size": 84619,
                "mode": "hosted",
                "is_external": false,
                "external_type": "",
                "is_public": true,
                "public_url_shared": false,
                "display_as_bot": false,
                "username": "",
                "url_private": "https:\/\/files.slack.com\/files-pri\/TE09AK9BK-FGZ1CSQ80\/image.png?t=xoxe-476316655393-618179035285-606757826531-bd1c7b831233e0d053294a8f47715ef5",
                "url_private_download": "https:\/\/files.slack.com\/files-pri\/TE09AK9BK-FGZ1CSQ80\/download\/image.png?t=xoxe-476316655393-618179035285-606757826531-bd1c7b831233e0d053294a8f47715ef5",
                "thumb_64": "https:\/\/files.slack.com\/files-tmb\/TE09AK9BK-FGZ1CSQ80-fb804aa1ba\/image_64.png?t=xoxe-476316655393-618179035285-606757826531-bd1c7b831233e0d053294a8f47715ef5",
                "thumb_80": "https:\/\/files.slack.com\/files-tmb\/TE09AK9BK-FGZ1CSQ80-fb804aa1ba\/image_80.png?t=xoxe-476316655393-618179035285-606757826531-bd1c7b831233e0d053294a8f47715ef5",
                "thumb_360": "https:\/\/files.slack.com\/files-tmb\/TE09AK9BK-FGZ1CSQ80-fb804aa1ba\/image_360.png?t=xoxe-476316655393-618179035285-606757826531-bd1c7b831233e0d053294a8f47715ef5",
                "thumb_360_w": 360,
                "thumb_360_h": 203,
                "thumb_480": "https:\/\/files.slack.com\/files-tmb\/TE09AK9BK-FGZ1CSQ80-fb804aa1ba\/image_480.png?t=xoxe-476316655393-618179035285-606757826531-bd1c7b831233e0d053294a8f47715ef5",
                "thumb_480_w": 480,
                "thumb_480_h": 271,
                "thumb_160": "https:\/\/files.slack.com\/files-tmb\/TE09AK9BK-FGZ1CSQ80-fb804aa1ba\/image_160.png?t=xoxe-476316655393-618179035285-606757826531-bd1c7b831233e0d053294a8f47715ef5",
                "thumb_720": "https:\/\/files.slack.com\/files-tmb\/TE09AK9BK-FGZ1CSQ80-fb804aa1ba\/image_720.png?t=xoxe-476316655393-618179035285-606757826531-bd1c7b831233e0d053294a8f47715ef5",
                "thumb_720_w": 720,
                "thumb_720_h": 406,
                "thumb_800": "https:\/\/files.slack.com\/files-tmb\/TE09AK9BK-FGZ1CSQ80-fb804aa1ba\/image_800.png?t=xoxe-476316655393-618179035285-606757826531-bd1c7b831233e0d053294a8f47715ef5",
                "thumb_800_w": 800,
                "thumb_800_h": 451,
                "image_exif_rotation": 1,
                "original_w": 840,
                "original_h": 474,
                "permalink": "https:\/\/topjava16.slack.com\/files\/UFT7XUWJX\/FGZ1CSQ80\/image.png",
                "permalink_public": "https:\/\/slack-files.com\/TE09AK9BK-FGZ1CSQ80-d9cc32c0c0",
                "has_rich_preview": false
            }
        ],
        "upload": true,
        "user": "UFT7XUWJX",
        "display_as_bot": false,
        "ts": "1552830623.052000",
        "thread_ts": "1552830623.052000",
        "reply_count": 7,
        "reply_users_count": 3,
        "latest_reply": "1552833700.055900",
        "reply_users": [
            "UFT7XUWJX",
            "UFZT3QMU6",
            "UF6HMCG3X"
        ],
        "replies": [
            {
                "user": "UFT7XUWJX",
                "ts": "1552830670.052300"
            },
            {
                "user": "UFZT3QMU6",
                "ts": "1552830801.053000"
            },
            {
                "user": "UFZT3QMU6",
                "ts": "1552830921.053200"
            },
            {
                "user": "UFT7XUWJX",
                "ts": "1552831255.053400"
            },
            {
                "user": "UFT7XUWJX",
                "ts": "1552832086.055100"
            },
            {
                "user": "UF6HMCG3X",
                "ts": "1552832772.055300"
            },
            {
                "user": "UFT7XUWJX",
                "ts": "1552833700.055900"
            }
        ]
    },
    {
        "type": "message",
        "text": "а, например, такие:",
        "files": [
            {
                "id": "FH2S9EZE2",
                "created": 1552830668,
                "timestamp": 1552830668,
                "name": "image.png",
                "title": "Pasted image at 2019-03-17, 4:51 PM",
                "mimetype": "image\/png",
                "filetype": "png",
                "pretty_type": "PNG",
                "user": "UFT7XUWJX",
                "editable": false,
                "size": 33190,
                "mode": "hosted",
                "is_external": false,
                "external_type": "",
                "is_public": true,
                "public_url_shared": false,
                "display_as_bot": false,
                "username": "",
                "url_private": "https:\/\/files.slack.com\/files-pri\/TE09AK9BK-FH2S9EZE2\/image.png?t=xoxe-476316655393-618179035285-606757826531-bd1c7b831233e0d053294a8f47715ef5",
                "url_private_download": "https:\/\/files.slack.com\/files-pri\/TE09AK9BK-FH2S9EZE2\/download\/image.png?t=xoxe-476316655393-618179035285-606757826531-bd1c7b831233e0d053294a8f47715ef5",
                "thumb_64": "https:\/\/files.slack.com\/files-tmb\/TE09AK9BK-FH2S9EZE2-5b4ac45cf1\/image_64.png?t=xoxe-476316655393-618179035285-606757826531-bd1c7b831233e0d053294a8f47715ef5",
                "thumb_80": "https:\/\/files.slack.com\/files-tmb\/TE09AK9BK-FH2S9EZE2-5b4ac45cf1\/image_80.png?t=xoxe-476316655393-618179035285-606757826531-bd1c7b831233e0d053294a8f47715ef5",
                "thumb_360": "https:\/\/files.slack.com\/files-tmb\/TE09AK9BK-FH2S9EZE2-5b4ac45cf1\/image_360.png?t=xoxe-476316655393-618179035285-606757826531-bd1c7b831233e0d053294a8f47715ef5",
                "thumb_360_w": 360,
                "thumb_360_h": 159,
                "thumb_480": "https:\/\/files.slack.com\/files-tmb\/TE09AK9BK-FH2S9EZE2-5b4ac45cf1\/image_480.png?t=xoxe-476316655393-618179035285-606757826531-bd1c7b831233e0d053294a8f47715ef5",
                "thumb_480_w": 480,
                "thumb_480_h": 211,
                "thumb_160": "https:\/\/files.slack.com\/files-tmb\/TE09AK9BK-FH2S9EZE2-5b4ac45cf1\/image_160.png?t=xoxe-476316655393-618179035285-606757826531-bd1c7b831233e0d053294a8f47715ef5",
                "image_exif_rotation": 1,
                "original_w": 647,
                "original_h": 285,
                "permalink": "https:\/\/topjava16.slack.com\/files\/UFT7XUWJX\/FH2S9EZE2\/image.png",
                "permalink_public": "https:\/\/slack-files.com\/TE09AK9BK-FH2S9EZE2-873d167612",
                "has_rich_preview": false
            }
        ],
        "upload": true,
        "user": "UFT7XUWJX",
        "display_as_bot": false,
        "ts": "1552830670.052300",
        "thread_ts": "1552830623.052000",
        "parent_user_id": "UFT7XUWJX"
    },
    {
        "client_msg_id": "25392e66-2395-40ea-9bc7-e069cd8bcf69",
        "type": "message",
        "text": "Надо переделать. 1 тест упал - checkJpa should be static, 2 тест - ConstraintViolationException. Это Jdbc кот-е.",
        "user": "UFZT3QMU6",
        "ts": "1552830716.052700",
        "edited": {
            "user": "UFZT3QMU6",
            "ts": "1552830745.000000"
        },
        "thread_ts": "1552824493.045000",
        "parent_user_id": "UFKNK1SBG"
    },
    {
        "client_msg_id": "c6a562d6-3244-40dc-860f-44ad30c12aa0",
        "type": "message",
        "text": "У кого не такие - надо подогнать под те, как тебе в уроке показали:)",
        "user": "UFZT3QMU6",
        "ts": "1552830801.053000",
        "thread_ts": "1552830623.052000",
        "parent_user_id": "UFT7XUWJX",
        "reactions": [
            {
                "name": "heavy_check_mark",
                "users": [
                    "UE1ULNT9V",
                    "UFVJ4064D"
                ],
                "count": 2
            }
        ]
    },
    {
        "client_msg_id": "4dd1aa61-d095-4ce4-b7fe-0456a50c0a44",
        "type": "message",
        "text": "Idea тебе автоматом нагенерила контекстов, причем 2шт. Теперь у тебя 3 контекста. А нам 2 надо. Кнопки сверху тебе для чего даны?",
        "user": "UFZT3QMU6",
        "ts": "1552830921.053200",
        "thread_ts": "1552830623.052000",
        "parent_user_id": "UFT7XUWJX"
    },
    {
        "client_msg_id": "0d638d7a-33ab-47a2-bb7a-a9e47151130a",
        "type": "message",
        "text": "А может пусть живет?",
        "user": "UFT7XUWJX",
        "ts": "1552831255.053400",
        "thread_ts": "1552830623.052000",
        "parent_user_id": "UFT7XUWJX"
    },
    {
        "client_msg_id": "16d20e2c-0d07-41f5-9cf9-1bc4df9c3df0",
        "type": "message",
        "text": "Переделал. Даже работает.",
        "user": "UFT7XUWJX",
        "ts": "1552832086.055100",
        "thread_ts": "1552830623.052000",
        "parent_user_id": "UFT7XUWJX"
    },
    {
        "client_msg_id": "e5145bf4-f459-4f97-9efa-ddf4b685715a",
        "type": "message",
        "text": "Удивлен?",
        "user": "UF6HMCG3X",
        "ts": "1552832772.055300",
        "thread_ts": "1552830623.052000",
        "parent_user_id": "UFT7XUWJX"
    },
    {
        "client_msg_id": "254c3535-803f-4070-96f4-b63be41bc891",
        "type": "message",
        "text": "Самый нормальный способ это как написал <@UFKNK1SBG> вначале",
        "user": "UFKG13683",
        "ts": "1552833095.055700",
        "thread_ts": "1552824493.045000",
        "parent_user_id": "UFKNK1SBG"
    },
    {
        "client_msg_id": "e2904785-6563-4770-ae6a-c85965adfbe0",
        "type": "message",
        "text": "приятно",
        "user": "UFT7XUWJX",
        "ts": "1552833700.055900",
        "thread_ts": "1552830623.052000",
        "parent_user_id": "UFT7XUWJX"
    },
    {
        "client_msg_id": "b88be67b-5949-4ca0-a836-d2004878b6f2",
        "type": "message",
        "text": "А я сделал Autowired(required = false) и загрузка контеклна не падает",
        "user": "UFLKE29QW",
        "ts": "1552838214.056300",
        "thread_ts": "1552824493.045000",
        "parent_user_id": "UFKNK1SBG"
    },
    {
        "client_msg_id": "bf8fc39d-1b26-401d-81b4-cf241ba40577",
        "type": "message",
        "text": "А можно переопределить тест валидации и указать аннотацию @Ignored?",
        "user": "UFLKE29QW",
        "ts": "1552838282.056500",
        "thread_ts": "1552824493.045000",
        "parent_user_id": "UFKNK1SBG"
    },
    {
        "client_msg_id": "49de367e-60b7-463d-9b7d-82da1b66e15c",
        "type": "message",
        "text": "@GKislin Стили не накладывались на meals.jsp, пока не сделал вставку фрагмента headTag (просто по пути не находится).\nТакже не понятно, зачем писать tr[data-mealExcess=\"true\"] ? когда можно просто класс ставить - 'excess' или 'normal'.\nТак пишут, если только собираются в JS писать код, что будет менять цвет (\/любые св-ва) : $(\"#tr1\").data('mealExcess') , а не имея пока сложного JS - это не нужно.\nКроме того, браузеры data-mealExcess приводят к нижней строке, так что есть подозрение, что так и не заработает.",
        "user": "UFZT3QMU6",
        "ts": "1552840478.056800",
        "thread_ts": "1552840478.056800",
        "reply_count": 4,
        "reply_users_count": 2,
        "latest_reply": "1552926181.075600",
        "reply_users": [
            "UFZT3QMU6",
            "UE1ULNT9V"
        ],
        "replies": [
            {
                "user": "UFZT3QMU6",
                "ts": "1552840578.056900"
            },
            {
                "user": "UFZT3QMU6",
                "ts": "1552841046.058200"
            },
            {
                "user": "UE1ULNT9V",
                "ts": "1552925934.074900"
            },
            {
                "user": "UE1ULNT9V",
                "ts": "1552926181.075600"
            }
        ]
    },
    {
        "client_msg_id": "054de2b2-207a-48ec-b866-8c12fbdb3b6e",
        "type": "message",
        "text": "&lt;html&gt;\n&lt;!--head&gt;\n    &lt;title&gt;Calories management&lt;\/title&gt;\n    &lt;link rel=\"stylesheet\" href=\"resources\/css\/style.css\"&gt;\n&lt;\/head--&gt;\n&lt;jsp:include page=\"fragments\/headTag.jsp\"\/&gt;\n&lt;body&gt;",
        "user": "UFZT3QMU6",
        "ts": "1552840578.056900",
        "thread_ts": "1552840478.056800",
        "parent_user_id": "UFZT3QMU6"
    },
    {
        "client_msg_id": "3c121502-759b-47c9-b126-366ab44c7d65",
        "type": "message",
        "text": "Не работает ссылка в пункте 10:",
        "user": "UFT7XUWJX",
        "ts": "1552840688.057500",
        "thread_ts": "1552840688.057500",
        "reply_count": 2,
        "reply_users_count": 2,
        "latest_reply": "1552840890.057800",
        "reply_users": [
            "UFT7XUWJX",
            "UFZT3QMU6"
        ],
        "replies": [
            {
                "user": "UFT7XUWJX",
                "ts": "1552840693.057600"
            },
            {
                "user": "UFZT3QMU6",
                "ts": "1552840890.057800"
            }
        ]
    },
    {
        "client_msg_id": "2b0eb792-ecd4-4fa5-9911-64caad6d462c",
        "type": "message",
        "text": "<http:\/\/forum.spring.io\/forum\/spring-projects\/web\/1077-differences-between-spring-message-and-fmt-message?p=451622#post451622>",
        "user": "UFT7XUWJX",
        "ts": "1552840693.057600",
        "thread_ts": "1552840688.057500",
        "parent_user_id": "UFT7XUWJX"
    },
    {
        "client_msg_id": "83a1b79e-2040-42c3-8323-c533e723f132",
        "type": "message",
        "text": "Да, там написали что форум закрывается)",
        "user": "UFZT3QMU6",
        "ts": "1552840890.057800",
        "thread_ts": "1552840688.057500",
        "parent_user_id": "UFT7XUWJX"
    },
    {
        "client_msg_id": "ad828cbf-ec36-4f28-a1b3-0f61cdf530fa",
        "type": "message",
        "text": "<@UFLKE29QW> Спасибо. А то я по невнимательности как то не просек, что там required = false можно установить. Так вроде действительно удобнее, чем как я дополнительный класс делал",
        "user": "UFKNK1SBG",
        "ts": "1552840900.058000",
        "thread_ts": "1552824493.045000",
        "parent_user_id": "UFKNK1SBG"
    },
    {
        "client_msg_id": "380ccd3b-9048-4934-a8db-0df0560c5342",
        "type": "message",
        "text": "Хотя работает, если headTag использовать.",
        "user": "UFZT3QMU6",
        "ts": "1552841046.058200",
        "thread_ts": "1552840478.056800",
        "parent_user_id": "UFZT3QMU6"
    },
    {
        "client_msg_id": "af07281c-dbb1-4b04-b5bf-188ccb8133f8",
        "type": "message",
        "text": "Кто что думает про 415 - Unsupported Media Type? Это при сохранении - Post \/meals\/",
        "user": "UFZT3QMU6",
        "ts": "1552848218.059600",
        "thread_ts": "1552848218.059600",
        "reply_count": 4,
        "reply_users_count": 2,
        "latest_reply": "1553113208.136500",
        "reply_users": [
            "UFZT3QMU6",
            "UE1ULNT9V"
        ],
        "replies": [
            {
                "user": "UFZT3QMU6",
                "ts": "1552854126.059700"
            },
            {
                "user": "UE1ULNT9V",
                "ts": "1552926239.075900"
            },
            {
                "user": "UFZT3QMU6",
                "ts": "1553113147.136300"
            },
            {
                "user": "UFZT3QMU6",
                "ts": "1553113208.136500"
            }
        ]
    },
    {
        "client_msg_id": "f5d03d56-a241-452f-9568-5802a865b248",
        "type": "message",
        "text": "Короче, у меня вот так:\n@PostMapping(value = \"\/edit\", consumes = MediaType.APPLICATION_JSON_VALUE)\n    public String createMeal(@RequestBody Meal meal) {\n\nА еще добавил в pom - com.fasterxml. И не работает.",
        "user": "UFZT3QMU6",
        "ts": "1552854126.059700",
        "thread_ts": "1552848218.059600",
        "parent_user_id": "UFZT3QMU6"
    }
]