[
    {
        "client_msg_id": "89c22248-a4e2-4181-95ee-0bc18614a0a4",
        "type": "message",
        "text": "Коллеги объясните пожалуйста почему при localhost:8080\/users при старте все поднимается а при localhost:8080\/ говорит нет маппинга на \/ хотя вроде index замаплен",
        "user": "UF0LBEZED",
        "ts": "1552917096.065300",
        "thread_ts": "1552917096.065300",
        "reply_count": 2,
        "reply_users_count": 2,
        "latest_reply": "1552923861.072700",
        "reply_users": [
            "UFQT0J4PP",
            "UF0LBEZED"
        ],
        "replies": [
            {
                "user": "UFQT0J4PP",
                "ts": "1552919579.065400"
            },
            {
                "user": "UF0LBEZED",
                "ts": "1552923861.072700"
            }
        ]
    },
    {
        "client_msg_id": "549b7370-046f-4afb-82db-8fa975f963b3",
        "type": "message",
        "text": "Привет. Как раз непонятно почему отзывается localhost:8080\/users т.к. должно быть localhost:8080\/topjava\/users :wink:",
        "user": "UFQT0J4PP",
        "ts": "1552919579.065400",
        "thread_ts": "1552917096.065300",
        "parent_user_id": "UF0LBEZED"
    },
    {
        "type": "message",
        "text": "Запутался ужасно, в jpa,datajpa тесты проходят, jdbc поправил как советовали выше, все тесты проходят за исключением двух, getAll() и testValidation(). Пытался дебажить, но это просто невозможно, ставлю точку в начало теста, и получаю огромный стек вызовов - создается какой-то прокси, потом через ReflectionUtils какие-то сравнения чего-то с чем-то, а я точку просто на\n  List&lt;User&gt; all = service.getAll();\nпоставил, хотел увидеть почему данные не совпадают, как вообще можно тесты дебажить, это ж тихий ужас.\nJDBC реализация getAll практически не отличается от Jpa, мы там NamedQuerry используем по сути такой же, только на HSQL instead of SQL. А тест не проходит, данные не совпадают, как так то?",
        "files": [
            {
                "id": "FH2HTCG3F",
                "created": 1552921232,
                "timestamp": 1552921232,
                "name": "image.png",
                "title": "Pasted image at 2019-03-18, 5:00 PM",
                "mimetype": "image\/png",
                "filetype": "png",
                "pretty_type": "PNG",
                "user": "UFP7PTM99",
                "editable": false,
                "size": 36431,
                "mode": "hosted",
                "is_external": false,
                "external_type": "",
                "is_public": true,
                "public_url_shared": false,
                "display_as_bot": false,
                "username": "",
                "url_private": "https:\/\/files.slack.com\/files-pri\/TE09AK9BK-FH2HTCG3F\/image.png?t=xoxe-476316655393-618179035285-606757826531-bd1c7b831233e0d053294a8f47715ef5",
                "url_private_download": "https:\/\/files.slack.com\/files-pri\/TE09AK9BK-FH2HTCG3F\/download\/image.png?t=xoxe-476316655393-618179035285-606757826531-bd1c7b831233e0d053294a8f47715ef5",
                "thumb_64": "https:\/\/files.slack.com\/files-tmb\/TE09AK9BK-FH2HTCG3F-9971c400cb\/image_64.png?t=xoxe-476316655393-618179035285-606757826531-bd1c7b831233e0d053294a8f47715ef5",
                "thumb_80": "https:\/\/files.slack.com\/files-tmb\/TE09AK9BK-FH2HTCG3F-9971c400cb\/image_80.png?t=xoxe-476316655393-618179035285-606757826531-bd1c7b831233e0d053294a8f47715ef5",
                "thumb_360": "https:\/\/files.slack.com\/files-tmb\/TE09AK9BK-FH2HTCG3F-9971c400cb\/image_360.png?t=xoxe-476316655393-618179035285-606757826531-bd1c7b831233e0d053294a8f47715ef5",
                "thumb_360_w": 360,
                "thumb_360_h": 87,
                "thumb_480": "https:\/\/files.slack.com\/files-tmb\/TE09AK9BK-FH2HTCG3F-9971c400cb\/image_480.png?t=xoxe-476316655393-618179035285-606757826531-bd1c7b831233e0d053294a8f47715ef5",
                "thumb_480_w": 480,
                "thumb_480_h": 116,
                "thumb_160": "https:\/\/files.slack.com\/files-tmb\/TE09AK9BK-FH2HTCG3F-9971c400cb\/image_160.png?t=xoxe-476316655393-618179035285-606757826531-bd1c7b831233e0d053294a8f47715ef5",
                "thumb_720": "https:\/\/files.slack.com\/files-tmb\/TE09AK9BK-FH2HTCG3F-9971c400cb\/image_720.png?t=xoxe-476316655393-618179035285-606757826531-bd1c7b831233e0d053294a8f47715ef5",
                "thumb_720_w": 720,
                "thumb_720_h": 174,
                "thumb_800": "https:\/\/files.slack.com\/files-tmb\/TE09AK9BK-FH2HTCG3F-9971c400cb\/image_800.png?t=xoxe-476316655393-618179035285-606757826531-bd1c7b831233e0d053294a8f47715ef5",
                "thumb_800_w": 800,
                "thumb_800_h": 194,
                "thumb_960": "https:\/\/files.slack.com\/files-tmb\/TE09AK9BK-FH2HTCG3F-9971c400cb\/image_960.png?t=xoxe-476316655393-618179035285-606757826531-bd1c7b831233e0d053294a8f47715ef5",
                "thumb_960_w": 960,
                "thumb_960_h": 232,
                "image_exif_rotation": 1,
                "original_w": 1016,
                "original_h": 246,
                "permalink": "https:\/\/topjava16.slack.com\/files\/UFP7PTM99\/FH2HTCG3F\/image.png",
                "permalink_public": "https:\/\/slack-files.com\/TE09AK9BK-FH2HTCG3F-44247a8283",
                "has_rich_preview": false
            }
        ],
        "upload": true,
        "user": "UFP7PTM99",
        "display_as_bot": false,
        "ts": "1552921241.070200",
        "thread_ts": "1552921241.070200",
        "reply_count": 15,
        "reply_users_count": 4,
        "latest_reply": "1552935622.081900",
        "reply_users": [
            "UF954Q6RW",
            "UFP7PTM99",
            "UFPRT4B28",
            "UE1ULNT9V"
        ],
        "replies": [
            {
                "user": "UF954Q6RW",
                "ts": "1552921483.070500"
            },
            {
                "user": "UF954Q6RW",
                "ts": "1552921614.070700"
            },
            {
                "user": "UFP7PTM99",
                "ts": "1552921951.071100"
            },
            {
                "user": "UFPRT4B28",
                "ts": "1552921999.071300"
            },
            {
                "user": "UFP7PTM99",
                "ts": "1552922934.071500"
            },
            {
                "user": "UF954Q6RW",
                "ts": "1552923183.071900"
            },
            {
                "user": "UFP7PTM99",
                "ts": "1552923448.072100"
            },
            {
                "user": "UFPRT4B28",
                "ts": "1552923583.072300"
            },
            {
                "user": "UF954Q6RW",
                "ts": "1552923625.072500"
            },
            {
                "user": "UFP7PTM99",
                "ts": "1552925286.072900"
            },
            {
                "user": "UFP7PTM99",
                "ts": "1552925356.073600"
            },
            {
                "user": "UE1ULNT9V",
                "ts": "1552926409.076200"
            },
            {
                "user": "UFP7PTM99",
                "ts": "1552926763.076800"
            },
            {
                "user": "UFP7PTM99",
                "ts": "1552927785.077800"
            },
            {
                "user": "UE1ULNT9V",
                "ts": "1552935622.081900"
            }
        ],
        "reactions": [
            {
                "name": "+1",
                "users": [
                    "UFVJ4064D"
                ],
                "count": 1
            }
        ]
    },
    {
        "client_msg_id": "80b55575-bfc8-476f-a854-ecdd3ee6eb4b",
        "type": "message",
        "text": "Если повторно запустишь непрошедшие тесты и getAll() пройдёт, то это значит что ты не почистил кэш юзеров. Для jdbc тоже нужно чистить спринговый кэш юзеров.",
        "user": "UF954Q6RW",
        "ts": "1552921483.070500",
        "thread_ts": "1552921241.070200",
        "parent_user_id": "UFP7PTM99",
        "reactions": [
            {
                "name": "+1",
                "users": [
                    "UFLKE29QW"
                ],
                "count": 1
            }
        ]
    },
    {
        "client_msg_id": "9661794a-6ad4-4850-89d7-6b1028bc86c5",
        "type": "message",
        "text": "А валидацию в задании сказано что надо пропускать для jdbc тестов.",
        "user": "UF954Q6RW",
        "ts": "1552921614.070700",
        "thread_ts": "1552921241.070200",
        "parent_user_id": "UFP7PTM99"
    },
    {
        "client_msg_id": "0fb53ca6-3708-441b-85c2-34e73f2595c5",
        "type": "message",
        "text": "Очень объемное дз, я даже не знал что у нас есть спринговый кеш помимо хибернейтовского, в каком смысле валидацию пропускать, в Jdbc реализации теста переопределить все методы и повесить @Ignore?",
        "user": "UFP7PTM99",
        "ts": "1552921951.071100",
        "thread_ts": "1552921241.070200",
        "parent_user_id": "UFP7PTM99"
    },
    {
        "client_msg_id": "31d627f2-e4fa-4b1b-bf43-1cc47ecf0a94",
        "type": "message",
        "text": "не совсем, посмотри под пунктом 1.2 две ссылки о том, как пропустить тест по условию",
        "user": "UFPRT4B28",
        "ts": "1552921999.071300",
        "thread_ts": "1552921241.070200",
        "parent_user_id": "UFP7PTM99"
    },
    {
        "type": "message",
        "text": "теперь Null Pointer-ом бросается в строке где пытаюсь использовать env-t",
        "files": [
            {
                "id": "FH25ZBSBD",
                "created": 1552922932,
                "timestamp": 1552922932,
                "name": "image.png",
                "title": "Pasted image at 2019-03-18, 5:28 PM",
                "mimetype": "image\/png",
                "filetype": "png",
                "pretty_type": "PNG",
                "user": "UFP7PTM99",
                "editable": false,
                "size": 22440,
                "mode": "hosted",
                "is_external": false,
                "external_type": "",
                "is_public": true,
                "public_url_shared": false,
                "display_as_bot": false,
                "username": "",
                "url_private": "https:\/\/files.slack.com\/files-pri\/TE09AK9BK-FH25ZBSBD\/image.png?t=xoxe-476316655393-618179035285-606757826531-bd1c7b831233e0d053294a8f47715ef5",
                "url_private_download": "https:\/\/files.slack.com\/files-pri\/TE09AK9BK-FH25ZBSBD\/download\/image.png?t=xoxe-476316655393-618179035285-606757826531-bd1c7b831233e0d053294a8f47715ef5",
                "thumb_64": "https:\/\/files.slack.com\/files-tmb\/TE09AK9BK-FH25ZBSBD-3fd0ee5f50\/image_64.png?t=xoxe-476316655393-618179035285-606757826531-bd1c7b831233e0d053294a8f47715ef5",
                "thumb_80": "https:\/\/files.slack.com\/files-tmb\/TE09AK9BK-FH25ZBSBD-3fd0ee5f50\/image_80.png?t=xoxe-476316655393-618179035285-606757826531-bd1c7b831233e0d053294a8f47715ef5",
                "thumb_360": "https:\/\/files.slack.com\/files-tmb\/TE09AK9BK-FH25ZBSBD-3fd0ee5f50\/image_360.png?t=xoxe-476316655393-618179035285-606757826531-bd1c7b831233e0d053294a8f47715ef5",
                "thumb_360_w": 360,
                "thumb_360_h": 211,
                "thumb_160": "https:\/\/files.slack.com\/files-tmb\/TE09AK9BK-FH25ZBSBD-3fd0ee5f50\/image_160.png?t=xoxe-476316655393-618179035285-606757826531-bd1c7b831233e0d053294a8f47715ef5",
                "image_exif_rotation": 1,
                "original_w": 412,
                "original_h": 242,
                "permalink": "https:\/\/topjava16.slack.com\/files\/UFP7PTM99\/FH25ZBSBD\/image.png",
                "permalink_public": "https:\/\/slack-files.com\/TE09AK9BK-FH25ZBSBD-6700f5b1e3",
                "has_rich_preview": false
            }
        ],
        "upload": true,
        "user": "UFP7PTM99",
        "display_as_bot": false,
        "ts": "1552922934.071500",
        "thread_ts": "1552921241.070200",
        "parent_user_id": "UFP7PTM99"
    },
    {
        "client_msg_id": "25901ba1-386c-4951-b081-8f6f8f468238",
        "type": "message",
        "text": "попробуй сделать env-t не статикой",
        "user": "UF954Q6RW",
        "ts": "1552923183.071900",
        "thread_ts": "1552921241.070200",
        "parent_user_id": "UFP7PTM99"
    },
    {
        "client_msg_id": "51e9d7a8-daa2-4e20-a4ed-ba0cf6ebeca0",
        "type": "message",
        "text": "Нельзя использовать нестатические переменные и методы в статических методах этого же класса, а метод помеченный @BeforeClass обязательно должен быть статическим, выходит, и все остальное тоже. :disappointed_relieved:",
        "user": "UFP7PTM99",
        "ts": "1552923448.072100",
        "thread_ts": "1552921241.070200",
        "parent_user_id": "UFP7PTM99"
    },
    {
        "client_msg_id": "94c5cff5-a1f3-44a4-8344-3a505c98c9a5",
        "type": "message",
        "text": "сделай класс не статическим",
        "user": "UFPRT4B28",
        "ts": "1552923583.072300",
        "thread_ts": "1552921241.070200",
        "parent_user_id": "UFP7PTM99"
    },
    {
        "client_msg_id": "3574d0e2-3220-419e-ab5f-6c660a8ab2b4",
        "type": "message",
        "text": "зачем весь класс с тестами исключать? нужно же только один метод валидации пропустить",
        "user": "UF954Q6RW",
        "ts": "1552923625.072500",
        "thread_ts": "1552921241.070200",
        "parent_user_id": "UFP7PTM99"
    },
    {
        "client_msg_id": "e8ef4f34-82ed-440c-9be3-0a72b4b7bda1",
        "type": "message",
        "text": "<@UFQT0J4PP> о точно, я совсем забыл приписать имя приложения при отладке  ))) спасибо",
        "user": "UF0LBEZED",
        "ts": "1552923861.072700",
        "thread_ts": "1552917096.065300",
        "parent_user_id": "UF0LBEZED"
    },
    {
        "client_msg_id": "d85fa413-afcf-426b-bbc3-b5e2d9991a62",
        "type": "message",
        "text": "Убрал всю статичность, проставил assum-ы только в методах в которых JDBC ломался, теперь все корректно. Спасибо",
        "user": "UFP7PTM99",
        "ts": "1552925286.072900",
        "thread_ts": "1552921241.070200",
        "parent_user_id": "UFP7PTM99"
    },
    {
        "client_msg_id": "5cbd7725-126c-4080-a1d7-325d5724080c",
        "type": "message",
        "text": "По-поводу спрингового кеша, где почитать? Что-то я такого не нашел совсем",
        "user": "UFP7PTM99",
        "ts": "1552925356.073600",
        "thread_ts": "1552921241.070200",
        "parent_user_id": "UFP7PTM99"
    },
    {
        "client_msg_id": "dbaa73f5-b337-4868-85b9-8fd17fa00438",
        "type": "message",
        "text": "делая домашку наткнулась на полезный сайт с кучей примеров по разным библиотекам, может кто не знает <https:\/\/www.javaguides.net\/p\/jdbc-tutorial.html>",
        "user": "UFPRT4B28",
        "ts": "1552925374.074000",
        "attachments": [
            {
                "title": "JDBC 4.2 Tutorial",
                "title_link": "https:\/\/www.javaguides.net\/p\/jdbc-tutorial.html",
                "text": "This is complete beginners to expert up-to-date JDBC 4.2 Tutorial. In this tutorial, we will learn the latest features added to JDBC 4,4.1 and 4.2 release. All the source code examples in this tutorial are developed using JDK 8 with JDBC 4.2.",
                "fallback": "JDBC 4.2 Tutorial",
                "image_url": "https:\/\/3.bp.blogspot.com\/-zaWpTcI7LoQ\/XCSLRsohJUI\/AAAAAAAAFNc\/KYHxlZXRg0wCwtRZl_eBPXA7Fd2AFKGmwCLcBGAs\/w1200-h630-p-k-no-nu\/jdbc-tutorial.png",
                "from_url": "https:\/\/www.javaguides.net\/p\/jdbc-tutorial.html",
                "image_width": 449,
                "image_height": 235,
                "image_bytes": 34958,
                "service_icon": "https:\/\/www.javaguides.net\/favicon.ico",
                "service_name": "javaguides.net",
                "id": 1,
                "original_url": "https:\/\/www.javaguides.net\/p\/jdbc-tutorial.html"
            }
        ],
        "thread_ts": "1552925374.074000",
        "reply_count": 2,
        "reply_users_count": 1,
        "latest_reply": "1553009923.092900",
        "reply_users": [
            "UFP7PTM99"
        ],
        "replies": [
            {
                "user": "UFP7PTM99",
                "ts": "1553007722.092600"
            },
            {
                "user": "UFP7PTM99",
                "ts": "1553009923.092900"
            }
        ],
        "reactions": [
            {
                "name": "+1",
                "users": [
                    "UFFJ077SL",
                    "UE1ULNT9V",
                    "UFQT0J4PP",
                    "UG134KF0U",
                    "UFQFJRADC",
                    "UFKG13683",
                    "UFP7PTM99",
                    "UF3JGRQSX"
                ],
                "count": 8
            }
        ]
    },
    {
        "client_msg_id": "df6b3d35-4f37-4aea-83fe-f897d5696148",
        "type": "message",
        "text": "<@UFLKE29QW> а что за анотация @Ignored для тестов?",
        "user": "UE1ULNT9V",
        "ts": "1552925909.074700",
        "thread_ts": "1552824493.045000",
        "parent_user_id": "UFKNK1SBG"
    },
    {
        "client_msg_id": "ebb5efe3-1308-43dd-8166-cb37aa61af03",
        "type": "message",
        "text": "ссылка на меня делается так: <@UE1ULNT9V>",
        "user": "UE1ULNT9V",
        "ts": "1552925934.074900",
        "thread_ts": "1552840478.056800",
        "parent_user_id": "UFZT3QMU6"
    },
    {
        "client_msg_id": "1237d681-2e0f-4c68-b731-4b7be5e5b918",
        "type": "message",
        "text": "если параметры запроса- они доступны в jsp через param.xx",
        "user": "UE1ULNT9V",
        "ts": "1552925997.075100",
        "thread_ts": "1552828232.049300",
        "parent_user_id": "UFZT3QMU6"
    },
    {
        "client_msg_id": "34e56e0d-c307-454a-9ba9-bc7d8d5ac43b",
        "type": "message",
        "text": "дедлайн - до 26.03",
        "user": "UE1ULNT9V",
        "ts": "1552926057.075300",
        "thread_ts": "1552828232.049300",
        "parent_user_id": "UFZT3QMU6"
    },
    {
        "client_msg_id": "ea71aaab-7c38-4b03-a8b1-67a54a87241c",
        "type": "message",
        "text": "&gt; можно просто класс ставить - 'excess' или 'normal'\nну, не просто, а по условию.. так - гибче на мой взгляд",
        "user": "UE1ULNT9V",
        "ts": "1552926181.075600",
        "edited": {
            "user": "UE1ULNT9V",
            "ts": "1552926193.000000"
        },
        "thread_ts": "1552840478.056800",
        "parent_user_id": "UFZT3QMU6"
    },
    {
        "client_msg_id": "4c06decc-0280-4d44-86d6-811c6f2b2293",
        "type": "message",
        "text": "запрос c json типом делаешь?",
        "user": "UE1ULNT9V",
        "ts": "1552926239.075900",
        "edited": {
            "user": "UE1ULNT9V",
            "ts": "1552926241.000000"
        },
        "thread_ts": "1552848218.059600",
        "parent_user_id": "UFZT3QMU6"
    },
    {
        "client_msg_id": "a3b88b5f-4e80-4f58-981d-11a81b7fc0fb",
        "type": "message",
        "text": "в занятии- нет?",
        "user": "UE1ULNT9V",
        "ts": "1552926409.076200",
        "thread_ts": "1552921241.070200",
        "parent_user_id": "UFP7PTM99"
    },
    {
        "client_msg_id": "829cd592-dc66-4431-ae72-71ff0986c671",
        "type": "message",
        "text": "проще на нул проверить в одном месте, чем промежуточный класс городить по-моему",
        "user": "UFFJ077SL",
        "ts": "1552926521.076500",
        "thread_ts": "1552824493.045000",
        "parent_user_id": "UFKNK1SBG"
    },
    {
        "client_msg_id": "b3a37d7b-22c7-4b07-8cd0-1ab1779fd188",
        "type": "message",
        "text": "Искал через ctrl+F на странице отдельно \"cache\" и \"spring\" везде речь только про hibernate cache, рядом с spring ни на английском ни на сленге кеш не нашел.",
        "user": "UFP7PTM99",
        "ts": "1552926763.076800",
        "edited": {
            "user": "UFP7PTM99",
            "ts": "1552927018.000000"
        },
        "thread_ts": "1552921241.070200",
        "parent_user_id": "UFP7PTM99"
    },
    {
        "client_msg_id": "23f57a91-1db4-4d21-8b09-965d6368e0d3",
        "type": "message",
        "text": "<@UE1ULNT9V> <http:\/\/junit.sourceforge.net\/javadoc\/org\/junit\/Ignore.html>",
        "user": "UFLKE29QW",
        "ts": "1552927025.077300",
        "thread_ts": "1552824493.045000",
        "parent_user_id": "UFKNK1SBG"
    },
    {
        "client_msg_id": "cfbe9bd1-538e-40e2-8949-371ad9f2e7b2",
        "type": "message",
        "text": "По существу вопроса, надо полагать, что это суть одно и тоже, но не ясно мне все равно почему говорят spring cache, hibernate допустим реализует, а интерфейсом является spring, а не какая-нибудь еще более высокая абстракция как в случае с jpa?",
        "user": "UFP7PTM99",
        "ts": "1552927785.077800",
        "thread_ts": "1552921241.070200",
        "parent_user_id": "UFP7PTM99"
    },
    {
        "client_msg_id": "c9b768b1-74a6-4e51-89ae-a0045fa1ea25",
        "type": "message",
        "text": "так, но тогда же мы для всех его заигнорим... а нам надо для jpa\/data-jpa пускать",
        "user": "UE1ULNT9V",
        "ts": "1552931273.078100",
        "thread_ts": "1552824493.045000",
        "parent_user_id": "UFKNK1SBG"
    },
    {
        "client_msg_id": "166233f9-aae8-43b5-b9f8-bacd302baa7d",
        "type": "message",
        "text": "<@UE1ULNT9V> я переопределил в jdbc и заигнорил... Не уверен что правильно, но как то так)",
        "user": "UFLKE29QW",
        "ts": "1552931432.078300",
        "thread_ts": "1552824493.045000",
        "parent_user_id": "UFKNK1SBG"
    },
    {
        "client_msg_id": "f7f868d5-9d04-4fc9-9518-6960ba3e7f22",
        "type": "message",
        "text": "я просто добавил в начало валидационного теста Assume.assumeFalse(checkProfile());",
        "user": "UFT7XUWJX",
        "ts": "1552931988.078500",
        "thread_ts": "1552824493.045000",
        "parent_user_id": "UFKNK1SBG",
        "reactions": [
            {
                "name": "+1",
                "users": [
                    "UFLKE29QW",
                    "UFVJ4064D"
                ],
                "count": 2
            }
        ]
    },
    {
        "client_msg_id": "d66e51f3-49b6-41a8-a52e-ed5ddb99c9ae",
        "type": "message",
        "text": "а в дополнительном методе проверка - есть ли такой профиль в активных",
        "user": "UFT7XUWJX",
        "ts": "1552932007.078700",
        "thread_ts": "1552824493.045000",
        "parent_user_id": "UFKNK1SBG"
    },
    {
        "client_msg_id": "03db7799-abfb-4a75-b339-f06ac950e14a",
        "type": "message",
        "text": "а когда assumeFalse не проходит то и тест не выполняется?",
        "user": "UFLKE29QW",
        "ts": "1552932095.078900",
        "thread_ts": "1552824493.045000",
        "parent_user_id": "UFKNK1SBG"
    },
    {
        "client_msg_id": "97d04d5c-3d9c-4433-b8ea-2d48c629b8bd",
        "type": "message",
        "text": "Мда. Как-то и не подумал.",
        "user": "UFLKE29QW",
        "ts": "1552932150.079100",
        "thread_ts": "1552824493.045000",
        "parent_user_id": "UFKNK1SBG"
    },
    {
        "client_msg_id": "c411e40f-745b-4237-8309-f906e8906fdc",
        "type": "message",
        "text": "да.. он игнорится",
        "user": "UFT7XUWJX",
        "ts": "1552932158.079300",
        "thread_ts": "1552824493.045000",
        "parent_user_id": "UFKNK1SBG"
    },
    {
        "client_msg_id": "156a8bb6-3f49-4a2f-b743-2120219c848d",
        "type": "message",
        "text": "UserServlet точно можно удалить? Посмотрел, что он больше ни на что не влияет... Или пусть висит?",
        "user": "UFT7XUWJX",
        "ts": "1552934274.081000",
        "thread_ts": "1552934274.081000",
        "reply_count": 6,
        "reply_users_count": 2,
        "latest_reply": "1552935977.082300",
        "reply_users": [
            "UFPRT4B28",
            "UFT7XUWJX"
        ],
        "replies": [
            {
                "user": "UFPRT4B28",
                "ts": "1552934539.081100"
            },
            {
                "user": "UFT7XUWJX",
                "ts": "1552934648.081300"
            },
            {
                "user": "UFPRT4B28",
                "ts": "1552934663.081500"
            },
            {
                "user": "UFPRT4B28",
                "ts": "1552934740.081700"
            },
            {
                "user": "UFT7XUWJX",
                "ts": "1552935936.082100"
            },
            {
                "user": "UFT7XUWJX",
                "ts": "1552935977.082300"
            }
        ]
    },
    {
        "client_msg_id": "130c41ab-2292-490d-9c3c-8df75560cc60",
        "type": "message",
        "text": "я удалила оба",
        "user": "UFPRT4B28",
        "ts": "1552934539.081100",
        "thread_ts": "1552934274.081000",
        "parent_user_id": "UFT7XUWJX"
    },
    {
        "client_msg_id": "a333d7b6-50b1-4d30-bff7-38c0949a58ba",
        "type": "message",
        "text": "<@UFPRT4B28> Спасибо. А у тебя SpringMain работает? :wink:",
        "user": "UFT7XUWJX",
        "ts": "1552934648.081300",
        "thread_ts": "1552934274.081000",
        "parent_user_id": "UFT7XUWJX"
    },
    {
        "client_msg_id": "7c1222de-5041-4d6e-ba0e-0891e330cb79",
        "type": "message",
        "text": "сейчас попробую",
        "user": "UFPRT4B28",
        "ts": "1552934663.081500",
        "thread_ts": "1552934274.081000",
        "parent_user_id": "UFT7XUWJX"
    },
    {
        "client_msg_id": "eee0a5ab-69c1-4c7f-b114-a1ac03d7c6b9",
        "type": "message",
        "text": "неа, ругается что не может найти AdminRestController",
        "user": "UFPRT4B28",
        "ts": "1552934740.081700",
        "thread_ts": "1552934274.081000",
        "parent_user_id": "UFT7XUWJX"
    },
    {
        "client_msg_id": "b3c8d624-50ec-40d0-91f0-2ba2441c9586",
        "type": "message",
        "text": "<https:\/\/github.com\/JavaWebinar\/topjava\/blob\/doc\/doc\/lesson05.md#-7-spring-кэш>",
        "user": "UE1ULNT9V",
        "ts": "1552935622.081900",
        "thread_ts": "1552921241.070200",
        "parent_user_id": "UFP7PTM99",
        "reactions": [
            {
                "name": "+1",
                "users": [
                    "UFP7PTM99"
                ],
                "count": 1
            },
            {
                "name": "leaves",
                "users": [
                    "UF3JGRQSX"
                ],
                "count": 1
            }
        ]
    },
    {
        "client_msg_id": "027a333a-7c71-497f-8b06-7fa136040d00",
        "type": "message",
        "text": "Если\n&lt;context:component-scan base-package=\"ru.javawebinar.topjava.**.web\"\/&gt;\nв spring-app.xml вернуть, а не в inmemory.xml, то работает...",
        "user": "UFT7XUWJX",
        "ts": "1552935936.082100",
        "thread_ts": "1552934274.081000",
        "parent_user_id": "UFT7XUWJX"
    },
    {
        "client_msg_id": "55a54732-818d-4aed-823d-1c7176b628c9",
        "type": "message",
        "text": "НО в задании намекают, что надо именно туда... может он уже нам не нужен...",
        "user": "UFT7XUWJX",
        "ts": "1552935977.082300",
        "thread_ts": "1552934274.081000",
        "parent_user_id": "UFT7XUWJX"
    },
    {
        "client_msg_id": "ad4914fd-1197-4fbd-ba87-e4d12d99947b",
        "type": "message",
        "text": "Всем здравствуйте. Из-за чего при запуске tomcat может вылетать ошибка: Caused by: org.springframework.beans.factory.BeanCreationException: Error creating bean with name 'org.springframework.orm.jpa.vendor.HibernateJpaVendorAdapter#454102b1' defined in class path resource [spring\/spring-db.xml]: Initialization of bean failed; nested exception is org.springframework.beans.TypeMismatchException: Failed to convert property value of type 'java.lang.String' to required type 'boolean' for property 'showSql'; nested exception is java.lang.IllegalArgumentException: Invalid boolean value [${jpa.showSql}]",
        "user": "UH2NQ2QGJ",
        "ts": "1552943657.084200"
    },
    {
        "client_msg_id": "9509c609-e6e2-4233-b100-97dd5b968d7b",
        "type": "message",
        "text": "хотя тесты работают и бин инициализируется",
        "user": "UH2NQ2QGJ",
        "ts": "1552943681.084700"
    }
]