[
    {
        "client_msg_id": "b2d65706-072d-44ab-badf-02c17572f56f",
        "type": "message",
        "text": "У нас в ДЗ: Можно по аналогии с RootController#setUser принимать HttpServletRequest request (аннотации на параметры и адаптеры для LocalDate\/Time мы введем позже)\nте мы их позже будем вводить...",
        "user": "UE1ULNT9V",
        "ts": "1553158702.142600",
        "thread_ts": "1553138668.140500",
        "parent_user_id": "UFE7TR83Z"
    },
    {
        "client_msg_id": "fed44d96-3844-4371-9b36-3fab1566826b",
        "type": "message",
        "text": "выше же есть обсуждение как делать",
        "user": "UFPRT4B28",
        "ts": "1553159122.142900",
        "thread_ts": "1553121194.138600",
        "parent_user_id": "UFZT3QMU6"
    },
    {
        "client_msg_id": "f781197f-5428-4746-a13a-c6b013aabd0c",
        "type": "message",
        "text": "А с ошибкой `HTTP Status 500 – Internal Server Error` надо\/имеет смысл что-то делать (сообщение о неуникальной дате выдавать или ещё чего вместо вываливания лога)?\n&gt;&gt;&gt;\norg.postgresql.util.PSQLException: ОШИБКА: повторяющееся значение ключа нарушает ограничение уникальности \"meals_unique_user_datetime_idx\"\n  Подробности: Ключ \"(user_id, date_time)=(100000, 2019-03-20 16:10:00)\" уже существует.\n&gt;",
        "user": "UFUQUNDRP",
        "ts": "1553175844.146100",
        "thread_ts": "1553175844.146100",
        "reply_count": 3,
        "reply_users_count": 2,
        "latest_reply": "1553180632.146700",
        "reply_users": [
            "UFZT3QMU6",
            "UE1ULNT9V"
        ],
        "replies": [
            {
                "user": "UFZT3QMU6",
                "ts": "1553176115.146200"
            },
            {
                "user": "UFZT3QMU6",
                "ts": "1553176424.146400"
            },
            {
                "user": "UE1ULNT9V",
                "ts": "1553180632.146700"
            }
        ]
    },
    {
        "client_msg_id": "444f3756-979a-4631-80cf-b292d20e5f34",
        "type": "message",
        "text": "Дальше по курсу будет. Торопитесь сильно:)",
        "user": "UFZT3QMU6",
        "ts": "1553176115.146200",
        "thread_ts": "1553175844.146100",
        "parent_user_id": "UFUQUNDRP"
    },
    {
        "client_msg_id": "59901b7c-79a5-4852-8e2d-8beb99ae6645",
        "type": "message",
        "text": "Обработка Exception'ов называется. А на той стороне JQuery будет уже прикручен, с компонентами типа MessageBox в С++.\nНапример такой:\n<https:\/\/getbootstrap.com\/docs\/4.3\/components\/toasts\/>",
        "user": "UFZT3QMU6",
        "ts": "1553176424.146400",
        "attachments": [
            {
                "title": "Toasts",
                "title_link": "https:\/\/getbootstrap.com\/docs\/4.3\/components\/toasts\/",
                "text": "Push notifications to your visitors with a toast, a lightweight and easily customizable alert message.",
                "fallback": "Toasts",
                "thumb_url": "https:\/\/getbootstrap.com\/docs\/4.3\/assets\/brand\/bootstrap-social-logo.png",
                "from_url": "https:\/\/getbootstrap.com\/docs\/4.3\/components\/toasts\/",
                "thumb_width": 600,
                "thumb_height": 600,
                "service_icon": "https:\/\/getbootstrap.com\/docs\/4.3\/assets\/img\/favicons\/apple-touch-icon.png",
                "service_name": "getbootstrap.com",
                "id": 1,
                "original_url": "https:\/\/getbootstrap.com\/docs\/4.3\/components\/toasts\/"
            }
        ],
        "thread_ts": "1553175844.146100",
        "parent_user_id": "UFUQUNDRP"
    },
    {
        "client_msg_id": "8b5857c5-f182-4c2f-8033-57ffc8e1cece",
        "type": "message",
        "text": "обработку эксепшенов будем делать на последнем уроке",
        "user": "UE1ULNT9V",
        "ts": "1553180632.146700",
        "thread_ts": "1553175844.146100",
        "parent_user_id": "UFUQUNDRP"
    },
    {
        "type": "message",
        "text": "Вставил CharacterEncodingFilter в web.xml и в настройках проекта везде так же стоит UTF-8 отчего же такая вот красота на страничках?",
        "files": [
            {
                "id": "FGXHHKXTK",
                "created": 1553186597,
                "timestamp": 1553186597,
                "name": "image.png",
                "title": "Pasted image at 2019-03-21, 6:43 PM",
                "mimetype": "image\/png",
                "filetype": "png",
                "pretty_type": "PNG",
                "user": "UFP7PTM99",
                "editable": false,
                "size": 13868,
                "mode": "hosted",
                "is_external": false,
                "external_type": "",
                "is_public": true,
                "public_url_shared": false,
                "display_as_bot": false,
                "username": "",
                "url_private": "https:\/\/files.slack.com\/files-pri\/TE09AK9BK-FGXHHKXTK\/image.png?t=xoxe-476316655393-618179035285-606757826531-bd1c7b831233e0d053294a8f47715ef5",
                "url_private_download": "https:\/\/files.slack.com\/files-pri\/TE09AK9BK-FGXHHKXTK\/download\/image.png?t=xoxe-476316655393-618179035285-606757826531-bd1c7b831233e0d053294a8f47715ef5",
                "thumb_64": "https:\/\/files.slack.com\/files-tmb\/TE09AK9BK-FGXHHKXTK-e351b44d99\/image_64.png?t=xoxe-476316655393-618179035285-606757826531-bd1c7b831233e0d053294a8f47715ef5",
                "thumb_80": "https:\/\/files.slack.com\/files-tmb\/TE09AK9BK-FGXHHKXTK-e351b44d99\/image_80.png?t=xoxe-476316655393-618179035285-606757826531-bd1c7b831233e0d053294a8f47715ef5",
                "thumb_360": "https:\/\/files.slack.com\/files-tmb\/TE09AK9BK-FGXHHKXTK-e351b44d99\/image_360.png?t=xoxe-476316655393-618179035285-606757826531-bd1c7b831233e0d053294a8f47715ef5",
                "thumb_360_w": 360,
                "thumb_360_h": 92,
                "thumb_480": "https:\/\/files.slack.com\/files-tmb\/TE09AK9BK-FGXHHKXTK-e351b44d99\/image_480.png?t=xoxe-476316655393-618179035285-606757826531-bd1c7b831233e0d053294a8f47715ef5",
                "thumb_480_w": 480,
                "thumb_480_h": 122,
                "thumb_160": "https:\/\/files.slack.com\/files-tmb\/TE09AK9BK-FGXHHKXTK-e351b44d99\/image_160.png?t=xoxe-476316655393-618179035285-606757826531-bd1c7b831233e0d053294a8f47715ef5",
                "thumb_720": "https:\/\/files.slack.com\/files-tmb\/TE09AK9BK-FGXHHKXTK-e351b44d99\/image_720.png?t=xoxe-476316655393-618179035285-606757826531-bd1c7b831233e0d053294a8f47715ef5",
                "thumb_720_w": 720,
                "thumb_720_h": 183,
                "image_exif_rotation": 1,
                "original_w": 734,
                "original_h": 187,
                "permalink": "https:\/\/topjava16.slack.com\/files\/UFP7PTM99\/FGXHHKXTK\/image.png",
                "permalink_public": "https:\/\/slack-files.com\/TE09AK9BK-FGXHHKXTK-372a208d2b",
                "has_rich_preview": false
            }
        ],
        "upload": true,
        "user": "UFP7PTM99",
        "display_as_bot": false,
        "ts": "1553186599.149200",
        "thread_ts": "1553186599.149200",
        "reply_count": 11,
        "reply_users_count": 4,
        "latest_reply": "1553263335.164000",
        "reply_users": [
            "UFP7PTM99",
            "UFPRT4B28",
            "UFKNK1SBG",
            "UFZT3QMU6"
        ],
        "replies": [
            {
                "user": "UFP7PTM99",
                "ts": "1553186758.149500"
            },
            {
                "user": "UFPRT4B28",
                "ts": "1553187634.149700"
            },
            {
                "user": "UFP7PTM99",
                "ts": "1553188324.149900"
            },
            {
                "user": "UFKNK1SBG",
                "ts": "1553188562.150100"
            },
            {
                "user": "UFP7PTM99",
                "ts": "1553188804.150400"
            },
            {
                "user": "UFP7PTM99",
                "ts": "1553190225.150700"
            },
            {
                "user": "UFP7PTM99",
                "ts": "1553190328.150900"
            },
            {
                "user": "UFPRT4B28",
                "ts": "1553200038.156700"
            },
            {
                "user": "UFZT3QMU6",
                "ts": "1553247159.162100"
            },
            {
                "user": "UFP7PTM99",
                "ts": "1553260560.163600"
            },
            {
                "user": "UFPRT4B28",
                "ts": "1553263335.164000"
            }
        ]
    },
    {
        "client_msg_id": "4f3b810d-29b5-4017-bfdb-f07ccdc2533b",
        "type": "message",
        "text": "В самих jsp так же имеется строчка с установкой кодировки:\n &lt;%@ page contentType=\"text\/html;charset=UTF-8\" language=\"java\" %&gt;",
        "user": "UFP7PTM99",
        "ts": "1553186758.149500",
        "thread_ts": "1553186599.149200",
        "parent_user_id": "UFP7PTM99"
    },
    {
        "client_msg_id": "978bf93f-c1f3-4cf5-8918-65041e485462",
        "type": "message",
        "text": "app_ru.properties тоже в utf-8 ?",
        "user": "UFPRT4B28",
        "ts": "1553187634.149700",
        "thread_ts": "1553186599.149200",
        "parent_user_id": "UFP7PTM99"
    },
    {
        "client_msg_id": "7546039a-5f68-4fd0-a2ae-89b27b425fbe",
        "type": "message",
        "text": "Хм, у меня такого файла даже нет, посмотрел, в последнем патче он добавляется, патч накатан, в последующих изменениях я файлы никакие не удалял, а нет таких properties, буду разбираться. Спасибо",
        "user": "UFP7PTM99",
        "ts": "1553188324.149900",
        "thread_ts": "1553186599.149200",
        "parent_user_id": "UFP7PTM99"
    },
    {
        "client_msg_id": "7a3c1374-d2f2-4b81-ac1d-62d72ae18a5f",
        "type": "message",
        "text": "Возможно не нашел просто, я тоже не сразу сообразил где лежат эти проперти, искал в ресурсах или в webapp. А они в корне проекта в директории *config*",
        "user": "UFKNK1SBG",
        "ts": "1553188562.150100",
        "edited": {
            "user": "UFKNK1SBG",
            "ts": "1553257004.000000"
        },
        "thread_ts": "1553186599.149200",
        "parent_user_id": "UFP7PTM99",
        "reactions": [
            {
                "name": "+1",
                "users": [
                    "UFPRT4B28",
                    "UFP7PTM99"
                ],
                "count": 2
            }
        ]
    },
    {
        "client_msg_id": "2c753ece-cca1-45d1-92e1-5a29c5894ed2",
        "type": "message",
        "text": "Хм, да, там и лежат)\nIndex: src\/main\/resources\/messages\/app_ru.properties\nвот эта строчка с толку сбила) раньше там лежали видимо)",
        "user": "UFP7PTM99",
        "ts": "1553188804.150400",
        "thread_ts": "1553186599.149200",
        "parent_user_id": "UFP7PTM99"
    },
    {
        "client_msg_id": "447a0a5f-2f7d-4d0c-95d9-8853eb775b80",
        "type": "message",
        "text": "Default encoding for prop. files: пришлось поставить windows-1251, если ставить как в видео то кракозябры только уже другие.\nВроде как подключил в index.jsp:\n&lt;fmt:setBundle basename=\"<http:\/\/messages.app|messages.app>\"\/&gt;\nОно не находило папку конфиг, искало в ресурсах. запихнул ему в ресурсы ту самую папаку messages. По итогу - те же грабли. Кракозябры всюду.",
        "user": "UFP7PTM99",
        "ts": "1553190225.150700",
        "thread_ts": "1553186599.149200",
        "parent_user_id": "UFP7PTM99"
    },
    {
        "type": "message",
        "text": "",
        "files": [
            {
                "id": "FH67BLRJN",
                "created": 1553190322,
                "timestamp": 1553190322,
                "name": "image.png",
                "title": "Pasted image at 2019-03-21, 7:45 PM",
                "mimetype": "image\/png",
                "filetype": "png",
                "pretty_type": "PNG",
                "user": "UFP7PTM99",
                "editable": false,
                "size": 143400,
                "mode": "hosted",
                "is_external": false,
                "external_type": "",
                "is_public": true,
                "public_url_shared": false,
                "display_as_bot": false,
                "username": "",
                "url_private": "https:\/\/files.slack.com\/files-pri\/TE09AK9BK-FH67BLRJN\/image.png?t=xoxe-476316655393-618179035285-606757826531-bd1c7b831233e0d053294a8f47715ef5",
                "url_private_download": "https:\/\/files.slack.com\/files-pri\/TE09AK9BK-FH67BLRJN\/download\/image.png?t=xoxe-476316655393-618179035285-606757826531-bd1c7b831233e0d053294a8f47715ef5",
                "thumb_64": "https:\/\/files.slack.com\/files-tmb\/TE09AK9BK-FH67BLRJN-240515390d\/image_64.png?t=xoxe-476316655393-618179035285-606757826531-bd1c7b831233e0d053294a8f47715ef5",
                "thumb_80": "https:\/\/files.slack.com\/files-tmb\/TE09AK9BK-FH67BLRJN-240515390d\/image_80.png?t=xoxe-476316655393-618179035285-606757826531-bd1c7b831233e0d053294a8f47715ef5",
                "thumb_360": "https:\/\/files.slack.com\/files-tmb\/TE09AK9BK-FH67BLRJN-240515390d\/image_360.png?t=xoxe-476316655393-618179035285-606757826531-bd1c7b831233e0d053294a8f47715ef5",
                "thumb_360_w": 360,
                "thumb_360_h": 178,
                "thumb_480": "https:\/\/files.slack.com\/files-tmb\/TE09AK9BK-FH67BLRJN-240515390d\/image_480.png?t=xoxe-476316655393-618179035285-606757826531-bd1c7b831233e0d053294a8f47715ef5",
                "thumb_480_w": 480,
                "thumb_480_h": 237,
                "thumb_160": "https:\/\/files.slack.com\/files-tmb\/TE09AK9BK-FH67BLRJN-240515390d\/image_160.png?t=xoxe-476316655393-618179035285-606757826531-bd1c7b831233e0d053294a8f47715ef5",
                "thumb_720": "https:\/\/files.slack.com\/files-tmb\/TE09AK9BK-FH67BLRJN-240515390d\/image_720.png?t=xoxe-476316655393-618179035285-606757826531-bd1c7b831233e0d053294a8f47715ef5",
                "thumb_720_w": 720,
                "thumb_720_h": 356,
                "thumb_800": "https:\/\/files.slack.com\/files-tmb\/TE09AK9BK-FH67BLRJN-240515390d\/image_800.png?t=xoxe-476316655393-618179035285-606757826531-bd1c7b831233e0d053294a8f47715ef5",
                "thumb_800_w": 800,
                "thumb_800_h": 396,
                "thumb_960": "https:\/\/files.slack.com\/files-tmb\/TE09AK9BK-FH67BLRJN-240515390d\/image_960.png?t=xoxe-476316655393-618179035285-606757826531-bd1c7b831233e0d053294a8f47715ef5",
                "thumb_960_w": 960,
                "thumb_960_h": 475,
                "thumb_1024": "https:\/\/files.slack.com\/files-tmb\/TE09AK9BK-FH67BLRJN-240515390d\/image_1024.png?t=xoxe-476316655393-618179035285-606757826531-bd1c7b831233e0d053294a8f47715ef5",
                "thumb_1024_w": 1024,
                "thumb_1024_h": 506,
                "image_exif_rotation": 1,
                "original_w": 1539,
                "original_h": 761,
                "permalink": "https:\/\/topjava16.slack.com\/files\/UFP7PTM99\/FH67BLRJN\/image.png",
                "permalink_public": "https:\/\/slack-files.com\/TE09AK9BK-FH67BLRJN-b61e49dd80",
                "has_rich_preview": false
            }
        ],
        "upload": true,
        "user": "UFP7PTM99",
        "display_as_bot": false,
        "ts": "1553190328.150900",
        "thread_ts": "1553186599.149200",
        "parent_user_id": "UFP7PTM99"
    },
    {
        "client_msg_id": "59afa30c-c8cd-47ab-ad53-4ed3e868ca57",
        "type": "message",
        "text": "Запрос\nList&lt;User&gt; users = jdbcTemplate.query(\"SELECT *, (SELECT role FROM user_roles WHERE user_id = id) FROM users WHERE id=?\", ROW_MAPPER, id);\nвыдает несколько строк. Как ему слепить роли в одного пользователя?",
        "user": "UFT7XUWJX",
        "ts": "1553193141.153000",
        "thread_ts": "1553193141.153000",
        "reply_count": 8,
        "reply_users_count": 5,
        "latest_reply": "1553247262.162500",
        "reply_users": [
            "UFPRT4B28",
            "UFT7XUWJX",
            "UFLKE29QW",
            "UEUTPR8KW",
            "UFZT3QMU6"
        ],
        "replies": [
            {
                "user": "UFPRT4B28",
                "ts": "1553193258.153100"
            },
            {
                "user": "UFPRT4B28",
                "ts": "1553193265.153300"
            },
            {
                "user": "UFT7XUWJX",
                "ts": "1553193349.153500"
            },
            {
                "user": "UFLKE29QW",
                "ts": "1553197192.153700"
            },
            {
                "user": "UFLKE29QW",
                "ts": "1553197295.154800"
            },
            {
                "user": "UFT7XUWJX",
                "ts": "1553198568.156100"
            },
            {
                "user": "UEUTPR8KW",
                "ts": "1553199720.156500"
            },
            {
                "user": "UFZT3QMU6",
                "ts": "1553247262.162500"
            }
        ]
    },
    {
        "client_msg_id": "606c13ac-ce0a-4df4-a730-7c5fbab4e59f",
        "type": "message",
        "text": "используй ResultSetExtractor&lt;List&lt;User&gt;&gt;",
        "user": "UFPRT4B28",
        "ts": "1553193258.153100",
        "thread_ts": "1553193141.153000",
        "parent_user_id": "UFT7XUWJX"
    },
    {
        "client_msg_id": "70adacc4-5bf9-4865-92ed-f79caa1f4bf4",
        "type": "message",
        "text": "вместо мэпера",
        "user": "UFPRT4B28",
        "ts": "1553193265.153300",
        "thread_ts": "1553193141.153000",
        "parent_user_id": "UFT7XUWJX"
    },
    {
        "client_msg_id": "bdd385b9-da01-47bd-b951-9463730641ea",
        "type": "message",
        "text": "Спасибо. Осталось понять что это. Ушел гуглить.\nКстати, так тоже 2 строки возвращает.\nList&lt;User&gt; users = jdbcTemplate.query(\"SELECT users.*, user_roles.role FROM users INNER JOIN user_roles ON (users.id = user_roles.user_id) WHERE id=?\", ROW_MAPPER, id);",
        "user": "UFT7XUWJX",
        "ts": "1553193349.153500",
        "thread_ts": "1553193141.153000",
        "parent_user_id": "UFT7XUWJX"
    },
    {
        "client_msg_id": "425e9c9d-bb37-48de-a570-4568ebaf699b",
        "type": "message",
        "text": "Я про ResultSetExtractor нашел в Spring 4 для профессионалов",
        "user": "UFLKE29QW",
        "ts": "1553197192.153700",
        "thread_ts": "1553193141.153000",
        "parent_user_id": "UFT7XUWJX"
    },
    {
        "client_msg_id": "e9a6a65d-3ecf-4467-8025-9a4bf1a15e2a",
        "type": "message",
        "text": "Кто-нибудь сталкивался при maven-package [INFO] --- maven-war-plugin:2.2:war (default-war) @ topjava ---\nWARNING: An illegal reflective access operation has occurred",
        "user": "UFAG403GE",
        "ts": "1553197285.154700",
        "thread_ts": "1553197285.154700",
        "reply_count": 4,
        "reply_users_count": 1,
        "latest_reply": "1553197552.155900",
        "reply_users": [
            "UFAG403GE"
        ],
        "replies": [
            {
                "user": "UFAG403GE",
                "ts": "1553197338.155200"
            },
            {
                "user": "UFAG403GE",
                "ts": "1553197359.155400"
            },
            {
                "user": "UFAG403GE",
                "ts": "1553197418.155700"
            },
            {
                "user": "UFAG403GE",
                "ts": "1553197552.155900"
            }
        ]
    },
    {
        "type": "message",
        "text": "",
        "files": [
            {
                "id": "FGXPR2FG9",
                "created": 1553197281,
                "timestamp": 1553197281,
                "name": "Shefer_k_kho_k_kharrop_r_SPRING_4_dlya_professionalov.pdf",
                "title": "Shefer_k_kho_k_kharrop_r_SPRING_4_dlya_professionalov.pdf",
                "mimetype": "application\/pdf",
                "filetype": "pdf",
                "pretty_type": "PDF",
                "user": "UFLKE29QW",
                "editable": false,
                "size": 109671851,
                "mode": "hosted",
                "is_external": false,
                "external_type": "",
                "is_public": true,
                "public_url_shared": false,
                "display_as_bot": false,
                "username": "",
                "url_private": "https:\/\/files.slack.com\/files-pri\/TE09AK9BK-FGXPR2FG9\/shefer_k_kho_k_kharrop_r_spring_4_dlya_professionalov.pdf?t=xoxe-476316655393-618179035285-606757826531-bd1c7b831233e0d053294a8f47715ef5",
                "url_private_download": "https:\/\/files.slack.com\/files-pri\/TE09AK9BK-FGXPR2FG9\/download\/shefer_k_kho_k_kharrop_r_spring_4_dlya_professionalov.pdf?t=xoxe-476316655393-618179035285-606757826531-bd1c7b831233e0d053294a8f47715ef5",
                "thumb_pdf": "https:\/\/files.slack.com\/files-tmb\/TE09AK9BK-FGXPR2FG9-5340325d9a\/shefer_k_kho_k_kharrop_r_spring_4_dlya_professionalov_thumb_pdf.png?t=xoxe-476316655393-618179035285-606757826531-bd1c7b831233e0d053294a8f47715ef5",
                "thumb_pdf_w": 670,
                "thumb_pdf_h": 997,
                "permalink": "https:\/\/topjava16.slack.com\/files\/UFLKE29QW\/FGXPR2FG9\/shefer_k_kho_k_kharrop_r_spring_4_dlya_professionalov.pdf",
                "permalink_public": "https:\/\/slack-files.com\/TE09AK9BK-FGXPR2FG9-fbb1001235",
                "has_rich_preview": false
            }
        ],
        "upload": true,
        "user": "UFLKE29QW",
        "display_as_bot": false,
        "ts": "1553197295.154800",
        "thread_ts": "1553193141.153000",
        "parent_user_id": "UFT7XUWJX"
    },
    {
        "client_msg_id": "94fc86be-30e1-4fa3-873e-64b1253f21fe",
        "type": "message",
        "text": "[INFO] --- maven-war-plugin:2.2:war (default-war) @ topjava ---\nWARNING: An illegal reflective access operation has occurred\nWARNING: Illegal reflective access by com.thoughtworks.xstream.core.util.Fields (file:\/E:\/repositories\/maven\/com\/thoughtworks\/xstream\/xstream\/1.3.1\/xstream-1.3.1.jar) to field java.util.Properties.defaults\nWARNING: Please consider reporting this to the maintainers of com.thoughtworks.xstream.core.util.Fields\nWARNING: Use --illegal-access=warn to enable warnings of further illegal reflective access operations\nWARNING: All illegal access operations will be denied in a future release",
        "user": "UFAG403GE",
        "ts": "1553197338.155200",
        "thread_ts": "1553197285.154700",
        "parent_user_id": "UFAG403GE"
    },
    {
        "client_msg_id": "bd82cd4a-c867-4f54-965c-ae53a6d227ee",
        "type": "message",
        "text": "Нашел решение <https:\/\/ru.stackoverflow.com\/questions\/806599\/%D0%9E%D1%88%D0%B8%D0%B1%D0%BA%D0%B0-%D0%BF%D1%80%D0%B8-%D1%81%D0%B1%D0%BE%D1%80%D0%BA%D0%B5-maven>",
        "user": "UFAG403GE",
        "ts": "1553197359.155400",
        "attachments": [
            {
                "service_name": "Stack Overflow на русском",
                "title": "Ошибка при сборке maven",
                "title_link": "https:\/\/ru.stackoverflow.com\/questions\/806599\/%D0%9E%D1%88%D0%B8%D0%B1%D0%BA%D0%B0-%D0%BF%D1%80%D0%B8-%D1%81%D0%B1%D0%BE%D1%80%D0%BA%D0%B5-maven",
                "text": "Подскажите как убрать это предупреждение и как повлияет это на проект? WARNING: An illegal reflective access operation has occurred WARNING: Illegal reflective access by com.thoughtworks.xstream.c...",
                "fallback": "Stack Overflow на русском: Ошибка при сборке maven",
                "thumb_url": "https:\/\/cdn.sstatic.net\/Sites\/ru\/img\/apple-touch-icon@2.png?v=387ab71bdafd",
                "from_url": "https:\/\/ru.stackoverflow.com\/questions\/806599\/%D0%9E%D1%88%D0%B8%D0%B1%D0%BA%D0%B0-%D0%BF%D1%80%D0%B8-%D1%81%D0%B1%D0%BE%D1%80%D0%BA%D0%B5-maven",
                "thumb_width": 316,
                "thumb_height": 316,
                "service_icon": "https:\/\/cdn.sstatic.net\/Sites\/ru\/img\/favicon.ico?v=b95a7516ec95",
                "id": 1,
                "original_url": "https:\/\/ru.stackoverflow.com\/questions\/806599\/%D0%9E%D1%88%D0%B8%D0%B1%D0%BA%D0%B0-%D0%BF%D1%80%D0%B8-%D1%81%D0%B1%D0%BE%D1%80%D0%BA%D0%B5-maven"
            }
        ],
        "thread_ts": "1553197285.154700",
        "parent_user_id": "UFAG403GE"
    },
    {
        "client_msg_id": "1f1afbe1-b66d-4081-a78e-3b23e9f35b85",
        "type": "message",
        "text": "Но у нас в pom.xml нет dependencies с maven-war-plugin",
        "user": "UFAG403GE",
        "ts": "1553197418.155700",
        "thread_ts": "1553197285.154700",
        "parent_user_id": "UFAG403GE"
    },
    {
        "client_msg_id": "abe565e2-e7d8-4a2c-a915-7e8b7863ff88",
        "type": "message",
        "text": "добавил - предупреждения ушли",
        "user": "UFAG403GE",
        "ts": "1553197552.155900",
        "thread_ts": "1553197285.154700",
        "parent_user_id": "UFAG403GE"
    },
    {
        "client_msg_id": "ddb67c2e-a267-481a-a696-e7c837748f0e",
        "type": "message",
        "text": "Спасибо. Вроде оно.",
        "user": "UFT7XUWJX",
        "ts": "1553198568.156100",
        "thread_ts": "1553193141.153000",
        "parent_user_id": "UFT7XUWJX"
    },
    {
        "client_msg_id": "94f8e345-ab2e-46f3-b338-532cd2823a34",
        "type": "message",
        "text": "можно просто двумя запросами обойтись, без join",
        "user": "UEUTPR8KW",
        "ts": "1553199720.156500",
        "thread_ts": "1553193141.153000",
        "parent_user_id": "UFT7XUWJX"
    },
    {
        "client_msg_id": "856fca7f-3dbc-463b-b242-febca22537f5",
        "type": "message",
        "text": "не надо в ресурсы ничего перемещать\nпересмотри последнее видео урока\nсетбандл там удаляют\nспринг сам все делает",
        "user": "UFPRT4B28",
        "ts": "1553200038.156700",
        "edited": {
            "user": "UFPRT4B28",
            "ts": "1553200070.000000"
        },
        "thread_ts": "1553186599.149200",
        "parent_user_id": "UFP7PTM99"
    },
    {
        "client_msg_id": "53a9bd6c-edfa-4297-8235-47a244cd5ec6",
        "type": "message",
        "text": "Ребят может вопрос глупый, но чет не пойму, подскажите кто понял)\n\"2.2 Добавить еще одну роль к юзеру Admin (будет 2 роли: ROLE_USER, ROLE_ADMIN)\"\nУ нас же и так уже 2 роли: ROLE_USER, ROLE_ADMIN",
        "user": "UG134KF0U",
        "ts": "1553210372.158100",
        "thread_ts": "1553210372.158100",
        "reply_count": 2,
        "reply_users_count": 2,
        "latest_reply": "1553256718.163100",
        "reply_users": [
            "UFHCGQ525",
            "UG134KF0U"
        ],
        "replies": [
            {
                "user": "UFHCGQ525",
                "ts": "1553228318.158400"
            },
            {
                "user": "UG134KF0U",
                "ts": "1553256718.163100"
            }
        ]
    },
    {
        "client_msg_id": "b9aa24bd-4e7f-4f5c-b784-2631bb366738",
        "type": "message",
        "text": "может кому пригодится, на маке победил создав в папке юзера .bash_profile",
        "user": "UFR6VRXL3",
        "ts": "1553228248.158200",
        "thread_ts": "1552814886.042100",
        "parent_user_id": "UFS44Q1JS"
    },
    {
        "client_msg_id": "4d19c850-0cbb-4aeb-b3af-b2e342c24165",
        "type": "message",
        "text": "У админа изначально есть только ROLE_ADMIN, нужно для него ещё добавить роль юзера",
        "user": "UFHCGQ525",
        "ts": "1553228318.158400",
        "thread_ts": "1553210372.158100",
        "parent_user_id": "UG134KF0U"
    },
    {
        "client_msg_id": "69a41d32-c496-4df3-b20f-24ec3edc06da",
        "type": "message",
        "text": "export PATH=$PATH:\/usr\/local\/git\/bin\n\nTOPJAVA_ROOT=\/Users\/xxx\/xxx\/xxx\/topjava\nexport TOPJAVA_ROOT",
        "user": "UFR6VRXL3",
        "ts": "1553228480.158600",
        "thread_ts": "1552814886.042100",
        "parent_user_id": "UFS44Q1JS"
    }
]