[
    {
        "client_msg_id": "603b1a37-a9f6-4efe-bbac-3c9d8f39f4c1",
        "type": "message",
        "text": "<@UG862J8F8> Если я не ошибаюсь, нужно добавить интеграцию JPA в IDEA. Видео 4_5_orm_jpa.mp4 с 00:51:40",
        "user": "UFTLU8L02",
        "ts": "1553671415.199400",
        "thread_ts": "1552752410.038200",
        "parent_user_id": "UG862J8F8"
    },
    {
        "client_msg_id": "ed2b006a-919b-432d-94e9-8f7b9a0de61c",
        "type": "message",
        "text": "1. а у нас резве не стояло UTF-8 ?\n2. проблема в idea логах обыно так лечится: <https:\/\/github.com\/JavaOPs\/topjava\/wiki\/IDEA#Выставить-кодировку-utf-8-в-консоли>",
        "user": "UE1ULNT9V",
        "ts": "1553674165.199600",
        "thread_ts": "1553632695.198100",
        "parent_user_id": "UFQ35BUP4"
    },
    {
        "client_msg_id": "a6036e5f-1bce-429e-b2ac-e88ef9b562bf",
        "type": "message",
        "text": "-Dfile.encoding=UTF-8 - стоит...в том то и дело...все лекарства перебрал... пока в lockback не убрал...видимо дважды энкодится...",
        "user": "UFQ35BUP4",
        "ts": "1553677267.199800",
        "thread_ts": "1553632695.198100",
        "parent_user_id": "UFQ35BUP4"
    },
    {
        "client_msg_id": "89df30d9-b8a0-4ff3-91b5-3104959f6de5",
        "type": "message",
        "text": "Всем привет! Кто может подсказать\nВ general ветке написали про собеседование, типа вопрос задали про jdbcTemplate с опциональными параметрами, я нагуглил решение, но что то оно у меня у самого не запускается",
        "user": "UFFJ077SL",
        "ts": "1553677707.201500",
        "thread_ts": "1553677707.201500",
        "reply_count": 6,
        "reply_users_count": 3,
        "latest_reply": "1553726755.204500",
        "reply_users": [
            "UFFJ077SL",
            "UFZT3QMU6",
            "UE1ULNT9V"
        ],
        "replies": [
            {
                "user": "UFFJ077SL",
                "ts": "1553677719.201600"
            },
            {
                "user": "UFFJ077SL",
                "ts": "1553677721.202000"
            },
            {
                "user": "UFFJ077SL",
                "ts": "1553677744.202200"
            },
            {
                "user": "UFZT3QMU6",
                "ts": "1553709283.203000"
            },
            {
                "user": "UFZT3QMU6",
                "ts": "1553709651.203200"
            },
            {
                "user": "UE1ULNT9V",
                "ts": "1553726755.204500"
            }
        ]
    },
    {
        "type": "message",
        "text": "",
        "files": [
            {
                "id": "FHBRCG2KX",
                "created": 1553677715,
                "timestamp": 1553677715,
                "name": "image.png",
                "title": "Pasted image at 2019-03-27, 4:08 PM",
                "mimetype": "image\/png",
                "filetype": "png",
                "pretty_type": "PNG",
                "user": "UFFJ077SL",
                "editable": false,
                "size": 369040,
                "mode": "hosted",
                "is_external": false,
                "external_type": "",
                "is_public": true,
                "public_url_shared": false,
                "display_as_bot": false,
                "username": "",
                "url_private": "https:\/\/files.slack.com\/files-pri\/TE09AK9BK-FHBRCG2KX\/image.png?t=xoxe-476316655393-618179035285-606757826531-bd1c7b831233e0d053294a8f47715ef5",
                "url_private_download": "https:\/\/files.slack.com\/files-pri\/TE09AK9BK-FHBRCG2KX\/download\/image.png?t=xoxe-476316655393-618179035285-606757826531-bd1c7b831233e0d053294a8f47715ef5",
                "thumb_64": "https:\/\/files.slack.com\/files-tmb\/TE09AK9BK-FHBRCG2KX-42650b7f0c\/image_64.png?t=xoxe-476316655393-618179035285-606757826531-bd1c7b831233e0d053294a8f47715ef5",
                "thumb_80": "https:\/\/files.slack.com\/files-tmb\/TE09AK9BK-FHBRCG2KX-42650b7f0c\/image_80.png?t=xoxe-476316655393-618179035285-606757826531-bd1c7b831233e0d053294a8f47715ef5",
                "thumb_360": "https:\/\/files.slack.com\/files-tmb\/TE09AK9BK-FHBRCG2KX-42650b7f0c\/image_360.png?t=xoxe-476316655393-618179035285-606757826531-bd1c7b831233e0d053294a8f47715ef5",
                "thumb_360_w": 360,
                "thumb_360_h": 202,
                "thumb_480": "https:\/\/files.slack.com\/files-tmb\/TE09AK9BK-FHBRCG2KX-42650b7f0c\/image_480.png?t=xoxe-476316655393-618179035285-606757826531-bd1c7b831233e0d053294a8f47715ef5",
                "thumb_480_w": 480,
                "thumb_480_h": 269,
                "thumb_160": "https:\/\/files.slack.com\/files-tmb\/TE09AK9BK-FHBRCG2KX-42650b7f0c\/image_160.png?t=xoxe-476316655393-618179035285-606757826531-bd1c7b831233e0d053294a8f47715ef5",
                "thumb_720": "https:\/\/files.slack.com\/files-tmb\/TE09AK9BK-FHBRCG2KX-42650b7f0c\/image_720.png?t=xoxe-476316655393-618179035285-606757826531-bd1c7b831233e0d053294a8f47715ef5",
                "thumb_720_w": 720,
                "thumb_720_h": 403,
                "thumb_800": "https:\/\/files.slack.com\/files-tmb\/TE09AK9BK-FHBRCG2KX-42650b7f0c\/image_800.png?t=xoxe-476316655393-618179035285-606757826531-bd1c7b831233e0d053294a8f47715ef5",
                "thumb_800_w": 800,
                "thumb_800_h": 448,
                "thumb_960": "https:\/\/files.slack.com\/files-tmb\/TE09AK9BK-FHBRCG2KX-42650b7f0c\/image_960.png?t=xoxe-476316655393-618179035285-606757826531-bd1c7b831233e0d053294a8f47715ef5",
                "thumb_960_w": 960,
                "thumb_960_h": 538,
                "thumb_1024": "https:\/\/files.slack.com\/files-tmb\/TE09AK9BK-FHBRCG2KX-42650b7f0c\/image_1024.png?t=xoxe-476316655393-618179035285-606757826531-bd1c7b831233e0d053294a8f47715ef5",
                "thumb_1024_w": 1024,
                "thumb_1024_h": 574,
                "image_exif_rotation": 1,
                "original_w": 1928,
                "original_h": 1080,
                "permalink": "https:\/\/topjava16.slack.com\/files\/UFFJ077SL\/FHBRCG2KX\/image.png",
                "permalink_public": "https:\/\/slack-files.com\/TE09AK9BK-FHBRCG2KX-917fa0bf8b",
                "has_rich_preview": false
            }
        ],
        "upload": true,
        "user": "UFFJ077SL",
        "display_as_bot": false,
        "ts": "1553677719.201600",
        "thread_ts": "1553677707.201500",
        "parent_user_id": "UFFJ077SL"
    },
    {
        "client_msg_id": "7e8aa84e-ce80-44aa-a3bf-6d7506979254",
        "type": "message",
        "text": "вот так выглядит",
        "user": "UFFJ077SL",
        "ts": "1553677721.202000",
        "thread_ts": "1553677707.201500",
        "parent_user_id": "UFFJ077SL"
    },
    {
        "client_msg_id": "f2809654-c893-4a5d-bb96-77fd3a6ae83f",
        "type": "message",
        "text": "просто раз на собеседовании спрашивают, неплохо было бы разобрать :slightly_smiling_face:",
        "user": "UFFJ077SL",
        "ts": "1553677744.202200",
        "thread_ts": "1553677707.201500",
        "parent_user_id": "UFFJ077SL"
    },
    {
        "client_msg_id": "e04a986e-7bcc-43af-b25b-2427e8bc0118",
        "type": "message",
        "text": "<@UFFJ077SL> Вопрос жутко специфический. На другом собес-ии могут спросить, сколько режимов команды Explain в MongoDB, или папку для деплоя в Wildfly.. (Ответ - всего знать невозможно:) Я бы сказал - у меня есть компилятор, доки, сорцы, я могу быстро посмотреть и ответить, по памяти не помню, да и не нужно.",
        "user": "UFZT3QMU6",
        "ts": "1553709283.203000",
        "thread_ts": "1553677707.201500",
        "parent_user_id": "UFFJ077SL"
    },
    {
        "client_msg_id": "61c5c594-c3d7-4806-8e72-c5468ca2c7b7",
        "type": "message",
        "text": "Кстати, из твоей постановки вопроса (или их) не понятно, имеется ввиду jdbcTemplate.query с его пар-ми, либо пар-ры констр-ра jdbcTemplate? Либо это пар-ры каких-то аннотаций для jdbcTemplate?",
        "user": "UFZT3QMU6",
        "ts": "1553709651.203200",
        "thread_ts": "1553677707.201500",
        "parent_user_id": "UFFJ077SL"
    },
    {
        "client_msg_id": "4c0002ba-4dc7-41b1-8adf-8a6d614d5287",
        "type": "message",
        "text": "Что-то у меня css перестал подгружаться. Может его в WEB-INF перенести? в Томкате он находится не в resources, а просто в css\/",
        "user": "UFZT3QMU6",
        "ts": "1553709729.204400",
        "thread_ts": "1553709729.204400",
        "reply_count": 1,
        "reply_users_count": 1,
        "latest_reply": "1553726780.204700",
        "reply_users": [
            "UE1ULNT9V"
        ],
        "replies": [
            {
                "user": "UE1ULNT9V",
                "ts": "1553726780.204700"
            }
        ]
    },
    {
        "client_msg_id": "9dd70345-1326-4f33-b947-0352df99a942",
        "type": "message",
        "text": "вопрос не читал, но возможно это про метод, у которого опциональные параметры после матчера идут",
        "user": "UE1ULNT9V",
        "ts": "1553726755.204500",
        "thread_ts": "1553677707.201500",
        "parent_user_id": "UFFJ077SL"
    },
    {
        "client_msg_id": "bc2c4019-76aa-4790-ad83-cb3a64162596",
        "type": "message",
        "text": "1. Ctrl+F5 часто помогает\n2.  делай как в topjava",
        "user": "UE1ULNT9V",
        "ts": "1553726780.204700",
        "thread_ts": "1553709729.204400",
        "parent_user_id": "UFZT3QMU6"
    }
]