[
    {
        "user": "UE1ULNT9V",
        "type": "message",
        "subtype": "channel_join",
        "ts": "1552521077.000200",
        "text": "<@UE1ULNT9V> has joined the channel"
    },
    {
        "user": "UE1ULNT9V",
        "type": "message",
        "subtype": "channel_topic",
        "ts": "1552521086.000300",
        "text": "<@UE1ULNT9V> set the channel topic: <https:\/\/github.com\/JavaWebinar\/topjava\/blob\/doc\/doc\/lesson06.md>",
        "topic": "<https:\/\/github.com\/JavaWebinar\/topjava\/blob\/doc\/doc\/lesson06.md>"
    },
    {
        "client_msg_id": "a0af2d1d-aa16-4c4b-a11b-7858273ec1c4",
        "type": "message",
        "text": "Привет! Можно приступать к занятию <https:\/\/github.com\/JavaWebinar\/topjava\/blob\/doc\/doc\/lesson06.md>\nНачинаем изучать Spring-MVC и слой Web\nЗанятие и домашнее задание относительно большие, следующее занятие будет 28.03 (расписание: <https:\/\/github.com\/JavaWebinar\/topjava>)\nБудет время подтянуть \"хвосты\" и занятся выпускным проектом.",
        "user": "UE1ULNT9V",
        "ts": "1552521277.001700",
        "edited": {
            "user": "UE1ULNT9V",
            "ts": "1552521290.000000"
        }
    },
    {
        "user": "UF99MJGKU",
        "type": "message",
        "subtype": "channel_join",
        "ts": "1552521733.002400",
        "text": "<@UF99MJGKU> has joined the channel"
    },
    {
        "user": "UF2FGUDPH",
        "type": "message",
        "subtype": "channel_join",
        "ts": "1552522408.002600",
        "text": "<@UF2FGUDPH> has joined the channel"
    },
    {
        "user": "UFW2XS0HX",
        "type": "message",
        "subtype": "channel_join",
        "ts": "1552524795.002800",
        "text": "<@UFW2XS0HX> has joined the channel"
    },
    {
        "user": "UF7MD83EU",
        "type": "message",
        "subtype": "channel_join",
        "ts": "1552525133.003000",
        "text": "<@UF7MD83EU> has joined the channel"
    },
    {
        "user": "UFHCGQ525",
        "type": "message",
        "subtype": "channel_join",
        "ts": "1552525557.003200",
        "text": "<@UFHCGQ525> has joined the channel"
    },
    {
        "user": "UFQT0J4PP",
        "type": "message",
        "subtype": "channel_join",
        "ts": "1552525991.003400",
        "text": "<@UFQT0J4PP> has joined the channel"
    },
    {
        "user": "UFQFJRADC",
        "type": "message",
        "subtype": "channel_join",
        "ts": "1552527185.003600",
        "text": "<@UFQFJRADC> has joined the channel"
    },
    {
        "user": "UFE7TR83Z",
        "type": "message",
        "subtype": "channel_join",
        "ts": "1552528401.003800",
        "text": "<@UFE7TR83Z> has joined the channel"
    },
    {
        "user": "UFJJL4USF",
        "type": "message",
        "subtype": "channel_join",
        "ts": "1552528528.004000",
        "text": "<@UFJJL4USF> has joined the channel"
    },
    {
        "user": "UFFJ077SL",
        "type": "message",
        "subtype": "channel_join",
        "ts": "1552530142.004200",
        "text": "<@UFFJ077SL> has joined the channel"
    },
    {
        "user": "UFH1T9S1Y",
        "type": "message",
        "subtype": "channel_join",
        "ts": "1552530830.004400",
        "text": "<@UFH1T9S1Y> has joined the channel"
    },
    {
        "user": "UF3JGRQSX",
        "type": "message",
        "subtype": "channel_join",
        "ts": "1552531236.004600",
        "text": "<@UF3JGRQSX> has joined the channel"
    },
    {
        "user": "UF6HMCG3X",
        "type": "message",
        "subtype": "channel_join",
        "ts": "1552532172.004800",
        "text": "<@UF6HMCG3X> has joined the channel"
    },
    {
        "user": "UELAS5TEC",
        "type": "message",
        "subtype": "channel_join",
        "ts": "1552536190.005000",
        "text": "<@UELAS5TEC> has joined the channel"
    },
    {
        "user": "UFT7XUWJX",
        "type": "message",
        "subtype": "channel_join",
        "ts": "1552538136.005200",
        "text": "<@UFT7XUWJX> has joined the channel"
    },
    {
        "user": "UFALPSH7D",
        "type": "message",
        "subtype": "channel_join",
        "ts": "1552538308.005400",
        "text": "<@UFALPSH7D> has joined the channel"
    },
    {
        "user": "UFNHJMTE2",
        "type": "message",
        "subtype": "channel_join",
        "ts": "1552538813.005600",
        "text": "<@UFNHJMTE2> has joined the channel"
    },
    {
        "user": "UG105SZ89",
        "type": "message",
        "subtype": "channel_join",
        "ts": "1552539221.005800",
        "text": "<@UG105SZ89> has joined the channel"
    },
    {
        "user": "UFZTDP64Q",
        "type": "message",
        "subtype": "channel_join",
        "ts": "1552539348.006000",
        "text": "<@UFZTDP64Q> has joined the channel"
    }
]