[
    {
        "client_msg_id": "0b9f97c1-f2fa-4a6f-86ed-f5253536dac5",
        "type": "message",
        "text": "Это и есть верх последнего",
        "user": "UGW0NTE7N",
        "ts": "1553414219.179400",
        "thread_ts": "1553344956.176200",
        "parent_user_id": "UGW0NTE7N"
    },
    {
        "client_msg_id": "5f4f287f-fcca-4d17-8f2f-16a71c68495f",
        "type": "message",
        "text": "Кто осилил Optional помогите пожалуйста разобраться Jdbc тестами",
        "user": "UFKNK1SBG",
        "ts": "1553435927.182300",
        "thread_ts": "1553435927.182300",
        "reply_count": 12,
        "reply_users_count": 4,
        "latest_reply": "1553458942.185700",
        "reply_users": [
            "UFKNK1SBG",
            "UFLKE29QW",
            "UFKG13683",
            "UE1ULNT9V"
        ],
        "replies": [
            {
                "user": "UFKNK1SBG",
                "ts": "1553436036.182400"
            },
            {
                "user": "UFLKE29QW",
                "ts": "1553438075.182800"
            },
            {
                "user": "UFKNK1SBG",
                "ts": "1553439711.183000"
            },
            {
                "user": "UFKG13683",
                "ts": "1553448344.183400"
            },
            {
                "user": "UFKG13683",
                "ts": "1553448423.183600"
            },
            {
                "user": "UFLKE29QW",
                "ts": "1553448610.183800"
            },
            {
                "user": "UFLKE29QW",
                "ts": "1553448681.184000"
            },
            {
                "user": "UFKNK1SBG",
                "ts": "1553448793.184200"
            },
            {
                "user": "UFKG13683",
                "ts": "1553449053.184400"
            },
            {
                "user": "UFKG13683",
                "ts": "1553449141.184600"
            },
            {
                "user": "UFKNK1SBG",
                "ts": "1553449382.184800"
            },
            {
                "user": "UE1ULNT9V",
                "ts": "1553458942.185700"
            }
        ]
    },
    {
        "client_msg_id": "e92a8317-b697-40d7-9c93-94cd1d1b2ac6",
        "type": "message",
        "text": "Не проходит тест метода create:\n```Expecting:\n &lt;[User{id=100001, email=admin@gmail.com, name=Admin, enabled=true, roles=[ROLE_USER, ROLE_ADMIN], caloriesPerDay=2000},\n    User{id=100000, email=user@yandex.ru, name=User, enabled=true, roles=[ROLE_USER], caloriesPerDay=2000},\n    User{id=100010, email=new@gmail.com, name=New, enabled=false, roles=[ROLE_USER], caloriesPerDay=1555}]&gt;\nto be equal to:\n &lt;[User{id=100001, email=admin@gmail.com, name=Admin, enabled=true, roles=[ROLE_USER, ROLE_ADMIN], caloriesPerDay=2000},\n    User{id=100010, email=new@gmail.com, name=New, enabled=false, roles=[ROLE_USER], caloriesPerDay=1555},\n    User{id=100000, email=user@yandex.ru, name=User, enabled=true, roles=[ROLE_USER], caloriesPerDay=2000}]&gt;```\nСудя по всему, проблема тут в методе getAll, который используется в тесте create. И, если я все правильно понимаю, дело в том, что не работает сортировка. Вот метод:\n```public List&lt;User&gt; getAll() {\n        return jdbcTemplate.query(\"SELECT * FROM users u LEFT JOIN user_roles ur ON u.id=ur.user_id ORDER BY name, email\",\n                new ResultSetExtractor&lt;ArrayList&lt;User&gt;&gt;() {\n            ...\n        });\n    }```\nВот собственно и вопрос. Если я все верно понял и проблема в сортировке, то как ее решить и почему order by не работает. А если это не при чем, то в чем еще может быть проблема.",
        "user": "UFKNK1SBG",
        "ts": "1553436036.182400",
        "thread_ts": "1553435927.182300",
        "parent_user_id": "UFKNK1SBG"
    },
    {
        "client_msg_id": "c33dbed8-eff7-4c43-8f7b-667b5f258cd6",
        "type": "message",
        "text": "Я сортировал в ResultSetExtractor",
        "user": "UFLKE29QW",
        "ts": "1553438075.182800",
        "thread_ts": "1553435927.182300",
        "parent_user_id": "UFKNK1SBG"
    },
    {
        "client_msg_id": "9bdc3181-cc52-46e2-ae6e-1f088174cc4f",
        "type": "message",
        "text": "<@UFLKE29QW> мне вот как раз спустя 10 минут после написания вопроса и пришла в голову мысль, что можно ж в экстракторе отсортировать :sweat_smile:.\n\nЗабавно. Я 2 дня головой об стену бился из-за этой проблемы, сотни раз всматривался в эти строчки, гуглил, искал, пробовал что-то, ничего не получалось. Решил в итоге признать поражение и пойти спрашивать. И вот как только я начала писать вопрос до меня вдруг дошло, что метод в порядке, только сортировка не работает. А спустя еще несколько минут уже нашел решение:laughing:.\n\nС ума сойти, как так постоянно происходит. Днями мучаешься над какой-то проблемой, ни как не можешь ее решить. А стоит только открыть рот, чтобы задать вопрос, он сам в голову приходит...",
        "user": "UFKNK1SBG",
        "ts": "1553439711.183000",
        "thread_ts": "1553435927.182300",
        "parent_user_id": "UFKNK1SBG",
        "reactions": [
            {
                "name": "+1",
                "users": [
                    "UFPRT4B28"
                ],
                "count": 1
            }
        ]
    },
    {
        "client_msg_id": "00f552c6-fc3b-4101-a1b4-f54ee00ee88a",
        "type": "message",
        "text": "Странно  я в экстракторе ничего не сортировал, у меня все работает",
        "user": "UFKG13683",
        "ts": "1553448344.183400",
        "thread_ts": "1553435927.182300",
        "parent_user_id": "UFKNK1SBG"
    },
    {
        "client_msg_id": "c3a47937-13f7-4cb9-8f16-87cac412ead4",
        "type": "message",
        "text": "<@UFKNK1SBG> а ты в extractData юзеров в Мапу кладёшь?",
        "user": "UFKG13683",
        "ts": "1553448423.183600",
        "thread_ts": "1553435927.182300",
        "parent_user_id": "UFKNK1SBG"
    },
    {
        "client_msg_id": "a5e3f704-2bdf-4fda-ab8b-a270fcf7193c",
        "type": "message",
        "text": "а ты в TreeMap с ключем name?",
        "user": "UFLKE29QW",
        "ts": "1553448610.183800",
        "thread_ts": "1553435927.182300",
        "parent_user_id": "UFKNK1SBG"
    },
    {
        "client_msg_id": "d9f901dc-fe3a-448d-a57a-0a09afdc35ec",
        "type": "message",
        "text": "или с компаратором (name then email)?",
        "user": "UFLKE29QW",
        "ts": "1553448681.184000",
        "thread_ts": "1553435927.182300",
        "parent_user_id": "UFKNK1SBG"
    },
    {
        "client_msg_id": "bc3e1f67-1a9e-46ef-a80d-67c381395383",
        "type": "message",
        "text": "Ну я вот сейчас сделал в обычную мапу а потом values сортирую с компаратором",
        "user": "UFKNK1SBG",
        "ts": "1553448793.184200",
        "thread_ts": "1553435927.182300",
        "parent_user_id": "UFKNK1SBG"
    },
    {
        "client_msg_id": "081de2ec-2314-4aa0-a788-73180f9d2b33",
        "type": "message",
        "text": "<@UFKNK1SBG> вот поэтому и неотсортировано было. Ты из бд достаешь юзеров отсортированных. Кладёшь в мапу, а когда получаешь values () то данные уже неотсортированые. ",
        "user": "UFKG13683",
        "ts": "1553449053.184400",
        "thread_ts": "1553435927.182300",
        "parent_user_id": "UFKNK1SBG"
    },
    {
        "client_msg_id": "24dc85b6-6359-4ab0-9c86-b378283d2d32",
        "type": "message",
        "text": "<@UFLKE29QW> я в обычной list кладу без мапы. И не надо сортировать в extractData, так как порядок сохраняется",
        "user": "UFKG13683",
        "ts": "1553449141.184600",
        "thread_ts": "1553435927.182300",
        "parent_user_id": "UFKNK1SBG",
        "reactions": [
            {
                "name": "+1",
                "users": [
                    "UFLKE29QW"
                ],
                "count": 1
            }
        ]
    },
    {
        "client_msg_id": "07e800b3-0c42-465e-8ccf-0c22be29b609",
        "type": "message",
        "text": "<@UFKG13683> Действительно, спасибо, я постоянно забываю что мапе порядок элементов не зависит от очередности их вставки",
        "user": "UFKNK1SBG",
        "ts": "1553449382.184800",
        "thread_ts": "1553435927.182300",
        "parent_user_id": "UFKNK1SBG",
        "reactions": [
            {
                "name": "+1",
                "users": [
                    "UFKG13683"
                ],
                "count": 1
            }
        ]
    },
    {
        "client_msg_id": "a39ab135-28af-4538-9d6a-aed06ecf264f",
        "type": "message",
        "text": "<@UFLKE29QW> так я ж ни слова не сказал про RowMapper.",
        "user": "UFZT3QMU6",
        "ts": "1553455602.185200",
        "thread_ts": "1553370797.178900",
        "parent_user_id": "UFZT3QMU6"
    },
    {
        "client_msg_id": "9f767e01-b0ae-4b23-b51f-489e744a1ee9",
        "type": "message",
        "text": "<@UFPRT4B28> Да, не сработало. А в Jpa реализации distinct достаточно.",
        "user": "UFZT3QMU6",
        "ts": "1553456220.185400",
        "edited": {
            "user": "UFZT3QMU6",
            "ts": "1553456769.000000"
        },
        "thread_ts": "1553370797.178900",
        "parent_user_id": "UFZT3QMU6"
    },
    {
        "client_msg_id": "829e4682-a06b-4814-bcc1-bede49eb4aea",
        "type": "message",
        "text": "формулировка проблемы сильно помогает. еще есть метод резинового утенка- ему рассказать проблему",
        "user": "UE1ULNT9V",
        "ts": "1553458942.185700",
        "thread_ts": "1553435927.182300",
        "parent_user_id": "UFKNK1SBG"
    },
    {
        "client_msg_id": "5841f588-c953-4907-98cd-502b7430c24c",
        "type": "message",
        "text": "тогда дай весть последний эксепшен",
        "user": "UE1ULNT9V",
        "ts": "1553459019.185900",
        "thread_ts": "1553344956.176200",
        "parent_user_id": "UGW0NTE7N"
    }
]