[
    {
        "client_msg_id": "1d556459-9a73-4394-a543-10ce1e3892e3",
        "type": "message",
        "text": "Пересел на другой компьютер. Почему может ругаться, что не найдено style.css?",
        "user": "UFT7XUWJX",
        "ts": "1552983588.086900",
        "thread_ts": "1552983588.086900",
        "reply_count": 6,
        "reply_users_count": 3,
        "latest_reply": "1552984597.088000",
        "reply_users": [
            "UE1ULNT9V",
            "UFLKE29QW",
            "UFT7XUWJX"
        ],
        "replies": [
            {
                "user": "UE1ULNT9V",
                "ts": "1552983704.087000"
            },
            {
                "user": "UFLKE29QW",
                "ts": "1552983768.087200"
            },
            {
                "user": "UFT7XUWJX",
                "ts": "1552983826.087400"
            },
            {
                "user": "UFLKE29QW",
                "ts": "1552983904.087600"
            },
            {
                "user": "UFT7XUWJX",
                "ts": "1552984050.087800"
            },
            {
                "user": "UFT7XUWJX",
                "ts": "1552984597.088000"
            }
        ]
    },
    {
        "client_msg_id": "86d6b2b0-ba7d-4735-a18f-13a4682d66a8",
        "type": "message",
        "text": "причин - множество. как ты поисследовал проблему?",
        "user": "UE1ULNT9V",
        "ts": "1552983704.087000",
        "thread_ts": "1552983588.086900",
        "parent_user_id": "UFT7XUWJX"
    },
    {
        "client_msg_id": "51d188bb-6eec-4bf8-a75f-2465a584d92c",
        "type": "message",
        "text": "Попробуй в jsp link к ресурсам прописать ${pageContext.request.contextPath}\/",
        "user": "UFLKE29QW",
        "ts": "1552983768.087200",
        "thread_ts": "1552983588.086900",
        "parent_user_id": "UFT7XUWJX"
    },
    {
        "client_msg_id": "a47f3a6a-efbb-4594-b4d3-719d8ae766d6",
        "type": "message",
        "text": "Проверил переменные среды. Topjava_root ссылается на корень проекта.",
        "user": "UFT7XUWJX",
        "ts": "1552983826.087400",
        "thread_ts": "1552983588.086900",
        "parent_user_id": "UFT7XUWJX"
    },
    {
        "client_msg_id": "43c9054e-4e37-41d7-90dd-9b80f9bd706c",
        "type": "message",
        "text": "У меня маппинг к ресурсам  &lt;link rel=\"stylesheet\" href=\"${pageContext.request.contextPath}\/resources\/css\/style.css\"&gt;",
        "user": "UFLKE29QW",
        "ts": "1552983904.087600",
        "thread_ts": "1552983588.086900",
        "parent_user_id": "UFT7XUWJX"
    },
    {
        "client_msg_id": "2328ae33-8fce-472c-9b9c-d75b9b447475",
        "type": "message",
        "text": "Даже так не хочет.",
        "user": "UFT7XUWJX",
        "ts": "1552984050.087800",
        "thread_ts": "1552983588.086900",
        "parent_user_id": "UFT7XUWJX"
    },
    {
        "client_msg_id": "2791e3de-5958-4eeb-87c5-fb05a46e875f",
        "type": "message",
        "text": "Нашел ответ. У меня дома win7, на работе win10. Для 10ки критично, чтобы переменная среда проекта добавлялась в Системные переменные, а не в Переменные пользователя.",
        "user": "UFT7XUWJX",
        "ts": "1552984597.088000",
        "thread_ts": "1552983588.086900",
        "parent_user_id": "UFT7XUWJX",
        "reactions": [
            {
                "name": "+1",
                "users": [
                    "UFVJ4064D"
                ],
                "count": 1
            }
        ]
    },
    {
        "client_msg_id": "7467380b-7cc2-40af-8bc6-d99568572863",
        "type": "message",
        "text": "Всем привет! Какая есть альтернатива использования params = \"action=\" в аннотации? С помощью каких средств можно разделить запросы по разным методам?",
        "user": "UFHCGQ525",
        "ts": "1552996971.091400",
        "edited": {
            "user": "UFHCGQ525",
            "ts": "1552997452.000000"
        },
        "thread_ts": "1552996971.091400",
        "reply_count": 4,
        "reply_users_count": 3,
        "latest_reply": "1553114375.136900",
        "reply_users": [
            "UEY47RCQZ",
            "UFCJPCJ4U",
            "UFZT3QMU6"
        ],
        "replies": [
            {
                "user": "UEY47RCQZ",
                "ts": "1552997136.091500"
            },
            {
                "user": "UFCJPCJ4U",
                "ts": "1552997219.091700"
            },
            {
                "user": "UFZT3QMU6",
                "ts": "1553114263.136700"
            },
            {
                "user": "UFZT3QMU6",
                "ts": "1553114375.136900"
            }
        ]
    },
    {
        "client_msg_id": "079aa729-dd8c-40c1-b03c-5beb4fe439dd",
        "type": "message",
        "text": "в url добавить?",
        "user": "UEY47RCQZ",
        "ts": "1552997136.091500",
        "thread_ts": "1552996971.091400",
        "parent_user_id": "UFHCGQ525"
    },
    {
        "client_msg_id": "bda1ae72-5a66-4ad3-b235-205e2f0ddad9",
        "type": "message",
        "text": "Я сделал как в оф мануале показано\n<https:\/\/docs.spring.io\/spring\/docs\/current\/spring-framework-reference\/web.html#mvc-ann-requestmapping-uri-templates>",
        "user": "UFCJPCJ4U",
        "ts": "1552997219.091700",
        "thread_ts": "1552996971.091400",
        "parent_user_id": "UFHCGQ525"
    },
    {
        "client_msg_id": "68615ab3-06cb-4081-90ff-20926cc534bb",
        "type": "message",
        "text": "Подскажите как реализовать опшинал кроме ResultSetExtractor",
        "user": "UFLKE29QW",
        "ts": "1553000147.092500"
    },
    {
        "client_msg_id": "d5df6443-0544-40b3-b117-538a825e49ad",
        "type": "message",
        "text": "If you don't see above web page then please disable your adblock for our site Java Guides .This site is supported by the advertisement. Please disable your ad blocker to support us!!!\n\nСталкивался кто-нибудь? adblock отключил, в исключения для kaspersky добавил, даже в исключения для firefox добавил, разрешил и трекеры и куки и все на свете) сайт все равно ругается =(",
        "user": "UFP7PTM99",
        "ts": "1553007722.092600",
        "thread_ts": "1552925374.074000",
        "parent_user_id": "UFPRT4B28"
    },
    {
        "client_msg_id": "817bba5f-4dd1-4003-8afd-a82dbb9270bb",
        "type": "message",
        "text": "Через Tor кое-как обманул его, но очень странный сайт с агрессивной политикой) на всю страницу красным текстом кричит отключи adblock который даже не включен)",
        "user": "UFP7PTM99",
        "ts": "1553009923.092900",
        "thread_ts": "1552925374.074000",
        "parent_user_id": "UFPRT4B28"
    },
    {
        "client_msg_id": "d37bdd17-5406-4a3e-a91d-0b2802da24fd",
        "type": "message",
        "text": "Добрый вечер всем! Подскажите пожалуйста или поправьте. Разбираюсь с кэшами, Spring Cache &amp; Hibernate Cache, из того, что я понял, Spring Cache используется на более высоком уровне, на уровне сервиса, тоесть если у нас сущность наполняется из разных репозиториев, она закэшируется. Hibernate Cache используется на уровне репозитория и кэширует данные из базы. Если у нас на уровне сервиса данные такие же, как и на уровне репозитория, например getAll, то у нас данные дублируются в обоих кэшах.\nПочему мы не используем @Cacheable(“users”) для getByEmail, get, getWithMeals? Если бы использовали, нужно было бы хранить их в @Cacheable(“users”) или @Cacheable(“user”)? Почему в видео, в spring-tools у нас все о ecache, даже id бина ehCacheManager, а создаем мы в итоге JCacheCacheManager?? Почему не создали EhCacheCacheManager? Сорри, если вопрос глупый, но может не мне одному непонятно.",
        "user": "UFFJ077SL",
        "ts": "1553013832.110600",
        "edited": {
            "user": "UFFJ077SL",
            "ts": "1553013868.000000"
        },
        "thread_ts": "1553013832.110600",
        "reply_count": 2,
        "reply_users_count": 1,
        "latest_reply": "1553075709.132900",
        "reply_users": [
            "UE1ULNT9V"
        ],
        "replies": [
            {
                "user": "UE1ULNT9V",
                "ts": "1553075527.132700"
            },
            {
                "user": "UE1ULNT9V",
                "ts": "1553075709.132900"
            }
        ]
    },
    {
        "client_msg_id": "f1915eef-4789-4602-a34c-b18a9179a3c0",
        "type": "message",
        "text": "Не понимаю как починить InMemory тесты, и правда достаточно что-то поправить только в inmemory.xml чтобы все заработало?\n Понял что есть отдельный WebAppCtx который будет искать бины сервисов и репозиториев в основном контексте приложения, и соответственно делегировать им работу когда того требует контроллер, но совсем не понимаю что надо такого написать чтобы inmemory тесты работали. В InMemoryAdminRestControllerSpringTest изменил ContextConfiguration чтобы был доступ к контроллерам, но как из web.xml данные достать не понимаю, это уже не контекст спринга по идее т.к. заимпортить как остальные конфиги его нельзя.\n\nВылетает ошибка мол контекст не тот, WebApplicationContext нужен а имеется только GenericApplicationContext, и я даже не могу понять в каком классе или строке не тот контекст т.к. ошибка указывается в кишках спринга, а не в конкретной строке приложения.\n\nЗамкнутый круг какой-то, я явно в каком-то не том направлении мыслю потому что если сделать так:\n&lt;import resource=\"spring-mvc.xml\"\/&gt;\nто выходит что через web.xml станут видны реализации репозиториев в БД и будет переизбыток бинов, хотя такой проблемы нет, или не вижу никаких бинов, или ошибка по контексту. В голове каша.",
        "user": "UFP7PTM99",
        "ts": "1553014077.112800",
        "edited": {
            "user": "UFP7PTM99",
            "ts": "1553014388.000000"
        },
        "thread_ts": "1553014077.112800",
        "reply_count": 14,
        "reply_users_count": 2,
        "latest_reply": "1553024858.130600",
        "reply_users": [
            "UFT7XUWJX",
            "UFP7PTM99"
        ],
        "replies": [
            {
                "user": "UFT7XUWJX",
                "ts": "1553014329.112900"
            },
            {
                "user": "UFP7PTM99",
                "ts": "1553014801.113200"
            },
            {
                "user": "UFT7XUWJX",
                "ts": "1553015155.113800"
            },
            {
                "user": "UFP7PTM99",
                "ts": "1553015420.114400"
            },
            {
                "user": "UFP7PTM99",
                "ts": "1553015515.115400"
            },
            {
                "user": "UFT7XUWJX",
                "ts": "1553015697.116000"
            },
            {
                "user": "UFT7XUWJX",
                "ts": "1553015754.116400"
            },
            {
                "user": "UFP7PTM99",
                "ts": "1553015911.118800"
            },
            {
                "user": "UFP7PTM99",
                "ts": "1553016073.120200"
            },
            {
                "user": "UFT7XUWJX",
                "ts": "1553016450.120900"
            },
            {
                "user": "UFT7XUWJX",
                "ts": "1553016469.121400"
            },
            {
                "user": "UFT7XUWJX",
                "ts": "1553016478.121600"
            },
            {
                "user": "UFP7PTM99",
                "ts": "1553023758.130300"
            },
            {
                "user": "UFT7XUWJX",
                "ts": "1553024858.130600"
            }
        ]
    },
    {
        "client_msg_id": "56c6765d-c380-4584-9cc3-b1bbd46bfb5c",
        "type": "message",
        "text": "Не меняй вид контекста. Просто добавь сканирование в spring-mvc.xml директории web. Тогда он найдет контроллер.",
        "user": "UFT7XUWJX",
        "ts": "1553014329.112900",
        "thread_ts": "1553014077.112800",
        "parent_user_id": "UFP7PTM99"
    },
    {
        "type": "message",
        "text": "Так там и так есть сканирование директории web:\n\n &lt;context:component-scan base-package=\"ru.javawebinar.**.web\"\/&gt;\n\nПроблема не в том что контроллеры не вижу, а в том, что такое счастье получаю.",
        "files": [
            {
                "id": "FH3L0DFLK",
                "created": 1553014798,
                "timestamp": 1553014798,
                "name": "image.png",
                "title": "Pasted image at 2019-03-19, 6:59 PM",
                "mimetype": "image\/png",
                "filetype": "png",
                "pretty_type": "PNG",
                "user": "UFP7PTM99",
                "editable": false,
                "size": 10331,
                "mode": "hosted",
                "is_external": false,
                "external_type": "",
                "is_public": true,
                "public_url_shared": false,
                "display_as_bot": false,
                "username": "",
                "url_private": "https:\/\/files.slack.com\/files-pri\/TE09AK9BK-FH3L0DFLK\/image.png?t=xoxe-476316655393-618179035285-606757826531-bd1c7b831233e0d053294a8f47715ef5",
                "url_private_download": "https:\/\/files.slack.com\/files-pri\/TE09AK9BK-FH3L0DFLK\/download\/image.png?t=xoxe-476316655393-618179035285-606757826531-bd1c7b831233e0d053294a8f47715ef5",
                "thumb_64": "https:\/\/files.slack.com\/files-tmb\/TE09AK9BK-FH3L0DFLK-ea723107ee\/image_64.png?t=xoxe-476316655393-618179035285-606757826531-bd1c7b831233e0d053294a8f47715ef5",
                "thumb_80": "https:\/\/files.slack.com\/files-tmb\/TE09AK9BK-FH3L0DFLK-ea723107ee\/image_80.png?t=xoxe-476316655393-618179035285-606757826531-bd1c7b831233e0d053294a8f47715ef5",
                "thumb_360": "https:\/\/files.slack.com\/files-tmb\/TE09AK9BK-FH3L0DFLK-ea723107ee\/image_360.png?t=xoxe-476316655393-618179035285-606757826531-bd1c7b831233e0d053294a8f47715ef5",
                "thumb_360_w": 360,
                "thumb_360_h": 8,
                "thumb_480": "https:\/\/files.slack.com\/files-tmb\/TE09AK9BK-FH3L0DFLK-ea723107ee\/image_480.png?t=xoxe-476316655393-618179035285-606757826531-bd1c7b831233e0d053294a8f47715ef5",
                "thumb_480_w": 480,
                "thumb_480_h": 11,
                "thumb_160": "https:\/\/files.slack.com\/files-tmb\/TE09AK9BK-FH3L0DFLK-ea723107ee\/image_160.png?t=xoxe-476316655393-618179035285-606757826531-bd1c7b831233e0d053294a8f47715ef5",
                "thumb_720": "https:\/\/files.slack.com\/files-tmb\/TE09AK9BK-FH3L0DFLK-ea723107ee\/image_720.png?t=xoxe-476316655393-618179035285-606757826531-bd1c7b831233e0d053294a8f47715ef5",
                "thumb_720_w": 720,
                "thumb_720_h": 16,
                "thumb_800": "https:\/\/files.slack.com\/files-tmb\/TE09AK9BK-FH3L0DFLK-ea723107ee\/image_800.png?t=xoxe-476316655393-618179035285-606757826531-bd1c7b831233e0d053294a8f47715ef5",
                "thumb_800_w": 800,
                "thumb_800_h": 18,
                "thumb_960": "https:\/\/files.slack.com\/files-tmb\/TE09AK9BK-FH3L0DFLK-ea723107ee\/image_960.png?t=xoxe-476316655393-618179035285-606757826531-bd1c7b831233e0d053294a8f47715ef5",
                "thumb_960_w": 960,
                "thumb_960_h": 21,
                "thumb_1024": "https:\/\/files.slack.com\/files-tmb\/TE09AK9BK-FH3L0DFLK-ea723107ee\/image_1024.png?t=xoxe-476316655393-618179035285-606757826531-bd1c7b831233e0d053294a8f47715ef5",
                "thumb_1024_w": 1024,
                "thumb_1024_h": 23,
                "image_exif_rotation": 1,
                "original_w": 1481,
                "original_h": 33,
                "permalink": "https:\/\/topjava16.slack.com\/files\/UFP7PTM99\/FH3L0DFLK\/image.png",
                "permalink_public": "https:\/\/slack-files.com\/TE09AK9BK-FH3L0DFLK-47e415c7ef",
                "has_rich_preview": false
            }
        ],
        "upload": true,
        "user": "UFP7PTM99",
        "display_as_bot": false,
        "ts": "1553014801.113200",
        "thread_ts": "1553014077.112800",
        "parent_user_id": "UFP7PTM99"
    },
    {
        "client_msg_id": "4518959a-f699-477f-a29d-f313cc869152",
        "type": "message",
        "text": "Не юзай WebApplicationContext и не будещь получать.",
        "user": "UFT7XUWJX",
        "ts": "1553015155.113800",
        "thread_ts": "1553014077.112800",
        "parent_user_id": "UFP7PTM99"
    },
    {
        "client_msg_id": "2a53298a-276f-405e-8a3d-6b4695bb300c",
        "type": "message",
        "text": "Помогите пожалуйста разобраться с маппингом в JspMealController. Уже крыша едет, 2 дня головой об стену бьюсь, не могу понять где я туплю. Сейчас в треде распишу суть проблемы.",
        "user": "UFKNK1SBG",
        "ts": "1553015324.114300",
        "thread_ts": "1553015324.114300",
        "reply_count": 63,
        "reply_users_count": 8,
        "latest_reply": "1553116074.137300",
        "reply_users": [
            "UFT7XUWJX",
            "UFKNK1SBG",
            "UFFJ077SL",
            "UEUTPR8KW",
            "UFLKE29QW",
            "UEY47RCQZ",
            "UE1ULNT9V",
            "UFZT3QMU6"
        ],
        "replies": [
            {
                "user": "UFT7XUWJX",
                "ts": "1553015451.114900"
            },
            {
                "user": "UFKNK1SBG",
                "ts": "1553015472.115200"
            },
            {
                "user": "UFFJ077SL",
                "ts": "1553015753.116200"
            },
            {
                "user": "UFFJ077SL",
                "ts": "1553015765.116600"
            },
            {
                "user": "UFFJ077SL",
                "ts": "1553015766.116800"
            },
            {
                "user": "UFFJ077SL",
                "ts": "1553015784.117000"
            },
            {
                "user": "UFFJ077SL",
                "ts": "1553015785.117200"
            },
            {
                "user": "UFFJ077SL",
                "ts": "1553015789.117400"
            },
            {
                "user": "UFFJ077SL",
                "ts": "1553015795.117600"
            },
            {
                "user": "UFFJ077SL",
                "ts": "1553015838.118300"
            },
            {
                "user": "UFFJ077SL",
                "ts": "1553016013.119400"
            },
            {
                "user": "UFFJ077SL",
                "ts": "1553016024.119600"
            },
            {
                "user": "UFFJ077SL",
                "ts": "1553016027.119800"
            },
            {
                "user": "UFFJ077SL",
                "ts": "1553016044.120000"
            },
            {
                "user": "UFFJ077SL",
                "ts": "1553016105.120400"
            },
            {
                "user": "UFFJ077SL",
                "ts": "1553016506.121800"
            },
            {
                "user": "UFT7XUWJX",
                "ts": "1553016589.122000"
            },
            {
                "user": "UFFJ077SL",
                "ts": "1553016604.122200"
            },
            {
                "user": "UFT7XUWJX",
                "ts": "1553016634.122400"
            },
            {
                "user": "UFFJ077SL",
                "ts": "1553016694.122600"
            },
            {
                "user": "UFT7XUWJX",
                "ts": "1553016699.122800"
            },
            {
                "user": "UFFJ077SL",
                "ts": "1553016708.123000"
            },
            {
                "user": "UFT7XUWJX",
                "ts": "1553016716.123200"
            },
            {
                "user": "UFFJ077SL",
                "ts": "1553016730.123400"
            },
            {
                "user": "UFFJ077SL",
                "ts": "1553016732.123600"
            },
            {
                "user": "UFT7XUWJX",
                "ts": "1553016766.123800"
            },
            {
                "user": "UFFJ077SL",
                "ts": "1553016777.124000"
            },
            {
                "user": "UFT7XUWJX",
                "ts": "1553016781.124200"
            },
            {
                "user": "UFFJ077SL",
                "ts": "1553016785.124400"
            },
            {
                "user": "UFT7XUWJX",
                "ts": "1553016796.124600"
            },
            {
                "user": "UFT7XUWJX",
                "ts": "1553016804.124800"
            },
            {
                "user": "UFT7XUWJX",
                "ts": "1553016915.125100"
            },
            {
                "user": "UFT7XUWJX",
                "ts": "1553016992.125300"
            },
            {
                "user": "UFT7XUWJX",
                "ts": "1553017017.125500"
            },
            {
                "user": "UFFJ077SL",
                "ts": "1553017226.125700"
            },
            {
                "user": "UFFJ077SL",
                "ts": "1553017228.125900"
            },
            {
                "user": "UFFJ077SL",
                "ts": "1553017240.126100"
            },
            {
                "user": "UFFJ077SL",
                "ts": "1553017250.126300"
            },
            {
                "user": "UFFJ077SL",
                "ts": "1553017284.126500"
            },
            {
                "user": "UFFJ077SL",
                "ts": "1553017356.126700"
            },
            {
                "user": "UFT7XUWJX",
                "ts": "1553017356.126800"
            },
            {
                "user": "UFFJ077SL",
                "ts": "1553017358.127100"
            },
            {
                "user": "UFFJ077SL",
                "ts": "1553017363.127300"
            },
            {
                "user": "UFT7XUWJX",
                "ts": "1553017455.127500"
            },
            {
                "user": "UEUTPR8KW",
                "ts": "1553017524.127700"
            },
            {
                "user": "UFT7XUWJX",
                "ts": "1553017615.127900"
            },
            {
                "user": "UFT7XUWJX",
                "ts": "1553017651.128100"
            },
            {
                "user": "UEUTPR8KW",
                "ts": "1553017885.128300"
            },
            {
                "user": "UFKNK1SBG",
                "ts": "1553017932.128600"
            },
            {
                "user": "UFT7XUWJX",
                "ts": "1553017954.128800"
            },
            {
                "user": "UEUTPR8KW",
                "ts": "1553018077.129000"
            },
            {
                "user": "UFT7XUWJX",
                "ts": "1553018130.129200"
            },
            {
                "user": "UFT7XUWJX",
                "ts": "1553018280.129400"
            },
            {
                "user": "UFT7XUWJX",
                "ts": "1553018348.129600"
            },
            {
                "user": "UFKNK1SBG",
                "ts": "1553018665.129800"
            },
            {
                "user": "UFLKE29QW",
                "ts": "1553028862.131000"
            },
            {
                "user": "UFT7XUWJX",
                "ts": "1553057303.131600"
            },
            {
                "user": "UFT7XUWJX",
                "ts": "1553057404.131800"
            },
            {
                "user": "UEY47RCQZ",
                "ts": "1553064685.132200"
            },
            {
                "user": "UE1ULNT9V",
                "ts": "1553076203.133300"
            },
            {
                "user": "UFKNK1SBG",
                "ts": "1553088322.135100"
            },
            {
                "user": "UFZT3QMU6",
                "ts": "1553115776.137100"
            },
            {
                "user": "UFZT3QMU6",
                "ts": "1553116074.137300"
            }
        ]
    },
    {
        "type": "message",
        "text": "Всмысле не юзать? Единственное место где я нашел WebAppCont - это сервлеты, которые вообще не учавствуют в этом тестировании, и мы их потом удалим, в контроллерах вообще никаких бинов контекста не создается там просто сервис, и все. Целиком ошибка выглядит так, может это внесет больше ясности",
        "files": [
            {
                "id": "FH4S063AB",
                "mode": "tombstone"
            }
        ],
        "upload": true,
        "user": "UFP7PTM99",
        "display_as_bot": null,
        "ts": "1553015420.114400",
        "edited": {
            "user": "UFP7PTM99",
            "ts": "1553015451.000000"
        },
        "thread_ts": "1553014077.112800",
        "parent_user_id": "UFP7PTM99"
    },
    {
        "client_msg_id": "a41b7135-581d-4964-92ce-3765ec1f6881",
        "type": "message",
        "text": "Давай. У меня тоже 2 дня из стены только ноги торчат )",
        "user": "UFT7XUWJX",
        "ts": "1553015451.114900",
        "thread_ts": "1553015324.114300",
        "parent_user_id": "UFKNK1SBG"
    },
    {
        "client_msg_id": "89bfbfcb-7176-4042-8ff9-ed232ad2c3f9",
        "type": "message",
        "text": "Я воспользовался советом из пункта 1.3.2 и сделал абстрактный класс AbstractMealController. В него перенес весь код из MealRestController. Потом от этого абстрактного класса унаследовал MealRestController и JspMealController. В JspMealController перенес всю функциональность из MealServlet и реализовал по аналогии, ну т.е. вместо request.setAttribute в сервлете – model.addAttribute, вместо вызова методов mealController в сервлете – вызов методов супер-класса, ну и т.д. Ну в общем вот так оно у меня сейчас выглядит:\n```@Controller\n@RequestMapping(\"\/meals\")\npublic class JspMealController extends AbstractMealController {\n    @GetMapping\n    public String meals(Model model) {\n        model.addAttribute(\"meals\", super.getAll());\n        return \"meals\";\n    }\n    @GetMapping(\"\/create\")\n    public String create(Model model) {\n        Meal meal = new Meal(LocalDateTime.now().truncatedTo(ChronoUnit.MINUTES), \"\", 1000);\n        model.addAttribute(\"meal\", meal);\n        return \"mealForm\";\n    }\n    \/\/ + other methods\n}```\n\nПри вызове метода meals все нормально. А вот с остальными методами, у которых в GetMapping установлено какое-то значение (\/create, \/delete, \/update и т.д.) уже проблемы. Вот, например, что выводит в лог при вызове метода create:\n```20:06:23.219 DEBUG org.springframework.core.log.LogFormatUtils.traceDebug:90 - GET \"\/topjava\/meals\/create\", parameters={}\n20:06:23.220 DEBUG o.s.web.servlet.handler.AbstractHandlerMapping.getHandler:420 - Mapped to public java.lang.String ru.javawebinar.topjava.web.meal.JspMealController.create(org.springframework.ui.Model)\n20:06:23.242 DEBUG org.springframework.web.servlet.view.AbstractView.render:309 - View name 'mealForm', model {meal=Meal{id=null, dateTime=2019-03-19T20:06, description='', calories=1000}, org.springframework.validation.BindingResult.meal=org.springframework.validation.BeanPropertyBindingResult: 0 errors}\n20:06:23.242 DEBUG o.s.web.servlet.view.InternalResourceView.renderMergedOutputModel:168 - Forwarding to [\/WEB-INF\/jsp\/mealForm.jsp]\n20:06:23.470 DEBUG org.springframework.web.servlet.FrameworkServlet.logResult:1130 - Completed 200 OK\n20:06:23.526 DEBUG org.springframework.core.log.LogFormatUtils.traceDebug:90 - GET \"\/topjava\/meals\/resources\/css\/style.css\", parameters={}\n20:06:23.533 WARN  org.springframework.web.servlet.DispatcherServlet.noHandlerFound:1248 - No mapping for GET \/topjava\/meals\/resources\/css\/style.css\n20:06:23.534 DEBUG org.springframework.web.servlet.FrameworkServlet.logResult:1130 - Completed 404 NOT_FOUND```\n\nСтраница mealForm выводится, но без css стиля. Дальше, если после этого, например, перейти по ссылке \"Подсчет калорий\" то оно еще одно \/meals в адрес добавляет:\n```<http:\/\/localhost:8080\/topjava\/meals\/meals>```\nИ вот что в лог пишет:\n```20:13:39.035 DEBUG org.springframework.core.log.LogFormatUtils.traceDebug:90 - GET \"\/topjava\/meals\/meals\", parameters={}\n20:13:39.036 WARN  org.springframework.web.servlet.DispatcherServlet.noHandlerFound:1248 - No mapping for GET \/topjava\/meals\/meals\n20:13:39.036 DEBUG org.springframework.web.servlet.FrameworkServlet.logResult:1130 - Completed 404 NOT_FOUND```\n\nВ общем я и так и сяк пытался, убирал маппинг с класса, ставил, убирал слеши, параметры пробовал брать через HttpServletRequest, через @PathVariable, через @RequestParam. Ничего лучше не получилось, все какая-то ерунда.\n\nПосле патчей менял только тесты, meal контроллеры и jsp страницы, ну и в app.properties добавил остальное. Больше ничего не менял нигде.",
        "user": "UFKNK1SBG",
        "ts": "1553015472.115200",
        "edited": {
            "user": "UFKNK1SBG",
            "ts": "1553020731.000000"
        },
        "thread_ts": "1553015324.114300",
        "parent_user_id": "UFKNK1SBG"
    },
    {
        "type": "message",
        "text": "",
        "files": [
            {
                "id": "FH3LJ51S7",
                "created": 1553015493,
                "timestamp": 1553015493,
                "name": "image.png",
                "title": "Pasted image at 2019-03-19, 7:11 PM",
                "mimetype": "image\/png",
                "filetype": "png",
                "pretty_type": "PNG",
                "user": "UFP7PTM99",
                "editable": false,
                "size": 101998,
                "mode": "hosted",
                "is_external": false,
                "external_type": "",
                "is_public": true,
                "public_url_shared": false,
                "display_as_bot": false,
                "username": "",
                "url_private": "https:\/\/files.slack.com\/files-pri\/TE09AK9BK-FH3LJ51S7\/image.png?t=xoxe-476316655393-618179035285-606757826531-bd1c7b831233e0d053294a8f47715ef5",
                "url_private_download": "https:\/\/files.slack.com\/files-pri\/TE09AK9BK-FH3LJ51S7\/download\/image.png?t=xoxe-476316655393-618179035285-606757826531-bd1c7b831233e0d053294a8f47715ef5",
                "thumb_64": "https:\/\/files.slack.com\/files-tmb\/TE09AK9BK-FH3LJ51S7-a0999f3872\/image_64.png?t=xoxe-476316655393-618179035285-606757826531-bd1c7b831233e0d053294a8f47715ef5",
                "thumb_80": "https:\/\/files.slack.com\/files-tmb\/TE09AK9BK-FH3LJ51S7-a0999f3872\/image_80.png?t=xoxe-476316655393-618179035285-606757826531-bd1c7b831233e0d053294a8f47715ef5",
                "thumb_360": "https:\/\/files.slack.com\/files-tmb\/TE09AK9BK-FH3LJ51S7-a0999f3872\/image_360.png?t=xoxe-476316655393-618179035285-606757826531-bd1c7b831233e0d053294a8f47715ef5",
                "thumb_360_w": 360,
                "thumb_360_h": 71,
                "thumb_480": "https:\/\/files.slack.com\/files-tmb\/TE09AK9BK-FH3LJ51S7-a0999f3872\/image_480.png?t=xoxe-476316655393-618179035285-606757826531-bd1c7b831233e0d053294a8f47715ef5",
                "thumb_480_w": 480,
                "thumb_480_h": 95,
                "thumb_160": "https:\/\/files.slack.com\/files-tmb\/TE09AK9BK-FH3LJ51S7-a0999f3872\/image_160.png?t=xoxe-476316655393-618179035285-606757826531-bd1c7b831233e0d053294a8f47715ef5",
                "thumb_720": "https:\/\/files.slack.com\/files-tmb\/TE09AK9BK-FH3LJ51S7-a0999f3872\/image_720.png?t=xoxe-476316655393-618179035285-606757826531-bd1c7b831233e0d053294a8f47715ef5",
                "thumb_720_w": 720,
                "thumb_720_h": 142,
                "thumb_800": "https:\/\/files.slack.com\/files-tmb\/TE09AK9BK-FH3LJ51S7-a0999f3872\/image_800.png?t=xoxe-476316655393-618179035285-606757826531-bd1c7b831233e0d053294a8f47715ef5",
                "thumb_800_w": 800,
                "thumb_800_h": 158,
                "thumb_960": "https:\/\/files.slack.com\/files-tmb\/TE09AK9BK-FH3LJ51S7-a0999f3872\/image_960.png?t=xoxe-476316655393-618179035285-606757826531-bd1c7b831233e0d053294a8f47715ef5",
                "thumb_960_w": 960,
                "thumb_960_h": 189,
                "thumb_1024": "https:\/\/files.slack.com\/files-tmb\/TE09AK9BK-FH3LJ51S7-a0999f3872\/image_1024.png?t=xoxe-476316655393-618179035285-606757826531-bd1c7b831233e0d053294a8f47715ef5",
                "thumb_1024_w": 1024,
                "thumb_1024_h": 202,
                "image_exif_rotation": 1,
                "original_w": 1574,
                "original_h": 310,
                "permalink": "https:\/\/topjava16.slack.com\/files\/UFP7PTM99\/FH3LJ51S7\/image.png",
                "permalink_public": "https:\/\/slack-files.com\/TE09AK9BK-FH3LJ51S7-311625d52a",
                "has_rich_preview": false
            }
        ],
        "upload": true,
        "user": "UFP7PTM99",
        "display_as_bot": false,
        "ts": "1553015515.115400",
        "thread_ts": "1553014077.112800",
        "parent_user_id": "UFP7PTM99"
    },
    {
        "client_msg_id": "ffd1b700-01f0-4135-a2f9-10a43fe82ecb",
        "type": "message",
        "text": "У меня  appCtx = new ClassPathXmlApplicationContext(\"spring\/spring-app.xml\", \"spring\/inmemory.xml\"); в InMemoryAdminRestControllerTest",
        "user": "UFT7XUWJX",
        "ts": "1553015697.116000",
        "thread_ts": "1553014077.112800",
        "parent_user_id": "UFP7PTM99"
    },
    {
        "client_msg_id": "608b138d-7f12-4b7e-8c80-3c46de16c84d",
        "type": "message",
        "text": "что за колбаса",
        "user": "UFFJ077SL",
        "ts": "1553015753.116200",
        "thread_ts": "1553015324.114300",
        "parent_user_id": "UFKNK1SBG"
    },
    {
        "client_msg_id": "a7be29b6-388c-41d9-83c8-d7713957139f",
        "type": "message",
        "text": "Если поставить web, то он начинает требовать ресурс",
        "user": "UFT7XUWJX",
        "ts": "1553015754.116400",
        "thread_ts": "1553014077.112800",
        "parent_user_id": "UFP7PTM99"
    },
    {
        "client_msg_id": "e60e8b86-9f33-431b-8779-dbe616098bbc",
        "type": "message",
        "text": "сделай метод",
        "user": "UFFJ077SL",
        "ts": "1553015765.116600",
        "thread_ts": "1553015324.114300",
        "parent_user_id": "UFKNK1SBG"
    },
    {
        "client_msg_id": "0fc6ef52-a976-4dd3-985d-2be115f1ce81",
        "type": "message",
        "text": "@GetMapping(“\/delete”)\n    public String delete(@RequestParam int id)",
        "user": "UFFJ077SL",
        "ts": "1553015766.116800",
        "thread_ts": "1553015324.114300",
        "parent_user_id": "UFKNK1SBG"
    },
    {
        "client_msg_id": "5c7efe97-d42b-4fa3-b0ab-a552f0c79a28",
        "type": "message",
        "text": "вот так в jsp",
        "user": "UFFJ077SL",
        "ts": "1553015784.117000",
        "thread_ts": "1553015324.114300",
        "parent_user_id": "UFKNK1SBG"
    },
    {
        "client_msg_id": "dce330bb-3e19-4639-89f1-3b0d43d82303",
        "type": "message",
        "text": "&lt;td&gt;&lt;a href=“delete?&amp;id=${meal.id}“&gt;Delete&lt;\/a&gt;&lt;\/td&gt;",
        "user": "UFFJ077SL",
        "ts": "1553015785.117200",
        "edited": {
            "user": "UFFJ077SL",
            "ts": "1553015816.000000"
        },
        "thread_ts": "1553015324.114300",
        "parent_user_id": "UFKNK1SBG"
    },
    {
        "client_msg_id": "7ecab966-2557-4780-8632-0cb9376719c1",
        "type": "message",
        "text": "и будет тебе счастье )",
        "user": "UFFJ077SL",
        "ts": "1553015789.117400",
        "thread_ts": "1553015324.114300",
        "parent_user_id": "UFKNK1SBG"
    },
    {
        "client_msg_id": "6c0548dc-ce2a-42e2-a4f0-1a099c8f27b1",
        "type": "message",
        "text": "ну точнее",
        "user": "UFFJ077SL",
        "ts": "1553015795.117600",
        "thread_ts": "1553015324.114300",
        "parent_user_id": "UFKNK1SBG"
    },
    {
        "client_msg_id": "8366fc48-1c63-4ea8-8184-366ea09fdca9",
        "type": "message",
        "text": "либо второй вариант",
        "user": "UFFJ077SL",
        "ts": "1553015838.118300",
        "thread_ts": "1553015324.114300",
        "parent_user_id": "UFKNK1SBG"
    },
    {
        "client_msg_id": "9f0e0bfa-abfe-4b98-86d7-547567bff038",
        "type": "message",
        "text": "У меня все так же, не менял ничего после накатки патчей, но как-только пытаюсь тестам дать знать где находятся тестируемые бины(контроллеры) - получаю ошибку выше, и не понимаю где я должен изменить контекст.",
        "user": "UFP7PTM99",
        "ts": "1553015911.118800",
        "edited": {
            "user": "UFP7PTM99",
            "ts": "1553015927.000000"
        },
        "thread_ts": "1553014077.112800",
        "parent_user_id": "UFP7PTM99"
    },
    {
        "client_msg_id": "f379d272-a2e4-4864-afee-026317d47ed0",
        "type": "message",
        "text": "вот второй вариант",
        "user": "UFFJ077SL",
        "ts": "1553016013.119400",
        "thread_ts": "1553015324.114300",
        "parent_user_id": "UFKNK1SBG"
    },
    {
        "client_msg_id": "130bcfbb-afb0-497a-acaf-1867a93c2ded",
        "type": "message",
        "text": "&lt;td&gt;&lt;a href=“update\/${meal.id}“&gt;Update&lt;\/a&gt;&lt;\/td&gt;",
        "user": "UFFJ077SL",
        "ts": "1553016024.119600",
        "thread_ts": "1553015324.114300",
        "parent_user_id": "UFKNK1SBG"
    },
    {
        "client_msg_id": "903c0143-736e-4534-a7f5-43b6042a15a5",
        "type": "message",
        "text": "в jsp",
        "user": "UFFJ077SL",
        "ts": "1553016027.119800",
        "thread_ts": "1553015324.114300",
        "parent_user_id": "UFKNK1SBG"
    },
    {
        "client_msg_id": "673f0ddc-8af2-4440-b1da-89006d014aa8",
        "type": "message",
        "text": "в контроллере ловишь\n    @GetMapping(“\/update\/{id}“)\n    public String update(@PathVariable int id)",
        "user": "UFFJ077SL",
        "ts": "1553016044.120000",
        "thread_ts": "1553015324.114300",
        "parent_user_id": "UFKNK1SBG"
    },
    {
        "client_msg_id": "bd36d1d9-a85b-456a-b11d-6e5d96a9f2a8",
        "type": "message",
        "text": "Пробовал импортить &lt;import resource=\"spring-mvc.xml\"\/&gt; в inmemory,\nпрописывать     &lt;context:component-scan base-package=\"ru.javawebinar.**.web\"\/&gt; в inmemory и добавлять вот так в сам тест:\n@ContextConfiguration({\"classpath:spring\/spring-app.xml\", \"classpath:spring\/inmemory.xml\",\"classpath:spring\/spring-mvc.xml\"})\n\nкаждый раз, когда тест узнает где взять контроллер, он начинает кричать на меня, что контекст у меня не такой, а где он ни такой я не понимаю",
        "user": "UFP7PTM99",
        "ts": "1553016073.120200",
        "thread_ts": "1553014077.112800",
        "parent_user_id": "UFP7PTM99"
    },
    {
        "client_msg_id": "022b294a-7f4c-4a2c-9a36-1f8916e7b859",
        "type": "message",
        "text": "айди передается и там и там, корректно, может кто подскажет, какой из этих вариантов предпочтительнее",
        "user": "UFFJ077SL",
        "ts": "1553016105.120400",
        "thread_ts": "1553015324.114300",
        "parent_user_id": "UFKNK1SBG"
    },
    {
        "client_msg_id": "8ec85568-1c9d-4ff2-b8d6-eb74dc14d08d",
        "type": "message",
        "text": "посмотрел ВНИМАТЕЛЬНО лог",
        "user": "UFT7XUWJX",
        "ts": "1553016450.120900",
        "thread_ts": "1553014077.112800",
        "parent_user_id": "UFP7PTM99"
    },
    {
        "client_msg_id": "cef647af-6215-499b-907e-3c26ec7c4fe7",
        "type": "message",
        "text": "все что я сделал - добавил в inmemory.xml\n&lt;context:component-scan base-package=\"ru.javawebinar.topjava.**.web\"\/&gt;",
        "user": "UFT7XUWJX",
        "ts": "1553016469.121400",
        "thread_ts": "1553014077.112800",
        "parent_user_id": "UFP7PTM99",
        "reactions": [
            {
                "name": "+1",
                "users": [
                    "UFP7PTM99"
                ],
                "count": 1
            }
        ]
    },
    {
        "client_msg_id": "8186c74a-427f-4a2f-9683-57a3c735893d",
        "type": "message",
        "text": "больше ни чего не трогал!",
        "user": "UFT7XUWJX",
        "ts": "1553016478.121600",
        "thread_ts": "1553014077.112800",
        "parent_user_id": "UFP7PTM99"
    },
    {
        "client_msg_id": "972be494-7380-4b1f-b12d-3fd303c93fb5",
        "type": "message",
        "text": "в документации показан вариант2",
        "user": "UFFJ077SL",
        "ts": "1553016506.121800",
        "thread_ts": "1553015324.114300",
        "parent_user_id": "UFKNK1SBG"
    },
    {
        "client_msg_id": "f003e9c6-8230-44fa-9bdf-78897182f024",
        "type": "message",
        "text": "я в другом месте застрял... для mealForm свой контроллер нужен?",
        "user": "UFT7XUWJX",
        "ts": "1553016589.122000",
        "thread_ts": "1553015324.114300",
        "parent_user_id": "UFKNK1SBG"
    },
    {
        "client_msg_id": "4b400123-fed7-4224-b7b2-1684bde5f29e",
        "type": "message",
        "text": "нет",
        "user": "UFFJ077SL",
        "ts": "1553016604.122200",
        "thread_ts": "1553015324.114300",
        "parent_user_id": "UFKNK1SBG"
    },
    {
        "client_msg_id": "20f69a82-b2d9-4f8c-9dcd-31f4d741ad8f",
        "type": "message",
        "text": "а как ловить? у меня ругается, что не может поймать, хотя проверял по путям - совпадает",
        "user": "UFT7XUWJX",
        "ts": "1553016634.122400",
        "thread_ts": "1553015324.114300",
        "parent_user_id": "UFKNK1SBG"
    },
    {
        "client_msg_id": "321e9ced-8edd-4458-bc48-fd8dd94b75b6",
        "type": "message",
        "text": "я так понимаю нам нужно передать экшн в форме",
        "user": "UFFJ077SL",
        "ts": "1553016694.122600",
        "thread_ts": "1553015324.114300",
        "parent_user_id": "UFKNK1SBG"
    },
    {
        "client_msg_id": "3643300f-8bbd-4474-8129-4c068c8595f1",
        "type": "message",
        "text": "путь получается <http:\/\/localhost:8080\/meals\/save>",
        "user": "UFT7XUWJX",
        "ts": "1553016699.122800",
        "thread_ts": "1553015324.114300",
        "parent_user_id": "UFKNK1SBG"
    },
    {
        "client_msg_id": "27b6cec1-1633-4eeb-95b5-071b9ac46094",
        "type": "message",
        "text": "в зависимости от того создать или обновить, он будет разный",
        "user": "UFFJ077SL",
        "ts": "1553016708.123000",
        "thread_ts": "1553015324.114300",
        "parent_user_id": "UFKNK1SBG"
    },
    {
        "client_msg_id": "584eb4d1-0147-45af-993d-d985dc1f703a",
        "type": "message",
        "text": "а в jsp &lt;form method=\"post\" action=\"\/meals\/save\"&gt;",
        "user": "UFT7XUWJX",
        "ts": "1553016716.123200",
        "thread_ts": "1553015324.114300",
        "parent_user_id": "UFKNK1SBG"
    },
    {
        "client_msg_id": "e2e0f700-fca2-419d-9a38-5822ff2543a2",
        "type": "message",
        "text": "а просто \/save",
        "user": "UFFJ077SL",
        "ts": "1553016730.123400",
        "thread_ts": "1553015324.114300",
        "parent_user_id": "UFKNK1SBG"
    },
    {
        "client_msg_id": "741d52ff-4db5-4e63-ba98-0cc8c4e8ff09",
        "type": "message",
        "text": "если",
        "user": "UFFJ077SL",
        "ts": "1553016732.123600",
        "thread_ts": "1553015324.114300",
        "parent_user_id": "UFKNK1SBG"
    },
    {
        "client_msg_id": "daf0c32a-63cb-43c9-884d-bec55edc83a4",
        "type": "message",
        "text": "тогда путь будет <http:\/\/localhost:8080\/save>",
        "user": "UFT7XUWJX",
        "ts": "1553016766.123800",
        "thread_ts": "1553015324.114300",
        "parent_user_id": "UFKNK1SBG"
    },
    {
        "client_msg_id": "90678c09-39db-4860-a6c9-286097017db6",
        "type": "message",
        "text": "ага",
        "user": "UFFJ077SL",
        "ts": "1553016777.124000",
        "thread_ts": "1553015324.114300",
        "parent_user_id": "UFKNK1SBG"
    },
    {
        "client_msg_id": "72f9848b-5417-4d6f-8b2d-e034d7959665",
        "type": "message",
        "text": "но я то его ловлю в \/meals\/save",
        "user": "UFT7XUWJX",
        "ts": "1553016781.124200",
        "thread_ts": "1553015324.114300",
        "parent_user_id": "UFKNK1SBG"
    },
    {
        "client_msg_id": "d6395c88-8660-4f8d-82ec-23867d696efe",
        "type": "message",
        "text": "по этому пути поймай save",
        "user": "UFFJ077SL",
        "ts": "1553016785.124400",
        "thread_ts": "1553015324.114300",
        "parent_user_id": "UFKNK1SBG"
    },
    {
        "client_msg_id": "a027f1b4-3ccc-4ecf-bdca-75f99b7fdaea",
        "type": "message",
        "text": "если я захочу потом поймать \/user\/save",
        "user": "UFT7XUWJX",
        "ts": "1553016796.124600",
        "thread_ts": "1553015324.114300",
        "parent_user_id": "UFKNK1SBG"
    },
    {
        "client_msg_id": "7a039c91-f4b5-4352-a321-c0676d5a2aae",
        "type": "message",
        "text": "менять пути не вариант",
        "user": "UFT7XUWJX",
        "ts": "1553016804.124800",
        "thread_ts": "1553015324.114300",
        "parent_user_id": "UFKNK1SBG"
    },
    {
        "client_msg_id": "127a53b4-b7f6-4e46-8640-ce584bcb482a",
        "type": "message",
        "text": "как ты ловишь?",
        "user": "UFT7XUWJX",
        "ts": "1553016915.125100",
        "thread_ts": "1553015324.114300",
        "parent_user_id": "UFKNK1SBG"
    },
    {
        "client_msg_id": "0dc35a94-f366-462f-9888-74f85daa19a1",
        "type": "message",
        "text": "The origin server did not find a current representation for the target resource or is not willing to disclose that one exists.",
        "user": "UFT7XUWJX",
        "ts": "1553016992.125300",
        "thread_ts": "1553015324.114300",
        "parent_user_id": "UFKNK1SBG"
    },
    {
        "client_msg_id": "fc879dbc-6c4c-47ef-9899-7bc98f528ec1",
        "type": "message",
        "text": "путь совпадает с маппингом в сервлете.... что ему еще надо?",
        "user": "UFT7XUWJX",
        "ts": "1553017017.125500",
        "thread_ts": "1553015324.114300",
        "parent_user_id": "UFKNK1SBG"
    },
    {
        "client_msg_id": "44b0b99a-dc85-4c7d-89a6-11ec672375e0",
        "type": "message",
        "text": "так",
        "user": "UFFJ077SL",
        "ts": "1553017226.125700",
        "thread_ts": "1553015324.114300",
        "parent_user_id": "UFKNK1SBG"
    },
    {
        "client_msg_id": "5497bb87-f5bd-4a55-9de9-ced3aec6ab00",
        "type": "message",
        "text": "у меня ловится",
        "user": "UFFJ077SL",
        "ts": "1553017228.125900",
        "thread_ts": "1553015324.114300",
        "parent_user_id": "UFKNK1SBG"
    },
    {
        "client_msg_id": "2e3c1024-d4bd-473f-86ef-8cf95a5bfef6",
        "type": "message",
        "text": "@PostMapping(“\/update\/meals”)\n    public String postUpdate()",
        "user": "UFFJ077SL",
        "ts": "1553017240.126100",
        "thread_ts": "1553015324.114300",
        "parent_user_id": "UFKNK1SBG"
    },
    {
        "client_msg_id": "7450b6a8-72b2-4c8f-b2a4-297dc541f41b",
        "type": "message",
        "text": "&lt;form method=“post” action=“meals\/${param.action}“&gt;",
        "user": "UFFJ077SL",
        "ts": "1553017250.126300",
        "thread_ts": "1553015324.114300",
        "parent_user_id": "UFKNK1SBG"
    },
    {
        "client_msg_id": "0b2075b2-ea40-45dd-87d0-1488c9d573e8",
        "type": "message",
        "text": "в браузере <http:\/\/localhost:8080\/topjava\/update\/meals\/>",
        "user": "UFFJ077SL",
        "ts": "1553017284.126500",
        "thread_ts": "1553015324.114300",
        "parent_user_id": "UFKNK1SBG"
    },
    {
        "client_msg_id": "b49bebb2-377f-4009-9b40-402c5a1445bd",
        "type": "message",
        "text": "сделал, что нужно",
        "user": "UFFJ077SL",
        "ts": "1553017356.126700",
        "thread_ts": "1553015324.114300",
        "parent_user_id": "UFKNK1SBG"
    },
    {
        "client_msg_id": "7ca74c17-1652-4b13-a151-5b14d110168e",
        "type": "message",
        "text": "как-то странно...",
        "user": "UFT7XUWJX",
        "ts": "1553017356.126800",
        "thread_ts": "1553015324.114300",
        "parent_user_id": "UFKNK1SBG"
    },
    {
        "client_msg_id": "b4932ffb-cb4f-4328-aa88-41c937526b58",
        "type": "message",
        "text": "и потом         return “redirect:\/meals”;",
        "user": "UFFJ077SL",
        "ts": "1553017358.127100",
        "thread_ts": "1553015324.114300",
        "parent_user_id": "UFKNK1SBG"
    },
    {
        "client_msg_id": "7764bfe4-a2f9-4be4-8dc1-6c616bc674b5",
        "type": "message",
        "text": "и все работает",
        "user": "UFFJ077SL",
        "ts": "1553017363.127300",
        "thread_ts": "1553015324.114300",
        "parent_user_id": "UFKNK1SBG"
    },
    {
        "client_msg_id": "df06d5b5-0dd1-4f0d-89d5-d3d463add1c6",
        "type": "message",
        "text": "а как ты в методе собираешь данные из формы?",
        "user": "UFT7XUWJX",
        "ts": "1553017455.127500",
        "thread_ts": "1553015324.114300",
        "parent_user_id": "UFKNK1SBG"
    },
    {
        "client_msg_id": "d61302e3-9137-4b76-a79e-32e60b3b6537",
        "type": "message",
        "text": "в mealForm.jsp в форме можно сделать так ```&lt;form method=\"post\" action=\"meals\"&gt;```, потом в JspMealController, который у тебя в самом начале ```@RequestMapping(\"\/meals\")``` сделай просто метод ```@PostMapping  public String someMethod(HttpServletRequest request) { здесь создаешь еду ; return \"redirect:\/meals\";}```",
        "user": "UEUTPR8KW",
        "ts": "1553017524.127700",
        "thread_ts": "1553015324.114300",
        "parent_user_id": "UFKNK1SBG"
    },
    {
        "client_msg_id": "fbcf58aa-84bd-4396-9240-507d2ab59aaa",
        "type": "message",
        "text": "Супер. Тут все понятно. Непонятно только почему с методом не маппится",
        "user": "UFT7XUWJX",
        "ts": "1553017615.127900",
        "thread_ts": "1553015324.114300",
        "parent_user_id": "UFKNK1SBG"
    },
    {
        "client_msg_id": "4426ead3-1495-4df2-81ab-9cab200661c8",
        "type": "message",
        "text": "Может нужно использовать стандартные ключи: update, create... а у меня save",
        "user": "UFT7XUWJX",
        "ts": "1553017651.128100",
        "thread_ts": "1553015324.114300",
        "parent_user_id": "UFKNK1SBG"
    },
    {
        "client_msg_id": "1e37f6e1-a9e7-4551-b11b-3bfdb2e7b6e3",
        "type": "message",
        "text": "ну делай ```&lt;form method=\"post\" action=\"meals\/save\"&gt;```только потом в ```@PostMapping(\"\/save\")``` в JspMealController",
        "user": "UEUTPR8KW",
        "ts": "1553017885.128300",
        "edited": {
            "user": "UEUTPR8KW",
            "ts": "1553017896.000000"
        },
        "thread_ts": "1553015324.114300",
        "parent_user_id": "UFKNK1SBG"
    },
    {
        "client_msg_id": "f2215f0f-3cdc-4d15-89fd-281f5562e953",
        "type": "message",
        "text": "У меня например если над классом стоит ```@RequestMapping(\"\/meals\")```\nто по адресу <http:\/\/localhost:8080\/topjava\/meals\/create>\nвыводит форму добавления, но без css стиля.\n\nЕсли @RequestMapping(\"\/meals\") с класса убрать, то\n\nЕсли в методе create\n```@GetMapping(\"\/create\")```\nпо адресу <http:\/\/localhost:8080\/topjava\/create> выводит страницу как положено, со стилем\nЕсли сделать\n```@GetMapping(\"\/meals\/create\")```\nто по адресу <http:\/\/localhost:8080\/topjava\/meals\/create>\nуже опять WARN и выводит страницу без стиля\n\nКак это работает??",
        "user": "UFKNK1SBG",
        "ts": "1553017932.128600",
        "thread_ts": "1553015324.114300",
        "parent_user_id": "UFKNK1SBG"
    },
    {
        "client_msg_id": "cb4f58af-f226-45ce-9006-a08fe35c54b4",
        "type": "message",
        "text": "<@UEUTPR8KW> и не работает",
        "user": "UFT7XUWJX",
        "ts": "1553017954.128800",
        "thread_ts": "1553015324.114300",
        "parent_user_id": "UFKNK1SBG"
    },
    {
        "client_msg_id": "53eca6a5-4341-4413-b344-9250642136d3",
        "type": "message",
        "text": "попробуй в форме ```action=\"${pageContext.request.contextPath}\/meals\/save\"```",
        "user": "UEUTPR8KW",
        "ts": "1553018077.129000",
        "thread_ts": "1553015324.114300",
        "parent_user_id": "UFKNK1SBG"
    },
    {
        "client_msg_id": "4a9a636e-6111-49cb-9ff6-3c1c94a41c37",
        "type": "message",
        "text": "сейчас",
        "user": "UFT7XUWJX",
        "ts": "1553018130.129200",
        "thread_ts": "1553015324.114300",
        "parent_user_id": "UFKNK1SBG"
    },
    {
        "client_msg_id": "aed0c069-69f8-4f68-9ec3-a778a0160f7f",
        "type": "message",
        "text": "а так работает...",
        "user": "UFT7XUWJX",
        "ts": "1553018280.129400",
        "thread_ts": "1553015324.114300",
        "parent_user_id": "UFKNK1SBG"
    },
    {
        "client_msg_id": "adf19205-ed32-4f7f-a200-56ae943b6dbf",
        "type": "message",
        "text": "интересно почему не работает без полного пути...",
        "user": "UFT7XUWJX",
        "ts": "1553018348.129600",
        "thread_ts": "1553015324.114300",
        "parent_user_id": "UFKNK1SBG"
    },
    {
        "client_msg_id": "aeeba6a2-5bd4-4b84-99a5-5d65038beae5",
        "type": "message",
        "text": "Я тут подумал, а может моя проблема (которую я вверху описал, до того, как вы мне тут все зафлудили:slightly_smiling_face:) быть связана с кэшем, может я там где-то накосячил. Просто вижу в логах мне при запуске приложения еще вот такое предупреждение выдает:\n\n```21:02:43.398 WARN  o.h.cache.jcache.internal.JCacheRegionFactory.createCache:108 - HHH90001006: Missing cache[ru.javawebinar.topjava.model.User.roles] was created on-the-fly. The created cache will use a provider-specific default configuration: make sure you defined one. You can disable this warning by setting 'hibernate.javax.cache.missing_cache_strategy' to 'create'.\n21:02:43.413 INFO  org.ehcache.core.EhcacheManager.createCache:307 - Cache 'ru.javawebinar.topjava.model.User.roles' created in EhcacheManager.\n21:02:43.421 WARN  o.h.cache.jcache.internal.JCacheRegionFactory.createCache:108 - HHH90001006: Missing cache[ru.javawebinar.topjava.model.User] was created on-the-fly. The created cache will use a provider-specific default configuration: make sure you defined one. You can disable this warning by setting 'hibernate.javax.cache.missing_cache_strategy' to 'create'.```",
        "user": "UFKNK1SBG",
        "ts": "1553018665.129800",
        "thread_ts": "1553015324.114300",
        "parent_user_id": "UFKNK1SBG"
    },
    {
        "client_msg_id": "3927d0c9-2f8c-42c3-942a-928948ffe03f",
        "type": "message",
        "text": "Откатил все возможные изменения, сделал как ты написал - помогло.",
        "user": "UFP7PTM99",
        "ts": "1553023758.130300",
        "thread_ts": "1553014077.112800",
        "parent_user_id": "UFP7PTM99"
    },
    {
        "client_msg_id": "30c0b67a-4286-4a9c-9901-dbbad4662f66",
        "type": "message",
        "text": ":+1:",
        "user": "UFT7XUWJX",
        "ts": "1553024858.130600",
        "thread_ts": "1553014077.112800",
        "parent_user_id": "UFP7PTM99"
    },
    {
        "client_msg_id": "206c0f51-ba65-422f-8323-7b3e3e12cde4",
        "type": "message",
        "text": "Эти Warn не мешают сборке и работе проекта. Я их убрал добавив в spring-db.xml строку &lt;entry key=\"#{T(org.hibernate.cache.jcache.ConfigSettings).MISSING_CACHE_STRATEGY}\" value=\"create\"\/&gt; в мапу jpaPropertyMap",
        "user": "UFLKE29QW",
        "ts": "1553028862.131000",
        "thread_ts": "1553015324.114300",
        "parent_user_id": "UFKNK1SBG"
    },
    {
        "client_msg_id": "a626aa04-e59c-464f-abd8-d5f280b49885",
        "type": "message",
        "text": "<@UFKNK1SBG> у меня такая же проблема была.",
        "user": "UFT7XUWJX",
        "ts": "1553057303.131600",
        "thread_ts": "1553015324.114300",
        "parent_user_id": "UFKNK1SBG"
    },
    {
        "client_msg_id": "6c866644-ae8e-4a2c-a12b-fe405ac85df0",
        "type": "message",
        "text": "Заменил во всех jsp ссылки. Добавил явно. ....=\"${pageContext.request.contextPath}\/meals\/save\" и т.д",
        "user": "UFT7XUWJX",
        "ts": "1553057404.131800",
        "thread_ts": "1553015324.114300",
        "parent_user_id": "UFKNK1SBG"
    },
    {
        "client_msg_id": "dcc33bd2-b2ee-4574-937e-9785ef93e699",
        "type": "message",
        "text": "<@UFT7XUWJX> зачем во всех jsp? Была же ссылка в уроке(подсказка 3): <https:\/\/stackoverflow.com\/questions\/4764405\/how-to-use-relative-paths-without-including-the-context-root-name>",
        "user": "UEY47RCQZ",
        "ts": "1553064685.132200",
        "edited": {
            "user": "UEY47RCQZ",
            "ts": "1553064701.000000"
        },
        "thread_ts": "1553015324.114300",
        "parent_user_id": "UFKNK1SBG",
        "reactions": [
            {
                "name": "heavy_check_mark",
                "users": [
                    "UE1ULNT9V",
                    "UFKNK1SBG"
                ],
                "count": 2
            }
        ]
    }
]