[
    {
        "client_msg_id": "b23c53fd-1b72-465b-9f2e-9ec7e7b05120",
        "type": "message",
        "text": "1. да, так. только кэшируются по разному: в хибернайте все юзеры по id, в приложение- весь список\n&gt; Почему мы не используем @Cacheable(“users”) для getByEmail, get, getWithMeals?\nкэшируются обычно запросы\n1 часто выполняемые\n2 редко изменяемые\nпредполагается, что еда у нас часто изменяется, юзеры - редко",
        "user": "UE1ULNT9V",
        "ts": "1553075527.132700",
        "thread_ts": "1553013832.110600",
        "parent_user_id": "UFFJ077SL"
    },
    {
        "client_msg_id": "3d838632-d1fe-41a4-b50d-863444109be2",
        "type": "message",
        "text": "3. под видео есть ссылки- мигрировали на 3.0\nдо 3.0 был ehCacheCacheManager, а на 3.0+ уже используется JCacheCacheManager",
        "user": "UE1ULNT9V",
        "ts": "1553075709.132900",
        "edited": {
            "user": "UE1ULNT9V",
            "ts": "1553075715.000000"
        },
        "thread_ts": "1553013832.110600",
        "parent_user_id": "UFFJ077SL"
    },
    {
        "client_msg_id": "e5cb9441-4d35-425c-9558-905a9e010851",
        "type": "message",
        "text": "проблемы с путями видны в браузере во вкладке Network\nесли \/ - то путь абсолютный считается\nвнимательнее в уроке смотрите ссылки про пути\nпо поводу warn кэша- почитайте и поймите, о чем это",
        "user": "UE1ULNT9V",
        "ts": "1553076203.133300",
        "edited": {
            "user": "UE1ULNT9V",
            "ts": "1553076223.000000"
        },
        "thread_ts": "1553015324.114300",
        "parent_user_id": "UFKNK1SBG",
        "reactions": [
            {
                "name": "heavy_check_mark",
                "users": [
                    "UFKNK1SBG"
                ],
                "count": 1
            }
        ]
    },
    {
        "type": "message",
        "text": "",
        "files": [
            {
                "id": "FH619NPL6",
                "created": 1553077921,
                "timestamp": 1553077921,
                "name": "image.png",
                "title": "Pasted image at 2019-03-20, 1:32 PM",
                "mimetype": "image\/png",
                "filetype": "png",
                "pretty_type": "PNG",
                "user": "UFE740823",
                "editable": false,
                "size": 788645,
                "mode": "hosted",
                "is_external": false,
                "external_type": "",
                "is_public": true,
                "public_url_shared": false,
                "display_as_bot": false,
                "username": "",
                "url_private": "https:\/\/files.slack.com\/files-pri\/TE09AK9BK-FH619NPL6\/image.png?t=xoxe-476316655393-618179035285-606757826531-bd1c7b831233e0d053294a8f47715ef5",
                "url_private_download": "https:\/\/files.slack.com\/files-pri\/TE09AK9BK-FH619NPL6\/download\/image.png?t=xoxe-476316655393-618179035285-606757826531-bd1c7b831233e0d053294a8f47715ef5",
                "thumb_64": "https:\/\/files.slack.com\/files-tmb\/TE09AK9BK-FH619NPL6-6caf90d05a\/image_64.png?t=xoxe-476316655393-618179035285-606757826531-bd1c7b831233e0d053294a8f47715ef5",
                "thumb_80": "https:\/\/files.slack.com\/files-tmb\/TE09AK9BK-FH619NPL6-6caf90d05a\/image_80.png?t=xoxe-476316655393-618179035285-606757826531-bd1c7b831233e0d053294a8f47715ef5",
                "thumb_360": "https:\/\/files.slack.com\/files-tmb\/TE09AK9BK-FH619NPL6-6caf90d05a\/image_360.png?t=xoxe-476316655393-618179035285-606757826531-bd1c7b831233e0d053294a8f47715ef5",
                "thumb_360_w": 351,
                "thumb_360_h": 360,
                "thumb_480": "https:\/\/files.slack.com\/files-tmb\/TE09AK9BK-FH619NPL6-6caf90d05a\/image_480.png?t=xoxe-476316655393-618179035285-606757826531-bd1c7b831233e0d053294a8f47715ef5",
                "thumb_480_w": 468,
                "thumb_480_h": 480,
                "thumb_160": "https:\/\/files.slack.com\/files-tmb\/TE09AK9BK-FH619NPL6-6caf90d05a\/image_160.png?t=xoxe-476316655393-618179035285-606757826531-bd1c7b831233e0d053294a8f47715ef5",
                "thumb_720": "https:\/\/files.slack.com\/files-tmb\/TE09AK9BK-FH619NPL6-6caf90d05a\/image_720.png?t=xoxe-476316655393-618179035285-606757826531-bd1c7b831233e0d053294a8f47715ef5",
                "thumb_720_w": 703,
                "thumb_720_h": 720,
                "thumb_800": "https:\/\/files.slack.com\/files-tmb\/TE09AK9BK-FH619NPL6-6caf90d05a\/image_800.png?t=xoxe-476316655393-618179035285-606757826531-bd1c7b831233e0d053294a8f47715ef5",
                "thumb_800_w": 800,
                "thumb_800_h": 820,
                "thumb_960": "https:\/\/files.slack.com\/files-tmb\/TE09AK9BK-FH619NPL6-6caf90d05a\/image_960.png?t=xoxe-476316655393-618179035285-606757826531-bd1c7b831233e0d053294a8f47715ef5",
                "thumb_960_w": 937,
                "thumb_960_h": 960,
                "thumb_1024": "https:\/\/files.slack.com\/files-tmb\/TE09AK9BK-FH619NPL6-6caf90d05a\/image_1024.png?t=xoxe-476316655393-618179035285-606757826531-bd1c7b831233e0d053294a8f47715ef5",
                "thumb_1024_w": 999,
                "thumb_1024_h": 1024,
                "image_exif_rotation": 1,
                "original_w": 1249,
                "original_h": 1280,
                "permalink": "https:\/\/topjava16.slack.com\/files\/UFE740823\/FH619NPL6\/image.png",
                "permalink_public": "https:\/\/slack-files.com\/TE09AK9BK-FH619NPL6-d96bec004b",
                "has_rich_preview": false
            }
        ],
        "upload": true,
        "user": "UFE740823",
        "display_as_bot": false,
        "ts": "1553077926.133600"
    },
    {
        "client_msg_id": "d19d314e-dcbe-4345-adae-92e4c94245d5",
        "type": "message",
        "text": "ага. а в группе <https:\/\/vk.com\/javawebinar> целая статья к картинке",
        "user": "UE1ULNT9V",
        "ts": "1553078166.134700",
        "reactions": [
            {
                "name": "slightly_smiling_face",
                "users": [
                    "UFE740823"
                ],
                "count": 1
            }
        ]
    },
    {
        "client_msg_id": "50fe4eca-af06-4fbb-a0dd-c0389fac90f8",
        "type": "message",
        "text": "Да уж, 2 дня адских мучений и полнейшего непонимания, что вообще происходит, а нужно то было всего то на всего добавить одну единственную строчку в headTag. Ну когда ж я уже научусь полностью вникать в то, что написано в подсказках :sweat_smile:",
        "user": "UFKNK1SBG",
        "ts": "1553088322.135100",
        "thread_ts": "1553015324.114300",
        "parent_user_id": "UFKNK1SBG"
    },
    {
        "client_msg_id": "5b007dfd-0746-47f4-a101-1e58c2935cfb",
        "type": "message",
        "text": "В смысле? Spring всегда конвертит форму в то, что мне нужно (Entity). Думаю, конвертится в него.",
        "user": "UFZT3QMU6",
        "ts": "1553113147.136300",
        "thread_ts": "1552848218.059600",
        "parent_user_id": "UFZT3QMU6"
    },
    {
        "client_msg_id": "e290c8e2-74d1-4f17-b610-482c21acb925",
        "type": "message",
        "text": "Либо я настолько привык к RESTу, что по-другому и не знаю как делать.",
        "user": "UFZT3QMU6",
        "ts": "1553113208.136500",
        "thread_ts": "1552848218.059600",
        "parent_user_id": "UFZT3QMU6"
    },
    {
        "client_msg_id": "d0716de7-9d22-4106-9514-12d242a4e5fa",
        "type": "message",
        "text": "Вообще их порядка 8. Из них 4-6 мы будем использовать регулярно:\nOPTIONS\nGET\nPOST\nPATCH\nPUT\nDELETE\nИ они составляют основу REST.",
        "user": "UFZT3QMU6",
        "ts": "1553114263.136700",
        "thread_ts": "1552996971.091400",
        "parent_user_id": "UFHCGQ525"
    },
    {
        "client_msg_id": "b9faee18-2c57-46cf-96fb-3eee2fc79818",
        "type": "message",
        "text": "Но я так понимаю, что в этом задании DELETE, PUT\/PATCH не подходят. Только 2 запроса используем пока. Тогда разруливаем только адресами.",
        "user": "UFZT3QMU6",
        "ts": "1553114375.136900",
        "thread_ts": "1552996971.091400",
        "parent_user_id": "UFHCGQ525"
    },
    {
        "client_msg_id": "ca120623-382b-4249-9169-a883bd0c480a",
        "type": "message",
        "text": "1. Стили сами не подключатся) Я так понял, что 1.3.3 ДЗ - и есть решение проблемы со стилями\n2. Для работы с формой всегда нужно 2 запроса:\n  а) на отрисовку формы (getForm),\n  б) на обработку формы (create | sendForm | saveMeal)\nЕсли нет понимания п.2, то AbstractMealController не поможет:)\nЕсть еще мелкие ньюансы - например, что вы делаете если бд не доступна, либо запрос упал, либо еда в бд уже не существует в момент обн-я? Или просто \"redirect:\/meals\" ?",
        "user": "UFZT3QMU6",
        "ts": "1553115776.137100",
        "thread_ts": "1553015324.114300",
        "parent_user_id": "UFKNK1SBG"
    },
    {
        "client_msg_id": "cc6ea313-621f-4c68-bf80-ac18f2b1a23c",
        "type": "message",
        "text": "Да. Вы на форме вводите дату (или другой чел), а потом затираете ее в контроллере текущим временем?) К тому же сущность нигде не сохраняете) Тогда можете переименовать метод create в get.",
        "user": "UFZT3QMU6",
        "ts": "1553116074.137300",
        "thread_ts": "1553015324.114300",
        "parent_user_id": "UFKNK1SBG"
    },
    {
        "client_msg_id": "be48bf44-4b76-400b-9bdb-b268760481d7",
        "type": "message",
        "text": "Сделал основное задание, кроме jpaUtil) С ним пока не понятно.",
        "user": "UFZT3QMU6",
        "ts": "1553121194.138600",
        "thread_ts": "1553121194.138600",
        "reply_count": 1,
        "reply_users_count": 1,
        "latest_reply": "1553159122.142900",
        "reply_users": [
            "UFPRT4B28"
        ],
        "replies": [
            {
                "user": "UFPRT4B28",
                "ts": "1553159122.142900"
            }
        ]
    },
    {
        "client_msg_id": "13398bd0-5b3f-41bf-863d-7fb962a19478",
        "type": "message",
        "text": "Не могу не поделиться полезнейшей статьёй по поводу аннотаций в Spring MVC: <https:\/\/springframework.guru\/spring-requestmapping-annotation\/> <@UE1ULNT9V>, думаю можно такое в урок добавить.",
        "user": "UFE7TR83Z",
        "ts": "1553138668.140500",
        "attachments": [
            {
                "service_name": "Spring Framework Guru",
                "title": "Using the Spring @RequestMapping Annotation - Spring Framework Guru",
                "title_link": "https:\/\/springframework.guru\/spring-requestmapping-annotation\/",
                "text": "In this post, I show you how to use the Spring MVC @RequestMapping annotation to configure how Spring MVC maps web requests to controller methods.",
                "fallback": "Spring Framework Guru: Using the Spring @RequestMapping Annotation - Spring Framework Guru",
                "image_url": "https:\/\/springframework.guru\/wp-content\/uploads\/2016\/04\/Banner560x292_05a.png",
                "image_width": 479,
                "image_height": 250,
                "ts": 1504726084,
                "from_url": "https:\/\/springframework.guru\/spring-requestmapping-annotation\/",
                "image_bytes": 209756,
                "service_icon": "https:\/\/springframework.guru\/wp-content\/uploads\/2015\/02\/apple-touch-icon-144-precomposed.png",
                "id": 1,
                "original_url": "https:\/\/springframework.guru\/spring-requestmapping-annotation\/"
            }
        ],
        "thread_ts": "1553138668.140500",
        "reply_count": 1,
        "reply_users_count": 1,
        "latest_reply": "1553158702.142600",
        "reply_users": [
            "UE1ULNT9V"
        ],
        "replies": [
            {
                "user": "UE1ULNT9V",
                "ts": "1553158702.142600"
            }
        ],
        "reactions": [
            {
                "name": "+1",
                "users": [
                    "UE1ULNT9V",
                    "UFPRT4B28"
                ],
                "count": 2
            }
        ]
    },
    {
        "client_msg_id": "bfa38740-9b8d-4e66-bfc3-a8dab639bd5f",
        "type": "message",
        "text": "Полезное расширение для Firefox, позволяющее менять запрашиваемый язык прямо в браузере: <https:\/\/addons.mozilla.org\/ru\/firefox\/addon\/quick-accept-language-switc\/>",
        "user": "UFE7TR83Z",
        "ts": "1553138861.142000",
        "attachments": [
            {
                "title": "Quick Accept-Language Switcher – Загрузите это расширение для :fox_face: Firefox (ru)",
                "title_link": "https:\/\/addons.mozilla.org\/ru\/firefox\/addon\/quick-accept-language-switc\/",
                "text": "Загрузить Quick Accept-Language Switcher для Firefox. Provides a quick way of changing the HTTP Accept-Language header so you can view and test websites with a different locale.",
                "fallback": "Quick Accept-Language Switcher – Загрузите это расширение для 🦊 Firefox (ru)",
                "image_url": "https:\/\/addons.cdn.mozilla.net\/user-media\/previews\/full\/108\/108190.png?modified=1543519472",
                "from_url": "https:\/\/addons.mozilla.org\/ru\/firefox\/addon\/quick-accept-language-switc\/",
                "image_width": 415,
                "image_height": 211,
                "image_bytes": 26133,
                "service_icon": "https:\/\/addons.cdn.mozilla.net\/favicon.ico?v=2",
                "service_name": "addons.mozilla.org",
                "id": 1,
                "original_url": "https:\/\/addons.mozilla.org\/ru\/firefox\/addon\/quick-accept-language-switc\/"
            }
        ],
        "reactions": [
            {
                "name": "+1",
                "users": [
                    "UE1ULNT9V",
                    "UG134KF0U"
                ],
                "count": 2
            }
        ]
    }
]