[
    {
        "client_msg_id": "a6cbd7cf-35fb-44fa-9aeb-8510298a626a",
        "type": "message",
        "text": "Разделил по профилям spring-db.xml. Теперь выпадает ошибка No qualifying bean of type 'ru.javawebinar.topjava.repository.MealRepository' available: expected at least 1 bean which qualifies as autowire candidate. Dependency annotations: {}. Подскажите куда копать, третий день ума дать не могу.",
        "user": "UF6HMCG3X",
        "ts": "1552298999.063400",
        "edited": {
            "user": "UF6HMCG3X",
            "ts": "1552299039.000000"
        },
        "thread_ts": "1552298999.063400",
        "reply_count": 15,
        "reply_users_count": 5,
        "latest_reply": "1552335808.090000",
        "reply_users": [
            "UFKG13683",
            "UF6HMCG3X",
            "UFJJL4USF",
            "UFBHB8PFS",
            "UFT7XUWJX"
        ],
        "replies": [
            {
                "user": "UFKG13683",
                "ts": "1552299222.063600"
            },
            {
                "user": "UF6HMCG3X",
                "ts": "1552299480.063800"
            },
            {
                "user": "UFJJL4USF",
                "ts": "1552299487.064000"
            },
            {
                "user": "UF6HMCG3X",
                "ts": "1552300026.064200"
            },
            {
                "user": "UF6HMCG3X",
                "ts": "1552300254.064400"
            },
            {
                "user": "UFKG13683",
                "ts": "1552300519.064600"
            },
            {
                "user": "UF6HMCG3X",
                "ts": "1552301727.064900"
            },
            {
                "user": "UFKG13683",
                "ts": "1552303184.065100"
            },
            {
                "user": "UF6HMCG3X",
                "ts": "1552303850.065400"
            },
            {
                "user": "UF6HMCG3X",
                "ts": "1552306247.065700"
            },
            {
                "user": "UFJJL4USF",
                "ts": "1552307931.065900"
            },
            {
                "user": "UF6HMCG3X",
                "ts": "1552308463.066200"
            },
            {
                "user": "UFBHB8PFS",
                "ts": "1552330852.089400"
            },
            {
                "user": "UFT7XUWJX",
                "ts": "1552331534.089800"
            },
            {
                "user": "UFBHB8PFS",
                "ts": "1552335808.090000"
            }
        ]
    },
    {
        "client_msg_id": "151e1313-6216-45b4-9181-ea4da26ed5af",
        "type": "message",
        "text": "А ты в тестах указывал какой профиль использовать?",
        "user": "UFKG13683",
        "ts": "1552299222.063600",
        "thread_ts": "1552298999.063400",
        "parent_user_id": "UF6HMCG3X"
    },
    {
        "client_msg_id": "c76c39b8-6a82-44bb-a21c-798b79e79e07",
        "type": "message",
        "text": "Нет. Такая же ошибка и при запуске Tomcat.",
        "user": "UF6HMCG3X",
        "ts": "1552299480.063800",
        "thread_ts": "1552298999.063400",
        "parent_user_id": "UF6HMCG3X"
    },
    {
        "client_msg_id": "01042228-c276-4174-bec4-37a74512fef6",
        "type": "message",
        "text": "Надо указать какой профиль использовать, например @ActiveProfiles({\"postgres\",\"jdbc\"})",
        "user": "UFJJL4USF",
        "ts": "1552299487.064000",
        "thread_ts": "1552298999.063400",
        "parent_user_id": "UF6HMCG3X"
    },
    {
        "client_msg_id": "8a80b04d-ff3d-40e7-9d88-0221e1f1a79c",
        "type": "message",
        "text": "Тесты прошли. Спасибо.",
        "user": "UF6HMCG3X",
        "ts": "1552300026.064200",
        "thread_ts": "1552298999.063400",
        "parent_user_id": "UF6HMCG3X"
    },
    {
        "client_msg_id": "57aeacc8-8341-421f-beb2-c3e00764d7fc",
        "type": "message",
        "text": "А где указать активные профили для приложения?",
        "user": "UF6HMCG3X",
        "ts": "1552300254.064400",
        "thread_ts": "1552298999.063400",
        "parent_user_id": "UF6HMCG3X"
    },
    {
        "client_msg_id": "167e3207-8cb7-4899-b2b3-f3ab17b4980e",
        "type": "message",
        "text": "Чтобы запустился томкат в сервлете тоже надо профили указать",
        "user": "UFKG13683",
        "ts": "1552300519.064600",
        "thread_ts": "1552298999.063400",
        "parent_user_id": "UF6HMCG3X"
    },
    {
        "client_msg_id": "10599f6d-718d-40f9-80d8-db8138be3fca",
        "type": "message",
        "text": "С помощью springContext.getEnvironment().setActiveProfiles?",
        "user": "UF6HMCG3X",
        "ts": "1552301727.064900",
        "thread_ts": "1552298999.063400",
        "parent_user_id": "UF6HMCG3X"
    },
    {
        "client_msg_id": "c2e56d63-a5fc-4094-a144-83655eba7fdc",
        "type": "message",
        "text": "<https:\/\/stackoverflow.com\/questions\/40268574\/how-to-set-the-active-profile-when-creating-spring-context-programmatically>",
        "user": "UFKG13683",
        "ts": "1552303184.065100",
        "attachments": [
            {
                "service_name": "Stack Overflow",
                "title": "How to set the active profile when creating Spring context programmatically?",
                "title_link": "https:\/\/stackoverflow.com\/questions\/40268574\/how-to-set-the-active-profile-when-creating-spring-context-programmatically",
                "text": "tl;dr: how to create a Spring context based on an annotation-based configuration class, while supplying active profiles? I am trying to create a Spring context using a class with the configuration",
                "fallback": "Stack Overflow: How to set the active profile when creating Spring context programmatically?",
                "thumb_url": "https:\/\/cdn.sstatic.net\/Sites\/stackoverflow\/img\/apple-touch-icon@2.png?v=73d79a89bded",
                "from_url": "https:\/\/stackoverflow.com\/questions\/40268574\/how-to-set-the-active-profile-when-creating-spring-context-programmatically",
                "thumb_width": 316,
                "thumb_height": 316,
                "service_icon": "https:\/\/cdn.sstatic.net\/Sites\/stackoverflow\/img\/favicon.ico?v=4f32ecc8f43d",
                "id": 1,
                "original_url": "https:\/\/stackoverflow.com\/questions\/40268574\/how-to-set-the-active-profile-when-creating-spring-context-programmatically"
            }
        ],
        "thread_ts": "1552298999.063400",
        "parent_user_id": "UF6HMCG3X"
    },
    {
        "client_msg_id": "8c5e4d96-3a90-4d9a-98d2-420dab901b29",
        "type": "message",
        "text": "Все равно не получается.",
        "user": "UF6HMCG3X",
        "ts": "1552303850.065400",
        "edited": {
            "user": "UF6HMCG3X",
            "ts": "1552305509.000000"
        },
        "thread_ts": "1552298999.063400",
        "parent_user_id": "UF6HMCG3X"
    },
    {
        "client_msg_id": "1c626762-f727-442d-a597-02978c395de1",
        "type": "message",
        "text": "NPE в строке springContext.getEnvironment().setActiveProfiles(\"datajpa\", \"postgres\");",
        "user": "UF6HMCG3X",
        "ts": "1552306247.065700",
        "thread_ts": "1552298999.063400",
        "parent_user_id": "UF6HMCG3X"
    },
    {
        "client_msg_id": "7c1e3dbe-49a8-4504-bf9e-42778370f037",
        "type": "message",
        "text": "Использовал System.setProperty(\"spring.profiles.active\", \"datajpa,postgres\"); хотя в Optional:6 предлагают без него",
        "user": "UFJJL4USF",
        "ts": "1552307931.065900",
        "thread_ts": "1552298999.063400",
        "parent_user_id": "UF6HMCG3X"
    },
    {
        "client_msg_id": "e27bbbd0-dab2-4f8c-9486-bb05f7b541b7",
        "type": "message",
        "text": "Получилось. Спасибо.",
        "user": "UF6HMCG3X",
        "ts": "1552308463.066200",
        "thread_ts": "1552298999.063400",
        "parent_user_id": "UF6HMCG3X"
    },
    {
        "client_msg_id": "f30c371e-96c3-443c-b21a-cd226391a261",
        "type": "message",
        "text": "вопрос, подскажите, плиз, как деплоить в томкат? я так понял, что он воспринимает Java 8 и ниже...",
        "user": "UFZTDP64Q",
        "ts": "1552322422.069500",
        "thread_ts": "1552322422.069500",
        "reply_count": 7,
        "reply_users_count": 2,
        "latest_reply": "1552324493.080900",
        "reply_users": [
            "UE1ULNT9V",
            "UFZTDP64Q"
        ],
        "replies": [
            {
                "user": "UE1ULNT9V",
                "ts": "1552322558.069600"
            },
            {
                "user": "UFZTDP64Q",
                "ts": "1552322579.069800"
            },
            {
                "user": "UFZTDP64Q",
                "ts": "1552322592.070000"
            },
            {
                "user": "UE1ULNT9V",
                "ts": "1552322594.070200"
            },
            {
                "user": "UFZTDP64Q",
                "ts": "1552322603.070400"
            },
            {
                "user": "UE1ULNT9V",
                "ts": "1552322683.070600"
            },
            {
                "user": "UFZTDP64Q",
                "ts": "1552324493.080900"
            }
        ]
    },
    {
        "client_msg_id": "5ebde358-8228-4432-a56f-84b0ad3a1d32",
        "type": "message",
        "text": "какая версия?",
        "user": "UE1ULNT9V",
        "ts": "1552322558.069600",
        "thread_ts": "1552322422.069500",
        "parent_user_id": "UFZTDP64Q"
    },
    {
        "client_msg_id": "5ebaa1f2-9e7a-4d94-bd82-d7ba1e4937aa",
        "type": "message",
        "text": "9,0,141",
        "user": "UFZTDP64Q",
        "ts": "1552322579.069800",
        "thread_ts": "1552322422.069500",
        "parent_user_id": "UFZTDP64Q"
    },
    {
        "client_msg_id": "e9db7135-9249-4238-a1d7-50292d2c97e0",
        "type": "message",
        "text": "<http:\/\/tomcat.apache.org\/whichversion.html>",
        "user": "UFZTDP64Q",
        "ts": "1552322592.070000",
        "thread_ts": "1552322422.069500",
        "parent_user_id": "UFZTDP64Q"
    },
    {
        "client_msg_id": "4c6400db-032c-4147-8fc2-1e23d6e01368",
        "type": "message",
        "text": "ага. и - какой java запускаешь?",
        "user": "UE1ULNT9V",
        "ts": "1552322594.070200",
        "thread_ts": "1552322422.069500",
        "parent_user_id": "UFZTDP64Q"
    },
    {
        "client_msg_id": "ee594700-7ad8-4ef7-917c-03680b5da35f",
        "type": "message",
        "text": "11 :slightly_smiling_face:",
        "user": "UFZTDP64Q",
        "ts": "1552322603.070400",
        "thread_ts": "1552322422.069500",
        "parent_user_id": "UFZTDP64Q"
    },
    {
        "client_msg_id": "aac48442-1ca5-4314-a45b-bcbe209fa2ac",
        "type": "message",
        "text": "тогда ... и выше",
        "user": "UE1ULNT9V",
        "ts": "1552322683.070600",
        "thread_ts": "1552322422.069500",
        "parent_user_id": "UFZTDP64Q"
    },
    {
        "client_msg_id": "4879ecaa-26cf-4522-aee6-3e00bcf2c1ae",
        "type": "message",
        "text": "Только сел делать, после видео Борисова идея SpringDataJPA понятна, но не понимаю как работать с сложными полями, в данном случае User. Пробовал писать что-то вроде findByIdAndUserId но пока что все тесты падают по ошибкам. В случае с дефолтной реализацией save там один параметр - Meal, а наш интерфейс MealRepository предполагает что при сохранении еще и UserId передается. Не ясно куда его лепить, в JPA были прокси которые мы в Meal ложили, а тут как выкручиваться?",
        "user": "UFP7PTM99",
        "ts": "1552323224.075800",
        "thread_ts": "1552323224.075800",
        "reply_count": 7,
        "reply_users_count": 5,
        "latest_reply": "1552650323.163200",
        "reply_users": [
            "UFKNK1SBG",
            "UFT7XUWJX",
            "UFP7PTM99",
            "UFPRT4B28",
            "UFZT3QMU6"
        ],
        "replies": [
            {
                "user": "UFKNK1SBG",
                "ts": "1552323500.077500"
            },
            {
                "user": "UFT7XUWJX",
                "ts": "1552323847.078700"
            },
            {
                "user": "UFP7PTM99",
                "ts": "1552324287.080700"
            },
            {
                "user": "UFPRT4B28",
                "ts": "1552324689.081300"
            },
            {
                "user": "UFPRT4B28",
                "ts": "1552324715.081500"
            },
            {
                "user": "UFP7PTM99",
                "ts": "1552326241.086700"
            },
            {
                "user": "UFZT3QMU6",
                "ts": "1552650323.163200"
            }
        ]
    },
    {
        "client_msg_id": "cf9f75ff-4891-4322-89bc-f5e3458bd07d",
        "type": "message",
        "text": "Подскажите по опционал заданию плиз. Я сделал абстрактый класс AbstractJdbcMealRepository, сделал два класса JdbcMealRepositoryPostrgresImpl и JdbcMealRepositoryHSQLDBImpl, в них переопределил create и getBetween. Разнес их в подпакеты postgres и hsqldb, в спринг-дб.хмл прописал\n    &lt;beans profile=“jdbc, hsqldb”&gt;\n        &lt;context:component-scan base-package=“ru.javawebinar.**.repository.jdbc.hsqldb”\/&gt;\n    &lt;beans&gt;\nВ тестах так же разделил на 2 класса, профили задал @ActiveProfiles({JDBC, HSQL_DB}) по такому принципу и не работает… java.lang.IllegalStateException: Failed to load ApplicationContext. Что я упустил?",
        "user": "UFFJ077SL",
        "ts": "1552323382.077400",
        "thread_ts": "1552323382.077400",
        "reply_count": 34,
        "reply_users_count": 6,
        "latest_reply": "1552474335.150500",
        "reply_users": [
            "UFT7XUWJX",
            "UFFJ077SL",
            "UFKNK1SBG",
            "UFPRT4B28",
            "UFQ35BUP4",
            "UFLKE29QW"
        ],
        "replies": [
            {
                "user": "UFT7XUWJX",
                "ts": "1552323723.077800"
            },
            {
                "user": "UFFJ077SL",
                "ts": "1552323778.078000"
            },
            {
                "user": "UFFJ077SL",
                "ts": "1552323782.078200"
            },
            {
                "user": "UFFJ077SL",
                "ts": "1552323791.078500"
            },
            {
                "user": "UFT7XUWJX",
                "ts": "1552323881.078900"
            },
            {
                "user": "UFT7XUWJX",
                "ts": "1552323944.079100"
            },
            {
                "user": "UFFJ077SL",
                "ts": "1552324009.079300"
            },
            {
                "user": "UFFJ077SL",
                "ts": "1552324022.079500"
            },
            {
                "user": "UFFJ077SL",
                "ts": "1552324047.079700"
            },
            {
                "user": "UFT7XUWJX",
                "ts": "1552324064.079900"
            },
            {
                "user": "UFT7XUWJX",
                "ts": "1552324099.080100"
            },
            {
                "user": "UFT7XUWJX",
                "ts": "1552324121.080300"
            },
            {
                "user": "UFFJ077SL",
                "ts": "1552324212.080500"
            },
            {
                "user": "UFT7XUWJX",
                "ts": "1552324557.081100"
            },
            {
                "user": "UFKNK1SBG",
                "ts": "1552324840.081700"
            },
            {
                "user": "UFPRT4B28",
                "ts": "1552324931.081900"
            },
            {
                "user": "UFFJ077SL",
                "ts": "1552325009.082100"
            },
            {
                "user": "UFPRT4B28",
                "ts": "1552325022.082300"
            },
            {
                "user": "UFFJ077SL",
                "ts": "1552325025.082500"
            },
            {
                "user": "UFPRT4B28",
                "ts": "1552325081.082900"
            },
            {
                "user": "UFFJ077SL",
                "ts": "1552325177.084500"
            },
            {
                "user": "UFPRT4B28",
                "ts": "1552325297.084800"
            },
            {
                "user": "UFPRT4B28",
                "ts": "1552325304.085000"
            },
            {
                "user": "UFFJ077SL",
                "ts": "1552325691.085500"
            },
            {
                "user": "UFFJ077SL",
                "ts": "1552325694.085700"
            },
            {
                "user": "UFFJ077SL",
                "ts": "1552325721.085900"
            },
            {
                "user": "UFFJ077SL",
                "ts": "1552325728.086100"
            },
            {
                "user": "UFFJ077SL",
                "ts": "1552325733.086300"
            },
            {
                "user": "UFFJ077SL",
                "ts": "1552325752.086500"
            },
            {
                "user": "UFT7XUWJX",
                "ts": "1552326630.086900"
            },
            {
                "user": "UFT7XUWJX",
                "ts": "1552326634.087100"
            },
            {
                "user": "UFT7XUWJX",
                "ts": "1552326649.087300"
            },
            {
                "user": "UFQ35BUP4",
                "ts": "1552335963.090200"
            },
            {
                "user": "UFLKE29QW",
                "ts": "1552474335.150500"
            }
        ]
    },
    {
        "client_msg_id": "31cf1dfa-a579-4dbc-841c-585fc0ba957f",
        "type": "message",
        "text": "<https:\/\/topjava16.slack.com\/archives\/CGSJ18NPQ\/p1552223235050100>",
        "user": "UFKNK1SBG",
        "ts": "1552323500.077500",
        "attachments": [
            {
                "from_url": "https:\/\/topjava16.slack.com\/archives\/CGSJ18NPQ\/p1552223235050100",
                "fallback": "[March 10th, 2019 6:07 AM] dude27: Кто-нибудь понял как юзера засетить при сохранении(обновлении) еды?",
                "ts": "1552223235.050100",
                "author_id": "UFT7XUWJX",
                "author_subname": "Pavel Alekseev",
                "channel_id": "CGSJ18NPQ",
                "channel_name": "hw5",
                "is_msg_unfurl": true,
                "is_thread_root_unfurl": true,
                "text": "Кто-нибудь понял как юзера засетить при сохранении(обновлении) еды?",
                "author_name": "Pavel Alekseev",
                "author_link": "https:\/\/topjava16.slack.com\/team\/UFT7XUWJX",
                "author_icon": "https:\/\/avatars.slack-edge.com\/2019-01-30\/539142446582_708f561645e16e9b258c_48.jpg",
                "mrkdwn_in": [
                    "text"
                ],
                "id": 1,
                "original_url": "https:\/\/topjava16.slack.com\/archives\/CGSJ18NPQ\/p1552223235050100",
                "footer": "Thread in #hw5"
            }
        ],
        "thread_ts": "1552323224.075800",
        "parent_user_id": "UFP7PTM99",
        "reactions": [
            {
                "name": "+1",
                "users": [
                    "UFP7PTM99"
                ],
                "count": 1
            }
        ]
    },
    {
        "client_msg_id": "b9de395f-51c5-4252-9def-fc3cfdc200ad",
        "type": "message",
        "text": "У меня полярное горе. Я совсем не понял идеи и сделал как-то не так ). Не делал двойных названий в xml и почему-то работает.",
        "user": "UFT7XUWJX",
        "ts": "1552323723.077800",
        "thread_ts": "1552323382.077400",
        "parent_user_id": "UFFJ077SL"
    },
    {
        "client_msg_id": "7e9ad652-173a-4601-b833-98b8b2a7aa07",
        "type": "message",
        "text": "ну идея была заюзать шаблонный метод, вынести не изменяемые части в абстрактный класс, изменяемые методы - переопределить в наследниках",
        "user": "UFFJ077SL",
        "ts": "1552323778.078000",
        "thread_ts": "1552323382.077400",
        "parent_user_id": "UFFJ077SL"
    },
    {
        "client_msg_id": "77c35af6-0814-49b8-a575-df1b77e5f7ca",
        "type": "message",
        "text": "если я правильно понял",
        "user": "UFFJ077SL",
        "ts": "1552323782.078200",
        "thread_ts": "1552323382.077400",
        "parent_user_id": "UFFJ077SL"
    },
    {
        "client_msg_id": "8c2ab0f0-f287-48e8-a4a3-aed53a002294",
        "type": "message",
        "text": "кто сделал опционал, поделитесь мудростью плиз",
        "user": "UFFJ077SL",
        "ts": "1552323791.078500",
        "thread_ts": "1552323382.077400",
        "parent_user_id": "UFFJ077SL"
    },
    {
        "client_msg_id": "fd976fc7-3334-4b5c-a655-57823767ab21",
        "type": "message",
        "text": "делал просто стандартным save не переопределяя... просто сначала засетил ему юзера... отдельным гетом с юзерского репа",
        "user": "UFT7XUWJX",
        "ts": "1552323847.078700",
        "thread_ts": "1552323224.075800",
        "parent_user_id": "UFP7PTM99"
    },
    {
        "client_msg_id": "a9dc02db-fb91-408c-be6a-9d0bb89f229f",
        "type": "message",
        "text": "могу поделиться... но у меня только глупость )",
        "user": "UFT7XUWJX",
        "ts": "1552323881.078900",
        "thread_ts": "1552323382.077400",
        "parent_user_id": "UFFJ077SL"
    },
    {
        "client_msg_id": "26a69851-503c-4d8e-8b62-0a7314d9bc2c",
        "type": "message",
        "text": "я даже не делал абстрактного класса, а отнаследовал дополнительный для hsql где обернул localdatetime в timestamp",
        "user": "UFT7XUWJX",
        "ts": "1552323944.079100",
        "thread_ts": "1552323382.077400",
        "parent_user_id": "UFFJ077SL"
    },
    {
        "client_msg_id": "147dd551-fc4c-43ab-8ffb-1241d24be1f2",
        "type": "message",
        "text": "для hsql я тоже обернул",
        "user": "UFFJ077SL",
        "ts": "1552324009.079300",
        "thread_ts": "1552323382.077400",
        "parent_user_id": "UFFJ077SL"
    },
    {
        "client_msg_id": "fcfa598f-bbfd-4ddf-bbb7-1bdeb088603f",
        "type": "message",
        "text": "я не понял как выбрать нужный профиль в тестах",
        "user": "UFFJ077SL",
        "ts": "1552324022.079500",
        "thread_ts": "1552323382.077400",
        "parent_user_id": "UFFJ077SL"
    },
    {
        "client_msg_id": "73c59bfd-9bf7-4809-aad4-982305269330",
        "type": "message",
        "text": "прописал через запятую, толку 0",
        "user": "UFFJ077SL",
        "ts": "1552324047.079700",
        "thread_ts": "1552323382.077400",
        "parent_user_id": "UFFJ077SL"
    },
    {
        "client_msg_id": "e23a11fe-f987-4b89-8355-6ee141cc46b9",
        "type": "message",
        "text": "я не менял и там мистика началась",
        "user": "UFT7XUWJX",
        "ts": "1552324064.079900",
        "thread_ts": "1552323382.077400",
        "parent_user_id": "UFFJ077SL"
    },
    {
        "client_msg_id": "971d9803-57ef-49fc-b291-d47ddf8dbf82",
        "type": "message",
        "text": "перестали падать тесты с hsql, но по времени они быстрее чем postgres",
        "user": "UFT7XUWJX",
        "ts": "1552324099.080100",
        "thread_ts": "1552323382.077400",
        "parent_user_id": "UFFJ077SL"
    },
    {
        "client_msg_id": "46c8e01e-e178-44b6-a621-a34c80528b4c",
        "type": "message",
        "text": "т.е. судя по всему через hsql идет и почему-то не падает",
        "user": "UFT7XUWJX",
        "ts": "1552324121.080300",
        "thread_ts": "1552323382.077400",
        "parent_user_id": "UFFJ077SL"
    },
    {
        "client_msg_id": "2647619b-9218-4384-85b5-33a23d93a7dd",
        "type": "message",
        "text": "нужен знающий человек :slightly_smiling_face:",
        "user": "UFFJ077SL",
        "ts": "1552324212.080500",
        "thread_ts": "1552323382.077400",
        "parent_user_id": "UFFJ077SL"
    },
    {
        "client_msg_id": "46011dce-01e9-4f61-aa28-51ca9e5efbba",
        "type": "message",
        "text": "Вот эта штука:\n\nfindByUserIdWhenBetween(startDate,endDate,userId)\n (моя жалкая попытка реализации getBetween метода)\n\nкак должна работать?) Через Query сделать просто, или можно ухитриться с названием?",
        "user": "UFP7PTM99",
        "ts": "1552324287.080700",
        "thread_ts": "1552323224.075800",
        "parent_user_id": "UFP7PTM99"
    },
    {
        "client_msg_id": "d6e22de8-8759-44a1-9b83-e0e33b1a2d58",
        "type": "message",
        "text": "ок, спасибо,",
        "user": "UFZTDP64Q",
        "ts": "1552324493.080900",
        "thread_ts": "1552322422.069500",
        "parent_user_id": "UFZTDP64Q"
    },
    {
        "client_msg_id": "ef429114-67eb-4fbc-b54e-1caa15253c4b",
        "type": "message",
        "text": "ну хоть сервлет получилось сломать... чтобы починить )",
        "user": "UFT7XUWJX",
        "ts": "1552324557.081100",
        "thread_ts": "1552323382.077400",
        "parent_user_id": "UFFJ077SL"
    },
    {
        "client_msg_id": "9a0ae983-1993-4da8-887e-ece7bcbc0cb7",
        "type": "message",
        "text": "ухитряйся, только параметр с юзером передвинь в начало",
        "user": "UFPRT4B28",
        "ts": "1552324689.081300",
        "thread_ts": "1552323224.075800",
        "parent_user_id": "UFP7PTM99"
    },
    {
        "client_msg_id": "b963cfce-b866-4a76-9424-6b92bd67e514",
        "type": "message",
        "text": "если название будет начинаться так как сейчас)",
        "user": "UFPRT4B28",
        "ts": "1552324715.081500",
        "thread_ts": "1552323224.075800",
        "parent_user_id": "UFP7PTM99"
    },
    {
        "client_msg_id": "ddd5f928-0186-4236-8911-43488a42c454",
        "type": "message",
        "text": "У меня все гораздо хуже, у меня все работает, но я не знаю как :sweat_smile: Вообще ничего не понял с этими профилями, потихоньку что-то сделал, думал ща запущу, все по вылетает с ошибками и по ним, м.б. как-нибудь разберусь что к чему. И вот же неувязочка, ничего не вылетело, все тесты с лету прошли. Ну вот и как мне теперь понять, как я это сделал :sweat_smile:",
        "user": "UFKNK1SBG",
        "ts": "1552324840.081700",
        "thread_ts": "1552323382.077400",
        "parent_user_id": "UFFJ077SL"
    },
    {
        "client_msg_id": "bb6742fb-44fe-4bb2-8115-f81dc3865b32",
        "type": "message",
        "text": "я использовала @Profile в классах новых для посттгрес и hsqldb",
        "user": "UFPRT4B28",
        "ts": "1552324931.081900",
        "thread_ts": "1552323382.077400",
        "parent_user_id": "UFFJ077SL"
    },
    {
        "client_msg_id": "fdb7b39d-f978-4172-a701-1f7a64249e0e",
        "type": "message",
        "text": "и все работает?",
        "user": "UFFJ077SL",
        "ts": "1552325009.082100",
        "thread_ts": "1552323382.077400",
        "parent_user_id": "UFFJ077SL"
    },
    {
        "client_msg_id": "05e36a71-8e67-48d0-9a26-74d20ac58b0c",
        "type": "message",
        "text": "а в тестах @ActiveProfile\nне знаю только можно ли сделать так чтобы все тесты одновременно работали. сейчас для того чтобы прошел тест для hsqldb надо в идее в мавене галочку на профиле менять, и для постгреса соответственно",
        "user": "UFPRT4B28",
        "ts": "1552325022.082300",
        "thread_ts": "1552323382.077400",
        "parent_user_id": "UFFJ077SL"
    },
    {
        "client_msg_id": "e0ebbb0c-da24-4e36-ae27-f2e04ee748bb",
        "type": "message",
        "text": "а в хмл разделяли конфиги? и в тестах делали два класса?",
        "user": "UFFJ077SL",
        "ts": "1552325025.082500",
        "thread_ts": "1552323382.077400",
        "parent_user_id": "UFFJ077SL"
    },
    {
        "client_msg_id": "61f01e05-3ce2-49d5-a3ea-fee59831ca06",
        "type": "message",
        "text": "в тестах да, в xml такого как ты не делала.\nне знаю провильно ли, жду ревью только",
        "user": "UFPRT4B28",
        "ts": "1552325081.082900",
        "thread_ts": "1552323382.077400",
        "parent_user_id": "UFFJ077SL"
    },
    {
        "client_msg_id": "09ee2c0a-6912-4f9f-8fab-0a0eaf5385ee",
        "type": "message",
        "text": "тоесть в xml у вас просто profile=“jdbc” и все?",
        "user": "UFFJ077SL",
        "ts": "1552325177.084500",
        "thread_ts": "1552323382.077400",
        "parent_user_id": "UFFJ077SL"
    },
    {
        "client_msg_id": "881757a6-84cf-43d6-a40d-92b4cce9e3c4",
        "type": "message",
        "text": "да",
        "user": "UFPRT4B28",
        "ts": "1552325297.084800",
        "thread_ts": "1552323382.077400",
        "parent_user_id": "UFFJ077SL"
    },
    {
        "client_msg_id": "e1048e07-a453-40f5-bc4a-a7381a45fac5",
        "type": "message",
        "text": "ну и остальные профили",
        "user": "UFPRT4B28",
        "ts": "1552325304.085000",
        "thread_ts": "1552323382.077400",
        "parent_user_id": "UFFJ077SL"
    },
    {
        "client_msg_id": "68babf63-ea7d-49e9-a25e-01ec301f9c87",
        "type": "message",
        "text": "аминь",
        "user": "UFFJ077SL",
        "ts": "1552325691.085500",
        "thread_ts": "1552323382.077400",
        "parent_user_id": "UFFJ077SL"
    },
    {
        "client_msg_id": "9e9064e9-7cb8-4e89-bcab-450f589e3db9",
        "type": "message",
        "text": "заработало :slightly_smiling_face:",
        "user": "UFFJ077SL",
        "ts": "1552325694.085700",
        "thread_ts": "1552323382.077400",
        "parent_user_id": "UFFJ077SL",
        "reactions": [
            {
                "name": "+1",
                "users": [
                    "UFPRT4B28"
                ],
                "count": 1
            }
        ]
    },
    {
        "client_msg_id": "4b0d0b70-f9ff-4fe7-843a-ec04294fc8e3",
        "type": "message",
        "text": "отдельный тест на hsqldb -&gt; отдельная имплементация репо",
        "user": "UFFJ077SL",
        "ts": "1552325721.085900",
        "thread_ts": "1552323382.077400",
        "parent_user_id": "UFFJ077SL"
    },
    {
        "client_msg_id": "6a456699-93c2-49cf-aa79-a5da7ebcfef2",
        "type": "message",
        "text": "тоже самое для postgres",
        "user": "UFFJ077SL",
        "ts": "1552325728.086100",
        "thread_ts": "1552323382.077400",
        "parent_user_id": "UFFJ077SL"
    },
    {
        "client_msg_id": "e6089f07-0a62-462a-8ac2-3e7fc0f0dcd6",
        "type": "message",
        "text": "в xml ниче не трогаем",
        "user": "UFFJ077SL",
        "ts": "1552325733.086300",
        "thread_ts": "1552323382.077400",
        "parent_user_id": "UFFJ077SL"
    },
    {
        "client_msg_id": "8a1865bc-148f-4035-9d7f-f0e0227cf8a2",
        "type": "message",
        "text": "но в мавене нужно переключать да, postgres или hsqldb",
        "user": "UFFJ077SL",
        "ts": "1552325752.086500",
        "thread_ts": "1552323382.077400",
        "parent_user_id": "UFFJ077SL"
    },
    {
        "client_msg_id": "9d9a64ce-90c9-40c4-94d7-9791d9e08900",
        "type": "message",
        "text": "Поменял местами параметры, написал Query - работает :slightly_smiling_face:\nВсе тесты проходит :smiley:",
        "user": "UFP7PTM99",
        "ts": "1552326241.086700",
        "thread_ts": "1552323224.075800",
        "parent_user_id": "UFP7PTM99",
        "reactions": [
            {
                "name": "+1",
                "users": [
                    "UFPRT4B28"
                ],
                "count": 1
            }
        ]
    },
    {
        "client_msg_id": "f9acc6e3-8bc7-4588-921b-9d1fb7c1d10e",
        "type": "message",
        "text": "это то да.",
        "user": "UFT7XUWJX",
        "ts": "1552326630.086900",
        "thread_ts": "1552323382.077400",
        "parent_user_id": "UFFJ077SL"
    },
    {
        "client_msg_id": "80952adf-de86-4fba-b7be-187c51503b32",
        "type": "message",
        "text": "у меня так же",
        "user": "UFT7XUWJX",
        "ts": "1552326634.087100",
        "thread_ts": "1552323382.077400",
        "parent_user_id": "UFFJ077SL"
    },
    {
        "client_msg_id": "96e4bba3-0157-4dc2-99e0-58e7a68faa47",
        "type": "message",
        "text": "Сейчас посыпется сервлет",
        "user": "UFT7XUWJX",
        "ts": "1552326649.087300",
        "thread_ts": "1552323382.077400",
        "parent_user_id": "UFFJ077SL"
    },
    {
        "client_msg_id": "1f1bd2fd-baf8-48b5-9527-55c71800900c",
        "type": "message",
        "text": "Что-то не реанимируется сервлет. Два бина. Начинаешь разносить по профилям - сыпятся тесты. Есть кто победил?",
        "user": "UFT7XUWJX",
        "ts": "1552330266.089100",
        "thread_ts": "1552330266.089100",
        "reply_count": 2,
        "reply_users_count": 2,
        "latest_reply": "1552331504.089600",
        "reply_users": [
            "UFBHB8PFS",
            "UFT7XUWJX"
        ],
        "replies": [
            {
                "user": "UFBHB8PFS",
                "ts": "1552330842.089200"
            },
            {
                "user": "UFT7XUWJX",
                "ts": "1552331504.089600"
            }
        ]
    },
    {
        "client_msg_id": "6468eb8f-7304-4368-96f6-b2c880a6f05e",
        "type": "message",
        "text": "подсказка по решению в сегодняшнем треде, который стартовал Олег",
        "user": "UFBHB8PFS",
        "ts": "1552330842.089200",
        "thread_ts": "1552330266.089100",
        "parent_user_id": "UFT7XUWJX"
    },
    {
        "client_msg_id": "00ab31cb-7ee9-47b9-af88-8a30dfba5564",
        "type": "message",
        "text": "<@UFT7XUWJX> здесь",
        "user": "UFBHB8PFS",
        "ts": "1552330852.089400",
        "thread_ts": "1552298999.063400",
        "parent_user_id": "UF6HMCG3X"
    },
    {
        "client_msg_id": "4d9f0bd8-5370-4957-b1eb-a37148dd9a9b",
        "type": "message",
        "text": "Спасибо!",
        "user": "UFT7XUWJX",
        "ts": "1552331504.089600",
        "thread_ts": "1552330266.089100",
        "parent_user_id": "UFT7XUWJX"
    },
    {
        "client_msg_id": "9018c650-36bc-4b9a-8837-873119e378c8",
        "type": "message",
        "text": "<@UFBHB8PFS> Спасибо. Получается можно только выбирать один из...",
        "user": "UFT7XUWJX",
        "ts": "1552331534.089800",
        "thread_ts": "1552298999.063400",
        "parent_user_id": "UF6HMCG3X"
    },
    {
        "client_msg_id": "40764c2a-cf8d-419e-852e-1b9b8a9aca66",
        "type": "message",
        "text": "ну для прода - да. Тестируешь все реализации, а при разворачивании на сервере выбираешь что-то конкретное (пару DbType\/RepositoryType)",
        "user": "UFBHB8PFS",
        "ts": "1552335808.090000",
        "thread_ts": "1552298999.063400",
        "parent_user_id": "UF6HMCG3X"
    },
    {
        "client_msg_id": "523523e4-6e6e-4302-8259-06148132cb4f",
        "type": "message",
        "text": "в spring-db дергайте change profiles и будет вам счастье )))",
        "user": "UFQ35BUP4",
        "ts": "1552335963.090200",
        "thread_ts": "1552323382.077400",
        "parent_user_id": "UFFJ077SL"
    },
    {
        "client_msg_id": "90903d0b-c991-4682-8021-bcf0674ad1f4",
        "type": "message",
        "text": "Написал в репозитории метод findByDateTimeBetweenAndUserIdOrderedByDateTimeDesc с соответствующими параметрами. Но в логах читаю что он делает join доставая при этом из базы и юзера. Подскажите как можно без джоина (с namedQuery join не выполняется)",
        "user": "UFLKE29QW",
        "ts": "1552337247.095500",
        "thread_ts": "1552337247.095500",
        "reply_count": 2,
        "reply_users_count": 2,
        "latest_reply": "1552377971.099700",
        "reply_users": [
            "UFBHB8PFS",
            "UFLKE29QW"
        ],
        "replies": [
            {
                "user": "UFBHB8PFS",
                "ts": "1552369459.096500"
            },
            {
                "user": "UFLKE29QW",
                "ts": "1552377971.099700"
            }
        ]
    },
    {
        "client_msg_id": "f0a7cd57-afe4-4f59-8d37-c479a796db46",
        "type": "message",
        "text": "за один запрос достать из двух таблиц данные без джойна невозможно, как мне кажется. А чем так страшен джойн, почему он тебе не нравится?",
        "user": "UFBHB8PFS",
        "ts": "1552369459.096500",
        "thread_ts": "1552337247.095500",
        "parent_user_id": "UFLKE29QW"
    },
    {
        "type": "message",
        "subtype": "tombstone",
        "text": "This message was deleted.",
        "user": "USLACKBOT",
        "hidden": true,
        "ts": "1552369944.097600",
        "thread_ts": "1552369944.097600",
        "reply_count": 4,
        "reply_users_count": 3,
        "latest_reply": "1552376011.098600",
        "reply_users": [
            "UFS44Q1JS",
            "UFBHB8PFS",
            "UFKG13683"
        ],
        "replies": [
            {
                "user": "UFS44Q1JS",
                "ts": "1552372817.097700"
            },
            {
                "user": "UFBHB8PFS",
                "ts": "1552373306.098000"
            },
            {
                "user": "UFKG13683",
                "ts": "1552374748.098200"
            },
            {
                "user": "UFBHB8PFS",
                "ts": "1552376011.098600"
            }
        ]
    },
    {
        "client_msg_id": "ddd15da8-0804-40e2-9dbb-b0ba05f573d6",
        "type": "message",
        "text": "Проверь в импортах может где-то не то импортируется, у меня такое было (ну не прям один в один, но с типами) - там одинаковые названия классов в разных пакетов и конфликтовало.",
        "user": "UFS44Q1JS",
        "ts": "1552372817.097700",
        "edited": {
            "user": "UFS44Q1JS",
            "ts": "1552372856.000000"
        },
        "thread_ts": "1552369944.097600",
        "parent_user_id": "UFBHB8PFS"
    },
    {
        "client_msg_id": "1ec0745a-a17c-46c5-908b-608b7016c57d",
        "type": "message",
        "text": "не, там все в порядке",
        "user": "UFBHB8PFS",
        "ts": "1552373306.098000",
        "thread_ts": "1552369944.097600",
        "parent_user_id": "UFBHB8PFS"
    }
]