[
    {
        "client_msg_id": "ef636905-eb69-42d3-b2c4-04e5081498f7",
        "type": "message",
        "text": "Всем привет! У меня вопрос: зачем делать наследование для тестов если мы всё равно используем профили? Я правильно понимаю, что это только лишь для того, чтоб одновременно все тесты прогонялись?",
        "user": "UFTSGQ7U5",
        "ts": "1553155375.177700",
        "thread_ts": "1553155375.177700",
        "reply_count": 7,
        "reply_users_count": 2,
        "latest_reply": "1553155792.179100",
        "reply_users": [
            "UFFJ077SL",
            "UFTSGQ7U5"
        ],
        "replies": [
            {
                "user": "UFFJ077SL",
                "ts": "1553155408.177900"
            },
            {
                "user": "UFFJ077SL",
                "ts": "1553155416.178100"
            },
            {
                "user": "UFTSGQ7U5",
                "ts": "1553155539.178300"
            },
            {
                "user": "UFFJ077SL",
                "ts": "1553155572.178500"
            },
            {
                "user": "UFFJ077SL",
                "ts": "1553155573.178700"
            },
            {
                "user": "UFFJ077SL",
                "ts": "1553155666.178900"
            },
            {
                "user": "UFTSGQ7U5",
                "ts": "1553155792.179100"
            }
        ]
    },
    {
        "client_msg_id": "3f23fbf8-956e-40f3-93e9-a6a0ba2838d3",
        "type": "message",
        "text": "привет! это, чтобы код не дублировать",
        "user": "UFFJ077SL",
        "ts": "1553155408.177900",
        "thread_ts": "1553155375.177700",
        "parent_user_id": "UFTSGQ7U5",
        "reactions": [
            {
                "name": "heavy_check_mark",
                "users": [
                    "UE1ULNT9V"
                ],
                "count": 1
            }
        ]
    },
    {
        "client_msg_id": "8f250318-0779-4e25-8ade-5495ab4c49f7",
        "type": "message",
        "text": "общие части вынесли в абстрактный класс",
        "user": "UFFJ077SL",
        "ts": "1553155416.178100",
        "thread_ts": "1553155375.177700",
        "parent_user_id": "UFTSGQ7U5"
    },
    {
        "client_msg_id": "bb673f60-ebe5-497d-ad95-05b10d740965",
        "type": "message",
        "text": "<@UFFJ077SL> нет, мне кажется не для этого. Дублирования и так не было. Мы же могли просто в тесте профили менять для каждой реализации и всё.",
        "user": "UFTSGQ7U5",
        "ts": "1553155539.178300",
        "thread_ts": "1553155375.177700",
        "parent_user_id": "UFTSGQ7U5"
    },
    {
        "client_msg_id": "f27e9e50-f22f-47bc-94c8-c75ac62f1e89",
        "type": "message",
        "text": "да, но один и тот же код написан все равно 3 рааз",
        "user": "UFFJ077SL",
        "ts": "1553155572.178500",
        "thread_ts": "1553155375.177700",
        "parent_user_id": "UFTSGQ7U5"
    },
    {
        "client_msg_id": "0ccd105a-65d3-4b85-9297-f71bfbfa3b83",
        "type": "message",
        "text": "был бы",
        "user": "UFFJ077SL",
        "ts": "1553155573.178700",
        "thread_ts": "1553155375.177700",
        "parent_user_id": "UFTSGQ7U5"
    },
    {
        "client_msg_id": "fe2f8632-1ae6-4a08-a0ca-a778ea643469",
        "type": "message",
        "text": "профили от дублирования кода не помогают же",
        "user": "UFFJ077SL",
        "ts": "1553155666.178900",
        "thread_ts": "1553155375.177700",
        "parent_user_id": "UFTSGQ7U5"
    },
    {
        "client_msg_id": "4f3aa9cc-3d74-4ebd-b0a6-87ad86b85e3c",
        "type": "message",
        "text": "ок. ясно. ответ был во второй части моего вопроса)",
        "user": "UFTSGQ7U5",
        "ts": "1553155792.179100",
        "thread_ts": "1553155375.177700",
        "parent_user_id": "UFTSGQ7U5"
    },
    {
        "client_msg_id": "c9e82cd1-6da1-4d0c-9a16-890e750f052f",
        "type": "message",
        "text": "<@UE1ULNT9V> Почему не используется магия именования методов в круд репозиториях? Можно же обойтись без SQL запросов.",
        "user": "UFTSGQ7U5",
        "ts": "1553155868.180500",
        "thread_ts": "1553155868.180500",
        "reply_count": 3,
        "reply_users_count": 3,
        "latest_reply": "1553158761.181100",
        "reply_users": [
            "UFTSGQ7U5",
            "UFKG13683",
            "UE1ULNT9V"
        ],
        "replies": [
            {
                "user": "UFTSGQ7U5",
                "ts": "1553156012.180600"
            },
            {
                "user": "UFKG13683",
                "ts": "1553157137.180800"
            },
            {
                "user": "UE1ULNT9V",
                "ts": "1553158761.181100"
            }
        ]
    },
    {
        "client_msg_id": "2ad1bd17-d17d-409f-8077-cb2c3173f9cd",
        "type": "message",
        "text": "я понимаю, что это для соблюдения именования методов в разных реализациях, но можно было показать такой подход, используя приватные методы.",
        "user": "UFTSGQ7U5",
        "ts": "1553156012.180600",
        "thread_ts": "1553155868.180500",
        "parent_user_id": "UFTSGQ7U5"
    },
    {
        "client_msg_id": "7e9d4c42-e1e6-4b2a-84d3-195d3c9f95ad",
        "type": "message",
        "text": "Ну @query быстрее",
        "user": "UFKG13683",
        "ts": "1553157137.180800",
        "thread_ts": "1553155868.180500",
        "parent_user_id": "UFTSGQ7U5"
    },
    {
        "client_msg_id": "6dda2442-1f3c-40ba-8381-16e16ef59a48",
        "type": "message",
        "text": "в видео я же говорю про это",
        "user": "UE1ULNT9V",
        "ts": "1553158761.181100",
        "thread_ts": "1553155868.180500",
        "parent_user_id": "UFTSGQ7U5"
    }
]