[
    {
        "client_msg_id": "41880ff5-6cfd-41a4-918d-c439a91f26bd",
        "type": "message",
        "text": "А остальные тесты проходят?",
        "user": "UFKG13683",
        "ts": "1552374748.098200",
        "thread_ts": "1552369944.097600",
        "parent_user_id": "UFBHB8PFS"
    },
    {
        "client_msg_id": "adbb973a-0324-4b18-b3bd-ab1e29cd99d3",
        "type": "message",
        "text": "Да. Проблема пропала ввиду того, что надо было реализовать задание по-другому, поэтому вопрос снимается",
        "user": "UFBHB8PFS",
        "ts": "1552376011.098600",
        "edited": {
            "user": "UFBHB8PFS",
            "ts": "1552376021.000000"
        },
        "thread_ts": "1552369944.097600",
        "parent_user_id": "UFBHB8PFS"
    },
    {
        "client_msg_id": "44afe8d7-c7fa-4d63-9da8-2b8073f2cfd3",
        "type": "message",
        "text": "Просто с namedQuery с jpa repository мы просто достаем строку с БД, а используя methodQuery делаим join с users, разве это не доп. нагрузка на базу?",
        "user": "UFLKE29QW",
        "ts": "1552377971.099700",
        "thread_ts": "1552337247.095500",
        "parent_user_id": "UFLKE29QW"
    },
    {
        "client_msg_id": "09190f69-6dbf-4535-9ec0-0dbc8f8c607b",
        "type": "message",
        "text": "Смотрю логи. Тест get. Еда. Jpa делает select один раз. Datajpa два раза. Дополнительно ищет пользователя хотя в модели lazy. Получается datajpa медленнее?",
        "user": "UFT7XUWJX",
        "ts": "1552392241.102800",
        "thread_ts": "1552392241.102800",
        "reply_count": 1,
        "reply_users_count": 1,
        "latest_reply": "1552395180.102900",
        "reply_users": [
            "UFS44Q1JS"
        ],
        "replies": [
            {
                "user": "UFS44Q1JS",
                "ts": "1552395180.102900"
            }
        ]
    },
    {
        "client_msg_id": "c27cb324-13cc-4ec9-a060-fa5f936c7938",
        "type": "message",
        "text": "Получается да.",
        "user": "UFS44Q1JS",
        "ts": "1552395180.102900",
        "thread_ts": "1552392241.102800",
        "parent_user_id": "UFT7XUWJX"
    },
    {
        "client_msg_id": "96c55fa7-8a23-41b9-a95e-185e0d876ca1",
        "type": "message",
        "text": "Какая разница в этих двух строчках в db.xml ?\n\n        &lt;jpa:repositories base-package=\"ru.javawebinar.**.repository.datajpa\"\/&gt;\n        &lt;context:component-scan base-package=\"ru.javawebinar.**.repository.datajpa\"\/&gt;\n\nПервый неймспейс находит 2 бина - интерфейса, второй(контекст) находит их же + реализацию. Может кто просветить для чего оба нужны в конфигурации?",
        "user": "UFP7PTM99",
        "ts": "1552398817.105500"
    },
    {
        "type": "message",
        "text": "Сделал профили и тесты на каждый профиль, с postgres все работает, hsql я до этого вообще не пробовал, щас решил раз уж есть тесты на все виды доступа к DBMS, попробую все сразу. Вроде как необходимые строки имеются:\n\n@ActiveProfiles({\"hsqldb\",\"jdbc\"})\n@Sql(scripts = \"classpath:db\/initDB_hsql.sql\", config = @SqlConfig(encoding = \"UTF-8\"))\n\nА при запуске тестов имею следующее, подскажите где искать?",
        "files": [
            {
                "id": "FGV8434M6",
                "created": 1552403369,
                "timestamp": 1552403369,
                "name": "image.png",
                "title": "Pasted image at 2019-03-12, 5:09 PM",
                "mimetype": "image\/png",
                "filetype": "png",
                "pretty_type": "PNG",
                "user": "UFP7PTM99",
                "editable": false,
                "size": 25453,
                "mode": "hosted",
                "is_external": false,
                "external_type": "",
                "is_public": true,
                "public_url_shared": false,
                "display_as_bot": false,
                "username": "",
                "url_private": "https:\/\/files.slack.com\/files-pri\/TE09AK9BK-FGV8434M6\/image.png?t=xoxe-476316655393-618179035285-606757826531-bd1c7b831233e0d053294a8f47715ef5",
                "url_private_download": "https:\/\/files.slack.com\/files-pri\/TE09AK9BK-FGV8434M6\/download\/image.png?t=xoxe-476316655393-618179035285-606757826531-bd1c7b831233e0d053294a8f47715ef5",
                "thumb_64": "https:\/\/files.slack.com\/files-tmb\/TE09AK9BK-FGV8434M6-b63f1d015d\/image_64.png?t=xoxe-476316655393-618179035285-606757826531-bd1c7b831233e0d053294a8f47715ef5",
                "thumb_80": "https:\/\/files.slack.com\/files-tmb\/TE09AK9BK-FGV8434M6-b63f1d015d\/image_80.png?t=xoxe-476316655393-618179035285-606757826531-bd1c7b831233e0d053294a8f47715ef5",
                "thumb_360": "https:\/\/files.slack.com\/files-tmb\/TE09AK9BK-FGV8434M6-b63f1d015d\/image_360.png?t=xoxe-476316655393-618179035285-606757826531-bd1c7b831233e0d053294a8f47715ef5",
                "thumb_360_w": 360,
                "thumb_360_h": 25,
                "thumb_480": "https:\/\/files.slack.com\/files-tmb\/TE09AK9BK-FGV8434M6-b63f1d015d\/image_480.png?t=xoxe-476316655393-618179035285-606757826531-bd1c7b831233e0d053294a8f47715ef5",
                "thumb_480_w": 480,
                "thumb_480_h": 34,
                "thumb_160": "https:\/\/files.slack.com\/files-tmb\/TE09AK9BK-FGV8434M6-b63f1d015d\/image_160.png?t=xoxe-476316655393-618179035285-606757826531-bd1c7b831233e0d053294a8f47715ef5",
                "thumb_720": "https:\/\/files.slack.com\/files-tmb\/TE09AK9BK-FGV8434M6-b63f1d015d\/image_720.png?t=xoxe-476316655393-618179035285-606757826531-bd1c7b831233e0d053294a8f47715ef5",
                "thumb_720_w": 720,
                "thumb_720_h": 51,
                "thumb_800": "https:\/\/files.slack.com\/files-tmb\/TE09AK9BK-FGV8434M6-b63f1d015d\/image_800.png?t=xoxe-476316655393-618179035285-606757826531-bd1c7b831233e0d053294a8f47715ef5",
                "thumb_800_w": 800,
                "thumb_800_h": 56,
                "thumb_960": "https:\/\/files.slack.com\/files-tmb\/TE09AK9BK-FGV8434M6-b63f1d015d\/image_960.png?t=xoxe-476316655393-618179035285-606757826531-bd1c7b831233e0d053294a8f47715ef5",
                "thumb_960_w": 960,
                "thumb_960_h": 68,
                "thumb_1024": "https:\/\/files.slack.com\/files-tmb\/TE09AK9BK-FGV8434M6-b63f1d015d\/image_1024.png?t=xoxe-476316655393-618179035285-606757826531-bd1c7b831233e0d053294a8f47715ef5",
                "thumb_1024_w": 1024,
                "thumb_1024_h": 72,
                "image_exif_rotation": 1,
                "original_w": 1459,
                "original_h": 103,
                "permalink": "https:\/\/topjava16.slack.com\/files\/UFP7PTM99\/FGV8434M6\/image.png",
                "permalink_public": "https:\/\/slack-files.com\/TE09AK9BK-FGV8434M6-bbb7b20ce9",
                "has_rich_preview": false
            }
        ],
        "upload": true,
        "user": "UFP7PTM99",
        "display_as_bot": false,
        "ts": "1552403372.110500",
        "thread_ts": "1552403372.110500",
        "reply_count": 9,
        "reply_users_count": 4,
        "latest_reply": "1552406459.113200",
        "reply_users": [
            "UFPRT4B28",
            "UFP7PTM99",
            "UFUQUNDRP",
            "UFBHB8PFS"
        ],
        "replies": [
            {
                "user": "UFPRT4B28",
                "ts": "1552403446.110800"
            },
            {
                "user": "UFP7PTM99",
                "ts": "1552403484.111000"
            },
            {
                "user": "UFP7PTM99",
                "ts": "1552403545.111200"
            },
            {
                "user": "UFPRT4B28",
                "ts": "1552403597.111600"
            },
            {
                "user": "UFP7PTM99",
                "ts": "1552403859.111800"
            },
            {
                "user": "UFUQUNDRP",
                "ts": "1552404396.112200"
            },
            {
                "user": "UFBHB8PFS",
                "ts": "1552404592.112400"
            },
            {
                "user": "UFBHB8PFS",
                "ts": "1552404597.112600"
            },
            {
                "user": "UFP7PTM99",
                "ts": "1552406459.113200"
            }
        ]
    },
    {
        "client_msg_id": "fba256cd-ba1d-4049-bce6-8ee54e8da058",
        "type": "message",
        "text": "это ты в spring-db галочку не поднял для hsqldb, думаю",
        "user": "UFPRT4B28",
        "ts": "1552403446.110800",
        "thread_ts": "1552403372.110500",
        "parent_user_id": "UFP7PTM99"
    },
    {
        "client_msg_id": "bb57ce95-0fda-48bf-b51f-9eff588e3eca",
        "type": "message",
        "text": "Насколько я понял тесты сами эти галочки выставляют прежде чем запуститься, но так-то я и в ручную менял - не помогло)",
        "user": "UFP7PTM99",
        "ts": "1552403484.111000",
        "thread_ts": "1552403372.110500",
        "parent_user_id": "UFP7PTM99"
    },
    {
        "type": "message",
        "text": "Тут вроде порядок, и в properties не менял ничего.",
        "files": [
            {
                "id": "FGVVA67AQ",
                "created": 1552403542,
                "timestamp": 1552403542,
                "name": "image.png",
                "title": "Pasted image at 2019-03-12, 5:12 PM",
                "mimetype": "image\/png",
                "filetype": "png",
                "pretty_type": "PNG",
                "user": "UFP7PTM99",
                "editable": false,
                "size": 29301,
                "mode": "hosted",
                "is_external": false,
                "external_type": "",
                "is_public": true,
                "public_url_shared": false,
                "display_as_bot": false,
                "username": "",
                "url_private": "https:\/\/files.slack.com\/files-pri\/TE09AK9BK-FGVVA67AQ\/image.png?t=xoxe-476316655393-618179035285-606757826531-bd1c7b831233e0d053294a8f47715ef5",
                "url_private_download": "https:\/\/files.slack.com\/files-pri\/TE09AK9BK-FGVVA67AQ\/download\/image.png?t=xoxe-476316655393-618179035285-606757826531-bd1c7b831233e0d053294a8f47715ef5",
                "thumb_64": "https:\/\/files.slack.com\/files-tmb\/TE09AK9BK-FGVVA67AQ-264540fedd\/image_64.png?t=xoxe-476316655393-618179035285-606757826531-bd1c7b831233e0d053294a8f47715ef5",
                "thumb_80": "https:\/\/files.slack.com\/files-tmb\/TE09AK9BK-FGVVA67AQ-264540fedd\/image_80.png?t=xoxe-476316655393-618179035285-606757826531-bd1c7b831233e0d053294a8f47715ef5",
                "thumb_360": "https:\/\/files.slack.com\/files-tmb\/TE09AK9BK-FGVVA67AQ-264540fedd\/image_360.png?t=xoxe-476316655393-618179035285-606757826531-bd1c7b831233e0d053294a8f47715ef5",
                "thumb_360_w": 360,
                "thumb_360_h": 86,
                "thumb_480": "https:\/\/files.slack.com\/files-tmb\/TE09AK9BK-FGVVA67AQ-264540fedd\/image_480.png?t=xoxe-476316655393-618179035285-606757826531-bd1c7b831233e0d053294a8f47715ef5",
                "thumb_480_w": 480,
                "thumb_480_h": 115,
                "thumb_160": "https:\/\/files.slack.com\/files-tmb\/TE09AK9BK-FGVVA67AQ-264540fedd\/image_160.png?t=xoxe-476316655393-618179035285-606757826531-bd1c7b831233e0d053294a8f47715ef5",
                "thumb_720": "https:\/\/files.slack.com\/files-tmb\/TE09AK9BK-FGVVA67AQ-264540fedd\/image_720.png?t=xoxe-476316655393-618179035285-606757826531-bd1c7b831233e0d053294a8f47715ef5",
                "thumb_720_w": 720,
                "thumb_720_h": 173,
                "thumb_800": "https:\/\/files.slack.com\/files-tmb\/TE09AK9BK-FGVVA67AQ-264540fedd\/image_800.png?t=xoxe-476316655393-618179035285-606757826531-bd1c7b831233e0d053294a8f47715ef5",
                "thumb_800_w": 800,
                "thumb_800_h": 192,
                "image_exif_rotation": 1,
                "original_w": 813,
                "original_h": 195,
                "permalink": "https:\/\/topjava16.slack.com\/files\/UFP7PTM99\/FGVVA67AQ\/image.png",
                "permalink_public": "https:\/\/slack-files.com\/TE09AK9BK-FGVVA67AQ-7b95bb2d43",
                "has_rich_preview": false
            }
        ],
        "upload": true,
        "user": "UFP7PTM99",
        "display_as_bot": false,
        "ts": "1552403545.111200",
        "thread_ts": "1552403372.110500",
        "parent_user_id": "UFP7PTM99"
    },
    {
        "client_msg_id": "c0c28ea0-a48e-45ee-a32c-29a0f3e5e47a",
        "type": "message",
        "text": "насколько я поняла тесты не умеют эти галочки сами менять. они запускаются или для одной базы все вместе, или для другой. в зависимости от галочки",
        "user": "UFPRT4B28",
        "ts": "1552403597.111600",
        "thread_ts": "1552403372.110500",
        "parent_user_id": "UFP7PTM99"
    },
    {
        "type": "message",
        "text": "в конфигурации у меня сейчас hsqldb и jdbc стоят галочки, запускаю вот такой тест - проходит все прекрасно. А вот с hsqldb в тесте нулями бросается :disappointed:",
        "files": [
            {
                "id": "FGW03EY7N",
                "created": 1552403857,
                "timestamp": 1552403857,
                "name": "image.png",
                "title": "Pasted image at 2019-03-12, 5:17 PM",
                "mimetype": "image\/png",
                "filetype": "png",
                "pretty_type": "PNG",
                "user": "UFP7PTM99",
                "editable": false,
                "size": 14170,
                "mode": "hosted",
                "is_external": false,
                "external_type": "",
                "is_public": true,
                "public_url_shared": false,
                "display_as_bot": false,
                "username": "",
                "url_private": "https:\/\/files.slack.com\/files-pri\/TE09AK9BK-FGW03EY7N\/image.png?t=xoxe-476316655393-618179035285-606757826531-bd1c7b831233e0d053294a8f47715ef5",
                "url_private_download": "https:\/\/files.slack.com\/files-pri\/TE09AK9BK-FGW03EY7N\/download\/image.png?t=xoxe-476316655393-618179035285-606757826531-bd1c7b831233e0d053294a8f47715ef5",
                "thumb_64": "https:\/\/files.slack.com\/files-tmb\/TE09AK9BK-FGW03EY7N-fa09400445\/image_64.png?t=xoxe-476316655393-618179035285-606757826531-bd1c7b831233e0d053294a8f47715ef5",
                "thumb_80": "https:\/\/files.slack.com\/files-tmb\/TE09AK9BK-FGW03EY7N-fa09400445\/image_80.png?t=xoxe-476316655393-618179035285-606757826531-bd1c7b831233e0d053294a8f47715ef5",
                "thumb_360": "https:\/\/files.slack.com\/files-tmb\/TE09AK9BK-FGW03EY7N-fa09400445\/image_360.png?t=xoxe-476316655393-618179035285-606757826531-bd1c7b831233e0d053294a8f47715ef5",
                "thumb_360_w": 360,
                "thumb_360_h": 107,
                "thumb_160": "https:\/\/files.slack.com\/files-tmb\/TE09AK9BK-FGW03EY7N-fa09400445\/image_160.png?t=xoxe-476316655393-618179035285-606757826531-bd1c7b831233e0d053294a8f47715ef5",
                "image_exif_rotation": 1,
                "original_w": 458,
                "original_h": 136,
                "permalink": "https:\/\/topjava16.slack.com\/files\/UFP7PTM99\/FGW03EY7N\/image.png",
                "permalink_public": "https:\/\/slack-files.com\/TE09AK9BK-FGW03EY7N-10572577e2",
                "has_rich_preview": false
            }
        ],
        "upload": true,
        "user": "UFP7PTM99",
        "display_as_bot": false,
        "ts": "1552403859.111800",
        "thread_ts": "1552403372.110500",
        "parent_user_id": "UFP7PTM99"
    },
    {
        "client_msg_id": "d4fc186b-6b51-4eff-aba4-bdb967622519",
        "type": "message",
        "text": "может, в настройках maven профили не меняются?",
        "user": "UFUQUNDRP",
        "ts": "1552404396.112200",
        "thread_ts": "1552403372.110500",
        "parent_user_id": "UFP7PTM99",
        "reactions": [
            {
                "name": "+1",
                "users": [
                    "UFP7PTM99"
                ],
                "count": 1
            }
        ]
    },
    {
        "client_msg_id": "cd10c1c3-17a8-4d04-a848-b50d52f4b0f2",
        "type": "message",
        "text": "Вот тут надо поменять руками. И в этом месте автоматически не меняется ничего, только руками",
        "user": "UFBHB8PFS",
        "ts": "1552404592.112400",
        "thread_ts": "1552403372.110500",
        "parent_user_id": "UFP7PTM99"
    },
    {
        "type": "message",
        "text": "",
        "files": [
            {
                "id": "FGVDXTV09",
                "created": 1552404595,
                "timestamp": 1552404595,
                "name": "image.png",
                "title": "Pasted image at 2019-03-12, 6:29 PM",
                "mimetype": "image\/png",
                "filetype": "png",
                "pretty_type": "PNG",
                "user": "UFBHB8PFS",
                "editable": false,
                "size": 48700,
                "mode": "hosted",
                "is_external": false,
                "external_type": "",
                "is_public": true,
                "public_url_shared": false,
                "display_as_bot": false,
                "username": "",
                "url_private": "https:\/\/files.slack.com\/files-pri\/TE09AK9BK-FGVDXTV09\/image.png?t=xoxe-476316655393-618179035285-606757826531-bd1c7b831233e0d053294a8f47715ef5",
                "url_private_download": "https:\/\/files.slack.com\/files-pri\/TE09AK9BK-FGVDXTV09\/download\/image.png?t=xoxe-476316655393-618179035285-606757826531-bd1c7b831233e0d053294a8f47715ef5",
                "thumb_64": "https:\/\/files.slack.com\/files-tmb\/TE09AK9BK-FGVDXTV09-9961a8a68d\/image_64.png?t=xoxe-476316655393-618179035285-606757826531-bd1c7b831233e0d053294a8f47715ef5",
                "thumb_80": "https:\/\/files.slack.com\/files-tmb\/TE09AK9BK-FGVDXTV09-9961a8a68d\/image_80.png?t=xoxe-476316655393-618179035285-606757826531-bd1c7b831233e0d053294a8f47715ef5",
                "thumb_360": "https:\/\/files.slack.com\/files-tmb\/TE09AK9BK-FGVDXTV09-9961a8a68d\/image_360.png?t=xoxe-476316655393-618179035285-606757826531-bd1c7b831233e0d053294a8f47715ef5",
                "thumb_360_w": 360,
                "thumb_360_h": 268,
                "thumb_480": "https:\/\/files.slack.com\/files-tmb\/TE09AK9BK-FGVDXTV09-9961a8a68d\/image_480.png?t=xoxe-476316655393-618179035285-606757826531-bd1c7b831233e0d053294a8f47715ef5",
                "thumb_480_w": 480,
                "thumb_480_h": 358,
                "thumb_160": "https:\/\/files.slack.com\/files-tmb\/TE09AK9BK-FGVDXTV09-9961a8a68d\/image_160.png?t=xoxe-476316655393-618179035285-606757826531-bd1c7b831233e0d053294a8f47715ef5",
                "image_exif_rotation": 1,
                "original_w": 616,
                "original_h": 459,
                "permalink": "https:\/\/topjava16.slack.com\/files\/UFBHB8PFS\/FGVDXTV09\/image.png",
                "permalink_public": "https:\/\/slack-files.com\/TE09AK9BK-FGVDXTV09-ca96a9be84",
                "has_rich_preview": false
            }
        ],
        "upload": true,
        "user": "UFBHB8PFS",
        "display_as_bot": false,
        "ts": "1552404597.112600",
        "thread_ts": "1552403372.110500",
        "parent_user_id": "UFP7PTM99",
        "reactions": [
            {
                "name": "+1",
                "users": [
                    "UFP7PTM99"
                ],
                "count": 1
            }
        ]
    },
    {
        "client_msg_id": "d5ab4401-c2b4-49d2-a2a6-2bc683a500f5",
        "type": "message",
        "text": "Всем спасибо :slightly_smiling_face:",
        "user": "UFP7PTM99",
        "ts": "1552406459.113200",
        "thread_ts": "1552403372.110500",
        "parent_user_id": "UFP7PTM99"
    },
    {
        "client_msg_id": "333803b4-09e4-4293-9c04-01f27f237214",
        "type": "message",
        "text": "Всем привет, не понимаю как реализовать default метод в Repository интерфейсе... \"5: Для уменьшения количества кода при реализации Optional (п. 7, только DataJpa) попробуйте сделать default метод в интерфейсе.\" если делать ссылку на UserRepository.get, то meals все равно будут null... Тогда надо получать ссылку на CrudRepository для того, чтобы сделать запрос с fetch с Meals, но тогда нам надо впрыснуть CrudRepository  в UserRepository... в Общем что-то я в ступоре тут... Подскажите, плиз, куда двигаться",
        "user": "UFZTDP64Q",
        "ts": "1552409869.120400",
        "edited": {
            "user": "UFZTDP64Q",
            "ts": "1552409922.000000"
        },
        "thread_ts": "1552409869.120400",
        "reply_count": 4,
        "reply_users_count": 3,
        "latest_reply": "1552410396.123400",
        "reply_users": [
            "UFKNK1SBG",
            "UFZTDP64Q",
            "UFT7XUWJX"
        ],
        "replies": [
            {
                "user": "UFKNK1SBG",
                "ts": "1552409998.120600"
            },
            {
                "user": "UFZTDP64Q",
                "ts": "1552410159.121900"
            },
            {
                "user": "UFT7XUWJX",
                "ts": "1552410242.123100"
            },
            {
                "user": "UFZTDP64Q",
                "ts": "1552410396.123400"
            }
        ]
    },
    {
        "client_msg_id": "568b2516-70a5-4637-ae9f-8d2585e99a35",
        "type": "message",
        "text": "В подсказках было.                                                                         4: Если у метода нет реализации, то стандартно бросается UnsupportedOperationException                                                   Т.е. в интерфейсе в дефолтном методе просто бросаешь исключение, а в DataJpa уже реализуешь как надо",
        "user": "UFKNK1SBG",
        "ts": "1552409998.120600",
        "edited": {
            "user": "UFKNK1SBG",
            "ts": "1552410043.000000"
        },
        "thread_ts": "1552409869.120400",
        "parent_user_id": "UFZTDP64Q",
        "reactions": [
            {
                "name": "+1",
                "users": [
                    "UFT7XUWJX",
                    "UFZTDP64Q"
                ],
                "count": 2
            }
        ]
    },
    {
        "client_msg_id": "1f540051-2c9b-427a-a094-6aea84a986be",
        "type": "message",
        "text": "спасибо большое",
        "user": "UFZTDP64Q",
        "ts": "1552410159.121900",
        "thread_ts": "1552409869.120400",
        "parent_user_id": "UFZTDP64Q"
    },
    {
        "client_msg_id": "0aab816d-6a20-4d0a-97c7-2354d5c306be",
        "type": "message",
        "text": "Как победить этот lazy? Беру еду. Прошу пользователя и фиг тебе. Убирать lazy или ставить в реализации метода вызов метода по id полученного пользователя?",
        "user": "UFT7XUWJX",
        "ts": "1552410178.122500",
        "thread_ts": "1552410178.122500",
        "reply_count": 7,
        "reply_users_count": 3,
        "latest_reply": "1552414469.132200",
        "reply_users": [
            "UFFJ077SL",
            "UFT7XUWJX",
            "UFPRT4B28"
        ],
        "replies": [
            {
                "user": "UFFJ077SL",
                "ts": "1552410440.123700"
            },
            {
                "user": "UFT7XUWJX",
                "ts": "1552410824.125300"
            },
            {
                "user": "UFPRT4B28",
                "ts": "1552411652.129300"
            },
            {
                "user": "UFT7XUWJX",
                "ts": "1552412011.130000"
            },
            {
                "user": "UFT7XUWJX",
                "ts": "1552412025.130200"
            },
            {
                "user": "UFPRT4B28",
                "ts": "1552414437.132000"
            },
            {
                "user": "UFPRT4B28",
                "ts": "1552414469.132200"
            }
        ]
    },
    {
        "client_msg_id": "ca402c86-8a1d-49b1-b610-d5758694660a",
        "type": "message",
        "text": "Спасибо. Не посмотрел - null-ами кидался )",
        "user": "UFT7XUWJX",
        "ts": "1552410242.123100",
        "thread_ts": "1552409869.120400",
        "parent_user_id": "UFZTDP64Q"
    },
    {
        "client_msg_id": "2f746f9d-653e-4017-94a4-d918e635d838",
        "type": "message",
        "text": "тоже так сделал, на проверке завернули...",
        "user": "UFZTDP64Q",
        "ts": "1552410396.123400",
        "thread_ts": "1552409869.120400",
        "parent_user_id": "UFZTDP64Q"
    },
    {
        "client_msg_id": "a659c2e7-95e6-4bfc-b33d-5686dc7f27f2",
        "type": "message",
        "text": "или смотреть в сторону fetch в query",
        "user": "UFFJ077SL",
        "ts": "1552410440.123700",
        "thread_ts": "1552410178.122500",
        "parent_user_id": "UFT7XUWJX",
        "reactions": [
            {
                "name": "+1",
                "users": [
                    "UFZTDP64Q",
                    "UFT7XUWJX"
                ],
                "count": 2
            }
        ]
    },
    {
        "client_msg_id": "3df0093a-95e9-4089-8534-77d660a128eb",
        "type": "message",
        "text": "Точно... это только через query... а я datajpa метод прицепил и не могу понять куда тут fetch можно запихать!",
        "user": "UFT7XUWJX",
        "ts": "1552410824.125300",
        "thread_ts": "1552410178.122500",
        "parent_user_id": "UFT7XUWJX"
    },
    {
        "client_msg_id": "b517026f-f7af-4035-9d51-42371739274e",
        "type": "message",
        "text": "Объясните пожалуйста по поводу пункта 6 Optional:\n_Починить MealServlet и использовать в SpringMain реализацию DB: добавить профили. Попробуйте поднять Spring контекст без использования spring.profiles.active_\nА то я даже не понял, где там что сломано было.",
        "user": "UFKNK1SBG",
        "ts": "1552411147.128400",
        "edited": {
            "user": "UFKNK1SBG",
            "ts": "1552411514.000000"
        },
        "thread_ts": "1552411147.128400",
        "reply_count": 8,
        "reply_users_count": 3,
        "latest_reply": "1552415491.132400",
        "reply_users": [
            "UFZTDP64Q",
            "UFKNK1SBG",
            "UFKG13683"
        ],
        "replies": [
            {
                "user": "UFZTDP64Q",
                "ts": "1552411439.128800"
            },
            {
                "user": "UFZTDP64Q",
                "ts": "1552411464.129000"
            },
            {
                "user": "UFKNK1SBG",
                "ts": "1552411654.129500"
            },
            {
                "user": "UFKNK1SBG",
                "ts": "1552411879.129800"
            },
            {
                "user": "UFZTDP64Q",
                "ts": "1552412237.130400"
            },
            {
                "user": "UFKG13683",
                "ts": "1552412618.131100"
            },
            {
                "user": "UFKNK1SBG",
                "ts": "1552414156.131800"
            },
            {
                "user": "UFKNK1SBG",
                "ts": "1552415491.132400"
            }
        ]
    },
    {
        "client_msg_id": "27f665b1-4300-4f62-ab8b-b7eee5410f02",
        "type": "message",
        "text": "оно",
        "user": "UFZTDP64Q",
        "ts": "1552411439.128800",
        "thread_ts": "1552411147.128400",
        "parent_user_id": "UFKNK1SBG"
    },
    {
        "client_msg_id": "b469d44f-0c20-4110-a83d-81e353ec1a85",
        "type": "message",
        "text": "убери решение :slightly_smiling_face: другим будет не интересно",
        "user": "UFZTDP64Q",
        "ts": "1552411464.129000",
        "thread_ts": "1552411147.128400",
        "parent_user_id": "UFKNK1SBG"
    },
    {
        "client_msg_id": "52c6aa91-6524-4bc8-a815-90ec37c57485",
        "type": "message",
        "text": "я еще через @EntityGraph сделала",
        "user": "UFPRT4B28",
        "ts": "1552411652.129300",
        "thread_ts": "1552410178.122500",
        "parent_user_id": "UFT7XUWJX"
    },
    {
        "client_msg_id": "3492732b-22d1-46c4-b78e-b405ce024a08",
        "type": "message",
        "text": "Убрал :slightly_smiling_face:",
        "user": "UFKNK1SBG",
        "ts": "1552411654.129500",
        "thread_ts": "1552411147.128400",
        "parent_user_id": "UFKNK1SBG",
        "reactions": [
            {
                "name": "+1",
                "users": [
                    "UFZTDP64Q"
                ],
                "count": 1
            }
        ]
    },
    {
        "client_msg_id": "aee7ae7b-2264-4147-ab0d-55752fa6e0fd",
        "type": "message",
        "text": "Но я все равно не понял, что там было сломано. Как эта поломка проявлялась? Т.е. как это вообще увидеть, что мол ага, тут что-то поломано. А то я о поломке узнал только потому, что в задании сказано, что она есть. Хочется ж самому ее увидеть, а то вдруг обманули, а я повелся :grin:",
        "user": "UFKNK1SBG",
        "ts": "1552411879.129800",
        "thread_ts": "1552411147.128400",
        "parent_user_id": "UFKNK1SBG"
    },
    {
        "client_msg_id": "a30ab918-1807-4009-856b-dc84d594e547",
        "type": "message",
        "text": "<@UFPRT4B28> это как?",
        "user": "UFT7XUWJX",
        "ts": "1552412011.130000",
        "thread_ts": "1552410178.122500",
        "parent_user_id": "UFT7XUWJX"
    },
    {
        "client_msg_id": "a4aee166-d99e-410e-a0e2-d7a3fa3383d1",
        "type": "message",
        "text": "Сделал через query = работает, Через граф показалось сложнее",
        "user": "UFT7XUWJX",
        "ts": "1552412025.130200",
        "edited": {
            "user": "UFT7XUWJX",
            "ts": "1552412994.000000"
        },
        "thread_ts": "1552410178.122500",
        "parent_user_id": "UFT7XUWJX"
    },
    {
        "client_msg_id": "db1b1812-7a0b-4589-993f-4ff811800703",
        "type": "message",
        "text": "ну ты убери применение профиля - будет тебе красота :slightly_smiling_face: я 3 часа с этой красотой парился",
        "user": "UFZTDP64Q",
        "ts": "1552412237.130400",
        "edited": {
            "user": "UFZTDP64Q",
            "ts": "1552412296.000000"
        },
        "thread_ts": "1552411147.128400",
        "parent_user_id": "UFKNK1SBG"
    },
    {
        "client_msg_id": "5e7a01d6-a878-41e8-a12d-adb02cbfb0a6",
        "type": "message",
        "text": "Пока мы в сервлете не засетали профили, то тогда спрингу будет не известно какой профиль использовать, какой репозиторий инжектить. В этом была и проблема",
        "user": "UFKG13683",
        "ts": "1552412618.131100",
        "thread_ts": "1552411147.128400",
        "parent_user_id": "UFKNK1SBG"
    },
    {
        "client_msg_id": "1afdf2a4-8247-474b-9058-b54360000deb",
        "type": "message",
        "text": "А, блин, дурья моя голова. Я все время тесты и SpringMain запускаю, а само приложение на этом этапе запустить я так ни разу и не догадался :sweat_smile:. Вот тут то исключения и вылетают. Правда в таком случае вот этот вариант просто всунуть\n`appCtx.getEnvironment().setActiveProfiles(Profiles.getActiveDbProfile(), Profiles.REPOSITORY_IMPLEMENTATION);`\n`            appCtx.refresh();`\nчто-то не работает. Ладно, буду думать дальше, теперь хоть ясно куда смотреть.",
        "user": "UFKNK1SBG",
        "ts": "1552414156.131800",
        "thread_ts": "1552411147.128400",
        "parent_user_id": "UFKNK1SBG"
    },
    {
        "client_msg_id": "b3b2d911-4c17-4356-b810-5685d7eea0e3",
        "type": "message",
        "text": "гуглила примеры и по аналогии сделала",
        "user": "UFPRT4B28",
        "ts": "1552414437.132000",
        "thread_ts": "1552410178.122500",
        "parent_user_id": "UFT7XUWJX"
    },
    {
        "client_msg_id": "70841da5-2df8-4655-936c-134dd45125b5",
        "type": "message",
        "text": "но на ревью сказали оставить только одно что-то )",
        "user": "UFPRT4B28",
        "ts": "1552414469.132200",
        "thread_ts": "1552410178.122500",
        "parent_user_id": "UFT7XUWJX"
    },
    {
        "client_msg_id": "cdb4d98d-cfeb-477c-a0ac-e5a65887a9b8",
        "type": "message",
        "text": "Фух, победил наконец-то. Использовал *_GenericXmlApplicationContext_* как в <https:\/\/dzone.com\/articles\/using-spring-profiles-xml>",
        "user": "UFKNK1SBG",
        "ts": "1552415491.132400",
        "attachments": [
            {
                "service_name": "dzone.com",
                "title": "Using Spring Profiles in XML Config - DZone Java",
                "title_link": "https:\/\/dzone.com\/articles\/using-spring-profiles-xml",
                "text": "Learn how to use spring profiles in an XML config with this great tutorial.",
                "fallback": "dzone.com: Using Spring Profiles in XML Config - DZone Java",
                "image_url": "https:\/\/dz2cdn2.dzone.com\/storage\/article-thumb\/13161-thumb.jpg",
                "from_url": "https:\/\/dzone.com\/articles\/using-spring-profiles-xml",
                "image_width": 269,
                "image_height": 168,
                "image_bytes": 22277,
                "service_icon": "https:\/\/dzone.com\/themes\/dz20\/images\/favicon.png",
                "id": 1,
                "original_url": "https:\/\/dzone.com\/articles\/using-spring-profiles-xml"
            }
        ],
        "thread_ts": "1552411147.128400",
        "parent_user_id": "UFKNK1SBG",
        "reactions": [
            {
                "name": "+1",
                "users": [
                    "UG134KF0U"
                ],
                "count": 1
            }
        ]
    },
    {
        "client_msg_id": "03512fb7-3fc6-4eb5-94cd-95fcf13c27e2",
        "type": "message",
        "text": "3.1 сделать один базовый класс для MealServiceTest и UserServiceTest.\nВопрос. Сделать для mealservice свой абстрактный класс и для userservice тоже ще один абстрактный, или вообще один для всех абстрактный?",
        "user": "UFTEY6H27",
        "ts": "1552416426.133900",
        "thread_ts": "1552416426.133900",
        "reply_count": 6,
        "reply_users_count": 5,
        "latest_reply": "1552480196.155000",
        "reply_users": [
            "UFPRT4B28",
            "UFLKE29QW",
            "UFKNK1SBG",
            "UFT7XUWJX",
            "UE1ULNT9V"
        ],
        "replies": [
            {
                "user": "UFPRT4B28",
                "ts": "1552416502.134000"
            },
            {
                "user": "UFLKE29QW",
                "ts": "1552416514.134200"
            },
            {
                "user": "UFKNK1SBG",
                "ts": "1552417414.134400"
            },
            {
                "user": "UFT7XUWJX",
                "ts": "1552418533.136500"
            },
            {
                "user": "UFKNK1SBG",
                "ts": "1552418606.136700"
            },
            {
                "user": "UE1ULNT9V",
                "ts": "1552480196.155000"
            }
        ]
    },
    {
        "client_msg_id": "8601a4a8-2f26-49f6-9772-9898d6c3f14c",
        "type": "message",
        "text": "один на всех",
        "user": "UFPRT4B28",
        "ts": "1552416502.134000",
        "thread_ts": "1552416426.133900",
        "parent_user_id": "UFTEY6H27"
    },
    {
        "client_msg_id": "efe19d3b-2b14-454d-a4d4-59f5cd78cac9",
        "type": "message",
        "text": "Я сделал один для всех. Общие методы сделал абстрактными как и сам класс",
        "user": "UFLKE29QW",
        "ts": "1552416514.134200",
        "thread_ts": "1552416426.133900",
        "parent_user_id": "UFTEY6H27"
    },
    {
        "client_msg_id": "f327403a-9344-45f9-8e8c-5c05c19f6850",
        "type": "message",
        "text": "Я сделал один базовый, в котором все общее, т.е. рулы, логгер, указание контекста и т.д. Потом от него унаследовал еще 2 абстрактных, т.е. для Meal и для User, в которых реализации методов, а уже от них унаследовал для каждого случая, т.е. DataJpa, Jpa. Jdbc, и в них уже вообще ничего нет, только объявление класса и аннотация @ActiveProfiles сверху",
        "user": "UFKNK1SBG",
        "ts": "1552417414.134400",
        "thread_ts": "1552416426.133900",
        "parent_user_id": "UFTEY6H27"
    },
    {
        "client_msg_id": "6ee94044-fd8b-461f-b2e1-73b378824cad",
        "type": "message",
        "text": "Кто-нибудь задумывался как оставить сайт работоспособным после отката транзакции? Попробуйте в поле количество калорий указать число больше максимального... к примеру 10000. У меня падает сайт с ошибкой - откат транзакции.",
        "user": "UFT7XUWJX",
        "ts": "1552418490.136400",
        "thread_ts": "1552418490.136400",
        "reply_count": 2,
        "reply_users_count": 2,
        "latest_reply": "1552481022.156100",
        "reply_users": [
            "UFZT3QMU6",
            "UE1ULNT9V"
        ],
        "replies": [
            {
                "user": "UFZT3QMU6",
                "ts": "1552418727.136900"
            },
            {
                "user": "UE1ULNT9V",
                "ts": "1552481022.156100"
            }
        ]
    },
    {
        "client_msg_id": "0d457e98-7c01-4c3e-9580-97de13d6b0aa",
        "type": "message",
        "text": "и дополнительные методы: вся еда юзера и весь юзер еды )",
        "user": "UFT7XUWJX",
        "ts": "1552418533.136500",
        "thread_ts": "1552416426.133900",
        "parent_user_id": "UFTEY6H27"
    },
    {
        "client_msg_id": "2e846fab-a541-4139-be3d-8052a20b8dd4",
        "type": "message",
        "text": "ну это уже если с учетом опциональной части))",
        "user": "UFKNK1SBG",
        "ts": "1552418606.136700",
        "thread_ts": "1552416426.133900",
        "parent_user_id": "UFTEY6H27"
    },
    {
        "client_msg_id": "69d35e29-a7a7-478e-a82f-51a00d23b98a",
        "type": "message",
        "text": "Если я правильно понимаю проблему - ловить исключение и как-то его обрабатывать. Чаще всего упаковывать в нужный ResponseBody с нужным кодом ответа.",
        "user": "UFZT3QMU6",
        "ts": "1552418727.136900",
        "thread_ts": "1552418490.136400",
        "parent_user_id": "UFT7XUWJX"
    },
    {
        "client_msg_id": "b9984a06-bcd2-4fa9-82f8-8da8f1763e16",
        "type": "message",
        "text": "Вот что пишут про db: postgres 9.4.1208, HSQLDB 2.4.0 etc understand Java 8 Time API without any conversations!",
        "user": "UFLKE29QW",
        "ts": "1552422503.138000"
    },
    {
        "client_msg_id": "2079824f-13fe-4831-b2d1-7c25411d94fe",
        "type": "message",
        "text": "<https:\/\/stackoverflow.com\/questions\/8992282\/convert-localdate-to-localdatetime-or-java-sql-timestamp>",
        "user": "UFLKE29QW",
        "ts": "1552422508.138200",
        "attachments": [
            {
                "service_name": "Stack Overflow",
                "title": "Convert LocalDate to LocalDateTime or java.sql.Timestamp",
                "title_link": "https:\/\/stackoverflow.com\/questions\/8992282\/convert-localdate-to-localdatetime-or-java-sql-timestamp",
                "text": "I am using JodaTime 1.6.2. I have a LocalDate that I need to convert to either a (Joda) LocalDateTime, or a java.sqlTimestamp for ormapping. The reason for this is I have figured out how to convert",
                "fallback": "Stack Overflow: Convert LocalDate to LocalDateTime or java.sql.Timestamp",
                "thumb_url": "https:\/\/cdn.sstatic.net\/Sites\/stackoverflow\/img\/apple-touch-icon@2.png?v=73d79a89bded",
                "from_url": "https:\/\/stackoverflow.com\/questions\/8992282\/convert-localdate-to-localdatetime-or-java-sql-timestamp",
                "thumb_width": 316,
                "thumb_height": 316,
                "service_icon": "https:\/\/cdn.sstatic.net\/Sites\/stackoverflow\/img\/favicon.ico?v=4f32ecc8f43d",
                "id": 1,
                "original_url": "https:\/\/stackoverflow.com\/questions\/8992282\/convert-localdate-to-localdatetime-or-java-sql-timestamp"
            }
        ],
        "thread_ts": "1552422508.138200",
        "reply_count": 1,
        "reply_users_count": 1,
        "latest_reply": "1552422547.138400",
        "reply_users": [
            "UFLKE29QW"
        ],
        "replies": [
            {
                "user": "UFLKE29QW",
                "ts": "1552422547.138400"
            }
        ]
    },
    {
        "client_msg_id": "b051e60b-f27a-43b5-b85c-d06f63f8b5c3",
        "type": "message",
        "text": "Проверил. Все работает",
        "user": "UFLKE29QW",
        "ts": "1552422547.138400",
        "thread_ts": "1552422508.138200",
        "parent_user_id": "UFLKE29QW"
    },
    {
        "client_msg_id": "bc96d960-8a33-4a7c-ae95-95846fc4fd18",
        "type": "message",
        "text": "org.hibernate.QueryException: Named parameter not bound.... мало ли у кого то проблема такая будет.. где-то час не мог понять в чем дело. Всё думал, что где-то отличается имя при запросе и в базе данных. В итоге просто оказалось надо внимательно запрос посмотреть. Важно чтобы перед параметром двоеточие стояло, то есть: SELECT m FROM Meal m WHERE m.user.id = :userId и SELECT m FROM Meal m WHERE m.user.id = : userId не одно и то же.",
        "user": "UERDM12SG",
        "ts": "1552459328.141700",
        "reactions": [
            {
                "name": "+1",
                "users": [
                    "UFLKE29QW"
                ],
                "count": 1
            }
        ]
    }
]