[
    {
        "type": "message",
        "text": "",
        "files": [
            {
                "id": "FGZSKT5HA",
                "created": 1552641876,
                "timestamp": 1552641876,
                "name": "incorrect_jdk.jpg",
                "title": "incorrect_jdk.jpg",
                "mimetype": "image\/jpeg",
                "filetype": "jpg",
                "pretty_type": "JPEG",
                "user": "UFZT3QMU6",
                "editable": false,
                "size": 130141,
                "mode": "hosted",
                "is_external": false,
                "external_type": "",
                "is_public": true,
                "public_url_shared": false,
                "display_as_bot": false,
                "username": "",
                "url_private": "https:\/\/files.slack.com\/files-pri\/TE09AK9BK-FGZSKT5HA\/incorrect_jdk.jpg?t=xoxe-476316655393-618179035285-606757826531-bd1c7b831233e0d053294a8f47715ef5",
                "url_private_download": "https:\/\/files.slack.com\/files-pri\/TE09AK9BK-FGZSKT5HA\/download\/incorrect_jdk.jpg?t=xoxe-476316655393-618179035285-606757826531-bd1c7b831233e0d053294a8f47715ef5",
                "thumb_64": "https:\/\/files.slack.com\/files-tmb\/TE09AK9BK-FGZSKT5HA-69d42ddc36\/incorrect_jdk_64.jpg?t=xoxe-476316655393-618179035285-606757826531-bd1c7b831233e0d053294a8f47715ef5",
                "thumb_80": "https:\/\/files.slack.com\/files-tmb\/TE09AK9BK-FGZSKT5HA-69d42ddc36\/incorrect_jdk_80.jpg?t=xoxe-476316655393-618179035285-606757826531-bd1c7b831233e0d053294a8f47715ef5",
                "thumb_360": "https:\/\/files.slack.com\/files-tmb\/TE09AK9BK-FGZSKT5HA-69d42ddc36\/incorrect_jdk_360.jpg?t=xoxe-476316655393-618179035285-606757826531-bd1c7b831233e0d053294a8f47715ef5",
                "thumb_360_w": 360,
                "thumb_360_h": 360,
                "thumb_480": "https:\/\/files.slack.com\/files-tmb\/TE09AK9BK-FGZSKT5HA-69d42ddc36\/incorrect_jdk_480.jpg?t=xoxe-476316655393-618179035285-606757826531-bd1c7b831233e0d053294a8f47715ef5",
                "thumb_480_w": 480,
                "thumb_480_h": 480,
                "thumb_160": "https:\/\/files.slack.com\/files-tmb\/TE09AK9BK-FGZSKT5HA-69d42ddc36\/incorrect_jdk_160.jpg?t=xoxe-476316655393-618179035285-606757826531-bd1c7b831233e0d053294a8f47715ef5",
                "image_exif_rotation": 1,
                "original_w": 650,
                "original_h": 650,
                "permalink": "https:\/\/topjava16.slack.com\/files\/UFZT3QMU6\/FGZSKT5HA\/incorrect_jdk.jpg",
                "permalink_public": "https:\/\/slack-files.com\/TE09AK9BK-FGZSKT5HA-10137d2f88",
                "has_rich_preview": false
            }
        ],
        "upload": true,
        "user": "UFZT3QMU6",
        "display_as_bot": false,
        "ts": "1552641879.162600",
        "thread_ts": "1552471391.150200",
        "parent_user_id": "UFZT3QMU6"
    },
    {
        "client_msg_id": "921965e6-78f0-46bd-906d-d3cb5e2d8456",
        "type": "message",
        "text": "А какая версия IDEA?",
        "user": "UF6HMCG3X",
        "ts": "1552644872.163000",
        "thread_ts": "1552471391.150200",
        "parent_user_id": "UFZT3QMU6",
        "reactions": [
            {
                "name": "+1",
                "users": [
                    "UE1ULNT9V"
                ],
                "count": 1
            }
        ]
    },
    {
        "client_msg_id": "7dd62283-4a0f-4e70-bf8f-d6c3df50771e",
        "type": "message",
        "text": "Магия))",
        "user": "UFZT3QMU6",
        "ts": "1552650323.163200",
        "thread_ts": "1552323224.075800",
        "parent_user_id": "UFP7PTM99"
    }
]