[
    {
        "client_msg_id": "69a4daa3-f502-4b69-a1d6-ae9164550536",
        "type": "message",
        "text": "в видео вроде бы говорилось, что это не обязательно. будут просто отличия небольшие",
        "user": "UFPRT4B28",
        "ts": "1552129218.044200",
        "thread_ts": "1552110776.043600",
        "parent_user_id": "UFKR9FT55",
        "reactions": [
            {
                "name": "heavy_check_mark",
                "users": [
                    "UE1ULNT9V"
                ],
                "count": 1
            }
        ]
    },
    {
        "client_msg_id": "0b6a259e-56d4-452c-a5b8-704fd1446c92",
        "type": "message",
        "text": "Я нагуглил вон чего:\n<http:\/\/www.captaindebug.com\/2012\/08\/using-spring-profiles-in-xml-config.html>\nЯ объявил контекст как GenericXml, спокойно у него беру environment, устанавливаю профили, потом вызываю context.load(наши xml файлы) и refresh(). Всё как по ссылке.. Не знаю, насколько это правильное решение, но всё заработало",
        "user": "UFCJPCJ4U",
        "ts": "1552147402.044800",
        "attachments": [
            {
                "title": "Using Spring Profiles in XML Config",
                "title_link": "http:\/\/www.captaindebug.com\/2012\/08\/using-spring-profiles-in-xml-config.html",
                "text": "Java tips, observations, bugs and problems from the world of Spring, Weblogic, Oracle, MySQL and many other technologies...",
                "fallback": "Using Spring Profiles in XML Config",
                "from_url": "http:\/\/www.captaindebug.com\/2012\/08\/using-spring-profiles-in-xml-config.html",
                "service_icon": "http:\/\/www.captaindebug.com\/favicon.ico",
                "service_name": "captaindebug.com",
                "id": 1,
                "original_url": "http:\/\/www.captaindebug.com\/2012\/08\/using-spring-profiles-in-xml-config.html"
            }
        ],
        "thread_ts": "1552050346.030900",
        "parent_user_id": "UFHCGQ525"
    },
    {
        "client_msg_id": "45b81b58-99ef-4829-a9d9-41f7cf442ed9",
        "type": "message",
        "text": "Есть ещё и ibm реализация jdk",
        "user": "UFH1T9S1Y",
        "ts": "1552195932.046300",
        "thread_ts": "1552044913.028600",
        "parent_user_id": "UFW2XS0HX"
    }
]