[
    {
        "client_msg_id": "083f0523-0ab4-4fc6-bdc2-dcd20468f4d0",
        "type": "message",
        "text": "мы будет делать защиту от xss на последнем уроке. и на стороне сервера. что значит xss, если очень любопытно до урока, можно в википедии почитать:) шаблон- да, удаляй",
        "user": "UE1ULNT9V",
        "ts": "1552771238.165400",
        "edited": {
            "user": "UE1ULNT9V",
            "ts": "1552771253.000000"
        },
        "thread_ts": "1552585419.160800",
        "parent_user_id": "UFPRT4B28",
        "reactions": [
            {
                "name": "+1",
                "users": [
                    "UFPRT4B28"
                ],
                "count": 1
            }
        ]
    },
    {
        "client_msg_id": "537b58af-8367-40c7-9a0d-0899adb46c39",
        "type": "message",
        "text": "+ проверь- точно ли там у тебя JDK",
        "user": "UE1ULNT9V",
        "ts": "1552771725.166600",
        "edited": {
            "user": "UE1ULNT9V",
            "ts": "1552771730.000000"
        },
        "thread_ts": "1552471391.150200",
        "parent_user_id": "UFZT3QMU6"
    }
]