[
    {
        "client_msg_id": "a90a32f7-47ea-4ba5-80ce-4be29975b3ba",
        "type": "message",
        "text": "Жаль после видеоролика про переход на 11 джаву нет ссылок как в ролике о изменениях.",
        "user": "UFT7XUWJX",
        "ts": "1551958204.013800",
        "thread_ts": "1551958204.013800",
        "reply_count": 2,
        "reply_users_count": 2,
        "latest_reply": "1552044827.027700",
        "reply_users": [
            "UFT7XUWJX",
            "UFW2XS0HX"
        ],
        "replies": [
            {
                "user": "UFT7XUWJX",
                "ts": "1551959075.014000"
            },
            {
                "user": "UFW2XS0HX",
                "ts": "1552044827.027700"
            }
        ]
    },
    {
        "client_msg_id": "c05c5218-8b13-4e9e-80f7-a29f272bbd99",
        "type": "message",
        "text": "Оно там есть. Просто не в уроке, а под видео.",
        "user": "UFT7XUWJX",
        "ts": "1551959075.014000",
        "thread_ts": "1551958204.013800",
        "parent_user_id": "UFT7XUWJX"
    },
    {
        "client_msg_id": "1fffefe1-bd4e-4174-b56b-f92ea2f0620a",
        "type": "message",
        "text": "Всем привет. Поставил openjdk 11, внёс соответствующие изменения в PATH и JAVA_HOME. Но команда java -version по-прежнему выдает версию 1.8. У кого-нибудь была такая проблема? Как решали? (Сижу под виндой)",
        "user": "UFM61AMHA",
        "ts": "1551973691.019800",
        "thread_ts": "1551973691.019800",
        "reply_count": 7,
        "reply_users_count": 7,
        "latest_reply": "1553865709.000300",
        "reply_users": [
            "UFP7PTM99",
            "UFTEY6H27",
            "UFT7XUWJX",
            "UFM61AMHA",
            "UFKNK1SBG",
            "UGW0NTE7N",
            "UFE4U2FL5"
        ],
        "replies": [
            {
                "user": "UFP7PTM99",
                "ts": "1551974369.021900"
            },
            {
                "user": "UFTEY6H27",
                "ts": "1551974394.022100"
            },
            {
                "user": "UFT7XUWJX",
                "ts": "1551975077.022300"
            },
            {
                "user": "UFM61AMHA",
                "ts": "1551984791.022700"
            },
            {
                "user": "UFKNK1SBG",
                "ts": "1552028262.025300"
            },
            {
                "user": "UGW0NTE7N",
                "ts": "1552549182.159300"
            },
            {
                "user": "UFE4U2FL5",
                "ts": "1553865709.000300"
            }
        ]
    },
    {
        "client_msg_id": "01edebed-0076-4c8e-a3fc-7347c1b11137",
        "type": "message",
        "text": "Стало интересно, прописал в cmd - тоже самое выдает. А в чем проблема то?) Компилятор дает использовать фишки 11-ой и в проекте цифра 11 стоит, порядок же. Главное функциональность.",
        "user": "UFP7PTM99",
        "ts": "1551974369.021900",
        "thread_ts": "1551973691.019800",
        "parent_user_id": "UFM61AMHA"
    },
    {
        "client_msg_id": "668ce4a7-2a4c-457a-bee7-c7b1db92f0e5",
        "type": "message",
        "text": "Вот я тоже не пойму)))",
        "user": "UFTEY6H27",
        "ts": "1551974394.022100",
        "thread_ts": "1551973691.019800",
        "parent_user_id": "UFM61AMHA"
    },
    {
        "client_msg_id": "6b045df4-d178-4430-9cc2-042fc5018a39",
        "type": "message",
        "text": "А если запустите на выполнения с конфигурацией томкат, то он покажет 11 )",
        "user": "UFT7XUWJX",
        "ts": "1551975077.022300",
        "thread_ts": "1551973691.019800",
        "parent_user_id": "UFM61AMHA"
    },
    {
        "client_msg_id": "8e4dd0bd-e2ef-45d4-b7a0-fab23023643b",
        "type": "message",
        "text": "Просто непонятно теперь как работают переменные окружения, и почему при их изменении версия java по умолчанию не меняется... Но на проекте это действительно пока не сказывается)",
        "user": "UFM61AMHA",
        "ts": "1551984791.022700",
        "thread_ts": "1551973691.019800",
        "parent_user_id": "UFM61AMHA"
    },
    {
        "client_msg_id": "97c8c49f-e4f3-4148-a2e5-f1605823582e",
        "type": "message",
        "text": "кто-нибудь понимает, зачем в тестах перед каждым методом очищать кэш? в методах меняющих базу стоит аннотация @CacheEvict(value = \"users\", allEntries = true), ее не достаточно для того чтоб при обращении в базу кэш сам чистился? или класс для тестирования не видит этих аннотаций?",
        "user": "UFPRT4B28",
        "ts": "1551991063.025100",
        "thread_ts": "1551991063.025100",
        "reply_count": 3,
        "reply_users_count": 2,
        "latest_reply": "1552033501.026100",
        "reply_users": [
            "UFKG13683",
            "UFPRT4B28"
        ],
        "replies": [
            {
                "user": "UFKG13683",
                "ts": "1552029732.025500"
            },
            {
                "user": "UFKG13683",
                "ts": "1552030010.025700"
            },
            {
                "user": "UFPRT4B28",
                "ts": "1552033501.026100"
            }
        ]
    },
    {
        "client_msg_id": "ea1471ed-1c2f-485c-be1c-a4c3f0bd4ec0",
        "type": "message",
        "text": "А у меня вообще что-то странное творится. Вчера, когда поставил 11 и поменял все переменные, java -version показывало openjdk 11. Сегодня утром увидел это сообщение, решил у себя еще раз проверить, теперь уже java -version показывало jdk 10 (у меня 10 стояла а не 8 ). Ну да и ладно думаю. Потом вроде ничего особенного не делал, ну там в проекте копался, ну идею новую поставил (а то моя старая в 11 версию языка не умела) и вдруг решил зачем-то еще раз глянуть версию. И уже опять показывает openjdk 11. Что за чертовщина происходит? :sweat_smile:",
        "user": "UFKNK1SBG",
        "ts": "1552028262.025300",
        "thread_ts": "1551973691.019800",
        "parent_user_id": "UFM61AMHA"
    },
    {
        "client_msg_id": "f084fc46-4727-4339-b12c-438960ef21fb",
        "type": "message",
        "text": "<@UFPRT4B28> А ты попробуй закомментируй метод setUp в тестах и посмотри что будет",
        "user": "UFKG13683",
        "ts": "1552029732.025500",
        "thread_ts": "1551991063.025100",
        "parent_user_id": "UFPRT4B28"
    },
    {
        "client_msg_id": "1828a7d9-fc9f-4e2e-975a-3a75da1d8fd0",
        "type": "message",
        "text": "Мы вызываем метод delete в тестах. В методе delete стоит @CacheEvict следовательно кеш очищается. Потом мы в методе delete в тестах вызываем getAll чтобы проверить. И данные попадают в кеш. И потом, когда мы тестируем уже метод getAll в тестах , то данные берутся из кеша, а в кеше будет 1 юзер а не 2 потому что в прошлом тесте мы удалили юзера",
        "user": "UFKG13683",
        "ts": "1552030010.025700",
        "thread_ts": "1551991063.025100",
        "parent_user_id": "UFPRT4B28",
        "reactions": [
            {
                "name": "+1",
                "users": [
                    "UFPRT4B28"
                ],
                "count": 1
            }
        ]
    }
]