[
    {
        "user": "UE1ULNT9V",
        "type": "message",
        "subtype": "channel_join",
        "ts": "1551302154.000200",
        "text": "<@UE1ULNT9V> has joined the channel"
    },
    {
        "user": "UE1ULNT9V",
        "type": "message",
        "subtype": "channel_topic",
        "ts": "1551302168.000300",
        "text": "<@UE1ULNT9V> set the channel topic: <https:\/\/github.com\/JavaWebinar\/topjava\/blob\/doc\/doc\/lesson04.md>",
        "topic": "<https:\/\/github.com\/JavaWebinar\/topjava\/blob\/doc\/doc\/lesson04.md>"
    },
    {
        "user": "UF3JGRQSX",
        "type": "message",
        "subtype": "channel_join",
        "ts": "1551302235.001100",
        "text": "<@UF3JGRQSX> has joined the channel"
    },
    {
        "client_msg_id": "49fc6da4-2d76-49f3-ad65-205373ef6272",
        "type": "message",
        "text": "Четвертое занятие: популирование данных через Spring, JPA,Hibernate, HSQLDB\nМатериалов по ORM\/JPA огромное количество. Чтобы не утонуть - *не надо пытаться освоить все сразу*.\nПока достаточно того, что нужно для выполнения HW4.",
        "user": "UE1ULNT9V",
        "ts": "1551302257.001600"
    },
    {
        "user": "UFJBMRL7K",
        "type": "message",
        "subtype": "channel_join",
        "ts": "1551302375.001800",
        "text": "<@UFJBMRL7K> has joined the channel"
    },
    {
        "user": "UFM61AMHA",
        "type": "message",
        "subtype": "channel_join",
        "ts": "1551302389.002000",
        "text": "<@UFM61AMHA> has joined the channel"
    },
    {
        "user": "UF6HMCG3X",
        "type": "message",
        "subtype": "channel_join",
        "ts": "1551302576.002200",
        "text": "<@UF6HMCG3X> has joined the channel"
    },
    {
        "user": "UFWFV6VH7",
        "type": "message",
        "subtype": "channel_join",
        "ts": "1551302665.002400",
        "text": "<@UFWFV6VH7> has joined the channel"
    },
    {
        "user": "UF99MJGKU",
        "type": "message",
        "subtype": "channel_join",
        "ts": "1551302678.002600",
        "text": "<@UF99MJGKU> has joined the channel"
    },
    {
        "user": "UG134KF0U",
        "type": "message",
        "subtype": "channel_join",
        "ts": "1551302874.002800",
        "text": "<@UG134KF0U> has joined the channel"
    },
    {
        "user": "UFQFJRADC",
        "type": "message",
        "subtype": "channel_join",
        "ts": "1551303505.003000",
        "text": "<@UFQFJRADC> has joined the channel"
    },
    {
        "user": "UFKMGA8S3",
        "type": "message",
        "subtype": "channel_join",
        "ts": "1551303550.003200",
        "text": "<@UFKMGA8S3> has joined the channel"
    },
    {
        "user": "UF8AK4161",
        "type": "message",
        "subtype": "channel_join",
        "ts": "1551303985.003400",
        "text": "<@UF8AK4161> has joined the channel"
    },
    {
        "user": "UERCRCF6D",
        "type": "message",
        "subtype": "channel_join",
        "ts": "1551305197.003600",
        "text": "<@UERCRCF6D> has joined the channel"
    },
    {
        "user": "UFHCGQ525",
        "type": "message",
        "subtype": "channel_join",
        "ts": "1551305750.003800",
        "text": "<@UFHCGQ525> has joined the channel"
    },
    {
        "user": "UF954Q6RW",
        "type": "message",
        "subtype": "channel_join",
        "ts": "1551307057.004000",
        "text": "<@UF954Q6RW> has joined the channel"
    },
    {
        "user": "UFPL22Z5E",
        "type": "message",
        "subtype": "channel_join",
        "ts": "1551307150.004200",
        "text": "<@UFPL22Z5E> has joined the channel"
    },
    {
        "user": "UFLKE29QW",
        "type": "message",
        "subtype": "channel_join",
        "ts": "1551307677.004400",
        "text": "<@UFLKE29QW> has joined the channel"
    },
    {
        "user": "UF7MD83EU",
        "type": "message",
        "subtype": "channel_join",
        "ts": "1551308422.004600",
        "text": "<@UF7MD83EU> has joined the channel"
    },
    {
        "user": "UG92VFWFR",
        "type": "message",
        "subtype": "channel_join",
        "ts": "1551308696.004800",
        "text": "<@UG92VFWFR> has joined the channel"
    },
    {
        "user": "UFAG403GE",
        "type": "message",
        "subtype": "channel_join",
        "ts": "1551309644.005000",
        "text": "<@UFAG403GE> has joined the channel"
    },
    {
        "user": "UF2FGUDPH",
        "type": "message",
        "subtype": "channel_join",
        "ts": "1551311409.005200",
        "text": "<@UF2FGUDPH> has joined the channel"
    }
]