[
    {
        "client_msg_id": "626db2de-62b1-49ae-ab16-75382735a208",
        "type": "message",
        "text": "Добавил себе в логгирования в logback\n    &lt;logger name=\"org.hibernate.SQL\" level=\"debug\"\/&gt;\n    &lt;logger name=\"org.springframework.transaction\" level=\"trace\"\/&gt;\nТеперь наглядно видно, когда начинается транзакция и когда она заканчивается",
        "user": "UFFJ077SL",
        "ts": "1551688252.080300"
    },
    {
        "client_msg_id": "0fc5e00c-4e5e-46af-998a-d8756c26c110",
        "type": "message",
        "text": "Да вот только так не работает (чрз ref). Хотя в NamedQuery может отработать.",
        "user": "UFZT3QMU6",
        "ts": "1551689301.080400",
        "thread_ts": "1551676661.078600",
        "parent_user_id": "UFFJ077SL"
    },
    {
        "client_msg_id": "6499077b-42c9-4cf6-bef4-ba81cf87a84f",
        "type": "message",
        "text": "И еще, по твоему комменту, мы не можем проверить существование юзера. А можем только запросив его из БД чрз find.",
        "user": "UFZT3QMU6",
        "ts": "1551689640.080600",
        "thread_ts": "1551676661.078600",
        "parent_user_id": "UFFJ077SL"
    },
    {
        "client_msg_id": "36129e82-be3d-4cd1-9bcb-b95e06ca616a",
        "type": "message",
        "text": "Вообще, по логике JPA Lazy, когда мы обращаемся к meal.getUser - получаем null, когда обращаемся к meal.getUser().getId - запрос ушел в бд и вернулся ИД. А получаем NPE. Выглядит так, что это только в самих запросах работает (\"select m.user.id from Meal m\")",
        "user": "UFZT3QMU6",
        "ts": "1551690222.083900",
        "thread_ts": "1551690222.083900",
        "reply_count": 5,
        "reply_users_count": 3,
        "latest_reply": "1551691235.085000",
        "reply_users": [
            "UE1ULNT9V",
            "UFZT3QMU6",
            "UFFJ077SL"
        ],
        "replies": [
            {
                "user": "UE1ULNT9V",
                "ts": "1551690486.084100"
            },
            {
                "user": "UFZT3QMU6",
                "ts": "1551690677.084400"
            },
            {
                "user": "UFZT3QMU6",
                "ts": "1551690986.084600"
            },
            {
                "user": "UFFJ077SL",
                "ts": "1551691062.084800"
            },
            {
                "user": "UFFJ077SL",
                "ts": "1551691235.085000"
            }
        ]
    },
    {
        "client_msg_id": "a8c53785-5ccd-4ffa-a7b5-9e1c1bdde201",
        "type": "message",
        "text": "если ты про meal, которая из базы дотстатся, то\nmeal.getUser - если стоит LAZY, то получаем прокси обертку. если к ней обращение не в транзакции то будет LazyInitializationException. Если это не из базы- то думаю что пояснения не требуются",
        "user": "UE1ULNT9V",
        "ts": "1551690486.084100",
        "edited": {
            "user": "UE1ULNT9V",
            "ts": "1551690501.000000"
        },
        "thread_ts": "1551690222.083900",
        "parent_user_id": "UFZT3QMU6"
    },
    {
        "client_msg_id": "c39b0755-6ac2-4032-aee0-4776d38481d3",
        "type": "message",
        "text": "И тут получается непонятно, как быть - получили meal, можем просто обновить, не глядя, а по хорошему надо проверить что userId = meal.getUser.getId, а юзера нет, из-за Lazy fetch. И доп.запросы вы говорите нельзя.",
        "user": "UFZT3QMU6",
        "ts": "1551690677.084400",
        "thread_ts": "1551690222.083900",
        "parent_user_id": "UFZT3QMU6"
    },
    {
        "client_msg_id": "8d37f0b3-5471-44f3-8f0c-7b2bf46a294a",
        "type": "message",
        "text": "Вариант <@UFFJ077SL> - это как раз обновление не глядя, еще и без проверки на null.",
        "user": "UFZT3QMU6",
        "ts": "1551690986.084600",
        "thread_ts": "1551690222.083900",
        "parent_user_id": "UFZT3QMU6"
    },
    {
        "client_msg_id": "c2ea401d-3e74-46c3-9f45-6ab071f6654b",
        "type": "message",
        "text": "<@UFZT3QMU6>, я так сделал, потому что в подсказках по ДЗ4 не заметил, что нужно делать по другому ( и в моем случае не работает апдейт почему то",
        "user": "UFFJ077SL",
        "ts": "1551691062.084800",
        "thread_ts": "1551690222.083900",
        "parent_user_id": "UFZT3QMU6"
    },
    {
        "client_msg_id": "064dc97d-ee96-45f0-bb4a-40968ed62dc6",
        "type": "message",
        "text": "но я не понял, как\nUser ref = em.getReference(User.class, userId);\n meal.setUser(ref);\nпомогает нам получить объект User, все равно, чтобы получить объект, должен сделаться запрос в базу?",
        "user": "UFFJ077SL",
        "ts": "1551691235.085000",
        "thread_ts": "1551690222.083900",
        "parent_user_id": "UFZT3QMU6"
    },
    {
        "client_msg_id": "fae1ddf3-a064-4d8a-819b-d0b70de979ae",
        "type": "message",
        "text": "Привет всем! Делаю опциональную часть и никак не могу сообразить, как логирование в файл настроить. Сделал, как мы делали в контроллерах - после тестов в файл ничего не пишется. Время собираю через стандартный Rule timewatcher. Направьте в нужную сторону:)",
        "user": "UFE7TR83Z",
        "ts": "1551695811.089700",
        "thread_ts": "1551695811.089700",
        "reply_count": 8,
        "reply_users_count": 3,
        "latest_reply": "1551702587.092000",
        "reply_users": [
            "UFPRT4B28",
            "UFE7TR83Z",
            "UF6HMCG3X"
        ],
        "replies": [
            {
                "user": "UFPRT4B28",
                "ts": "1551697004.090600"
            },
            {
                "user": "UFE7TR83Z",
                "ts": "1551697486.090800"
            },
            {
                "user": "UF6HMCG3X",
                "ts": "1551697552.091000"
            },
            {
                "user": "UFE7TR83Z",
                "ts": "1551697650.091200"
            },
            {
                "user": "UF6HMCG3X",
                "ts": "1551699092.091400"
            },
            {
                "user": "UFE7TR83Z",
                "ts": "1551702389.091600"
            },
            {
                "user": "UF6HMCG3X",
                "ts": "1551702546.091800"
            },
            {
                "user": "UF6HMCG3X",
                "ts": "1551702587.092000"
            }
        ]
    },
    {
        "client_msg_id": "022fefe8-20dd-4b3d-a104-f1d628d6d485",
        "type": "message",
        "text": "не пишется только в файл, или в принципе ничего не пишется даже в консоль?",
        "user": "UFPRT4B28",
        "ts": "1551697004.090600",
        "thread_ts": "1551695811.089700",
        "parent_user_id": "UFE7TR83Z"
    },
    {
        "client_msg_id": "eed39287-e274-4225-9691-762a91bb65f1",
        "type": "message",
        "text": "В консоль все выводится.",
        "user": "UFE7TR83Z",
        "ts": "1551697486.090800",
        "thread_ts": "1551695811.089700",
        "parent_user_id": "UFE7TR83Z"
    },
    {
        "client_msg_id": "243b31c3-86eb-4f3a-bb17-32ee206995c1",
        "type": "message",
        "text": "А что в файле logback.xml? и переменная TOPJAVA_ROOT определена в системе?",
        "user": "UF6HMCG3X",
        "ts": "1551697552.091000",
        "thread_ts": "1551695811.089700",
        "parent_user_id": "UFE7TR83Z"
    },
    {
        "client_msg_id": "c9a633d2-ea1f-46dd-ab2c-a473757ecd80",
        "type": "message",
        "text": "Xml файл не менял, переменную по-моему прописывал, чуть позже проверю",
        "user": "UFE7TR83Z",
        "ts": "1551697650.091200",
        "thread_ts": "1551695811.089700",
        "parent_user_id": "UFE7TR83Z"
    },
    {
        "client_msg_id": "61c98429-354c-4758-8f5c-53de801392aa",
        "type": "message",
        "text": "Для тестов есть отдельный logback, он настроен только на вывод в консоль.",
        "user": "UF6HMCG3X",
        "ts": "1551699092.091400",
        "thread_ts": "1551695811.089700",
        "parent_user_id": "UFE7TR83Z"
    },
    {
        "client_msg_id": "cf997466-361d-4890-92bd-c353d6c93d96",
        "type": "message",
        "text": "Олег, получается для тестов нужно отдельный logback.xml сделать?",
        "user": "UFE7TR83Z",
        "ts": "1551702389.091600",
        "thread_ts": "1551695811.089700",
        "parent_user_id": "UFE7TR83Z"
    },
    {
        "client_msg_id": "7c89693d-d1c9-4e86-b704-7ae6d15b0b94",
        "type": "message",
        "text": "Он уже есть.",
        "user": "UF6HMCG3X",
        "ts": "1551702546.091800",
        "thread_ts": "1551695811.089700",
        "parent_user_id": "UFE7TR83Z"
    },
    {
        "client_msg_id": "e4e6e0a2-65d6-4d0a-9bff-6413a798182a",
        "type": "message",
        "text": "test-&gt;resources",
        "user": "UF6HMCG3X",
        "ts": "1551702587.092000",
        "thread_ts": "1551695811.089700",
        "parent_user_id": "UFE7TR83Z"
    },
    {
        "client_msg_id": "2166a097-3002-4f47-ba6d-ac03c6f9b584",
        "type": "message",
        "text": "Вопрос возник по-поводу Id-шников. В нашей реализации мы подразумеваем что id еды не уникально, поэтому постоянно сверяем еще и с id user-a которому еда принадлежит, первичный ключ в таком случае это комбинации двух ID ? В чем приимущество такого подхода над реализацией когда мы гарантируем каждому экземпляру еды уникальный id?",
        "user": "UFP7PTM99",
        "ts": "1551705771.098300",
        "edited": {
            "user": "UFP7PTM99",
            "ts": "1551705786.000000"
        },
        "thread_ts": "1551705771.098300",
        "reply_count": 9,
        "reply_users_count": 3,
        "latest_reply": "1551710215.104400",
        "reply_users": [
            "UFVTNRHNK",
            "UF3BP78SF",
            "UFP7PTM99"
        ],
        "replies": [
            {
                "user": "UFVTNRHNK",
                "ts": "1551706286.098700"
            },
            {
                "user": "UF3BP78SF",
                "ts": "1551706382.098900"
            },
            {
                "user": "UF3BP78SF",
                "ts": "1551706450.099100"
            },
            {
                "user": "UFP7PTM99",
                "ts": "1551708257.100700"
            },
            {
                "user": "UF3BP78SF",
                "ts": "1551708600.101000"
            },
            {
                "user": "UFP7PTM99",
                "ts": "1551709025.102400"
            },
            {
                "user": "UF3BP78SF",
                "ts": "1551709146.103400"
            },
            {
                "user": "UFP7PTM99",
                "ts": "1551709551.103600"
            },
            {
                "user": "UF3BP78SF",
                "ts": "1551710215.104400"
            }
        ]
    },
    {
        "client_msg_id": "31f9f2d5-62a4-4ced-88ef-f3ac297c8fd5",
        "type": "message",
        "text": "тут мы скорее это делаем для того чтобы, пользователь мог редактировать только свою еду, т.е берем еду по id и проверяем его ли это еда, если не проверять по user_id , то будет возможность редактировать чужую еду",
        "user": "UFVTNRHNK",
        "ts": "1551706286.098700",
        "thread_ts": "1551705771.098300",
        "parent_user_id": "UFP7PTM99"
    },
    {
        "client_msg_id": "4efa100c-2a08-4d25-a9c8-9e11e2f39645",
        "type": "message",
        "text": "вощем то айди еды уникальный. есть еще колонка с айди юзеров чтобы определить какому юзеру принадлежит еда. Как раз это поле неуникально т.к. одному и тому же юзеру может принадлежать несколько экземпляров еды.",
        "user": "UF3BP78SF",
        "ts": "1551706382.098900",
        "thread_ts": "1551705771.098300",
        "parent_user_id": "UFP7PTM99"
    },
    {
        "type": "message",
        "text": "",
        "files": [
            {
                "id": "FGNLGV069",
                "created": 1551706446,
                "timestamp": 1551706446,
                "name": "image.png",
                "title": "Pasted image at 2019-03-04, 5:34 PM",
                "mimetype": "image\/png",
                "filetype": "png",
                "pretty_type": "PNG",
                "user": "UF3BP78SF",
                "editable": false,
                "size": 37948,
                "mode": "hosted",
                "is_external": false,
                "external_type": "",
                "is_public": true,
                "public_url_shared": false,
                "display_as_bot": false,
                "username": "",
                "url_private": "https:\/\/files.slack.com\/files-pri\/TE09AK9BK-FGNLGV069\/image.png?t=xoxe-476316655393-618179035285-606757826531-bd1c7b831233e0d053294a8f47715ef5",
                "url_private_download": "https:\/\/files.slack.com\/files-pri\/TE09AK9BK-FGNLGV069\/download\/image.png?t=xoxe-476316655393-618179035285-606757826531-bd1c7b831233e0d053294a8f47715ef5",
                "thumb_64": "https:\/\/files.slack.com\/files-tmb\/TE09AK9BK-FGNLGV069-4e64cc4b01\/image_64.png?t=xoxe-476316655393-618179035285-606757826531-bd1c7b831233e0d053294a8f47715ef5",
                "thumb_80": "https:\/\/files.slack.com\/files-tmb\/TE09AK9BK-FGNLGV069-4e64cc4b01\/image_80.png?t=xoxe-476316655393-618179035285-606757826531-bd1c7b831233e0d053294a8f47715ef5",
                "thumb_360": "https:\/\/files.slack.com\/files-tmb\/TE09AK9BK-FGNLGV069-4e64cc4b01\/image_360.png?t=xoxe-476316655393-618179035285-606757826531-bd1c7b831233e0d053294a8f47715ef5",
                "thumb_360_w": 360,
                "thumb_360_h": 92,
                "thumb_480": "https:\/\/files.slack.com\/files-tmb\/TE09AK9BK-FGNLGV069-4e64cc4b01\/image_480.png?t=xoxe-476316655393-618179035285-606757826531-bd1c7b831233e0d053294a8f47715ef5",
                "thumb_480_w": 480,
                "thumb_480_h": 123,
                "thumb_160": "https:\/\/files.slack.com\/files-tmb\/TE09AK9BK-FGNLGV069-4e64cc4b01\/image_160.png?t=xoxe-476316655393-618179035285-606757826531-bd1c7b831233e0d053294a8f47715ef5",
                "thumb_720": "https:\/\/files.slack.com\/files-tmb\/TE09AK9BK-FGNLGV069-4e64cc4b01\/image_720.png?t=xoxe-476316655393-618179035285-606757826531-bd1c7b831233e0d053294a8f47715ef5",
                "thumb_720_w": 720,
                "thumb_720_h": 185,
                "thumb_800": "https:\/\/files.slack.com\/files-tmb\/TE09AK9BK-FGNLGV069-4e64cc4b01\/image_800.png?t=xoxe-476316655393-618179035285-606757826531-bd1c7b831233e0d053294a8f47715ef5",
                "thumb_800_w": 800,
                "thumb_800_h": 205,
                "image_exif_rotation": 1,
                "original_w": 884,
                "original_h": 227,
                "permalink": "https:\/\/topjava16.slack.com\/files\/UF3BP78SF\/FGNLGV069\/image.png",
                "permalink_public": "https:\/\/slack-files.com\/TE09AK9BK-FGNLGV069-38cdeb5b98",
                "has_rich_preview": false
            }
        ],
        "upload": true,
        "user": "UF3BP78SF",
        "display_as_bot": false,
        "ts": "1551706450.099100",
        "thread_ts": "1551705771.098300",
        "parent_user_id": "UFP7PTM99"
    },
    {
        "client_msg_id": "c457662b-8146-4b29-9cbd-732c21b9465b",
        "type": "message",
        "text": "Не проходит тест updateNotFound выбивает Exception: java.lang.AssertionError: Expected exception: ru.javawebinar.topjava.util.exception.NotFoundException. Так и должно быть? 11 ночи, туплю немного)))",
        "user": "UF6HMCG3X",
        "ts": "1551707527.100600",
        "thread_ts": "1551707527.100600",
        "reply_count": 3,
        "reply_users_count": 3,
        "latest_reply": "1551712122.104800",
        "reply_users": [
            "UF3BP78SF",
            "UF6HMCG3X",
            "UFE7TR83Z"
        ],
        "replies": [
            {
                "user": "UF3BP78SF",
                "ts": "1551708754.102100"
            },
            {
                "user": "UF6HMCG3X",
                "ts": "1551709796.103800"
            },
            {
                "user": "UFE7TR83Z",
                "ts": "1551712122.104800"
            }
        ]
    },
    {
        "client_msg_id": "076b5171-8f4d-403d-9247-8d73e4470426",
        "type": "message",
        "text": "Мне кажеться странным выносить логику приложения на уровень базы.\n Проще вытаскивать из базы по двум id-шникам, чем на уровне сервисов  фильтровать попытки модифицировать чужую еду? Насколько это распространенная практика?\nP.s. почему-то думал что id user-a служит дополнением для гаранта уникальности.",
        "user": "UFP7PTM99",
        "ts": "1551708257.100700",
        "edited": {
            "user": "UFP7PTM99",
            "ts": "1551708337.000000"
        },
        "thread_ts": "1551705771.098300",
        "parent_user_id": "UFP7PTM99"
    },
    {
        "client_msg_id": "379fb878-fc96-42c5-9ada-c271ec3dca2d",
        "type": "message",
        "text": "придумай другой способ как в базе идентифицировать какому юзеру принадлежит еда. я пока более простого способа не наблюдал.",
        "user": "UF3BP78SF",
        "ts": "1551708600.101000",
        "edited": {
            "user": "UF3BP78SF",
            "ts": "1551708904.000000"
        },
        "thread_ts": "1551705771.098300",
        "parent_user_id": "UFP7PTM99"
    },
    {
        "client_msg_id": "4449821d-81d3-44eb-9d27-d8f944aef2f8",
        "type": "message",
        "text": "Объясните пожалуйста, как через em.getReference(User.class, userId) мы получаем User (прокси), а потом нормального юзера? Поглядел по логу, запрос к таблице users не делался",
        "user": "UFFJ077SL",
        "ts": "1551708716.102000",
        "thread_ts": "1551708716.102000",
        "reply_count": 16,
        "reply_users_count": 4,
        "latest_reply": "1551791692.121900",
        "reply_users": [
            "UFFJ077SL",
            "UFP7PTM99",
            "UFE7TR83Z",
            "UFZT3QMU6"
        ],
        "replies": [
            {
                "user": "UFFJ077SL",
                "ts": "1551709066.103200"
            },
            {
                "user": "UFP7PTM99",
                "ts": "1551709822.104000"
            },
            {
                "user": "UFFJ077SL",
                "ts": "1551709904.104200"
            },
            {
                "user": "UFE7TR83Z",
                "ts": "1551712326.105000"
            },
            {
                "user": "UFP7PTM99",
                "ts": "1551712635.105200"
            },
            {
                "user": "UFZT3QMU6",
                "ts": "1551712842.105500"
            },
            {
                "user": "UFP7PTM99",
                "ts": "1551712961.105700"
            },
            {
                "user": "UFP7PTM99",
                "ts": "1551713296.106100"
            },
            {
                "user": "UFP7PTM99",
                "ts": "1551713884.107500"
            },
            {
                "user": "UFFJ077SL",
                "ts": "1551713929.108100"
            },
            {
                "user": "UFP7PTM99",
                "ts": "1551713942.108300"
            },
            {
                "user": "UFP7PTM99",
                "ts": "1551713971.108500"
            },
            {
                "user": "UFFJ077SL",
                "ts": "1551714016.108700"
            },
            {
                "user": "UFP7PTM99",
                "ts": "1551714024.108900"
            },
            {
                "user": "UFFJ077SL",
                "ts": "1551791682.121700"
            },
            {
                "user": "UFFJ077SL",
                "ts": "1551791692.121900"
            }
        ]
    },
    {
        "client_msg_id": "f927f215-426f-4df0-83c9-54a217f05b91",
        "type": "message",
        "text": "Тест ждет что будет NotFoundException а выкидывает другой эксепшен. Без кода сложно сказать. У меня этот тест проходит",
        "user": "UF3BP78SF",
        "ts": "1551708754.102100",
        "thread_ts": "1551707527.100600",
        "parent_user_id": "UF6HMCG3X"
    },
    {
        "client_msg_id": "1e4dae49-d686-42e5-b13c-68c1cd7f889f",
        "type": "message",
        "text": "<@UF3BP78SF> Я вообще-то не предлагал ничего подобного, зачем это придумывать?",
        "user": "UFP7PTM99",
        "ts": "1551709025.102400",
        "thread_ts": "1551705771.098300",
        "parent_user_id": "UFP7PTM99"
    },
    {
        "client_msg_id": "b154eecd-7cc9-41f7-aae8-48d870271fe7",
        "type": "message",
        "text": "или он взял User из кэша? Потому что при логине уже получал пользователей?",
        "user": "UFFJ077SL",
        "ts": "1551709066.103200",
        "thread_ts": "1551708716.102000",
        "parent_user_id": "UFFJ077SL"
    },
    {
        "client_msg_id": "395f152e-23b0-4ad8-98ec-bca645190438",
        "type": "message",
        "text": "ну ты же говоришь что есть более простой способ. что ты имеешь в виду когда говоришь что можно вытащить по двум айдишникам? я не очень понял",
        "user": "UF3BP78SF",
        "ts": "1551709146.103400",
        "thread_ts": "1551705771.098300",
        "parent_user_id": "UFP7PTM99"
    },
    {
        "client_msg_id": "a7d86394-faf4-498f-b1c3-4daba8ec2415",
        "type": "message",
        "text": "Это был вопрос, а не утверждение, там же знак стоит))\nПерефрезирую:\n\nРазве проще\/правильнее в базе вытаскивать по двум айдишникам таким образом избегая ситуации когда пользователь редактирует не свою еду ЧЕМ ограничить пользователя на слое сервисов(бизнес-логики) от подобных попыток ? Мы логику прямо в базе реализуем как бы, я не знаю, может это нормальная и распространенная практика, но с моей колокольни  - это выглядит странно.",
        "user": "UFP7PTM99",
        "ts": "1551709551.103600",
        "thread_ts": "1551705771.098300",
        "parent_user_id": "UFP7PTM99"
    },
    {
        "client_msg_id": "eefddc1a-8255-4edf-ba7f-c83355f1d40a",
        "type": "message",
        "text": "Ошибся в логике. В методе save присваивал еде юзера при любом раскладе.",
        "user": "UF6HMCG3X",
        "ts": "1551709796.103800",
        "thread_ts": "1551707527.100600",
        "parent_user_id": "UF6HMCG3X"
    },
    {
        "client_msg_id": "8d7e81bf-7886-4a85-89ab-fb8262aafc46",
        "type": "message",
        "text": "Из какого кеша?) Ты же обращешься к EntityManager который суть интерфейс JPA и работает с базой, логично предположить что все таки из базы тащит, может этот кусок не логируется просто?\n\nБыло бы странно если бы интерфейс по работе с базой вытягивал данные не из базы.",
        "user": "UFP7PTM99",
        "ts": "1551709822.104000",
        "thread_ts": "1551708716.102000",
        "parent_user_id": "UFFJ077SL"
    },
    {
        "client_msg_id": "e1432e50-9f75-47ea-a647-28133c2023d7",
        "type": "message",
        "text": "тогда непонятно, если запрос был, почему он не логируется",
        "user": "UFFJ077SL",
        "ts": "1551709904.104200",
        "thread_ts": "1551708716.102000",
        "parent_user_id": "UFFJ077SL"
    },
    {
        "client_msg_id": "dd181e1b-9b36-4b09-b523-f5b6cf266f43",
        "type": "message",
        "text": "да, не заметил знак.  В принципе наверное можно просто взять еду по айдишнику и в сервисе отфильтровать если еда чужая.  Но все таки думаю лучше что если еда чужая из базы ничего не брать. т.к. передача ненужных объектов это более затратная операция чем чуть более сложный запрос.",
        "user": "UF3BP78SF",
        "ts": "1551710215.104400",
        "thread_ts": "1551705771.098300",
        "parent_user_id": "UFP7PTM99"
    },
    {
        "client_msg_id": "7e604ead-81c8-4f98-854b-2d294585a57e",
        "type": "message",
        "text": "Тоже на этом не один час убил)",
        "user": "UFE7TR83Z",
        "ts": "1551712122.104800",
        "thread_ts": "1551707527.100600",
        "parent_user_id": "UF6HMCG3X"
    },
    {
        "client_msg_id": "5630f8d1-8fd6-4fcd-abd8-7e289cd5f43d",
        "type": "message",
        "text": "Вроде в видео было, что hibernate делает свой контекст с бинами, примерно как spring. Наверное, getReference вытаскивает ссылку на один из бинов",
        "user": "UFE7TR83Z",
        "ts": "1551712326.105000",
        "thread_ts": "1551708716.102000",
        "parent_user_id": "UFFJ077SL"
    },
    {
        "client_msg_id": "6f5cf71a-e99e-448a-b3c3-5cdbc1b2ac66",
        "type": "message",
        "text": "<@UFE7TR83Z> используя em.getReference(User.class, userId)\nмы хотим получить конкретную сущность. Бины в спринге по дефолту синлтоны, а тут нам нужен один конкретный объект из многих, он полюбому из базы берет его. мы же просто даем ему id и говорим какую сущность мы хотим на выходе.\n\nОн по ссылке на класс найдет у себя(в контексте?) соответствие объекта и таблицы в базе, а потом пойдет в базу вынимать по id этот объект.",
        "user": "UFP7PTM99",
        "ts": "1551712635.105200",
        "edited": {
            "user": "UFP7PTM99",
            "ts": "1551712691.000000"
        },
        "thread_ts": "1551708716.102000",
        "parent_user_id": "UFFJ077SL"
    },
    {
        "client_msg_id": "e8d61c51-dabb-470b-a4f8-703ec025ee40",
        "type": "message",
        "text": "Товарищи, вы не поняли суть Reference? Работали когда-нибудь с WeakReference, StrongReference, WeakHashMap? Или указателями в C++? Подобный reference (по русски - ссылка) создает и Hibernate, если я правильно понял. Туда можно вставить любой ИД. Запроса к бд при работе с ним не делается. Проверок никаких не выполняется.",
        "user": "UFZT3QMU6",
        "ts": "1551712842.105500",
        "thread_ts": "1551708716.102000",
        "parent_user_id": "UFFJ077SL"
    },
    {
        "client_msg_id": "0777d0b0-c321-4e9f-b77f-de5459f62717",
        "type": "message",
        "text": "Значит во всем вышенаписанном я не прав) пойду почитаю документацию по этим методам - разберусь - отпишу)",
        "user": "UFP7PTM99",
        "ts": "1551712961.105700",
        "thread_ts": "1551708716.102000",
        "parent_user_id": "UFFJ077SL"
    },
    {
        "client_msg_id": "df7f5b8c-0354-4cce-93ed-ddc121fef478",
        "type": "message",
        "text": "Т.к. мое решение все равно код ревью не проходит, могу выложить его здесь:\n(<@UFFJ077SL> я раскритиковал твою update-часть метода, а про create сказал, что опытным путем пришел к тому же)",
        "user": "UFZT3QMU6",
        "ts": "1551713240.106000",
        "thread_ts": "1551713240.106000",
        "reply_count": 7,
        "reply_users_count": 3,
        "latest_reply": "1551724752.112500",
        "reply_users": [
            "UFZT3QMU6",
            "UFKG13683",
            "UFT7XUWJX"
        ],
        "replies": [
            {
                "user": "UFZT3QMU6",
                "ts": "1551713309.106300"
            },
            {
                "user": "UFZT3QMU6",
                "ts": "1551713411.106600"
            },
            {
                "user": "UFKG13683",
                "ts": "1551717146.109600"
            },
            {
                "user": "UFT7XUWJX",
                "ts": "1551724576.111900"
            },
            {
                "user": "UFZT3QMU6",
                "ts": "1551724688.112100"
            },
            {
                "user": "UFZT3QMU6",
                "ts": "1551724747.112300"
            },
            {
                "user": "UFKG13683",
                "ts": "1551724752.112500"
            }
        ]
    },
    {
        "client_msg_id": "f6181dba-aff2-4aee-bafa-19be32721d26",
        "type": "message",
        "text": "Документация к выше обсуждаемому методу:\n\nGet an instance, whose state may be lazily fetched. If the requested instance does not exist in the database, the EntityNotFoundException is thrown when the instance state is first accessed. (The persistence provider runtime is permitted to throw the EntityNotFoundException when getReference is called.) The application should not expect that the instance state will be available upon detachment, unless it was accessed by the application while the entity manager was open.",
        "user": "UFP7PTM99",
        "ts": "1551713296.106100",
        "edited": {
            "user": "UFP7PTM99",
            "ts": "1551713341.000000"
        },
        "thread_ts": "1551708716.102000",
        "parent_user_id": "UFFJ077SL"
    },
    {
        "client_msg_id": "58917d2f-277b-4bb5-b9ea-920848ffb90c",
        "type": "message",
        "text": "public Meal save(Meal meal, int userId) {\n        if (meal.isNew()) {\n            User user = em.find(User.class, userId);\n            if (user == null) throw new IllegalArgumentException(\"Такой userId не существует!\");\n            meal.setUser(user);\n            em.persist(meal);\n            return meal;\n        } else {\n            \/\/check if meal belongs to user\n            Meal that = get(meal.getId(), userId);\n            Meal exists = get(meal.getId());\n            if (that != null) {\n                meal.setUser(that.getUser());\n                return em.merge(meal);\n            } else if (exists != null) {\n                throw new AccessDeniedException(\"Вам не разрешено изменять эту еду!\");\n            } else throw new NotFoundException(\"Запрашиваемая еда не существует!\");\n        }\n    }",
        "user": "UFZT3QMU6",
        "ts": "1551713309.106300",
        "thread_ts": "1551713240.106000",
        "parent_user_id": "UFZT3QMU6"
    },
    {
        "client_msg_id": "7108fdde-187f-45ac-be3f-558224e037a0",
        "type": "message",
        "text": "Примерно так и нужно писать в реальном проекте. Только я бы еще добавил 1ю строку:\nif (userId &lt;= 0) throw new IllegalArgumentException(\"Неверный userId!\");\nА в этом учебном проекте надо сделать без лишних запросов к бд.",
        "user": "UFZT3QMU6",
        "ts": "1551713411.106600",
        "thread_ts": "1551713240.106000",
        "parent_user_id": "UFZT3QMU6"
    },
    {
        "client_msg_id": "92d63606-0acd-465a-a0b4-5fd13b7ed0c1",
        "type": "message",
        "text": "а MealServiceTest у нас должен работать?",
        "user": "UFFJ077SL",
        "ts": "1551713708.107200",
        "thread_ts": "1551713708.107200",
        "reply_count": 2,
        "reply_users_count": 2,
        "latest_reply": "1551716540.109400",
        "reply_users": [
            "UFFJ077SL",
            "UFPRT4B28"
        ],
        "replies": [
            {
                "user": "UFFJ077SL",
                "ts": "1551713835.107300"
            },
            {
                "user": "UFPRT4B28",
                "ts": "1551716540.109400"
            }
        ]
    },
    {
        "client_msg_id": "d54dc01f-40a0-477a-b983-0d6af7ea3ba9",
        "type": "message",
        "text": "пришлось вернуться к компараторам с игнорированием полей :confused:",
        "user": "UFFJ077SL",
        "ts": "1551713835.107300",
        "thread_ts": "1551713708.107200",
        "parent_user_id": "UFFJ077SL"
    },
    {
        "client_msg_id": "1ac3ff13-95af-4df4-898c-7ec677596cc9",
        "type": "message",
        "text": "Вот собственно ответ на вопрос:\n\nUnlike find, the getReference only returns an entity Proxy which only has the identifier set. If you access the Proxy, the associated SQL statement will be triggered as long as the EntityManager is still open.\n\nHowever, in this case, we don’t need to access the entity Proxy. We only want to propagate the Foreign Key to the underlying table record so loading a Proxy is sufficient for this use case.\n\nWhen loading a Proxy, you need to be aware that a LazyInitializationException can be thrown if you try to access the Proxy reference after the EntityManager is closed.",
        "user": "UFP7PTM99",
        "ts": "1551713884.107500",
        "thread_ts": "1551708716.102000",
        "parent_user_id": "UFFJ077SL"
    },
    {
        "client_msg_id": "3ae53746-78bd-401b-8257-7b5003d82028",
        "type": "message",
        "text": "тоесть у прокси есть только айдишник?",
        "user": "UFFJ077SL",
        "ts": "1551713929.108100",
        "thread_ts": "1551708716.102000",
        "parent_user_id": "UFFJ077SL"
    },
    {
        "client_msg_id": "7b34fbb9-5944-4687-a334-2c7c0c6a313a",
        "type": "message",
        "text": "Угу",
        "user": "UFP7PTM99",
        "ts": "1551713942.108300",
        "thread_ts": "1551708716.102000",
        "parent_user_id": "UFFJ077SL"
    },
    {
        "client_msg_id": "9af32fc4-e641-411d-9100-d957ef812af8",
        "type": "message",
        "text": "А остальное подтянеться если EM еще живой и мы попытаемся  использовать этот прокси",
        "user": "UFP7PTM99",
        "ts": "1551713971.108500",
        "thread_ts": "1551708716.102000",
        "parent_user_id": "UFFJ077SL"
    },
    {
        "client_msg_id": "d4b91b5d-360b-463a-97eb-360bbbb6972f",
        "type": "message",
        "text": "но так как мы не запрашиваем ничего остального, то запроса не происходит, так?",
        "user": "UFFJ077SL",
        "ts": "1551714016.108700",
        "thread_ts": "1551708716.102000",
        "parent_user_id": "UFFJ077SL"
    },
    {
        "client_msg_id": "964a3bcb-3242-44cf-99d8-11f5c47028d6",
        "type": "message",
        "text": "Так",
        "user": "UFP7PTM99",
        "ts": "1551714024.108900",
        "thread_ts": "1551708716.102000",
        "parent_user_id": "UFFJ077SL"
    },
    {
        "client_msg_id": "aa74d140-eed3-45cf-9eae-076634178e77",
        "type": "message",
        "text": "должен",
        "user": "UFPRT4B28",
        "ts": "1551716540.109400",
        "thread_ts": "1551713708.107200",
        "parent_user_id": "UFFJ077SL"
    },
    {
        "client_msg_id": "3d79a244-4da4-4fdb-9a81-b9d61b287472",
        "type": "message",
        "text": "<@UFZT3QMU6> только это в разы проще можно сделать",
        "user": "UFKG13683",
        "ts": "1551717146.109600",
        "thread_ts": "1551713240.106000",
        "parent_user_id": "UFZT3QMU6"
    },
    {
        "client_msg_id": "51d83c6a-3f23-4649-9790-b00acdc02bdf",
        "type": "message",
        "text": "у меня хоть find() хоть getReference() - user = null, а дебажить хибернэйт с 100м уровнем вложенности...",
        "user": "UFT7XUWJX",
        "ts": "1551724576.111900",
        "thread_ts": "1551713240.106000",
        "parent_user_id": "UFZT3QMU6"
    },
    {
        "client_msg_id": "b371f3f5-7e8f-4f68-a23c-5d3cf9ba81bf",
        "type": "message",
        "text": "<@UFKG13683> кто-то настолько опытен, что и мыслит и пишет сразу stream'ами) я до такой стадии еще не дошел.",
        "user": "UFZT3QMU6",
        "ts": "1551724688.112100",
        "thread_ts": "1551713240.106000",
        "parent_user_id": "UFZT3QMU6"
    },
    {
        "client_msg_id": "dea1b689-80f2-47af-aaa8-32b170b9ce9b",
        "type": "message",
        "text": "<@UFT7XUWJX> См. книгу в general. Reference не может быть null.",
        "user": "UFZT3QMU6",
        "ts": "1551724747.112300",
        "thread_ts": "1551713240.106000",
        "parent_user_id": "UFZT3QMU6"
    },
    {
        "client_msg_id": "fefd37e5-0ce4-42ff-b4cb-96f7f7679780",
        "type": "message",
        "text": "<@UFZT3QMU6> причем здесь стримы ",
        "user": "UFKG13683",
        "ts": "1551724752.112500",
        "thread_ts": "1551713240.106000",
        "parent_user_id": "UFZT3QMU6"
    },
    {
        "client_msg_id": "22a20e54-b42e-4a26-9997-0759ffc8cdbf",
        "type": "message",
        "text": "Проверку можно делать так:\n Meal meal = em.find(Meal.class, id);\n        if (meal.getUser().getId() != userId){\n            return null;\n        }",
        "user": "UFT7XUWJX",
        "ts": "1551733208.114700",
        "thread_ts": "1551733208.114700",
        "reply_count": 11,
        "reply_users_count": 3,
        "latest_reply": "1551805947.129300",
        "reply_users": [
            "UFT7XUWJX",
            "UFP7PTM99",
            "UFBHB8PFS"
        ],
        "replies": [
            {
                "user": "UFT7XUWJX",
                "ts": "1551733229.114800"
            },
            {
                "user": "UFP7PTM99",
                "ts": "1551734002.115000"
            },
            {
                "user": "UFT7XUWJX",
                "ts": "1551734274.115200"
            },
            {
                "user": "UFT7XUWJX",
                "ts": "1551734275.115400"
            },
            {
                "user": "UFT7XUWJX",
                "ts": "1551734291.115600"
            },
            {
                "user": "UFP7PTM99",
                "ts": "1551745973.116400"
            },
            {
                "user": "UFP7PTM99",
                "ts": "1551745994.116600"
            },
            {
                "user": "UFT7XUWJX",
                "ts": "1551783025.120300"
            },
            {
                "user": "UFP7PTM99",
                "ts": "1551789520.121300"
            },
            {
                "user": "UFBHB8PFS",
                "ts": "1551805846.129100"
            },
            {
                "user": "UFBHB8PFS",
                "ts": "1551805947.129300"
            }
        ]
    },
    {
        "client_msg_id": "f4f8aff1-59cc-4be0-bae5-87d9ef3e4974",
        "type": "message",
        "text": "Или надо через запрос к базе?",
        "user": "UFT7XUWJX",
        "ts": "1551733229.114800",
        "thread_ts": "1551733208.114700",
        "parent_user_id": "UFT7XUWJX"
    },
    {
        "client_msg_id": "ffbacdbb-4b7c-49ab-9e47-5ce8481b1a92",
        "type": "message",
        "text": "find это и есть запрос к базе",
        "user": "UFP7PTM99",
        "ts": "1551734002.115000",
        "thread_ts": "1551733208.114700",
        "parent_user_id": "UFT7XUWJX"
    },
    {
        "client_msg_id": "0b23e607-eab1-44c0-9818-ee1653825012",
        "type": "message",
        "text": "я имел ввиду NamedQuerry",
        "user": "UFT7XUWJX",
        "ts": "1551734274.115200",
        "thread_ts": "1551733208.114700",
        "parent_user_id": "UFT7XUWJX"
    },
    {
        "client_msg_id": "5dc6ea1f-23f7-477e-b2d1-115b94ca18f2",
        "type": "message",
        "text": "List&lt;Meal&gt; meals = em.createNamedQuery(Meal.BY_ID, Meal.class)\n                .setParameter(\"id\", id)\n                .setParameter(\"userid\", userId)\n                .getResultList();\n        return DataAccessUtils.singleResult(meals);",
        "user": "UFT7XUWJX",
        "ts": "1551734275.115400",
        "thread_ts": "1551733208.114700",
        "parent_user_id": "UFT7XUWJX"
    },
    {
        "client_msg_id": "b1dde616-2aa1-4caa-af4b-66cec5203af4",
        "type": "message",
        "text": "Думаю,  что так лучше )",
        "user": "UFT7XUWJX",
        "ts": "1551734291.115600",
        "thread_ts": "1551733208.114700",
        "parent_user_id": "UFT7XUWJX"
    },
    {
        "client_msg_id": "1f598ab6-d08c-4bc4-beb1-a9f43392d271",
        "type": "message",
        "text": "Вообще не понимаю че это ты делаешь такое)\n\nЕсть у em есть метод для одной сущности, зачем вытягивать целый список а потом из списка тащить единственный результат - большая загадка)",
        "user": "UFP7PTM99",
        "ts": "1551745973.116400",
        "thread_ts": "1551733208.114700",
        "parent_user_id": "UFT7XUWJX"
    },
    {
        "client_msg_id": "9a0c3371-ba3b-4431-afd8-cc7ad361f2f3",
        "type": "message",
        "text": "Еще и DataAccessUtils - первый раз вижу такое)",
        "user": "UFP7PTM99",
        "ts": "1551745994.116600",
        "thread_ts": "1551733208.114700",
        "parent_user_id": "UFT7XUWJX"
    },
    {
        "client_msg_id": "bdb418ea-34ff-4f57-82e0-60c038fc8164",
        "type": "message",
        "text": "Всем привет! А есть те, кто сделал рулсы? интересует, как в рулс передать имя метода :confused:",
        "user": "UFFJ077SL",
        "ts": "1551761261.118300",
        "thread_ts": "1551761261.118300",
        "reply_count": 9,
        "reply_users_count": 4,
        "latest_reply": "1551770276.120100",
        "reply_users": [
            "UFKNK1SBG",
            "UF6HMCG3X",
            "UFFJ077SL",
            "UFPRT4B28"
        ],
        "replies": [
            {
                "user": "UFKNK1SBG",
                "ts": "1551765002.118500"
            },
            {
                "user": "UF6HMCG3X",
                "ts": "1551765051.118700"
            },
            {
                "user": "UFFJ077SL",
                "ts": "1551765218.118900"
            },
            {
                "user": "UFFJ077SL",
                "ts": "1551765235.119100"
            },
            {
                "user": "UFFJ077SL",
                "ts": "1551765238.119300"
            },
            {
                "user": "UFFJ077SL",
                "ts": "1551765261.119500"
            },
            {
                "user": "UF6HMCG3X",
                "ts": "1551765300.119700"
            },
            {
                "user": "UFFJ077SL",
                "ts": "1551766130.119900"
            },
            {
                "user": "UFPRT4B28",
                "ts": "1551770276.120100"
            }
        ]
    },
    {
        "client_msg_id": "b60f3128-86ba-41f1-a93b-b6e0c4ee208c",
        "type": "message",
        "text": "Я использовал *JUnit Stopwatch* с методом *finished(long nanos, Description description)*. Для получения имени метода *description.getMethodName()*",
        "user": "UFKNK1SBG",
        "ts": "1551765002.118500",
        "thread_ts": "1551761261.118300",
        "parent_user_id": "UFFJ077SL"
    },
    {
        "client_msg_id": "44171742-2bcc-4390-842f-ce397f243a4f",
        "type": "message",
        "text": "А как его записать в лог-файл?",
        "user": "UF6HMCG3X",
        "ts": "1551765051.118700",
        "thread_ts": "1551761261.118300",
        "parent_user_id": "UFFJ077SL"
    },
    {
        "client_msg_id": "681b5998-d8e2-4c78-be73-792d20ac4d47",
        "type": "message",
        "text": "просто я прочитал что там есть testName который имя метода передает ок",
        "user": "UFFJ077SL",
        "ts": "1551765218.118900",
        "thread_ts": "1551761261.118300",
        "parent_user_id": "UFFJ077SL"
    },
    {
        "client_msg_id": "6970f3c3-d6ee-4882-bf41-9ffd30d5a2c1",
        "type": "message",
        "text": "запилил свой рулс, который запускает таймер, выполняет тест, останавливает таймер",
        "user": "UFFJ077SL",
        "ts": "1551765235.119100",
        "thread_ts": "1551761261.118300",
        "parent_user_id": "UFFJ077SL"
    },
    {
        "client_msg_id": "a208664f-832e-477f-8e32-a2f1bc2e5ae9",
        "type": "message",
        "text": "но тогда имени хрен там",
        "user": "UFFJ077SL",
        "ts": "1551765238.119300",
        "thread_ts": "1551761261.118300",
        "parent_user_id": "UFFJ077SL"
    },
    {
        "client_msg_id": "05abf0df-9b93-4d9f-add2-7747c50e908c",
        "type": "message",
        "text": "в лог файл я так понимаю просто нужно указать, что этот класс может писать в лог файл с таким то уровнем",
        "user": "UFFJ077SL",
        "ts": "1551765261.119500",
        "thread_ts": "1551761261.118300",
        "parent_user_id": "UFFJ077SL"
    },
    {
        "client_msg_id": "c6995113-c2d7-4117-bb1e-9306dac7b069",
        "type": "message",
        "text": "А какой у него уровень?",
        "user": "UF6HMCG3X",
        "ts": "1551765300.119700",
        "thread_ts": "1551761261.118300",
        "parent_user_id": "UFFJ077SL"
    },
    {
        "client_msg_id": "3c5dd8b4-cf9c-4106-b34e-9b18af58d291",
        "type": "message",
        "text": "этого я не знаю, дебаг может",
        "user": "UFFJ077SL",
        "ts": "1551766130.119900",
        "thread_ts": "1551761261.118300",
        "parent_user_id": "UFFJ077SL"
    },
    {
        "client_msg_id": "759bf829-ad73-4da0-979f-8f36cc04dd6f",
        "type": "message",
        "text": "<@UFFJ077SL> я тоже сначала сама считала время в testName, ревью не прошло, делай через Stopwatch)",
        "user": "UFPRT4B28",
        "ts": "1551770276.120100",
        "thread_ts": "1551761261.118300",
        "parent_user_id": "UFFJ077SL"
    }
]