[
    {
        "client_msg_id": "88052dab-28e6-44cf-a0d7-3ddcae78b464",
        "type": "message",
        "text": "Я видел реализации где на транзакционные методы вешали аннотацию, а на читающие readOnly",
        "user": "UFLKE29QW",
        "ts": "1551600096.052500",
        "thread_ts": "1551597018.047800",
        "parent_user_id": "UFT7XUWJX"
    },
    {
        "client_msg_id": "50d130bf-74d7-47a0-b3fb-a19fb862b84d",
        "type": "message",
        "text": "т.е. если просто на класс повесить @Transactional это не тоже самое, что сейчас?",
        "user": "UFT7XUWJX",
        "ts": "1551605398.052800",
        "thread_ts": "1551597018.047800",
        "parent_user_id": "UFT7XUWJX"
    },
    {
        "client_msg_id": "90b387d9-ac20-41cd-b152-f724323c82d0",
        "type": "message",
        "text": "скажите, мы же используем сейчас hibernate, почему мы используем JpaTransactionManager, а не HibernateTransactionManager?",
        "user": "UFFJ077SL",
        "ts": "1551611552.054100",
        "thread_ts": "1551611552.054100",
        "reply_count": 5,
        "reply_users_count": 5,
        "latest_reply": "1551619237.055200",
        "reply_users": [
            "UFVJ4064D",
            "UFFJ077SL",
            "UFP7PTM99",
            "UFT7XUWJX",
            "UE1ULNT9V"
        ],
        "replies": [
            {
                "user": "UFVJ4064D",
                "ts": "1551612083.054200"
            },
            {
                "user": "UFFJ077SL",
                "ts": "1551612192.054400"
            },
            {
                "user": "UFP7PTM99",
                "ts": "1551615474.054600"
            },
            {
                "user": "UFT7XUWJX",
                "ts": "1551617952.054800"
            },
            {
                "user": "UE1ULNT9V",
                "ts": "1551619237.055200"
            }
        ]
    },
    {
        "client_msg_id": "42966f09-2e78-4161-a947-18709ae59eac",
        "type": "message",
        "text": "Чтобы иметь возможность поменять имплементацию JPA без серьезных вмешательств в код. На манер указания интерфейса в типе переменной",
        "user": "UFVJ4064D",
        "ts": "1551612083.054200",
        "thread_ts": "1551611552.054100",
        "parent_user_id": "UFFJ077SL"
    },
    {
        "client_msg_id": "4aa3b4df-5d5f-469c-9a17-f19359825ea5",
        "type": "message",
        "text": "Понятно, просто JpaTransactionsManager и HibernateTransactionManager являются имплементациями PlatformTransactionManager. JpaTransactionsManager более общая имплементация?",
        "user": "UFFJ077SL",
        "ts": "1551612192.054400",
        "thread_ts": "1551611552.054100",
        "parent_user_id": "UFFJ077SL"
    },
    {
        "client_msg_id": "39e09de1-b720-415e-940b-55174b16056e",
        "type": "message",
        "text": "Нагуглил:\n\n Здесь мы используем 3 разные вещи:\n\n   1 JPA: API персистентности Java, который предоставляет спецификацию для сохранения, чтения, управления данными из вашего Java-объекта и отношений в базе данных.\n   2 Hibernate: Есть различные провайдеры, которые реализуют jpa. Hibernate является одним из них. Так что у нас есть и другой провайдер. Но если использовать jpa с пружиной, это позволит вам в будущем переключаться на разных провайдеров.\n 3   Spring Data JPA: это еще один слой поверх jpa, который предоставляет Spring для облегчения вашей жизни.",
        "user": "UFP7PTM99",
        "ts": "1551615474.054600",
        "thread_ts": "1551611552.054100",
        "parent_user_id": "UFFJ077SL"
    },
    {
        "client_msg_id": "c78cedc2-a226-49dd-9490-8d887bcce3d4",
        "type": "message",
        "text": "Как много абстракций... так все запутанно. Есть идея! Надо сделать новую единую абстракцию )",
        "user": "UFT7XUWJX",
        "ts": "1551617952.054800",
        "thread_ts": "1551611552.054100",
        "parent_user_id": "UFFJ077SL"
    },
    {
        "client_msg_id": "d14eeb9e-9241-4e60-b715-4d21869b6419",
        "type": "message",
        "text": "<@UE1ULNT9V> Помогите, пожалуйста.",
        "user": "UFT7XUWJX",
        "ts": "1551618159.055000",
        "thread_ts": "1551597018.047800",
        "parent_user_id": "UFT7XUWJX"
    },
    {
        "client_msg_id": "f20e71eb-66a8-4ef9-83c6-301f7c671b88",
        "type": "message",
        "text": "потому что мы используем JPA- это и есть единая абстракция",
        "user": "UE1ULNT9V",
        "ts": "1551619237.055200",
        "thread_ts": "1551611552.054100",
        "parent_user_id": "UFFJ077SL"
    },
    {
        "client_msg_id": "8255c8a9-3311-4858-818b-742c2b26740b",
        "type": "message",
        "text": "<@UFT7XUWJX> ILYA же тебе верно ответил- по умолчанию read\/write\n<@UFKG13683> в уроке есть ссылка, почему на чтение лучше явно транзакцию. вообще транзакция по любому откроется, если ее не объявлять. автоматическая. и уже в режиме read\/write",
        "user": "UE1ULNT9V",
        "ts": "1551619444.055500",
        "thread_ts": "1551597018.047800",
        "parent_user_id": "UFT7XUWJX"
    },
    {
        "client_msg_id": "83e59485-4eed-4639-ae08-8a208d6cc425",
        "type": "message",
        "text": "Привет. А у всех получилось подключиться к travis и добиться сборки проекта? У меня вот локально собирается без проблем и тесты проходят, а трэвис не собирает, пишет в тестах ошибки с БЭ. Я что-то упустил?",
        "user": "UFCJPCJ4U",
        "ts": "1551620425.057300",
        "thread_ts": "1551620425.057300",
        "reply_count": 11,
        "reply_users_count": 2,
        "latest_reply": "1551624630.061400",
        "reply_users": [
            "UFFJ077SL",
            "UFCJPCJ4U"
        ],
        "replies": [
            {
                "user": "UFFJ077SL",
                "ts": "1551621020.059000"
            },
            {
                "user": "UFCJPCJ4U",
                "ts": "1551621326.059300"
            },
            {
                "user": "UFCJPCJ4U",
                "ts": "1551621481.059600"
            },
            {
                "user": "UFCJPCJ4U",
                "ts": "1551621482.059800"
            },
            {
                "user": "UFCJPCJ4U",
                "ts": "1551621616.060000"
            },
            {
                "user": "UFFJ077SL",
                "ts": "1551624524.060400"
            },
            {
                "user": "UFFJ077SL",
                "ts": "1551624570.060600"
            },
            {
                "user": "UFFJ077SL",
                "ts": "1551624581.060800"
            },
            {
                "user": "UFFJ077SL",
                "ts": "1551624590.061000"
            },
            {
                "user": "UFFJ077SL",
                "ts": "1551624598.061200"
            },
            {
                "user": "UFFJ077SL",
                "ts": "1551624630.061400"
            }
        ]
    },
    {
        "client_msg_id": "dfdc88c4-4b4b-4647-bbd3-6f8f7165e01d",
        "type": "message",
        "text": "Не могу понять в чем проблема \"java.lang.IllegalArgumentException: Could not locate named parameter [user_id], expecting one of [userId]\"?\\ Передаю @NamedQuery(name = Meal.ALL_SORTED, query = \"SELECT m FROM Meal m WHERE m.user.id=:userId ORDER BY m.dateTime DESC\").",
        "user": "UFAG403GE",
        "ts": "1551620797.058500",
        "thread_ts": "1551620797.058500",
        "reply_count": 7,
        "reply_users_count": 3,
        "latest_reply": "1551640722.075000",
        "reply_users": [
            "UFLKE29QW",
            "UFZT3QMU6",
            "UFAG403GE"
        ],
        "replies": [
            {
                "user": "UFLKE29QW",
                "ts": "1551620892.058600"
            },
            {
                "user": "UFLKE29QW",
                "ts": "1551620964.058800"
            },
            {
                "user": "UFZT3QMU6",
                "ts": "1551625637.061600"
            },
            {
                "user": "UFAG403GE",
                "ts": "1551639383.074000"
            },
            {
                "user": "UFLKE29QW",
                "ts": "1551639462.074400"
            },
            {
                "user": "UFLKE29QW",
                "ts": "1551639523.074600"
            },
            {
                "user": "UFAG403GE",
                "ts": "1551640722.075000"
            }
        ]
    },
    {
        "client_msg_id": "3352accb-66f6-407a-bed1-217e0616f08a",
        "type": "message",
        "text": "setParametr делаешь?",
        "user": "UFLKE29QW",
        "ts": "1551620892.058600",
        "thread_ts": "1551620797.058500",
        "parent_user_id": "UFAG403GE"
    },
    {
        "client_msg_id": "82cd0183-30bf-4893-a83c-04f5683bc4c5",
        "type": "message",
        "text": "после createNamedQuery?",
        "user": "UFLKE29QW",
        "ts": "1551620964.058800",
        "thread_ts": "1551620797.058500",
        "parent_user_id": "UFAG403GE"
    },
    {
        "client_msg_id": "69560e19-e3d7-42ba-a464-8a4af3c8f5a6",
        "type": "message",
        "text": "возможно у тебя локальная бд, а не хероку?",
        "user": "UFFJ077SL",
        "ts": "1551621020.059000",
        "thread_ts": "1551620425.057300",
        "parent_user_id": "UFCJPCJ4U"
    },
    {
        "client_msg_id": "643a7af0-f79b-4bb0-81d0-120bceef1b9b",
        "type": "message",
        "text": "Да, локальная. Я думал он поднимет свою на время сборки.",
        "user": "UFCJPCJ4U",
        "ts": "1551621326.059300",
        "thread_ts": "1551620425.057300",
        "parent_user_id": "UFCJPCJ4U"
    },
    {
        "client_msg_id": "57dd24f3-11b5-4756-ae56-2f47317e7f4d",
        "type": "message",
        "text": "Кажется нашел. По дефолту у них на сервере юзер postgres с пустым паролем.",
        "user": "UFCJPCJ4U",
        "ts": "1551621481.059600",
        "thread_ts": "1551620425.057300",
        "parent_user_id": "UFCJPCJ4U"
    },
    {
        "client_msg_id": "bbc9f2fc-5d10-4c15-b5fc-140ed3179ac4",
        "type": "message",
        "text": "<https:\/\/docs.travis-ci.com\/user\/database-setup\/#using-postgresql-in-your-builds>",
        "user": "UFCJPCJ4U",
        "ts": "1551621482.059800",
        "thread_ts": "1551620425.057300",
        "parent_user_id": "UFCJPCJ4U"
    },
    {
        "client_msg_id": "839582b5-0c41-4929-8ea1-741549d60b2b",
        "type": "message",
        "text": "Хотя, в конфиге то у нас все верно написано, в общем, непонятно.",
        "user": "UFCJPCJ4U",
        "ts": "1551621616.060000",
        "thread_ts": "1551620425.057300",
        "parent_user_id": "UFCJPCJ4U"
    },
    {
        "client_msg_id": "23282df1-2cb6-4482-b3e4-67991b205000",
        "type": "message",
        "text": "я скормил ему хероку базу нашу со скриптами автозаполнения",
        "user": "UFFJ077SL",
        "ts": "1551624524.060400",
        "thread_ts": "1551620425.057300",
        "parent_user_id": "UFCJPCJ4U"
    },
    {
        "client_msg_id": "582bd006-a768-43bf-a331-ad1c207518f1",
        "type": "message",
        "text": "<https:\/\/github.com\/przrak\/topjava\/tree\/HW3>",
        "user": "UFFJ077SL",
        "ts": "1551624570.060600",
        "thread_ts": "1551620425.057300",
        "parent_user_id": "UFCJPCJ4U"
    },
    {
        "client_msg_id": "da0209e3-0233-43b0-8dd0-11d2ca1f085f",
        "type": "message",
        "text": "HW3 на нем поднял )",
        "user": "UFFJ077SL",
        "ts": "1551624581.060800",
        "thread_ts": "1551620425.057300",
        "parent_user_id": "UFCJPCJ4U"
    },
    {
        "client_msg_id": "5548d172-375e-4db6-ae5a-0012ea547d87",
        "type": "message",
        "text": "и значки прилепил )",
        "user": "UFFJ077SL",
        "ts": "1551624590.061000",
        "thread_ts": "1551620425.057300",
        "parent_user_id": "UFCJPCJ4U"
    },
    {
        "client_msg_id": "8be088b8-2f12-4631-a003-3a3b8d2e8dc4",
        "type": "message",
        "text": "короче сделай базу хероку и все будет норм работать",
        "user": "UFFJ077SL",
        "ts": "1551624598.061200",
        "thread_ts": "1551620425.057300",
        "parent_user_id": "UFCJPCJ4U"
    },
    {
        "client_msg_id": "cfef40ae-37c6-4b2c-aef6-802762f4daa8",
        "type": "message",
        "text": "может и ин мемори прокатит ) которая с 4 урока",
        "user": "UFFJ077SL",
        "ts": "1551624630.061400",
        "thread_ts": "1551620425.057300",
        "parent_user_id": "UFCJPCJ4U"
    },
    {
        "client_msg_id": "16dbba31-ad54-4765-ab71-a107db9cbae8",
        "type": "message",
        "text": "В методе написал - setParameter(\"user_id\", userId). А ожидается тот, что у тебя в ALL_SORTED.",
        "user": "UFZT3QMU6",
        "ts": "1551625637.061600",
        "thread_ts": "1551620797.058500",
        "parent_user_id": "UFAG403GE"
    },
    {
        "client_msg_id": "4d87138b-e5ad-4425-a6b9-43b7debae529",
        "type": "message",
        "text": "Странно, не работает:\nUser ref = em.getReference(User.class, userId);\nmeal.setUser(ref);\nem.persist(meal);\nreturn meal;\nВыдает - PSQLException: ОШИБКА: нулевое значение в столбце \"user_id\" нарушает ограничение NOT NULL",
        "user": "UFZT3QMU6",
        "ts": "1551625961.061900",
        "thread_ts": "1551625961.061900",
        "reply_count": 20,
        "reply_users_count": 4,
        "latest_reply": "1551638004.072500",
        "reply_users": [
            "UFPRT4B28",
            "UG105SZ89",
            "UFZT3QMU6",
            "UFKG13683"
        ],
        "replies": [
            {
                "user": "UFPRT4B28",
                "ts": "1551627043.062400"
            },
            {
                "user": "UG105SZ89",
                "ts": "1551632804.068200"
            },
            {
                "user": "UFZT3QMU6",
                "ts": "1551634679.068800"
            },
            {
                "user": "UFPRT4B28",
                "ts": "1551634819.069000"
            },
            {
                "user": "UFZT3QMU6",
                "ts": "1551634831.069200"
            },
            {
                "user": "UFZT3QMU6",
                "ts": "1551634869.069400"
            },
            {
                "user": "UFKG13683",
                "ts": "1551634897.069600"
            },
            {
                "user": "UFZT3QMU6",
                "ts": "1551634932.069800"
            },
            {
                "user": "UFKG13683",
                "ts": "1551635036.070000"
            },
            {
                "user": "UFZT3QMU6",
                "ts": "1551635074.070200"
            },
            {
                "user": "UFKG13683",
                "ts": "1551635170.070400"
            },
            {
                "user": "UFZT3QMU6",
                "ts": "1551635249.070600"
            },
            {
                "user": "UFKG13683",
                "ts": "1551635403.070800"
            },
            {
                "user": "UFZT3QMU6",
                "ts": "1551635577.071000"
            },
            {
                "user": "UFPRT4B28",
                "ts": "1551636874.071500"
            },
            {
                "user": "UFZT3QMU6",
                "ts": "1551636930.071700"
            },
            {
                "user": "UFPRT4B28",
                "ts": "1551637077.071900"
            },
            {
                "user": "UFZT3QMU6",
                "ts": "1551637105.072100"
            },
            {
                "user": "UFZT3QMU6",
                "ts": "1551637163.072300"
            },
            {
                "user": "UFZT3QMU6",
                "ts": "1551638004.072500"
            }
        ]
    },
    {
        "client_msg_id": "0887b880-8a2a-4da9-bc6d-e33465532f19",
        "type": "message",
        "text": "у меня работает такой код. а какие аннотации стоят над полем user в Meal ?",
        "user": "UFPRT4B28",
        "ts": "1551627043.062400",
        "thread_ts": "1551625961.061900",
        "parent_user_id": "UFZT3QMU6"
    },
    {
        "client_msg_id": "d7233059-53fe-4dcb-b368-a07dd4c37948",
        "type": "message",
        "text": "Может имеет смысл завести несколько spring-db.xml конфигураций для jdbc,jpa, etc. ? Я поменял component-scan base-package с jpa на jdbc обратно т.к. jpa userMeal еще не реализовывал, хотел проверить как тесты пройдут, а они все упали JDBC templete бина нет в конфигруации.",
        "user": "UFP7PTM99",
        "ts": "1551628157.065500",
        "edited": {
            "user": "UFP7PTM99",
            "ts": "1551628340.000000"
        },
        "thread_ts": "1551628157.065500",
        "reply_count": 2,
        "reply_users_count": 2,
        "latest_reply": "1551629217.066000",
        "reply_users": [
            "UFP7PTM99",
            "UFT7XUWJX"
        ],
        "replies": [
            {
                "user": "UFP7PTM99",
                "ts": "1551628270.065600"
            },
            {
                "user": "UFT7XUWJX",
                "ts": "1551629217.066000"
            }
        ]
    },
    {
        "client_msg_id": "1ddd4613-088a-445b-93c5-77f1467d56a9",
        "type": "message",
        "text": "В плане, он то есть, закомментированный, но не логичнее было бы разделить на разные файлы?\n А то Каша манная, это закомментируй, это раскомментируй.",
        "user": "UFP7PTM99",
        "ts": "1551628270.065600",
        "edited": {
            "user": "UFP7PTM99",
            "ts": "1551628375.000000"
        },
        "thread_ts": "1551628157.065500",
        "parent_user_id": "UFP7PTM99"
    },
    {
        "client_msg_id": "babae262-1088-4325-8696-42ef8a2542f9",
        "type": "message",
        "text": "Потерпи. На следующем уроке будут профили.",
        "user": "UFT7XUWJX",
        "ts": "1551629217.066000",
        "thread_ts": "1551628157.065500",
        "parent_user_id": "UFP7PTM99"
    },
    {
        "client_msg_id": "182bd593-5fda-4f70-a825-31dd5e503f34",
        "type": "message",
        "text": "а как в Meals задать констрейн, если в базе есть user_id, а в Meals у нас нет User_id ?",
        "user": "UFFJ077SL",
        "ts": "1551629673.067000",
        "thread_ts": "1551629673.067000",
        "reply_count": 5,
        "reply_users_count": 2,
        "latest_reply": "1551631668.068000",
        "reply_users": [
            "UFFJ077SL",
            "UF2MZBKAR"
        ],
        "replies": [
            {
                "user": "UFFJ077SL",
                "ts": "1551629691.067100"
            },
            {
                "user": "UFFJ077SL",
                "ts": "1551629696.067300"
            },
            {
                "user": "UFFJ077SL",
                "ts": "1551629727.067500"
            },
            {
                "user": "UF2MZBKAR",
                "ts": "1551631664.067800"
            },
            {
                "user": "UF2MZBKAR",
                "ts": "1551631668.068000"
            }
        ]
    },
    {
        "client_msg_id": "60fdaa6a-0c00-4f5f-80ed-093232216f56",
        "type": "message",
        "text": "@Table(name = “meals”, uniqueConstraints = {@UniqueConstraint(columnNames = “date_time, user_id”, name = “meals_unique_user_datetime_idx”)})",
        "user": "UFFJ077SL",
        "ts": "1551629691.067100",
        "thread_ts": "1551629673.067000",
        "parent_user_id": "UFFJ077SL"
    },
    {
        "client_msg_id": "31280f5e-7e8d-4ec8-86c4-fb8cbb4793d6",
        "type": "message",
        "text": "так не дает",
        "user": "UFFJ077SL",
        "ts": "1551629696.067300",
        "thread_ts": "1551629673.067000",
        "parent_user_id": "UFFJ077SL"
    },
    {
        "client_msg_id": "faee7adc-cd89-40df-91d2-b2819c5ad7dc",
        "type": "message",
        "text": "или уже можно добавить поле user_id в meals?",
        "user": "UFFJ077SL",
        "ts": "1551629727.067500",
        "thread_ts": "1551629673.067000",
        "parent_user_id": "UFFJ077SL"
    },
    {
        "client_msg_id": "0e917246-2822-438c-9150-2caf16a92274",
        "type": "message",
        "text": "columnNames = {\"1\", \"2\"}",
        "user": "UF2MZBKAR",
        "ts": "1551631664.067800",
        "thread_ts": "1551629673.067000",
        "parent_user_id": "UFFJ077SL"
    },
    {
        "client_msg_id": "772f76b3-bfd8-42b7-ac84-40e018f623ec",
        "type": "message",
        "text": "И порядок поменяй",
        "user": "UF2MZBKAR",
        "ts": "1551631668.068000",
        "thread_ts": "1551629673.067000",
        "parent_user_id": "UFFJ077SL"
    },
    {
        "client_msg_id": "02be98ad-ebdd-4237-90e1-ba8f85a705cf",
        "type": "message",
        "text": "Одна поправка - ref не будет равен null. Он создаётся без обращения к БД. Это нормальный объект с заполненным `Id` . Ошибка будет только в момент `persist`, т.к. в БД такое не сохранить",
        "user": "UG105SZ89",
        "ts": "1551632804.068200",
        "edited": {
            "user": "UG105SZ89",
            "ts": "1551633056.000000"
        },
        "thread_ts": "1551625961.061900",
        "parent_user_id": "UFZT3QMU6"
    },
    {
        "client_msg_id": "f56670ff-2a13-4899-8f18-715846112b9b",
        "type": "message",
        "text": "<@UFPRT4B28> @ManyToOne(fetch = FetchType.LAZY)\n    @JoinColumn(name=\"user_id\", nullable = false, insertable = false, updatable = false)",
        "user": "UFZT3QMU6",
        "ts": "1551634679.068800",
        "thread_ts": "1551625961.061900",
        "parent_user_id": "UFZT3QMU6"
    },
    {
        "client_msg_id": "b67624c2-7b27-4f7f-a683-7480f812f8f1",
        "type": "message",
        "text": "пробовал убрать insertable = false, updatable = false ?",
        "user": "UFPRT4B28",
        "ts": "1551634819.069000",
        "thread_ts": "1551625961.061900",
        "parent_user_id": "UFZT3QMU6"
    },
    {
        "client_msg_id": "0edc781c-aa22-430b-88c5-38e1ecb9c4bb",
        "type": "message",
        "text": "Раньше у меня было так, имхо вполне рабочий вариант:\nmeal.setUser(new User(userId));\nem.persist(meal);\nreturn meal;\nНо итог тот же.",
        "user": "UFZT3QMU6",
        "ts": "1551634831.069200",
        "thread_ts": "1551625961.061900",
        "parent_user_id": "UFZT3QMU6"
    },
    {
        "client_msg_id": "ff23ff01-af16-4ac8-9764-0b46b143a30e",
        "type": "message",
        "text": "<@UFPRT4B28> эти св-ва юзаются в реальных проектах на Спринге. В них ошибки нет.",
        "user": "UFZT3QMU6",
        "ts": "1551634869.069400",
        "thread_ts": "1551625961.061900",
        "parent_user_id": "UFZT3QMU6"
    },
    {
        "client_msg_id": "1d74567e-623f-463d-a4a0-33d93afbc4c5",
        "type": "message",
        "text": "А в каком тесте эта ошибка возникает?",
        "user": "UFKG13683",
        "ts": "1551634897.069600",
        "thread_ts": "1551625961.061900",
        "parent_user_id": "UFZT3QMU6"
    },
    {
        "client_msg_id": "56e9b228-f6ba-48ac-a360-98f8fec99666",
        "type": "message",
        "text": "В момент выхода из метода (закрытие транзакции).",
        "user": "UFZT3QMU6",
        "ts": "1551634932.069800",
        "thread_ts": "1551625961.061900",
        "parent_user_id": "UFZT3QMU6"
    },
    {
        "client_msg_id": "4566ca17-eee9-4540-addc-0934f99163ed",
        "type": "message",
        "text": "А тест какой ? UpdateNotFound?",
        "user": "UFKG13683",
        "ts": "1551635036.070000",
        "thread_ts": "1551625961.061900",
        "parent_user_id": "UFZT3QMU6"
    },
    {
        "client_msg_id": "ab078026-f52b-47b2-87ee-932cc06798ae",
        "type": "message",
        "text": "Не. Create. пол-метода (на апдейт) работает.",
        "user": "UFZT3QMU6",
        "ts": "1551635074.070200",
        "thread_ts": "1551625961.061900",
        "parent_user_id": "UFZT3QMU6"
    },
    {
        "client_msg_id": "29111491-a0a8-4637-81a6-c6011338524b",
        "type": "message",
        "text": "Скинь код который в тесте create",
        "user": "UFKG13683",
        "ts": "1551635170.070400",
        "thread_ts": "1551625961.061900",
        "parent_user_id": "UFZT3QMU6"
    },
    {
        "client_msg_id": "5ceed485-3319-489f-99ee-88170796868a",
        "type": "message",
        "text": "Он не менялся. Такой же, как в мастере.",
        "user": "UFZT3QMU6",
        "ts": "1551635249.070600",
        "thread_ts": "1551625961.061900",
        "parent_user_id": "UFZT3QMU6"
    },
    {
        "client_msg_id": "4e739987-2e7d-4343-86eb-2508000eb5bf",
        "type": "message",
        "text": "A ты  @transaction поставил над методом в репозитории?",
        "user": "UFKG13683",
        "ts": "1551635403.070800",
        "thread_ts": "1551625961.061900",
        "parent_user_id": "UFZT3QMU6"
    },
    {
        "client_msg_id": "14f0f268-0b88-4054-8f18-38578ee28a58",
        "type": "message",
        "text": "Стоит. Если бы не стояло, ничего бы не изменилось. Просто по тихому бы не записывало, а так RollbackException. А проблема в том, как hibernate делает persist. (с почему-то не установленным user_id)",
        "user": "UFZT3QMU6",
        "ts": "1551635577.071000",
        "thread_ts": "1551625961.061900",
        "parent_user_id": "UFZT3QMU6"
    },
    {
        "client_msg_id": "f888d0af-36d5-49e2-bab3-45d6c3b1aa2d",
        "type": "message",
        "text": "На практике часто вешают @Transactional на класс и там, где есть только чтение - readOnly. Так проще избегать проблем с отдельными методами по невнимательности",
        "user": "UF0Q50M55",
        "ts": "1551635807.071200",
        "thread_ts": "1551597018.047800",
        "parent_user_id": "UFT7XUWJX"
    },
    {
        "client_msg_id": "39c8667f-2060-4423-b054-1721a9989ac0",
        "type": "message",
        "text": "а что будет если для эксперимента заменить getReference на find ?",
        "user": "UFPRT4B28",
        "ts": "1551636874.071500",
        "thread_ts": "1551625961.061900",
        "parent_user_id": "UFZT3QMU6"
    },
    {
        "client_msg_id": "4312eac8-6509-4dc7-a5a9-11fbb9ec858c",
        "type": "message",
        "text": "Запрос к бд будет. А кроме этого ничего не изменится.",
        "user": "UFZT3QMU6",
        "ts": "1551636930.071700",
        "thread_ts": "1551625961.061900",
        "parent_user_id": "UFZT3QMU6"
    },
    {
        "client_msg_id": "9e3c0d89-8015-4c6e-9f45-0c1334899541",
        "type": "message",
        "text": "у тебя в Meal случайно не объявлено поле user_id?",
        "user": "UFPRT4B28",
        "ts": "1551637077.071900",
        "thread_ts": "1551625961.061900",
        "parent_user_id": "UFZT3QMU6"
    },
    {
        "client_msg_id": "32a9a2f1-cd8b-406c-9dc1-f8c0b4e6e860",
        "type": "message",
        "text": "В реальном проекте видел, что для такого даже 2 поля вводят - user (@Lazy @ManyToOne..) и userId. Где-то удобнее просто ИД брать, а где-то объект...",
        "user": "UFZT3QMU6",
        "ts": "1551637105.072100",
        "thread_ts": "1551625961.061900",
        "parent_user_id": "UFZT3QMU6"
    },
    {
        "client_msg_id": "99a1dee7-9688-4ad1-ba1e-8b81a6d57263",
        "type": "message",
        "text": "Да не. Это было бы слишком просто, если бы я на таком завалился :slightly_smiling_face:",
        "user": "UFZT3QMU6",
        "ts": "1551637163.072300",
        "thread_ts": "1551625961.061900",
        "parent_user_id": "UFZT3QMU6"
    },
    {
        "client_msg_id": "cbd67aa5-07a1-497c-8117-a7205767ceb6",
        "type": "message",
        "text": "<@UFPRT4B28> Да, действительно, вот так работает:\nUser user = em.find(User.class, userId);\nmeal.setUser(user);\nem.persist(meal);\nreturn meal;",
        "user": "UFZT3QMU6",
        "ts": "1551638004.072500",
        "thread_ts": "1551625961.061900",
        "parent_user_id": "UFZT3QMU6"
    },
    {
        "client_msg_id": "16d29205-5a5b-4103-8a87-99eee78a87d0",
        "type": "message",
        "text": "А мы будем использовать мега удобную и простую вещь как JpaRepository?",
        "user": "UFT7XUWJX",
        "ts": "1551638967.073300",
        "thread_ts": "1551638967.073300",
        "reply_count": 3,
        "reply_users_count": 2,
        "latest_reply": "1551639758.074800",
        "reply_users": [
            "UFZT3QMU6",
            "UFT7XUWJX"
        ],
        "replies": [
            {
                "user": "UFZT3QMU6",
                "ts": "1551639168.073400"
            },
            {
                "user": "UFT7XUWJX",
                "ts": "1551639388.074200"
            },
            {
                "user": "UFZT3QMU6",
                "ts": "1551639758.074800"
            }
        ]
    },
    {
        "client_msg_id": "f01927d4-30b1-4c6a-aa63-c0ff4ede2ea9",
        "type": "message",
        "text": "Мы будем писать мега простые запросы без Sql, как findOne, findByPhoneAndAddressOrEmail.. :slightly_smiling_face:",
        "user": "UFZT3QMU6",
        "ts": "1551639168.073400",
        "thread_ts": "1551638967.073300",
        "parent_user_id": "UFT7XUWJX"
    },
    {
        "client_msg_id": "c0f22a6d-3303-4cd6-a316-1f44a0270ff6",
        "type": "message",
        "text": "Т.е. в Set parameter я должен передать (\"m. user.id\", userId) ?",
        "user": "UFAG403GE",
        "ts": "1551639383.074000",
        "thread_ts": "1551620797.058500",
        "parent_user_id": "UFAG403GE"
    },
    {
        "client_msg_id": "702fab6f-63a6-4dcb-92e4-f44adda261a6",
        "type": "message",
        "text": "если методы-запросы пишутся в интерфейсе и они без имплементации, то это оно самое и есть",
        "user": "UFT7XUWJX",
        "ts": "1551639388.074200",
        "thread_ts": "1551638967.073300",
        "parent_user_id": "UFT7XUWJX"
    },
    {
        "client_msg_id": "1d628a91-608b-4855-a4b8-ace11aeb3183",
        "type": "message",
        "text": "в setParameter ты должен писать то что идет после двоеточия в NamedQuery",
        "user": "UFLKE29QW",
        "ts": "1551639462.074400",
        "thread_ts": "1551620797.058500",
        "parent_user_id": "UFAG403GE"
    },
    {
        "client_msg_id": "93d848e6-24c2-4e60-93ff-de12a9fc27a0",
        "type": "message",
        "text": "Т. е. userId",
        "user": "UFLKE29QW",
        "ts": "1551639523.074600",
        "thread_ts": "1551620797.058500",
        "parent_user_id": "UFAG403GE"
    },
    {
        "client_msg_id": "260164f1-bda9-4664-a8d3-a205a535a3e6",
        "type": "message",
        "text": "Да, прям в интерфейсах пишутся. А за ними - магия Спринга :slightly_smiling_face:",
        "user": "UFZT3QMU6",
        "ts": "1551639758.074800",
        "thread_ts": "1551638967.073300",
        "parent_user_id": "UFT7XUWJX"
    },
    {
        "client_msg_id": "9e25709d-805c-442d-a8cf-f8a9701a403e",
        "type": "message",
        "text": "Понял, спасибо",
        "user": "UFAG403GE",
        "ts": "1551640722.075000",
        "thread_ts": "1551620797.058500",
        "parent_user_id": "UFAG403GE"
    },
    {
        "type": "message",
        "text": "Подскажите почему IDE ругается на m.dateTime?!",
        "files": [
            {
                "id": "FGMS3LA4A",
                "created": 1551645388,
                "timestamp": 1551645388,
                "name": "Type Missmatch.jpg",
                "title": "Type Missmatch.jpg",
                "mimetype": "image\/jpeg",
                "filetype": "jpg",
                "pretty_type": "JPEG",
                "user": "UFPB4FETA",
                "editable": false,
                "size": 28453,
                "mode": "hosted",
                "is_external": false,
                "external_type": "",
                "is_public": true,
                "public_url_shared": false,
                "display_as_bot": false,
                "username": "",
                "url_private": "https:\/\/files.slack.com\/files-pri\/TE09AK9BK-FGMS3LA4A\/type_missmatch.jpg?t=xoxe-476316655393-618179035285-606757826531-bd1c7b831233e0d053294a8f47715ef5",
                "url_private_download": "https:\/\/files.slack.com\/files-pri\/TE09AK9BK-FGMS3LA4A\/download\/type_missmatch.jpg?t=xoxe-476316655393-618179035285-606757826531-bd1c7b831233e0d053294a8f47715ef5",
                "thumb_64": "https:\/\/files.slack.com\/files-tmb\/TE09AK9BK-FGMS3LA4A-b12d98683e\/type_missmatch_64.jpg?t=xoxe-476316655393-618179035285-606757826531-bd1c7b831233e0d053294a8f47715ef5",
                "thumb_80": "https:\/\/files.slack.com\/files-tmb\/TE09AK9BK-FGMS3LA4A-b12d98683e\/type_missmatch_80.jpg?t=xoxe-476316655393-618179035285-606757826531-bd1c7b831233e0d053294a8f47715ef5",
                "thumb_360": "https:\/\/files.slack.com\/files-tmb\/TE09AK9BK-FGMS3LA4A-b12d98683e\/type_missmatch_360.jpg?t=xoxe-476316655393-618179035285-606757826531-bd1c7b831233e0d053294a8f47715ef5",
                "thumb_360_w": 360,
                "thumb_360_h": 39,
                "thumb_480": "https:\/\/files.slack.com\/files-tmb\/TE09AK9BK-FGMS3LA4A-b12d98683e\/type_missmatch_480.jpg?t=xoxe-476316655393-618179035285-606757826531-bd1c7b831233e0d053294a8f47715ef5",
                "thumb_480_w": 480,
                "thumb_480_h": 52,
                "thumb_160": "https:\/\/files.slack.com\/files-tmb\/TE09AK9BK-FGMS3LA4A-b12d98683e\/type_missmatch_160.jpg?t=xoxe-476316655393-618179035285-606757826531-bd1c7b831233e0d053294a8f47715ef5",
                "thumb_720": "https:\/\/files.slack.com\/files-tmb\/TE09AK9BK-FGMS3LA4A-b12d98683e\/type_missmatch_720.jpg?t=xoxe-476316655393-618179035285-606757826531-bd1c7b831233e0d053294a8f47715ef5",
                "thumb_720_w": 720,
                "thumb_720_h": 78,
                "thumb_800": "https:\/\/files.slack.com\/files-tmb\/TE09AK9BK-FGMS3LA4A-b12d98683e\/type_missmatch_800.jpg?t=xoxe-476316655393-618179035285-606757826531-bd1c7b831233e0d053294a8f47715ef5",
                "thumb_800_w": 800,
                "thumb_800_h": 87,
                "thumb_960": "https:\/\/files.slack.com\/files-tmb\/TE09AK9BK-FGMS3LA4A-b12d98683e\/type_missmatch_960.jpg?t=xoxe-476316655393-618179035285-606757826531-bd1c7b831233e0d053294a8f47715ef5",
                "thumb_960_w": 960,
                "thumb_960_h": 104,
                "image_exif_rotation": 1,
                "original_w": 1014,
                "original_h": 110,
                "permalink": "https:\/\/topjava16.slack.com\/files\/UFPB4FETA\/FGMS3LA4A\/type_missmatch.jpg",
                "permalink_public": "https:\/\/slack-files.com\/TE09AK9BK-FGMS3LA4A-3200a246fc",
                "has_rich_preview": false
            }
        ],
        "upload": true,
        "user": "UFPB4FETA",
        "display_as_bot": false,
        "ts": "1551645391.075200",
        "thread_ts": "1551645391.075200",
        "reply_count": 2,
        "reply_users_count": 2,
        "latest_reply": "1551648750.075800",
        "reply_users": [
            "UFKNK1SBG",
            "UFPB4FETA"
        ],
        "replies": [
            {
                "user": "UFKNK1SBG",
                "ts": "1551646120.075500"
            },
            {
                "user": "UFPB4FETA",
                "ts": "1551648750.075800"
            }
        ]
    },
    {
        "client_msg_id": "7d0e9f5d-0b55-4ec3-b24d-d587681e29af",
        "type": "message",
        "text": "если я правильно понимаю, то подсказка к заданию №8 именно об этом: Старые версии IDEA тупят по поводу проверки BETWEEN. Обновитесь либо не обращайте внимания. Т.е. ничего страшного, а чтоб глаза не мозолило можно, например, аннотацию сверху повесить @SuppressWarnings(\"JpaQlInspection\")",
        "user": "UFKNK1SBG",
        "ts": "1551646120.075500",
        "thread_ts": "1551645391.075200",
        "parent_user_id": "UFPB4FETA",
        "reactions": [
            {
                "name": "heavy_check_mark",
                "users": [
                    "UE1ULNT9V"
                ],
                "count": 1
            }
        ]
    },
    {
        "client_msg_id": "20b32f95-5e9f-4e9a-bb82-f923176c0422",
        "type": "message",
        "text": "в том то и дело что idea Version: 2018.3.5\nBuild: 183.5912.21\nReleased: February 26, 2019\nпоставлю @ thx",
        "user": "UFPB4FETA",
        "ts": "1551648750.075800",
        "thread_ts": "1551645391.075200",
        "parent_user_id": "UFPB4FETA"
    },
    {
        "client_msg_id": "f1dcbd68-dbce-45ea-884f-5c3a85b351df",
        "type": "message",
        "text": "Всем привет! Подскажите пож по домашнему заданию. У нас теперь в Meal есть User, окей, здорово. При создание нового meal мне нужно Meal передать с user_id в базу. user_id возьмется из User, но user = null. Для добавления в базу решил это кодом \"\npublic Meal save(Meal meal, int userId) {\n        meal.setUser(em.find(User.class, userId));\n        if (meal.isNew()) {\n            em.persist(meal);\"\nНо мне кажется что не так это должно делаться, потому что при таком подходе обновление meal не работает.",
        "user": "UFFJ077SL",
        "ts": "1551676661.078600",
        "thread_ts": "1551676661.078600",
        "reply_count": 3,
        "reply_users_count": 2,
        "latest_reply": "1551689640.080600",
        "reply_users": [
            "UFKG13683",
            "UFZT3QMU6"
        ],
        "replies": [
            {
                "user": "UFKG13683",
                "ts": "1551677366.078700"
            },
            {
                "user": "UFZT3QMU6",
                "ts": "1551689301.080400"
            },
            {
                "user": "UFZT3QMU6",
                "ts": "1551689640.080600"
            }
        ]
    },
    {
        "client_msg_id": "7ba7ed29-b35f-4544-b01f-d8ecfe7f855d",
        "type": "message",
        "text": "Смотри п. 1 подсказок дз",
        "user": "UFKG13683",
        "ts": "1551677366.078700",
        "thread_ts": "1551676661.078600",
        "parent_user_id": "UFFJ077SL",
        "reactions": [
            {
                "name": "+1",
                "users": [
                    "UFFJ077SL",
                    "UFVJ4064D",
                    "UE1ULNT9V"
                ],
                "count": 3
            }
        ]
    }
]