[
    {
        "client_msg_id": "b6d7c91e-c5e3-48a6-b206-23ddbc296390",
        "type": "message",
        "text": "а что делать с тестом updateNotFound ? так понимаю этот эксепшн никогда не возникнет потому что merge если не найдет запись, то вставит ее.  Добавить перед merge проверку существования еды?",
        "user": "UFPRT4B28",
        "ts": "1551514148.029200",
        "thread_ts": "1551514148.029200",
        "reply_count": 2,
        "reply_users_count": 2,
        "latest_reply": "1551525196.035500",
        "reply_users": [
            "UFKG13683",
            "UFPRT4B28"
        ],
        "replies": [
            {
                "user": "UFKG13683",
                "ts": "1551523616.034500"
            },
            {
                "user": "UFPRT4B28",
                "ts": "1551525196.035500"
            }
        ],
        "reactions": [
            {
                "name": "+1",
                "users": [
                    "UFLKE29QW",
                    "UG134KF0U"
                ],
                "count": 2
            }
        ]
    },
    {
        "type": "message",
        "text": "Не проходит сравнение из-за разных хэшей у Листов. Подскажите, как это править..",
        "files": [
            {
                "id": "FGLQ8D76D",
                "created": 1551518179,
                "timestamp": 1551518179,
                "name": "image.png",
                "title": "Pasted image at 2019-03-02, 2:16 PM",
                "mimetype": "image\/png",
                "filetype": "png",
                "pretty_type": "PNG",
                "user": "UF2MZBKAR",
                "editable": false,
                "size": 82966,
                "mode": "hosted",
                "is_external": false,
                "external_type": "",
                "is_public": true,
                "public_url_shared": false,
                "display_as_bot": false,
                "username": "",
                "url_private": "https:\/\/files.slack.com\/files-pri\/TE09AK9BK-FGLQ8D76D\/image.png?t=xoxe-476316655393-618179035285-606757826531-bd1c7b831233e0d053294a8f47715ef5",
                "url_private_download": "https:\/\/files.slack.com\/files-pri\/TE09AK9BK-FGLQ8D76D\/download\/image.png?t=xoxe-476316655393-618179035285-606757826531-bd1c7b831233e0d053294a8f47715ef5",
                "thumb_64": "https:\/\/files.slack.com\/files-tmb\/TE09AK9BK-FGLQ8D76D-ad7f103e8d\/image_64.png?t=xoxe-476316655393-618179035285-606757826531-bd1c7b831233e0d053294a8f47715ef5",
                "thumb_80": "https:\/\/files.slack.com\/files-tmb\/TE09AK9BK-FGLQ8D76D-ad7f103e8d\/image_80.png?t=xoxe-476316655393-618179035285-606757826531-bd1c7b831233e0d053294a8f47715ef5",
                "thumb_360": "https:\/\/files.slack.com\/files-tmb\/TE09AK9BK-FGLQ8D76D-ad7f103e8d\/image_360.png?t=xoxe-476316655393-618179035285-606757826531-bd1c7b831233e0d053294a8f47715ef5",
                "thumb_360_w": 360,
                "thumb_360_h": 119,
                "thumb_480": "https:\/\/files.slack.com\/files-tmb\/TE09AK9BK-FGLQ8D76D-ad7f103e8d\/image_480.png?t=xoxe-476316655393-618179035285-606757826531-bd1c7b831233e0d053294a8f47715ef5",
                "thumb_480_w": 480,
                "thumb_480_h": 159,
                "thumb_160": "https:\/\/files.slack.com\/files-tmb\/TE09AK9BK-FGLQ8D76D-ad7f103e8d\/image_160.png?t=xoxe-476316655393-618179035285-606757826531-bd1c7b831233e0d053294a8f47715ef5",
                "thumb_720": "https:\/\/files.slack.com\/files-tmb\/TE09AK9BK-FGLQ8D76D-ad7f103e8d\/image_720.png?t=xoxe-476316655393-618179035285-606757826531-bd1c7b831233e0d053294a8f47715ef5",
                "thumb_720_w": 720,
                "thumb_720_h": 239,
                "thumb_800": "https:\/\/files.slack.com\/files-tmb\/TE09AK9BK-FGLQ8D76D-ad7f103e8d\/image_800.png?t=xoxe-476316655393-618179035285-606757826531-bd1c7b831233e0d053294a8f47715ef5",
                "thumb_800_w": 800,
                "thumb_800_h": 265,
                "image_exif_rotation": 1,
                "original_w": 935,
                "original_h": 310,
                "permalink": "https:\/\/topjava16.slack.com\/files\/UF2MZBKAR\/FGLQ8D76D\/image.png",
                "permalink_public": "https:\/\/slack-files.com\/TE09AK9BK-FGLQ8D76D-302459c2f0",
                "has_rich_preview": false
            }
        ],
        "upload": true,
        "user": "UF2MZBKAR",
        "display_as_bot": false,
        "ts": "1551518182.029600",
        "thread_ts": "1551518182.029600",
        "reply_count": 8,
        "reply_users_count": 4,
        "latest_reply": "1552418440.165600",
        "reply_users": [
            "UF2MZBKAR",
            "UFLKE29QW",
            "UFS44Q1JS",
            "UFTSGQ7U5"
        ],
        "replies": [
            {
                "user": "UF2MZBKAR",
                "ts": "1551518634.029900"
            },
            {
                "user": "UFLKE29QW",
                "ts": "1551519192.030100"
            },
            {
                "user": "UF2MZBKAR",
                "ts": "1551519269.030300"
            },
            {
                "user": "UFLKE29QW",
                "ts": "1551519516.030500"
            },
            {
                "user": "UFS44Q1JS",
                "ts": "1551525646.037400"
            },
            {
                "user": "UFS44Q1JS",
                "ts": "1551526165.038400"
            },
            {
                "user": "UFTSGQ7U5",
                "ts": "1552418173.165400"
            },
            {
                "user": "UFTSGQ7U5",
                "ts": "1552418440.165600"
            }
        ]
    },
    {
        "client_msg_id": "c4403115-ebe3-4b3c-8dbe-2f8cb8a9aabe",
        "type": "message",
        "text": "Убрал из сравнений поле \"user\".",
        "user": "UF2MZBKAR",
        "ts": "1551518634.029900",
        "thread_ts": "1551518182.029600",
        "parent_user_id": "UF2MZBKAR",
        "reactions": [
            {
                "name": "+1",
                "users": [
                    "UFLKE29QW",
                    "UFM61AMHA",
                    "UFZTDP64Q",
                    "UFVJ4064D"
                ],
                "count": 4
            }
        ]
    },
    {
        "client_msg_id": "ba07ac8b-3860-4e1f-9554-76dbbd9cb0fb",
        "type": "message",
        "text": "А почему так?",
        "user": "UFLKE29QW",
        "ts": "1551519192.030100",
        "thread_ts": "1551518182.029600",
        "parent_user_id": "UF2MZBKAR"
    },
    {
        "client_msg_id": "9d6ef5fb-c828-4652-9022-d67a03580214",
        "type": "message",
        "text": "Как минимум потому, что у юзера lazy инициализация",
        "user": "UF2MZBKAR",
        "ts": "1551519269.030300",
        "thread_ts": "1551518182.029600",
        "parent_user_id": "UF2MZBKAR",
        "reactions": [
            {
                "name": "+1",
                "users": [
                    "UFLKE29QW",
                    "UFM61AMHA"
                ],
                "count": 2
            }
        ]
    },
    {
        "client_msg_id": "8b142c48-b1c3-400c-a785-d136297af899",
        "type": "message",
        "text": "Так примерно и догадывался",
        "user": "UFLKE29QW",
        "ts": "1551519516.030500",
        "thread_ts": "1551518182.029600",
        "parent_user_id": "UF2MZBKAR"
    },
    {
        "client_msg_id": "7b15fce8-46a7-4fbc-8956-c029bf09c983",
        "type": "message",
        "text": "В уроке подлючения HSQLDB  сказано выбрать hsqldb и выбрать Enbedded (у меня нет Enbedded или другого из выпадающего списка) Далее Path: прописать D:\/temp (так же нет в настройках ) Есть User Password Host(localhost) Это версия idea новая , или я что то упустил?",
        "user": "UG862J8F8",
        "ts": "1551522502.034300",
        "edited": {
            "user": "UG862J8F8",
            "ts": "1551522538.000000"
        },
        "thread_ts": "1551522502.034300",
        "reply_count": 6,
        "reply_users_count": 2,
        "latest_reply": "1551542925.042200",
        "reply_users": [
            "UFKG13683",
            "UG862J8F8"
        ],
        "replies": [
            {
                "user": "UFKG13683",
                "ts": "1551523743.034700"
            },
            {
                "user": "UFKG13683",
                "ts": "1551523771.034900"
            },
            {
                "user": "UG862J8F8",
                "ts": "1551531080.039900"
            },
            {
                "user": "UFKG13683",
                "ts": "1551534004.040800"
            },
            {
                "user": "UG862J8F8",
                "ts": "1551542753.042000"
            },
            {
                "user": "UG862J8F8",
                "ts": "1551542925.042200"
            }
        ]
    },
    {
        "client_msg_id": "182899b4-add1-44f3-a1fd-13b20414e9e6",
        "type": "message",
        "text": "<@UFPRT4B28> все тесты должны работать. Но ты мыслишь в правильном направлении). Если у нас еда не новая, то мы должны проверить есть ли она у нас в базе",
        "user": "UFKG13683",
        "ts": "1551523616.034500",
        "thread_ts": "1551514148.029200",
        "parent_user_id": "UFPRT4B28",
        "reactions": [
            {
                "name": "+1",
                "users": [
                    "UFLKE29QW"
                ],
                "count": 1
            },
            {
                "name": "heavy_check_mark",
                "users": [
                    "UFPRT4B28"
                ],
                "count": 1
            }
        ]
    },
    {
        "client_msg_id": "2e2c06ba-43b5-447b-8277-e8b9f214075a",
        "type": "message",
        "text": "Embedded есть , справа от URL",
        "user": "UFKG13683",
        "ts": "1551523743.034700",
        "thread_ts": "1551522502.034300",
        "parent_user_id": "UG862J8F8"
    },
    {
        "client_msg_id": "29125eeb-5578-4d6f-a4e2-69ebcffffd39",
        "type": "message",
        "text": "В новой версии idea немного по другому , чем на видео",
        "user": "UFKG13683",
        "ts": "1551523771.034900",
        "thread_ts": "1551522502.034300",
        "parent_user_id": "UG862J8F8",
        "reactions": [
            {
                "name": "heavy_check_mark",
                "users": [
                    "UE1ULNT9V"
                ],
                "count": 1
            }
        ]
    },
    {
        "client_msg_id": "d71d8977-55d5-4093-ac30-fc2319d03258",
        "type": "message",
        "text": "спасибо!",
        "user": "UFPRT4B28",
        "ts": "1551525196.035500",
        "thread_ts": "1551514148.029200",
        "parent_user_id": "UFPRT4B28"
    },
    {
        "client_msg_id": "33884ee7-6331-4832-9746-de41e6e483df",
        "type": "message",
        "text": "У меня через раз такая штука:\n\norg.hibernate.LazyInitializationException: could not initialize proxy [ru.javawebinar.topjava.model.User#100000] - no Session",
        "user": "UFS44Q1JS",
        "ts": "1551525418.036700",
        "thread_ts": "1551525418.036700",
        "reply_count": 10,
        "reply_users_count": 5,
        "latest_reply": "1551791661.121500",
        "reply_users": [
            "UFPRT4B28",
            "UFS44Q1JS",
            "UFKG13683",
            "UE1ULNT9V",
            "UFUQUNDRP"
        ],
        "replies": [
            {
                "user": "UFPRT4B28",
                "ts": "1551525536.037000"
            },
            {
                "user": "UFS44Q1JS",
                "ts": "1551525608.037200"
            },
            {
                "user": "UFKG13683",
                "ts": "1551525714.037700"
            },
            {
                "user": "UFS44Q1JS",
                "ts": "1551526056.037900"
            },
            {
                "user": "UFKG13683",
                "ts": "1551526137.038200"
            },
            {
                "user": "UFS44Q1JS",
                "ts": "1551526214.038600"
            },
            {
                "user": "UE1ULNT9V",
                "ts": "1551527929.039500"
            },
            {
                "user": "UFUQUNDRP",
                "ts": "1551786742.120900"
            },
            {
                "user": "UFKG13683",
                "ts": "1551787478.121100"
            },
            {
                "user": "UFUQUNDRP",
                "ts": "1551791661.121500"
            }
        ]
    },
    {
        "client_msg_id": "c29ef142-d7a6-4a82-95f1-aa4ba689a65b",
        "type": "message",
        "text": "у меня тоже так было. юзер не загружается (lazy инициализация), и при попытке обращения к объекту юзера валится",
        "user": "UFPRT4B28",
        "ts": "1551525536.037000",
        "thread_ts": "1551525418.036700",
        "parent_user_id": "UFS44Q1JS"
    },
    {
        "client_msg_id": "6bec1f1e-9658-4dfd-98c4-b6ed098bbd4a",
        "type": "message",
        "text": "можно сделать юзера EAGER, но наверное это костыль)",
        "user": "UFS44Q1JS",
        "ts": "1551525608.037200",
        "edited": {
            "user": "UFS44Q1JS",
            "ts": "1551525688.000000"
        },
        "thread_ts": "1551525418.036700",
        "parent_user_id": "UFS44Q1JS"
    },
    {
        "client_msg_id": "82085775-6a93-42b7-b6bf-b02e6847e4ec",
        "type": "message",
        "text": "как убрать из сравнения поле здесь? написать свой компаратор? Или еще есть варианты?",
        "user": "UFS44Q1JS",
        "ts": "1551525646.037400",
        "thread_ts": "1551518182.029600",
        "parent_user_id": "UF2MZBKAR"
    },
    {
        "client_msg_id": "2ef57ecf-a9c4-425d-99e9-bf3914e52fc0",
        "type": "message",
        "text": "Не надо. Тебе не надо каждый раз доставать юзера из базы, когда ты достаешь еду. Ты ж юзер и ты уже залогинился ",
        "user": "UFKG13683",
        "ts": "1551525714.037700",
        "thread_ts": "1551525418.036700",
        "parent_user_id": "UFS44Q1JS"
    },
    {
        "client_msg_id": "e052f631-7445-4244-8877-244afa1effde",
        "type": "message",
        "text": "И как бороться с no Session тогда? Туплю что-то...",
        "user": "UFS44Q1JS",
        "ts": "1551526056.037900",
        "edited": {
            "user": "UFS44Q1JS",
            "ts": "1551526102.000000"
        },
        "thread_ts": "1551525418.036700",
        "parent_user_id": "UFS44Q1JS"
    },
    {
        "client_msg_id": "f8e12a55-3e84-4553-9849-bc7692f1e9a5",
        "type": "message",
        "text": "Это у тебя так потому что ты в тестах ещё и юзера сравниваешь. Его сравнивать  не нужно",
        "user": "UFKG13683",
        "ts": "1551526137.038200",
        "thread_ts": "1551525418.036700",
        "parent_user_id": "UFS44Q1JS"
    },
    {
        "client_msg_id": "fa46a374-62ea-4ddd-8cce-fc777a86a1da",
        "type": "message",
        "text": "Ага, есть специальный метод с ignoreFields",
        "user": "UFS44Q1JS",
        "ts": "1551526165.038400",
        "thread_ts": "1551518182.029600",
        "parent_user_id": "UF2MZBKAR"
    },
    {
        "client_msg_id": "4e50cbdc-60d7-46b7-9bac-eff9cfc6c976",
        "type": "message",
        "text": "Все понял, просто убрал сравнение по юзеру и c lazy все прошло! Спасибо)",
        "user": "UFS44Q1JS",
        "ts": "1551526214.038600",
        "thread_ts": "1551525418.036700",
        "parent_user_id": "UFS44Q1JS",
        "reactions": [
            {
                "name": "+1",
                "users": [
                    "UFKG13683"
                ],
                "count": 1
            }
        ]
    },
    {
        "client_msg_id": "12086f4b-df86-468f-9690-bd0b2e47110c",
        "type": "message",
        "text": "почитай внимательно ДЗ и замечания. п.7",
        "user": "UE1ULNT9V",
        "ts": "1551527929.039500",
        "thread_ts": "1551525418.036700",
        "parent_user_id": "UFS44Q1JS"
    },
    {
        "client_msg_id": "8c077ab4-5ab1-4a2d-9056-90f85a896e20",
        "type": "message",
        "text": "При запуске скрипта initDB_hsql.sql подлючается почему то к Connecting to postgres@heroku   и дальше ошибки синтаксиса 42601] ERROR: syntax error at or near \"IF\"   Хотя в Spring-db.xml контекст  &lt;context:property-placeholder location=\"classpath:db\/hsqldb.properties\" system-properties-mode=\"OVERRIDE\"\/&gt;",
        "user": "UG862J8F8",
        "ts": "1551531080.039900",
        "edited": {
            "user": "UG862J8F8",
            "ts": "1551531125.000000"
        },
        "thread_ts": "1551522502.034300",
        "parent_user_id": "UG862J8F8"
    },
    {
        "client_msg_id": "1959052d-1156-4fc1-9634-e95b38651eb0",
        "type": "message",
        "text": "А ты закоментировал postgres.properties ?",
        "user": "UFKG13683",
        "ts": "1551534004.040800",
        "thread_ts": "1551522502.034300",
        "parent_user_id": "UG862J8F8"
    },
    {
        "client_msg_id": "4287b645-cc46-4fca-bd0d-603e4516ab75",
        "type": "message",
        "text": "Да!",
        "user": "UG862J8F8",
        "ts": "1551542753.042000",
        "thread_ts": "1551522502.034300",
        "parent_user_id": "UG862J8F8"
    },
    {
        "client_msg_id": "e65f0a04-76b9-41c2-b63d-35757443422a",
        "type": "message",
        "text": "Получилось , что убрал вкладку, и запустил заново скрипт, то он правлиьно отработал без ошибок. Получается наверное что в Идее вкладка со скриптом как то была связана с hibernat. Глюк, или что то упустил.",
        "user": "UG862J8F8",
        "ts": "1551542925.042200",
        "thread_ts": "1551522502.034300",
        "parent_user_id": "UG862J8F8"
    },
    {
        "client_msg_id": "1a352d1e-fcb4-4db6-85f2-9106151ebbaa",
        "type": "message",
        "text": "Элвис...",
        "user": "UFT7XUWJX",
        "ts": "1551556725.042700",
        "thread_ts": "1551556725.042700",
        "reply_count": 20,
        "reply_users_count": 2,
        "latest_reply": "1551594864.046900",
        "reply_users": [
            "UFT7XUWJX",
            "UFLKE29QW"
        ],
        "replies": [
            {
                "user": "UFT7XUWJX",
                "ts": "1551556742.042800"
            },
            {
                "user": "UFLKE29QW",
                "ts": "1551557831.043100"
            },
            {
                "user": "UFLKE29QW",
                "ts": "1551558154.043300"
            },
            {
                "user": "UFT7XUWJX",
                "ts": "1551594309.043700"
            },
            {
                "user": "UFLKE29QW",
                "ts": "1551594368.043900"
            },
            {
                "user": "UFT7XUWJX",
                "ts": "1551594392.044100"
            },
            {
                "user": "UFLKE29QW",
                "ts": "1551594399.044300"
            },
            {
                "user": "UFT7XUWJX",
                "ts": "1551594493.044500"
            },
            {
                "user": "UFT7XUWJX",
                "ts": "1551594514.044700"
            },
            {
                "user": "UFLKE29QW",
                "ts": "1551594538.044900"
            },
            {
                "user": "UFLKE29QW",
                "ts": "1551594566.045100"
            },
            {
                "user": "UFT7XUWJX",
                "ts": "1551594584.045300"
            },
            {
                "user": "UFT7XUWJX",
                "ts": "1551594665.045500"
            },
            {
                "user": "UFLKE29QW",
                "ts": "1551594670.045700"
            },
            {
                "user": "UFLKE29QW",
                "ts": "1551594714.045900"
            },
            {
                "user": "UFT7XUWJX",
                "ts": "1551594723.046100"
            },
            {
                "user": "UFT7XUWJX",
                "ts": "1551594767.046300"
            },
            {
                "user": "UFT7XUWJX",
                "ts": "1551594775.046500"
            },
            {
                "user": "UFLKE29QW",
                "ts": "1551594801.046700"
            },
            {
                "user": "UFT7XUWJX",
                "ts": "1551594864.046900"
            }
        ]
    },
    {
        "client_msg_id": "27dcaeee-8813-4dbd-9b25-d3a68f56497e",
        "type": "message",
        "text": "Помогите, пожалуйста, с пониманием WHERE u.email=?1",
        "user": "UFT7XUWJX",
        "ts": "1551556742.042800",
        "thread_ts": "1551556725.042700",
        "parent_user_id": "UFT7XUWJX"
    },
    {
        "client_msg_id": "c4bfd966-3664-4a07-ae9b-c57bad94a607",
        "type": "message",
        "text": "Это значит использовать при создании NamedQuery метод setParameter(int position, Object object) а не setParameter(String name, Object object). После вопросительного знака указывается позиция для параметра",
        "user": "UFLKE29QW",
        "ts": "1551557831.043100",
        "thread_ts": "1551556725.042700",
        "parent_user_id": "UFT7XUWJX"
    },
    {
        "client_msg_id": "49e1a9e0-2823-41ed-8ff2-ab453bd9a585",
        "type": "message",
        "text": "<https:\/\/examples.javacodegeeks.com\/enterprise-java\/jpa-named-query-example\/>",
        "user": "UFLKE29QW",
        "ts": "1551558154.043300",
        "attachments": [
            {
                "service_name": "Examples Java Code Geeks",
                "title": "JPA Named Query Example | Examples Java Code Geeks - 2019",
                "title_link": "https:\/\/examples.javacodegeeks.com\/enterprise-java\/jpa-named-query-example\/",
                "text": "1. Introduction In this article you will learn how to use the JPA @NamedQuery and @NamedNativeQuery annotations. We will start by introducing some general",
                "fallback": "Examples Java Code Geeks: JPA Named Query Example | Examples Java Code Geeks - 2019",
                "thumb_url": "https:\/\/examples.javacodegeeks.com\/wp-content\/uploads\/2012\/12\/enterprise-java-logo.jpg",
                "from_url": "https:\/\/examples.javacodegeeks.com\/enterprise-java\/jpa-named-query-example\/",
                "thumb_width": 150,
                "thumb_height": 150,
                "service_icon": "https:\/\/examples.javacodegeeks.com\/wp-content\/uploads\/2013\/05\/JavaCodeGeeks-favIcon.png",
                "id": 1,
                "original_url": "https:\/\/examples.javacodegeeks.com\/enterprise-java\/jpa-named-query-example\/"
            }
        ],
        "thread_ts": "1551556725.042700",
        "parent_user_id": "UFT7XUWJX"
    },
    {
        "client_msg_id": "9eeb4b30-b22d-4e25-a7e3-e62c45b9f339",
        "type": "message",
        "text": "Спасибо. Но тогда было бы WHERE u.email=1",
        "user": "UFT7XUWJX",
        "ts": "1551594309.043700",
        "thread_ts": "1551556725.042700",
        "parent_user_id": "UFT7XUWJX"
    },
    {
        "client_msg_id": "392c3e0a-8ccf-45e3-8019-f17cd36cba58",
        "type": "message",
        "text": "Если бы было 1 то это хардкодное значение",
        "user": "UFLKE29QW",
        "ts": "1551594368.043900",
        "thread_ts": "1551556725.042700",
        "parent_user_id": "UFT7XUWJX"
    },
    {
        "client_msg_id": "6e054269-a2b7-4ea5-b961-86c935fdbdb8",
        "type": "message",
        "text": "Я думал, что элвис - это проверка на null",
        "user": "UFT7XUWJX",
        "ts": "1551594392.044100",
        "thread_ts": "1551556725.042700",
        "parent_user_id": "UFT7XUWJX"
    },
    {
        "client_msg_id": "feb05f1f-991e-40d0-886a-01b8cdffbb6e",
        "type": "message",
        "text": "к тому же для email нужна строка а не число",
        "user": "UFLKE29QW",
        "ts": "1551594399.044300",
        "thread_ts": "1551556725.042700",
        "parent_user_id": "UFT7XUWJX"
    },
    {
        "client_msg_id": "e82fe845-4615-41bf-ba36-9cc0b28285f8",
        "type": "message",
        "text": "1 - это первый параметр запроса или первая колонка в табоице?",
        "user": "UFT7XUWJX",
        "ts": "1551594493.044500",
        "thread_ts": "1551556725.042700",
        "parent_user_id": "UFT7XUWJX"
    },
    {
        "client_msg_id": "fbdfc058-cca3-478a-b90d-8f22cd4f85d1",
        "type": "message",
        "text": "таблице*",
        "user": "UFT7XUWJX",
        "ts": "1551594514.044700",
        "thread_ts": "1551556725.042700",
        "parent_user_id": "UFT7XUWJX"
    },
    {
        "client_msg_id": "3824f8aa-6ddd-4e27-a8b1-a12a2c1e2464",
        "type": "message",
        "text": "первый параметр запроса",
        "user": "UFLKE29QW",
        "ts": "1551594538.044900",
        "thread_ts": "1551556725.042700",
        "parent_user_id": "UFT7XUWJX"
    },
    {
        "client_msg_id": "3b21b97f-c871-4bf2-98f5-e2fecbb26cb5",
        "type": "message",
        "text": "Ты с PreparedStatement работал?",
        "user": "UFLKE29QW",
        "ts": "1551594566.045100",
        "thread_ts": "1551556725.042700",
        "parent_user_id": "UFT7XUWJX"
    },
    {
        "client_msg_id": "487f11b5-015d-4e77-96ec-73d43d2759a6",
        "type": "message",
        "text": "да",
        "user": "UFT7XUWJX",
        "ts": "1551594584.045300",
        "thread_ts": "1551556725.042700",
        "parent_user_id": "UFT7XUWJX"
    },
    {
        "client_msg_id": "9455d3ef-eeac-440e-8319-2d24459bda82",
        "type": "message",
        "text": "спасибо",
        "user": "UFT7XUWJX",
        "ts": "1551594665.045500",
        "thread_ts": "1551556725.042700",
        "parent_user_id": "UFT7XUWJX"
    },
    {
        "client_msg_id": "6c0a12fc-7f3b-482d-9d4e-004d48e195fe",
        "type": "message",
        "text": "Ну это тип того. Только здесь ?цифра заменяется позицией параметра",
        "user": "UFLKE29QW",
        "ts": "1551594670.045700",
        "thread_ts": "1551556725.042700",
        "parent_user_id": "UFT7XUWJX"
    },
    {
        "client_msg_id": "9953f607-0835-4f10-8e24-e8da9e7ffc58",
        "type": "message",
        "text": "Это не элвис",
        "user": "UFLKE29QW",
        "ts": "1551594714.045900",
        "thread_ts": "1551556725.042700",
        "parent_user_id": "UFT7XUWJX"
    },
    {
        "client_msg_id": "b5e094e0-8587-4d6e-b323-49334f7033ed",
        "type": "message",
        "text": "u.email=? бы не смутило )",
        "user": "UFT7XUWJX",
        "ts": "1551594723.046100",
        "thread_ts": "1551556725.042700",
        "parent_user_id": "UFT7XUWJX"
    },
    {
        "client_msg_id": "4aa4e587-a6d4-42f6-a187-8ebd2cd00c05",
        "type": "message",
        "text": "а если бы было u.email=?2",
        "user": "UFT7XUWJX",
        "ts": "1551594767.046300",
        "thread_ts": "1551556725.042700",
        "parent_user_id": "UFT7XUWJX"
    },
    {
        "client_msg_id": "b4277004-a83c-4129-ba9e-91ffb223dd9e",
        "type": "message",
        "text": "и ни где бы не было 1...",
        "user": "UFT7XUWJX",
        "ts": "1551594775.046500",
        "thread_ts": "1551556725.042700",
        "parent_user_id": "UFT7XUWJX"
    },
    {
        "client_msg_id": "0e93af07-9d69-4ced-ad53-cc0d5a1c3b6c",
        "type": "message",
        "text": "Э... не знаю. попробуй",
        "user": "UFLKE29QW",
        "ts": "1551594801.046700",
        "thread_ts": "1551556725.042700",
        "parent_user_id": "UFT7XUWJX"
    },
    {
        "client_msg_id": "c8968601-e89e-4ef8-8700-0884bbc37e45",
        "type": "message",
        "text": "Спасибо. Все понятно.",
        "user": "UFT7XUWJX",
        "ts": "1551594864.046900",
        "thread_ts": "1551556725.042700",
        "parent_user_id": "UFT7XUWJX"
    },
    {
        "client_msg_id": "53eaefac-843e-4a5c-ac2a-15c89d600908",
        "type": "message",
        "text": "Помогите разобраться в транзакциях.",
        "user": "UFT7XUWJX",
        "ts": "1551597018.047800",
        "thread_ts": "1551597018.047800",
        "reply_count": 9,
        "reply_users_count": 5,
        "latest_reply": "1551635807.071200",
        "reply_users": [
            "UFT7XUWJX",
            "UFKG13683",
            "UFLKE29QW",
            "UE1ULNT9V",
            "UF0Q50M55"
        ],
        "replies": [
            {
                "user": "UFT7XUWJX",
                "ts": "1551597069.047900"
            },
            {
                "user": "UFT7XUWJX",
                "ts": "1551597255.048700"
            },
            {
                "user": "UFKG13683",
                "ts": "1551599717.052100"
            },
            {
                "user": "UFKG13683",
                "ts": "1551599787.052300"
            },
            {
                "user": "UFLKE29QW",
                "ts": "1551600096.052500"
            },
            {
                "user": "UFT7XUWJX",
                "ts": "1551605398.052800"
            },
            {
                "user": "UFT7XUWJX",
                "ts": "1551618159.055000"
            },
            {
                "user": "UE1ULNT9V",
                "ts": "1551619444.055500"
            },
            {
                "user": "UF0Q50M55",
                "ts": "1551635807.071200"
            }
        ]
    },
    {
        "client_msg_id": "99eb14c5-2257-4f8e-8225-d09204458c01",
        "type": "message",
        "text": "Понятно почему мы используем аннотацию @Transactional на методах, которые изменяют данные и на методах которые данные просто читают через аннотацию на класс @Transactional(readOnly = true). Непонятно следующее:",
        "user": "UFT7XUWJX",
        "ts": "1551597069.047900",
        "edited": {
            "user": "UFT7XUWJX",
            "ts": "1551598161.000000"
        },
        "thread_ts": "1551597018.047800",
        "parent_user_id": "UFT7XUWJX"
    },
    {
        "client_msg_id": "d6503735-7ae7-4c1a-856c-87d22f399e64",
        "type": "message",
        "text": "Если я правильно понял, то по умолчанию значение будет Propagation.REQUIRED.\nПолучается можно было просто повесить на класс @Transactional и это было бы эквивалентно тому, что у нас сейчас? Почему мы записали именно так: Отдельно на каждый изменяющий данные метод и еще сверху на только читающие?",
        "user": "UFT7XUWJX",
        "ts": "1551597255.048700",
        "edited": {
            "user": "UFT7XUWJX",
            "ts": "1551598235.000000"
        },
        "thread_ts": "1551597018.047800",
        "parent_user_id": "UFT7XUWJX"
    },
    {
        "client_msg_id": "349b7022-c983-4eb0-b659-9df910b81a38",
        "type": "message",
        "text": "@Transactional по умолчанию read\/write. Если мы бы повесили на класс, то у всех методов был бы read\/write",
        "user": "UFKG13683",
        "ts": "1551599717.052100",
        "thread_ts": "1551597018.047800",
        "parent_user_id": "UFT7XUWJX",
        "reactions": [
            {
                "name": "heavy_check_mark",
                "users": [
                    "UE1ULNT9V"
                ],
                "count": 1
            }
        ]
    },
    {
        "client_msg_id": "ed92ff46-3f33-4a9b-8283-e1889806d401",
        "type": "message",
        "text": "Хотя, я не совсем понимаю зачем на читающие методы транзакции вешать.",
        "user": "UFKG13683",
        "ts": "1551599787.052300",
        "edited": {
            "user": "UFKG13683",
            "ts": "1551600315.000000"
        },
        "thread_ts": "1551597018.047800",
        "parent_user_id": "UFT7XUWJX"
    }
]