[
    {
        "client_msg_id": "6073c0ee-d63e-460b-a5bf-ad88cb01344a",
        "type": "message",
        "text": "Ну в users было так же... ",
        "user": "UFT7XUWJX",
        "ts": "1551783025.120300",
        "thread_ts": "1551733208.114700",
        "parent_user_id": "UFT7XUWJX"
    },
    {
        "client_msg_id": "946cbd4d-fcaf-40db-ab0d-3d644cd42149",
        "type": "message",
        "text": "Тоже не пойму никак - как избавиться от этой ошибки? Что за сравнение юзера в тестах?",
        "user": "UFUQUNDRP",
        "ts": "1551786742.120900",
        "thread_ts": "1551525418.036700",
        "parent_user_id": "UFS44Q1JS"
    },
    {
        "client_msg_id": "9300b848-dfb4-4a41-8b6e-6146c4d3554a",
        "type": "message",
        "text": "<@UFU6UEZB5> попробуй по аналогии с юзер, только в meal убрать сравнение юзера",
        "user": "UFKG13683",
        "ts": "1551787478.121100",
        "thread_ts": "1551525418.036700",
        "parent_user_id": "UFS44Q1JS"
    },
    {
        "client_msg_id": "c866e4da-e7d3-465b-a465-66e563af1190",
        "type": "message",
        "text": "Действительно. А может кто-нибудь пояснить зачем так делать если у EntityManager-a есть метод getSingleResult()  ?",
        "user": "UFP7PTM99",
        "ts": "1551789520.121300",
        "thread_ts": "1551733208.114700",
        "parent_user_id": "UFT7XUWJX"
    },
    {
        "client_msg_id": "63b44f8b-657c-42a2-a169-fc433f83d4b9",
        "type": "message",
        "text": "капец... так протупить - это надо было постараться.\nспасибо за подсказку.",
        "user": "UFUQUNDRP",
        "ts": "1551791661.121500",
        "thread_ts": "1551525418.036700",
        "parent_user_id": "UFS44Q1JS"
    },
    {
        "client_msg_id": "2d901136-a32b-4ae0-a47e-2a7fb8712bdf",
        "type": "message",
        "text": "У JPA есть понятие EntityManager, как вы знаете. Во время вашей работы в диспетчере объектов некоторые объекты загружаются из базы данных, могут быть изменены и впоследствии сброшены в базу данных.\n\nfind() должен вернуть инициализированный экземпляр вашего объекта. Если он еще не загружен в EntityManager, он извлекается из базы данных.\n\ngetReference() разрешено возвращать прокси вместо инициализированного экземпляра, если объект ранее не был загружен в EntityManager. В этом прокси инициализируется только атрибут первичного ключа. Прокси могут быть созданы без попадания в базу данных, поскольку только инициализированный атрибут уже передан функции getReference().",
        "user": "UFFJ077SL",
        "ts": "1551791682.121700",
        "thread_ts": "1551708716.102000",
        "parent_user_id": "UFFJ077SL"
    },
    {
        "client_msg_id": "21f7ecad-c798-4fb7-b891-bb978f980e5e",
        "type": "message",
        "text": "вот тоже нашел кстати )",
        "user": "UFFJ077SL",
        "ts": "1551791692.121900",
        "thread_ts": "1551708716.102000",
        "parent_user_id": "UFFJ077SL"
    },
    {
        "client_msg_id": "d5587988-9212-4e73-a59b-718955d816b2",
        "type": "message",
        "text": "Если в Meal FetchType поставить lazy то при прохождении тестов падаю по:\n\norg.hibernate.LazyInitializationException: could not initialize proxy [ru.javawebinar.topjava.model.User#100001] - no Session\n\nЭто нормально? EntityManager закрывается и по этому не может потом подгрузить данные юзера из базы?\n(У меня в toString user есть, вписал потому что одинаковые, на первый взгляд, коллекции в тестах не сходились, мол, метод отработал, но assert выдает восклицательный знак, данные не равны.",
        "user": "UFP7PTM99",
        "ts": "1551793713.124800",
        "edited": {
            "user": "UFP7PTM99",
            "ts": "1551793963.000000"
        },
        "thread_ts": "1551793713.124800",
        "reply_count": 10,
        "reply_users_count": 3,
        "latest_reply": "1551796918.127300",
        "reply_users": [
            "UFP7PTM99",
            "UF2MZBKAR",
            "UFS44Q1JS"
        ],
        "replies": [
            {
                "user": "UFP7PTM99",
                "ts": "1551793838.124900"
            },
            {
                "user": "UFP7PTM99",
                "ts": "1551793875.125100"
            },
            {
                "user": "UF2MZBKAR",
                "ts": "1551794160.125600"
            },
            {
                "user": "UF2MZBKAR",
                "ts": "1551794347.125800"
            },
            {
                "user": "UFP7PTM99",
                "ts": "1551794753.126000"
            },
            {
                "user": "UF2MZBKAR",
                "ts": "1551794992.126300"
            },
            {
                "user": "UFP7PTM99",
                "ts": "1551795991.126500"
            },
            {
                "user": "UFS44Q1JS",
                "ts": "1551796516.126800"
            },
            {
                "user": "UF2MZBKAR",
                "ts": "1551796520.127000"
            },
            {
                "user": "UFP7PTM99",
                "ts": "1551796918.127300"
            }
        ]
    },
    {
        "client_msg_id": "bb26ca7c-bd88-49ac-b67c-8427e93d0e27",
        "type": "message",
        "text": "Я думал надо переопределить Equals и Hashcode чтобы arrayList-ы данных были одинаковыми и тесты проходили, но тесты падают потому что юзеры не одинаковые, может кто подсказать в каком направлении двигаться?",
        "user": "UFP7PTM99",
        "ts": "1551793838.124900",
        "thread_ts": "1551793713.124800",
        "parent_user_id": "UFP7PTM99"
    },
    {
        "type": "message",
        "text": "",
        "files": [
            {
                "id": "FGNNU21J4",
                "created": 1551793871,
                "timestamp": 1551793871,
                "name": "image.png",
                "title": "Pasted image at 2019-03-05, 3:51 PM",
                "mimetype": "image\/png",
                "filetype": "png",
                "pretty_type": "PNG",
                "user": "UFP7PTM99",
                "editable": false,
                "size": 87350,
                "mode": "hosted",
                "is_external": false,
                "external_type": "",
                "is_public": true,
                "public_url_shared": false,
                "display_as_bot": false,
                "username": "",
                "url_private": "https:\/\/files.slack.com\/files-pri\/TE09AK9BK-FGNNU21J4\/image.png?t=xoxe-476316655393-618179035285-606757826531-bd1c7b831233e0d053294a8f47715ef5",
                "url_private_download": "https:\/\/files.slack.com\/files-pri\/TE09AK9BK-FGNNU21J4\/download\/image.png?t=xoxe-476316655393-618179035285-606757826531-bd1c7b831233e0d053294a8f47715ef5",
                "thumb_64": "https:\/\/files.slack.com\/files-tmb\/TE09AK9BK-FGNNU21J4-d6c9e72f5a\/image_64.png?t=xoxe-476316655393-618179035285-606757826531-bd1c7b831233e0d053294a8f47715ef5",
                "thumb_80": "https:\/\/files.slack.com\/files-tmb\/TE09AK9BK-FGNNU21J4-d6c9e72f5a\/image_80.png?t=xoxe-476316655393-618179035285-606757826531-bd1c7b831233e0d053294a8f47715ef5",
                "thumb_360": "https:\/\/files.slack.com\/files-tmb\/TE09AK9BK-FGNNU21J4-d6c9e72f5a\/image_360.png?t=xoxe-476316655393-618179035285-606757826531-bd1c7b831233e0d053294a8f47715ef5",
                "thumb_360_w": 360,
                "thumb_360_h": 74,
                "thumb_480": "https:\/\/files.slack.com\/files-tmb\/TE09AK9BK-FGNNU21J4-d6c9e72f5a\/image_480.png?t=xoxe-476316655393-618179035285-606757826531-bd1c7b831233e0d053294a8f47715ef5",
                "thumb_480_w": 480,
                "thumb_480_h": 99,
                "thumb_160": "https:\/\/files.slack.com\/files-tmb\/TE09AK9BK-FGNNU21J4-d6c9e72f5a\/image_160.png?t=xoxe-476316655393-618179035285-606757826531-bd1c7b831233e0d053294a8f47715ef5",
                "thumb_720": "https:\/\/files.slack.com\/files-tmb\/TE09AK9BK-FGNNU21J4-d6c9e72f5a\/image_720.png?t=xoxe-476316655393-618179035285-606757826531-bd1c7b831233e0d053294a8f47715ef5",
                "thumb_720_w": 720,
                "thumb_720_h": 149,
                "thumb_800": "https:\/\/files.slack.com\/files-tmb\/TE09AK9BK-FGNNU21J4-d6c9e72f5a\/image_800.png?t=xoxe-476316655393-618179035285-606757826531-bd1c7b831233e0d053294a8f47715ef5",
                "thumb_800_w": 800,
                "thumb_800_h": 165,
                "thumb_960": "https:\/\/files.slack.com\/files-tmb\/TE09AK9BK-FGNNU21J4-d6c9e72f5a\/image_960.png?t=xoxe-476316655393-618179035285-606757826531-bd1c7b831233e0d053294a8f47715ef5",
                "thumb_960_w": 960,
                "thumb_960_h": 198,
                "thumb_1024": "https:\/\/files.slack.com\/files-tmb\/TE09AK9BK-FGNNU21J4-d6c9e72f5a\/image_1024.png?t=xoxe-476316655393-618179035285-606757826531-bd1c7b831233e0d053294a8f47715ef5",
                "thumb_1024_w": 1024,
                "thumb_1024_h": 211,
                "image_exif_rotation": 1,
                "original_w": 1472,
                "original_h": 304,
                "permalink": "https:\/\/topjava16.slack.com\/files\/UFP7PTM99\/FGNNU21J4\/image.png",
                "permalink_public": "https:\/\/slack-files.com\/TE09AK9BK-FGNNU21J4-e06ad72d47",
                "has_rich_preview": false
            }
        ],
        "upload": true,
        "user": "UFP7PTM99",
        "display_as_bot": false,
        "ts": "1551793875.125100",
        "thread_ts": "1551793713.124800",
        "parent_user_id": "UFP7PTM99"
    },
    {
        "client_msg_id": "c1390a46-4ff2-43e4-8c35-9f32f6fa9649",
        "type": "message",
        "text": "Юзера не нужно сравнивать. Я уже писал об этом выше",
        "user": "UF2MZBKAR",
        "ts": "1551794160.125600",
        "thread_ts": "1551793713.124800",
        "parent_user_id": "UFP7PTM99"
    },
    {
        "client_msg_id": "a41810e6-1e9e-43a6-8d52-c9d8571564f1",
        "type": "message",
        "text": "И почему для еды с id=100002 у тебя разные юзеры в ожидаемых и актуальных данных (из твоего скрина)?",
        "user": "UF2MZBKAR",
        "ts": "1551794347.125800",
        "thread_ts": "1551793713.124800",
        "parent_user_id": "UFP7PTM99"
    },
    {
        "client_msg_id": "36ba2515-e366-4665-bca4-1b47d501d915",
        "type": "message",
        "text": "А Equals и Hashcode в принципе переопределять нужно?\nА вопрос сложный, я не менял ни тесты ни тестовые данные, все из master ветки. По идее у еды с  id=100002 user должен быть null как и у всех других, т.к. это объекты созданные конструктором без присваивания user-a",
        "user": "UFP7PTM99",
        "ts": "1551794753.126000",
        "edited": {
            "user": "UFP7PTM99",
            "ts": "1551794794.000000"
        },
        "thread_ts": "1551793713.124800",
        "parent_user_id": "UFP7PTM99"
    },
    {
        "client_msg_id": "131f1ca9-3994-4f41-83ad-858a88613922",
        "type": "message",
        "text": "equals и hashcode уже переопределены в BaseEntity",
        "user": "UF2MZBKAR",
        "ts": "1551794992.126300",
        "thread_ts": "1551793713.124800",
        "parent_user_id": "UFP7PTM99"
    },
    {
        "client_msg_id": "6a49cb63-cbab-4734-a06a-1979135d6f17",
        "type": "message",
        "text": "<@UF2MZBKAR> нашел тот тред, но там суть не раскрыта, как его убирать не ясно :disappointed_relieved:",
        "user": "UFP7PTM99",
        "ts": "1551795991.126500",
        "thread_ts": "1551793713.124800",
        "parent_user_id": "UFP7PTM99"
    },
    {
        "client_msg_id": "625aa4a7-e66f-4a7b-9807-df159d9161ab",
        "type": "message",
        "text": "Есть метод с ignoreFields",
        "user": "UFS44Q1JS",
        "ts": "1551796516.126800",
        "thread_ts": "1551793713.124800",
        "parent_user_id": "UFP7PTM99"
    },
    {
        "client_msg_id": "dab9007d-02c5-4e91-94d5-b5e0b6eb6502",
        "type": "message",
        "text": "Мы убираем некоторые поля из сравнения для юзера, сделай по аналогии)",
        "user": "UF2MZBKAR",
        "ts": "1551796520.127000",
        "thread_ts": "1551793713.124800",
        "parent_user_id": "UFP7PTM99"
    },
    {
        "client_msg_id": "b44271f4-5ff5-4cdc-845f-2804744725d1",
        "type": "message",
        "text": "Я почему-то зациклился на Entity, Repository классах, все искал там искал, а оказывается в тестах надо было смотреть. Спасибо парни.",
        "user": "UFP7PTM99",
        "ts": "1551796918.127300",
        "thread_ts": "1551793713.124800",
        "parent_user_id": "UFP7PTM99",
        "reactions": [
            {
                "name": "+1",
                "users": [
                    "UF2MZBKAR"
                ],
                "count": 1
            }
        ]
    },
    {
        "type": "message",
        "text": "Не понимаю о чем он вообще",
        "files": [
            {
                "id": "FGP2UDZGR",
                "created": 1551801493,
                "timestamp": 1551801493,
                "name": "image.png",
                "title": "Pasted image at 2019-03-05, 5:58 PM",
                "mimetype": "image\/png",
                "filetype": "png",
                "pretty_type": "PNG",
                "user": "UFP7PTM99",
                "editable": false,
                "size": 10483,
                "mode": "hosted",
                "is_external": false,
                "external_type": "",
                "is_public": true,
                "public_url_shared": false,
                "display_as_bot": false,
                "username": "",
                "url_private": "https:\/\/files.slack.com\/files-pri\/TE09AK9BK-FGP2UDZGR\/image.png?t=xoxe-476316655393-618179035285-606757826531-bd1c7b831233e0d053294a8f47715ef5",
                "url_private_download": "https:\/\/files.slack.com\/files-pri\/TE09AK9BK-FGP2UDZGR\/download\/image.png?t=xoxe-476316655393-618179035285-606757826531-bd1c7b831233e0d053294a8f47715ef5",
                "thumb_64": "https:\/\/files.slack.com\/files-tmb\/TE09AK9BK-FGP2UDZGR-8150f709e4\/image_64.png?t=xoxe-476316655393-618179035285-606757826531-bd1c7b831233e0d053294a8f47715ef5",
                "thumb_80": "https:\/\/files.slack.com\/files-tmb\/TE09AK9BK-FGP2UDZGR-8150f709e4\/image_80.png?t=xoxe-476316655393-618179035285-606757826531-bd1c7b831233e0d053294a8f47715ef5",
                "thumb_360": "https:\/\/files.slack.com\/files-tmb\/TE09AK9BK-FGP2UDZGR-8150f709e4\/image_360.png?t=xoxe-476316655393-618179035285-606757826531-bd1c7b831233e0d053294a8f47715ef5",
                "thumb_360_w": 360,
                "thumb_360_h": 23,
                "thumb_480": "https:\/\/files.slack.com\/files-tmb\/TE09AK9BK-FGP2UDZGR-8150f709e4\/image_480.png?t=xoxe-476316655393-618179035285-606757826531-bd1c7b831233e0d053294a8f47715ef5",
                "thumb_480_w": 480,
                "thumb_480_h": 30,
                "thumb_160": "https:\/\/files.slack.com\/files-tmb\/TE09AK9BK-FGP2UDZGR-8150f709e4\/image_160.png?t=xoxe-476316655393-618179035285-606757826531-bd1c7b831233e0d053294a8f47715ef5",
                "thumb_720": "https:\/\/files.slack.com\/files-tmb\/TE09AK9BK-FGP2UDZGR-8150f709e4\/image_720.png?t=xoxe-476316655393-618179035285-606757826531-bd1c7b831233e0d053294a8f47715ef5",
                "thumb_720_w": 720,
                "thumb_720_h": 46,
                "thumb_800": "https:\/\/files.slack.com\/files-tmb\/TE09AK9BK-FGP2UDZGR-8150f709e4\/image_800.png?t=xoxe-476316655393-618179035285-606757826531-bd1c7b831233e0d053294a8f47715ef5",
                "thumb_800_w": 800,
                "thumb_800_h": 51,
                "image_exif_rotation": 1,
                "original_w": 884,
                "original_h": 56,
                "permalink": "https:\/\/topjava16.slack.com\/files\/UFP7PTM99\/FGP2UDZGR\/image.png",
                "permalink_public": "https:\/\/slack-files.com\/TE09AK9BK-FGP2UDZGR-3a1291f8cb",
                "has_rich_preview": false
            }
        ],
        "upload": true,
        "user": "UFP7PTM99",
        "display_as_bot": false,
        "ts": "1551801495.127600",
        "thread_ts": "1551801495.127600",
        "reply_count": 3,
        "reply_users_count": 2,
        "latest_reply": "1551801603.128700",
        "reply_users": [
            "UFP7PTM99",
            "UG105SZ89"
        ],
        "replies": [
            {
                "user": "UFP7PTM99",
                "ts": "1551801518.127900"
            },
            {
                "user": "UFP7PTM99",
                "ts": "1551801564.128300"
            },
            {
                "user": "UG105SZ89",
                "ts": "1551801603.128700"
            }
        ]
    },
    {
        "type": "message",
        "text": "",
        "files": [
            {
                "id": "FGPG516RH",
                "created": 1551801515,
                "timestamp": 1551801515,
                "name": "image.png",
                "title": "Pasted image at 2019-03-05, 5:58 PM",
                "mimetype": "image\/png",
                "filetype": "png",
                "pretty_type": "PNG",
                "user": "UFP7PTM99",
                "editable": false,
                "size": 26214,
                "mode": "hosted",
                "is_external": false,
                "external_type": "",
                "is_public": true,
                "public_url_shared": false,
                "display_as_bot": false,
                "username": "",
                "url_private": "https:\/\/files.slack.com\/files-pri\/TE09AK9BK-FGPG516RH\/image.png?t=xoxe-476316655393-618179035285-606757826531-bd1c7b831233e0d053294a8f47715ef5",
                "url_private_download": "https:\/\/files.slack.com\/files-pri\/TE09AK9BK-FGPG516RH\/download\/image.png?t=xoxe-476316655393-618179035285-606757826531-bd1c7b831233e0d053294a8f47715ef5",
                "thumb_64": "https:\/\/files.slack.com\/files-tmb\/TE09AK9BK-FGPG516RH-fb40334387\/image_64.png?t=xoxe-476316655393-618179035285-606757826531-bd1c7b831233e0d053294a8f47715ef5",
                "thumb_80": "https:\/\/files.slack.com\/files-tmb\/TE09AK9BK-FGPG516RH-fb40334387\/image_80.png?t=xoxe-476316655393-618179035285-606757826531-bd1c7b831233e0d053294a8f47715ef5",
                "thumb_360": "https:\/\/files.slack.com\/files-tmb\/TE09AK9BK-FGPG516RH-fb40334387\/image_360.png?t=xoxe-476316655393-618179035285-606757826531-bd1c7b831233e0d053294a8f47715ef5",
                "thumb_360_w": 360,
                "thumb_360_h": 77,
                "thumb_480": "https:\/\/files.slack.com\/files-tmb\/TE09AK9BK-FGPG516RH-fb40334387\/image_480.png?t=xoxe-476316655393-618179035285-606757826531-bd1c7b831233e0d053294a8f47715ef5",
                "thumb_480_w": 480,
                "thumb_480_h": 103,
                "thumb_160": "https:\/\/files.slack.com\/files-tmb\/TE09AK9BK-FGPG516RH-fb40334387\/image_160.png?t=xoxe-476316655393-618179035285-606757826531-bd1c7b831233e0d053294a8f47715ef5",
                "thumb_720": "https:\/\/files.slack.com\/files-tmb\/TE09AK9BK-FGPG516RH-fb40334387\/image_720.png?t=xoxe-476316655393-618179035285-606757826531-bd1c7b831233e0d053294a8f47715ef5",
                "thumb_720_w": 720,
                "thumb_720_h": 155,
                "image_exif_rotation": 1,
                "original_w": 762,
                "original_h": 164,
                "permalink": "https:\/\/topjava16.slack.com\/files\/UFP7PTM99\/FGPG516RH\/image.png",
                "permalink_public": "https:\/\/slack-files.com\/TE09AK9BK-FGPG516RH-318a190190",
                "has_rich_preview": false
            }
        ],
        "upload": true,
        "user": "UFP7PTM99",
        "display_as_bot": false,
        "ts": "1551801518.127900",
        "thread_ts": "1551801495.127600",
        "parent_user_id": "UFP7PTM99"
    },
    {
        "type": "message",
        "text": "",
        "files": [
            {
                "id": "FGNT5RU1E",
                "created": 1551801561,
                "timestamp": 1551801561,
                "name": "image.png",
                "title": "Pasted image at 2019-03-05, 5:59 PM",
                "mimetype": "image\/png",
                "filetype": "png",
                "pretty_type": "PNG",
                "user": "UFP7PTM99",
                "editable": false,
                "size": 10571,
                "mode": "hosted",
                "is_external": false,
                "external_type": "",
                "is_public": true,
                "public_url_shared": false,
                "display_as_bot": false,
                "username": "",
                "url_private": "https:\/\/files.slack.com\/files-pri\/TE09AK9BK-FGNT5RU1E\/image.png?t=xoxe-476316655393-618179035285-606757826531-bd1c7b831233e0d053294a8f47715ef5",
                "url_private_download": "https:\/\/files.slack.com\/files-pri\/TE09AK9BK-FGNT5RU1E\/download\/image.png?t=xoxe-476316655393-618179035285-606757826531-bd1c7b831233e0d053294a8f47715ef5",
                "thumb_64": "https:\/\/files.slack.com\/files-tmb\/TE09AK9BK-FGNT5RU1E-0f30044a38\/image_64.png?t=xoxe-476316655393-618179035285-606757826531-bd1c7b831233e0d053294a8f47715ef5",
                "thumb_80": "https:\/\/files.slack.com\/files-tmb\/TE09AK9BK-FGNT5RU1E-0f30044a38\/image_80.png?t=xoxe-476316655393-618179035285-606757826531-bd1c7b831233e0d053294a8f47715ef5",
                "thumb_360": "https:\/\/files.slack.com\/files-tmb\/TE09AK9BK-FGNT5RU1E-0f30044a38\/image_360.png?t=xoxe-476316655393-618179035285-606757826531-bd1c7b831233e0d053294a8f47715ef5",
                "thumb_360_w": 360,
                "thumb_360_h": 19,
                "thumb_480": "https:\/\/files.slack.com\/files-tmb\/TE09AK9BK-FGNT5RU1E-0f30044a38\/image_480.png?t=xoxe-476316655393-618179035285-606757826531-bd1c7b831233e0d053294a8f47715ef5",
                "thumb_480_w": 480,
                "thumb_480_h": 26,
                "thumb_160": "https:\/\/files.slack.com\/files-tmb\/TE09AK9BK-FGNT5RU1E-0f30044a38\/image_160.png?t=xoxe-476316655393-618179035285-606757826531-bd1c7b831233e0d053294a8f47715ef5",
                "thumb_720": "https:\/\/files.slack.com\/files-tmb\/TE09AK9BK-FGNT5RU1E-0f30044a38\/image_720.png?t=xoxe-476316655393-618179035285-606757826531-bd1c7b831233e0d053294a8f47715ef5",
                "thumb_720_w": 720,
                "thumb_720_h": 39,
                "image_exif_rotation": 1,
                "original_w": 724,
                "original_h": 39,
                "permalink": "https:\/\/topjava16.slack.com\/files\/UFP7PTM99\/FGNT5RU1E\/image.png",
                "permalink_public": "https:\/\/slack-files.com\/TE09AK9BK-FGNT5RU1E-e962e95bd4",
                "has_rich_preview": false
            }
        ],
        "upload": true,
        "user": "UFP7PTM99",
        "display_as_bot": false,
        "ts": "1551801564.128300",
        "thread_ts": "1551801495.127600",
        "parent_user_id": "UFP7PTM99"
    },
    {
        "client_msg_id": "9122a894-d767-4375-b61d-a5de167251d0",
        "type": "message",
        "text": "в запросе перед `startDate` забыл двоеточие",
        "user": "UG105SZ89",
        "ts": "1551801603.128700",
        "thread_ts": "1551801495.127600",
        "parent_user_id": "UFP7PTM99",
        "reactions": [
            {
                "name": "heavy_check_mark",
                "users": [
                    "UFP7PTM99",
                    "UF6HMCG3X"
                ],
                "count": 2
            }
        ]
    },
    {
        "client_msg_id": "baa6f5cc-81c7-4867-9cb2-a951040c7cd6",
        "type": "message",
        "text": "Затем, что метод getSingleResult() кидается эксепшнами в любой ситуации, если мы не получаем единственный ожидаемый результат. А мы ждем или результат, или null.",
        "user": "UFBHB8PFS",
        "ts": "1551805846.129100",
        "thread_ts": "1551733208.114700",
        "parent_user_id": "UFT7XUWJX",
        "reactions": [
            {
                "name": "heavy_check_mark",
                "users": [
                    "UE1ULNT9V"
                ],
                "count": 1
            }
        ]
    },
    {
        "client_msg_id": "69f6041c-b8f2-403f-a54e-c0a60de4b8eb",
        "type": "message",
        "text": "Метод singleResult класса DataAccessUtils покрывает как раз все наши ожидания",
        "user": "UFBHB8PFS",
        "ts": "1551805947.129300",
        "thread_ts": "1551733208.114700",
        "parent_user_id": "UFT7XUWJX",
        "reactions": [
            {
                "name": "+1",
                "users": [
                    "UFT7XUWJX",
                    "UFP7PTM99"
                ],
                "count": 2
            }
        ]
    },
    {
        "client_msg_id": "7ff3e308-e490-42cc-9362-72f0a4095f1b",
        "type": "message",
        "text": "Все-таки принципиальный вопрос: update лучше делать через em.merge или @NamedQuery (UPDATE ... ) ?",
        "user": "UFT7XUWJX",
        "ts": "1551806119.130600",
        "thread_ts": "1551806119.130600",
        "reply_count": 13,
        "reply_users_count": 5,
        "latest_reply": "1551813129.137900",
        "reply_users": [
            "UFBHB8PFS",
            "UFT7XUWJX",
            "UFQ35BUP4",
            "UE1ULNT9V",
            "UFP7PTM99"
        ],
        "replies": [
            {
                "user": "UFBHB8PFS",
                "ts": "1551806303.130700"
            },
            {
                "user": "UFT7XUWJX",
                "ts": "1551807506.133100"
            },
            {
                "user": "UFT7XUWJX",
                "ts": "1551807524.133300"
            },
            {
                "user": "UFT7XUWJX",
                "ts": "1551807540.133500"
            },
            {
                "user": "UFT7XUWJX",
                "ts": "1551807548.133700"
            },
            {
                "user": "UFQ35BUP4",
                "ts": "1551807760.133900"
            },
            {
                "user": "UE1ULNT9V",
                "ts": "1551808540.135600"
            },
            {
                "user": "UFP7PTM99",
                "ts": "1551810507.136600"
            },
            {
                "user": "UE1ULNT9V",
                "ts": "1551812539.136900"
            },
            {
                "user": "UFT7XUWJX",
                "ts": "1551813011.137200"
            },
            {
                "user": "UFT7XUWJX",
                "ts": "1551813044.137500"
            },
            {
                "user": "UE1ULNT9V",
                "ts": "1551813082.137700"
            },
            {
                "user": "UE1ULNT9V",
                "ts": "1551813129.137900"
            }
        ]
    },
    {
        "client_msg_id": "222d3c8a-f2ac-4777-8ad5-1098eb021493",
        "type": "message",
        "text": "а у тебя работает и так и так?",
        "user": "UFBHB8PFS",
        "ts": "1551806303.130700",
        "thread_ts": "1551806119.130600",
        "parent_user_id": "UFT7XUWJX"
    },
    {
        "client_msg_id": "97690d46-10d0-4efa-ab47-c18c56ea04b2",
        "type": "message",
        "text": "нда.. Stopwatch дает по времени в 3 раза больше затраченного времени...какой показатель следует считать более точным?",
        "user": "UFQ35BUP4",
        "ts": "1551807496.133000",
        "thread_ts": "1551807496.133000",
        "reply_count": 1,
        "reply_users_count": 1,
        "latest_reply": "1551808487.135400",
        "reply_users": [
            "UE1ULNT9V"
        ],
        "replies": [
            {
                "user": "UE1ULNT9V",
                "ts": "1551808487.135400"
            }
        ]
    },
    {
        "client_msg_id": "08f25af0-104b-4919-9836-0db7dccf1736",
        "type": "message",
        "text": "<@UFBHB8PFS> em.merge работает... для UPDATE очень сложный запрос.... воюю",
        "user": "UFT7XUWJX",
        "ts": "1551807506.133100",
        "thread_ts": "1551806119.130600",
        "parent_user_id": "UFT7XUWJX"
    },
    {
        "client_msg_id": "78988b64-8679-4ce9-a104-50be43dbf3fa",
        "type": "message",
        "text": "остальные запросы победил",
        "user": "UFT7XUWJX",
        "ts": "1551807524.133300",
        "thread_ts": "1551806119.130600",
        "parent_user_id": "UFT7XUWJX"
    },
    {
        "client_msg_id": "baa68877-80ce-47c4-b035-08d5f53c0b96",
        "type": "message",
        "text": "@NamedQuery(name = Meal.UPDATE, query = \"UPDATE Meal m SET m=:meal, m.user = User u WHERE m.id=:id AND u=(SELECT u FROM User u WHERE u.id=:userid)\"),",
        "user": "UFT7XUWJX",
        "ts": "1551807540.133500",
        "thread_ts": "1551806119.130600",
        "parent_user_id": "UFT7XUWJX"
    },
    {
        "client_msg_id": "98ba68a3-48bb-4063-b8a6-0fc37997dcfa",
        "type": "message",
        "text": "пока не подходит...",
        "user": "UFT7XUWJX",
        "ts": "1551807548.133700",
        "thread_ts": "1551806119.130600",
        "parent_user_id": "UFT7XUWJX"
    },
    {
        "client_msg_id": "4f1863d7-e5fd-498e-931c-db3e7105a2e9",
        "type": "message",
        "text": "AND m.user.id =: userId",
        "user": "UFQ35BUP4",
        "ts": "1551807760.133900",
        "thread_ts": "1551806119.130600",
        "parent_user_id": "UFT7XUWJX"
    },
    {
        "client_msg_id": "b1b15fac-7a47-474a-a74c-f2456f0c38e3",
        "type": "message",
        "text": "Кто может уточнить? По тестам. Выводить время в наносекундах или миллисекундах? В конце всех тестов выводить информацию просто в консоль или в лог?",
        "user": "UFTEY6H27",
        "ts": "1551808262.135200",
        "thread_ts": "1551808262.135200",
        "reply_count": 1,
        "reply_users_count": 1,
        "latest_reply": "1551808600.135900",
        "reply_users": [
            "UE1ULNT9V"
        ],
        "replies": [
            {
                "user": "UE1ULNT9V",
                "ts": "1551808600.135900"
            }
        ]
    },
    {
        "client_msg_id": "0b810b81-affc-49ce-8599-5d14b2c31a6a",
        "type": "message",
        "text": "я не парился сравнением...",
        "user": "UE1ULNT9V",
        "ts": "1551808487.135400",
        "thread_ts": "1551807496.133000",
        "parent_user_id": "UFQ35BUP4"
    },
    {
        "client_msg_id": "fa9e9605-b595-44aa-b2fe-443997bc57e0",
        "type": "message",
        "text": "да нет такого- что лучше. все от контекста зависит\nскорость выполнения или простота написания например",
        "user": "UE1ULNT9V",
        "ts": "1551808540.135600",
        "edited": {
            "user": "UE1ULNT9V",
            "ts": "1551812502.000000"
        },
        "thread_ts": "1551806119.130600",
        "parent_user_id": "UFT7XUWJX"
    },
    {
        "client_msg_id": "b914f595-f338-46af-b289-cdc77fd71e2e",
        "type": "message",
        "text": "выводится все в лог в лог. в наносекундах не думаю что у нас такие точности",
        "user": "UE1ULNT9V",
        "ts": "1551808600.135900",
        "thread_ts": "1551808262.135200",
        "parent_user_id": "UFTEY6H27",
        "reactions": [
            {
                "name": "+1",
                "users": [
                    "UFTEY6H27",
                    "UFCJPCJ4U"
                ],
                "count": 2
            }
        ]
    },
    {
        "client_msg_id": "89ccda00-f15a-47f7-9a49-ba222efb7acd",
        "type": "message",
        "text": "Вышло что-нибудь с update-ом? У меня em.mergе, как я понял, если не находит сущность в базе, просто запихивает туда новую, и не бросает Exc который ожидаем в тесте.\n\nНаписал sql вручную, получил в подарок:\nCaused by: java.lang.IllegalArgumentException: Update\/delete queries cannot be typed\n\n:sweat_smile:",
        "user": "UFP7PTM99",
        "ts": "1551810507.136600",
        "thread_ts": "1551806119.130600",
        "parent_user_id": "UFT7XUWJX"
    },
    {
        "client_msg_id": "c9ca8c69-6728-4542-bb1d-7ff9b74b3202",
        "type": "message",
        "text": "делайте как в User при сохранении. не надо своего изобретать",
        "user": "UE1ULNT9V",
        "ts": "1551812539.136900",
        "edited": {
            "user": "UE1ULNT9V",
            "ts": "1551812543.000000"
        },
        "thread_ts": "1551806119.130600",
        "parent_user_id": "UFT7XUWJX"
    },
    {
        "client_msg_id": "d54b75d1-df02-4515-a6ff-b67444050bae",
        "type": "message",
        "text": "<@UFP7PTM99>\nUser user = em.find(User.class, userId);\n        meal.setUser(user);\n        if (meal.isNew()) {\n            em.persist(meal);\n            return meal;\n        } else {\n            if (get(meal.getId(), userId) == null) {\n                return null;\n            }\n            return em.merge(meal);\n        }",
        "user": "UFT7XUWJX",
        "ts": "1551813011.137200",
        "edited": {
            "user": "UFT7XUWJX",
            "ts": "1551813026.000000"
        },
        "thread_ts": "1551806119.130600",
        "parent_user_id": "UFT7XUWJX",
        "reactions": [
            {
                "name": "+1",
                "users": [
                    "UFP7PTM99"
                ],
                "count": 1
            }
        ]
    },
    {
        "client_msg_id": "1807c096-0106-48e4-8fb8-1d62c4d83227",
        "type": "message",
        "text": "ну чуть костыльно, но работает...",
        "user": "UFT7XUWJX",
        "ts": "1551813044.137500",
        "thread_ts": "1551806119.130600",
        "parent_user_id": "UFT7XUWJX"
    },
    {
        "client_msg_id": "6264f22f-96bc-4cbc-a6c0-207e17f6e694",
        "type": "message",
        "text": "+ см. Подсказки по HW4 п.1",
        "user": "UE1ULNT9V",
        "ts": "1551813082.137700",
        "thread_ts": "1551806119.130600",
        "parent_user_id": "UFT7XUWJX"
    },
    {
        "client_msg_id": "c0737da6-4ee8-4f19-aaa0-f1c18858cc57",
        "type": "message",
        "text": "ну и условия можно красивее сделать else if",
        "user": "UE1ULNT9V",
        "ts": "1551813129.137900",
        "thread_ts": "1551806119.130600",
        "parent_user_id": "UFT7XUWJX"
    },
    {
        "client_msg_id": "4005b47f-45c5-49c9-9c1c-1c758a05c3f1",
        "type": "message",
        "text": "Подскажите, как пункт 3.3 ДЗ сделать, какой @Rule нужен? ",
        "user": "UFKLLLP1A",
        "ts": "1551845456.140600",
        "thread_ts": "1551845456.140600",
        "reply_count": 2,
        "reply_users_count": 2,
        "latest_reply": "1551869153.141400",
        "reply_users": [
            "UFUQUNDRP",
            "UFKLLLP1A"
        ],
        "replies": [
            {
                "user": "UFUQUNDRP",
                "ts": "1551853464.141100"
            },
            {
                "user": "UFKLLLP1A",
                "ts": "1551869153.141400"
            }
        ]
    },
    {
        "client_msg_id": "d5f6005e-5ed9-421e-9756-fc50cab8ecc7",
        "type": "message",
        "text": "Я сделал класс-наследник от Stopwatch и в него запихал сбор статистики (имя теста, время и т.д.). В @Rule, соответственно, прописано создание экземпляра.\n`@Rule public final TestStatistic testStatistic = new TestStatistic();\nВывод по всем тестам - через @AfterClass\nМожно и в тестовый класс запихать это всё через аннотацию `@Rule TestRule xxx = new TestWatcher и внутрь сбор статистики.\nКороче говоря, просто подключением нового @Rule тут не обойтись.\nПоиск по junit external resources, junit rule testrule, junit test statistic test times\nНу или если искать лень - вот ссыль: <https:\/\/stackoverflow.com\/questions\/17552779\/record-time-it-takes-junit-tests-to-run>",
        "user": "UFUQUNDRP",
        "ts": "1551853464.141100",
        "attachments": [
            {
                "service_name": "Stack Overflow",
                "title": "Record time it takes JUnit tests to run",
                "title_link": "https:\/\/stackoverflow.com\/questions\/17552779\/record-time-it-takes-junit-tests-to-run",
                "text": "I would like to record how long it takes my JUnit test to run programmatically. I have a large number of tests in various test classes, and I would like to find out how long each individual test m...",
                "fallback": "Stack Overflow: Record time it takes JUnit tests to run",
                "thumb_url": "https:\/\/cdn.sstatic.net\/Sites\/stackoverflow\/img\/apple-touch-icon@2.png?v=73d79a89bded",
                "from_url": "https:\/\/stackoverflow.com\/questions\/17552779\/record-time-it-takes-junit-tests-to-run",
                "thumb_width": 316,
                "thumb_height": 316,
                "service_icon": "https:\/\/cdn.sstatic.net\/Sites\/stackoverflow\/img\/favicon.ico?v=4f32ecc8f43d",
                "id": 1,
                "original_url": "https:\/\/stackoverflow.com\/questions\/17552779\/record-time-it-takes-junit-tests-to-run"
            }
        ],
        "thread_ts": "1551845456.140600",
        "parent_user_id": "UFKLLLP1A"
    }
]