[
    {
        "client_msg_id": "587622b1-4ff0-41b0-a755-be1c2dea7b19",
        "type": "message",
        "text": "Спасибо, я класс наследник StopWatch для пункта 3.2 делал, просто думал есть  другой, более простой способ вывода статистики - так чтобы указал рул и все заработало, все таки это часто требуется. ",
        "user": "UFKLLLP1A",
        "ts": "1551869153.141400",
        "thread_ts": "1551845456.140600",
        "parent_user_id": "UFKLLLP1A"
    },
    {
        "client_msg_id": "a89979db-b2f2-4073-885f-43b22d52d974",
        "type": "message",
        "text": "Подскажите пожалуйста, уже запутался по поводу User user в Meal\n    @ManyToOne(fetch = FetchType.LAZY, optional = false)\n    @JoinColumn(name=\"user_id\")\n    private User user;\nПочитал в интернете статьи, не особо понял пример :confused: У нас есть таблица Users, есть таблица Meals, таблица Users поидее главная, поэтому штуки типа cascadeType.ALL я бы писал в Users, если бы там была коллекция еды. Нужно ли нам @JoinTable? Или достаточно @JoinColumn?",
        "user": "UFFJ077SL",
        "ts": "1551871458.144000",
        "thread_ts": "1551871458.144000",
        "reply_count": 2,
        "reply_users_count": 1,
        "latest_reply": "1551872138.144300",
        "reply_users": [
            "UFP7PTM99"
        ],
        "replies": [
            {
                "user": "UFP7PTM99",
                "ts": "1551872042.144100"
            },
            {
                "user": "UFP7PTM99",
                "ts": "1551872138.144300"
            }
        ]
    },
    {
        "client_msg_id": "2587ab3c-0cf9-4815-8d08-c58961010d82",
        "type": "message",
        "text": "<https:\/\/docs.jboss.org\/hibernate\/jpa\/2.1\/api\/javax\/persistence\/JoinColumn.html>",
        "user": "UFP7PTM99",
        "ts": "1551872042.144100",
        "thread_ts": "1551871458.144000",
        "parent_user_id": "UFFJ077SL"
    },
    {
        "client_msg_id": "c8b5316d-f920-475e-b940-cb229116f74a",
        "type": "message",
        "text": "Ты хибернейту говоришь просто какой ключ у тебя в таблице является FK(ставя аннотацию над объектом), а он сам разберется JoinColumn достаточно.\n\nЭто ORM - надо мыслить объектами. Есть Meal, есть User, единственное что нужно из SQL-а это название FK в данном случае user_id. Т.к. в hibernate сущности сопоставлены с таблицами, у него что-то вроде мапы внутри, он знает что юзер соответствует этой таблице, а еда - этой. Так что единственное что остается подсказать ему чем именно они связанны между собой.\n\nНа счет главной таблицы - не понял вообще. Кто определяет главенство?) У них просто зависимости определенные, организовано так что Meal подвязано к юзерам, а юзерам на еду вообще чхать, в их таблице ничего связанного с едой нет. Но ради целостности данных DBMS запрещает удалять юзеров пока есть объекты на них ссылающиеся, так что именно в еде прописывая ON DELETE CASCADE мы говорим базе - \"Все окей, еда без юзера нам не нужна, удаляй в случае удаления объекта зависимости\"",
        "user": "UFP7PTM99",
        "ts": "1551872138.144300",
        "edited": {
            "user": "UFP7PTM99",
            "ts": "1551872607.000000"
        },
        "thread_ts": "1551871458.144000",
        "parent_user_id": "UFFJ077SL",
        "reactions": [
            {
                "name": "heavy_check_mark",
                "users": [
                    "UE1ULNT9V",
                    "UFKG13683"
                ],
                "count": 2
            },
            {
                "name": "+1",
                "users": [
                    "UF4EWJ9N3"
                ],
                "count": 1
            }
        ]
    },
    {
        "client_msg_id": "c68a361d-7a27-4341-bc0b-b3d75b2d3136",
        "type": "message",
        "text": "Может кто-нибудь осветить тему логирования? Я видимо пропустил мимо и сейчас не вполне понимаю как это работает в нашем приложении. Есть 2 xml файла, а-ля файлы конфигурации, но что конкретно там описывается и как это работает мне не понятно, хотелось бы иметь понимание выше поверхностного.\n Куда читать?)",
        "user": "UFP7PTM99",
        "ts": "1551886137.147800",
        "thread_ts": "1551886137.147800",
        "reply_count": 3,
        "reply_users_count": 3,
        "latest_reply": "1551892035.151800",
        "reply_users": [
            "UFVTNRHNK",
            "UFE7TR83Z",
            "UE1ULNT9V"
        ],
        "replies": [
            {
                "user": "UFVTNRHNK",
                "ts": "1551886267.147900"
            },
            {
                "user": "UFE7TR83Z",
                "ts": "1551886323.148100"
            },
            {
                "user": "UE1ULNT9V",
                "ts": "1551892035.151800"
            }
        ]
    },
    {
        "client_msg_id": "6bdd3ac4-ce89-4a91-91e1-6c63d58af17a",
        "type": "message",
        "text": "<https:\/\/github.com\/JavaWebinar\/topjava\/blob\/doc\/doc\/lesson01.md#apply-1_7_loggingpatch>",
        "user": "UFVTNRHNK",
        "ts": "1551886267.147900",
        "thread_ts": "1551886137.147800",
        "parent_user_id": "UFP7PTM99",
        "reactions": [
            {
                "name": "+1",
                "users": [
                    "UFP7PTM99"
                ],
                "count": 1
            }
        ]
    },
    {
        "client_msg_id": "7e7f5d98-719f-4342-bec5-30c887cd747b",
        "type": "message",
        "text": "Добавлю от себя вопрос. Как файлы конфигурации подхватываются логгером? Где это прописывается?",
        "user": "UFE7TR83Z",
        "ts": "1551886323.148100",
        "thread_ts": "1551886137.147800",
        "parent_user_id": "UFP7PTM99"
    },
    {
        "client_msg_id": "a36b2555-10ab-45e2-95fd-98131bbe598b",
        "type": "message",
        "text": "Через @Rules сделал тесты, забавные вещи происходят.",
        "user": "UFP7PTM99",
        "ts": "1551889728.151500",
        "thread_ts": "1551889728.151500",
        "reply_count": 2,
        "reply_users_count": 2,
        "latest_reply": "1551900948.152000",
        "reply_users": [
            "UFP7PTM99",
            "UFQ35BUP4"
        ],
        "replies": [
            {
                "user": "UFP7PTM99",
                "ts": "1551889733.151600"
            },
            {
                "user": "UFQ35BUP4",
                "ts": "1551900948.152000"
            }
        ]
    },
    {
        "client_msg_id": "7a40fda4-7444-411a-8b4a-6c1f78934111",
        "type": "message",
        "text": "В самом Run при прочих равных все тесты светятся зеленым и все красиво, а вот в логах при стандартной реализации через\n @Test(expected = NotFoundException.class)\nПолучаем:\nTest deleteNotFound succeeded, spent 48174 microseconds\nTest deleteNotFound finished, spent 48174 microseconds\n\nА если через @Rule:\n    public ExpectedException thrown = ExpectedException.none();\nи соответственно :\n thrown.expect(NotFoundException.class);\n\nTest deleteNotFound failed, spent 179140 microseconds\nTest deleteNotFound finished, spent 179140 microseconds\n\nКак так то?)",
        "user": "UFP7PTM99",
        "ts": "1551889733.151600",
        "thread_ts": "1551889728.151500",
        "parent_user_id": "UFP7PTM99"
    },
    {
        "client_msg_id": "8317eb1e-a3bd-43b0-9be7-a7dfb187256a",
        "type": "message",
        "text": "<https:\/\/logback.qos.ch\/manual\/configuration.html>",
        "user": "UE1ULNT9V",
        "ts": "1551892035.151800",
        "thread_ts": "1551886137.147800",
        "parent_user_id": "UFP7PTM99"
    },
    {
        "client_msg_id": "29365ccd-1cd1-4d64-8133-61a8d753d04d",
        "type": "message",
        "text": "Григорий уже отвечал - не заморачивайся )))",
        "user": "UFQ35BUP4",
        "ts": "1551900948.152000",
        "thread_ts": "1551889728.151500",
        "parent_user_id": "UFP7PTM99"
    }
]