[
    {
        "client_msg_id": "bcb7e605-bfda-4303-8d74-c5e272cacce1",
        "type": "message",
        "text": "Так, потер все конфиги, дополнительно созданные файлы, maven clean сделал, удалил все лишнее, обновил идею, перезагрузился и все заработало. Что это было, в итоге не понятно.",
        "user": "UFS44Q1JS",
        "ts": "1551428432.015500",
        "thread_ts": "1551364809.006100",
        "parent_user_id": "UFS44Q1JS",
        "reactions": [
            {
                "name": "+1",
                "users": [
                    "UE1ULNT9V"
                ],
                "count": 1
            }
        ]
    },
    {
        "client_msg_id": "14fefe19-6e57-4d25-bdb1-0bbaac2b287d",
        "type": "message",
        "text": "Привет. В задании сказано: \"вывод сводки в конце класса: имя теста - время выполнения\". Имеется в виду, вывод сводки после окончания всех тестов?",
        "user": "UFCJPCJ4U",
        "ts": "1551436230.016700",
        "thread_ts": "1551436230.016700",
        "reply_count": 3,
        "reply_users_count": 2,
        "latest_reply": "1551437672.017300",
        "reply_users": [
            "UF9DY819B",
            "UFCJPCJ4U"
        ],
        "replies": [
            {
                "user": "UF9DY819B",
                "ts": "1551437298.016900"
            },
            {
                "user": "UF9DY819B",
                "ts": "1551437363.017100"
            },
            {
                "user": "UFCJPCJ4U",
                "ts": "1551437672.017300"
            }
        ]
    },
    {
        "client_msg_id": "aa30727c-ff58-4cea-90a3-7a28d1c399ff",
        "type": "message",
        "text": "всех тестов по каждому классу в виде таблицы\nимя теста - время выполнения\ncreate() - 40 мс\ndelete() - 10 мс\n\nи тд",
        "user": "UF9DY819B",
        "ts": "1551437298.016900",
        "thread_ts": "1551436230.016700",
        "parent_user_id": "UFCJPCJ4U",
        "reactions": [
            {
                "name": "heavy_check_mark",
                "users": [
                    "UE1ULNT9V"
                ],
                "count": 1
            }
        ]
    },
    {
        "client_msg_id": "8d16eefe-7302-478d-8a86-3e1363704490",
        "type": "message",
        "text": "Нужно для того, чтобы ты мог зайти в класс теста MealServiceTest и увидеть общую сводку по всем его тестам",
        "user": "UF9DY819B",
        "ts": "1551437363.017100",
        "thread_ts": "1551436230.016700",
        "parent_user_id": "UFCJPCJ4U"
    },
    {
        "client_msg_id": "a49ed581-a592-4290-8edd-536b8d267f69",
        "type": "message",
        "text": "Понятно. Смутила просто формулировка \"в конце класса\"",
        "user": "UFCJPCJ4U",
        "ts": "1551437672.017300",
        "thread_ts": "1551436230.016700",
        "parent_user_id": "UFCJPCJ4U"
    },
    {
        "client_msg_id": "612631ca-ae3d-4413-9e96-c99696f78bc0",
        "type": "message",
        "text": "при переключении на hsqldb надо spring-db раскоментить hsqldb строку\/закоментить postgres и сделать mvn clean",
        "user": "UE1ULNT9V",
        "ts": "1551448269.022200",
        "edited": {
            "user": "UE1ULNT9V",
            "ts": "1551448296.000000"
        },
        "thread_ts": "1551398476.011400",
        "parent_user_id": "UG134KF0U"
    },
    {
        "client_msg_id": "96ef3b5c-76df-4214-ac49-0a2027410f64",
        "type": "message",
        "text": "Так и делал, попробовал сейчас еще раз, ошибка та же",
        "user": "UG134KF0U",
        "ts": "1551449952.022600",
        "thread_ts": "1551398476.011400",
        "parent_user_id": "UG134KF0U"
    },
    {
        "type": "message",
        "text": "",
        "files": [
            {
                "id": "FGM02SW9K",
                "created": 1551450108,
                "timestamp": 1551450108,
                "name": "dep.png",
                "title": "dep.png",
                "mimetype": "image\/png",
                "filetype": "png",
                "pretty_type": "PNG",
                "user": "UG134KF0U",
                "editable": false,
                "size": 23580,
                "mode": "hosted",
                "is_external": false,
                "external_type": "",
                "is_public": true,
                "public_url_shared": false,
                "display_as_bot": false,
                "username": "",
                "url_private": "https:\/\/files.slack.com\/files-pri\/TE09AK9BK-FGM02SW9K\/dep.png?t=xoxe-476316655393-618179035285-606757826531-bd1c7b831233e0d053294a8f47715ef5",
                "url_private_download": "https:\/\/files.slack.com\/files-pri\/TE09AK9BK-FGM02SW9K\/download\/dep.png?t=xoxe-476316655393-618179035285-606757826531-bd1c7b831233e0d053294a8f47715ef5",
                "thumb_64": "https:\/\/files.slack.com\/files-tmb\/TE09AK9BK-FGM02SW9K-ef883b7394\/dep_64.png?t=xoxe-476316655393-618179035285-606757826531-bd1c7b831233e0d053294a8f47715ef5",
                "thumb_80": "https:\/\/files.slack.com\/files-tmb\/TE09AK9BK-FGM02SW9K-ef883b7394\/dep_80.png?t=xoxe-476316655393-618179035285-606757826531-bd1c7b831233e0d053294a8f47715ef5",
                "thumb_360": "https:\/\/files.slack.com\/files-tmb\/TE09AK9BK-FGM02SW9K-ef883b7394\/dep_360.png?t=xoxe-476316655393-618179035285-606757826531-bd1c7b831233e0d053294a8f47715ef5",
                "thumb_360_w": 360,
                "thumb_360_h": 259,
                "thumb_480": "https:\/\/files.slack.com\/files-tmb\/TE09AK9BK-FGM02SW9K-ef883b7394\/dep_480.png?t=xoxe-476316655393-618179035285-606757826531-bd1c7b831233e0d053294a8f47715ef5",
                "thumb_480_w": 480,
                "thumb_480_h": 346,
                "thumb_160": "https:\/\/files.slack.com\/files-tmb\/TE09AK9BK-FGM02SW9K-ef883b7394\/dep_160.png?t=xoxe-476316655393-618179035285-606757826531-bd1c7b831233e0d053294a8f47715ef5",
                "image_exif_rotation": 1,
                "original_w": 575,
                "original_h": 414,
                "permalink": "https:\/\/topjava16.slack.com\/files\/UG134KF0U\/FGM02SW9K\/dep.png",
                "permalink_public": "https:\/\/slack-files.com\/TE09AK9BK-FGM02SW9K-c90666eb5a",
                "has_rich_preview": false
            }
        ],
        "upload": true,
        "user": "UG134KF0U",
        "display_as_bot": false,
        "ts": "1551450111.022800",
        "thread_ts": "1551398476.011400",
        "parent_user_id": "UG134KF0U"
    },
    {
        "type": "message",
        "text": "",
        "files": [
            {
                "id": "FGLKY139Q",
                "created": 1551450112,
                "timestamp": 1551450112,
                "name": "spring_db.png",
                "title": "spring_db.png",
                "mimetype": "image\/png",
                "filetype": "png",
                "pretty_type": "PNG",
                "user": "UG134KF0U",
                "editable": false,
                "size": 67985,
                "mode": "hosted",
                "is_external": false,
                "external_type": "",
                "is_public": true,
                "public_url_shared": false,
                "display_as_bot": false,
                "username": "",
                "url_private": "https:\/\/files.slack.com\/files-pri\/TE09AK9BK-FGLKY139Q\/spring_db.png?t=xoxe-476316655393-618179035285-606757826531-bd1c7b831233e0d053294a8f47715ef5",
                "url_private_download": "https:\/\/files.slack.com\/files-pri\/TE09AK9BK-FGLKY139Q\/download\/spring_db.png?t=xoxe-476316655393-618179035285-606757826531-bd1c7b831233e0d053294a8f47715ef5",
                "thumb_64": "https:\/\/files.slack.com\/files-tmb\/TE09AK9BK-FGLKY139Q-81c344e14c\/spring_db_64.png?t=xoxe-476316655393-618179035285-606757826531-bd1c7b831233e0d053294a8f47715ef5",
                "thumb_80": "https:\/\/files.slack.com\/files-tmb\/TE09AK9BK-FGLKY139Q-81c344e14c\/spring_db_80.png?t=xoxe-476316655393-618179035285-606757826531-bd1c7b831233e0d053294a8f47715ef5",
                "thumb_360": "https:\/\/files.slack.com\/files-tmb\/TE09AK9BK-FGLKY139Q-81c344e14c\/spring_db_360.png?t=xoxe-476316655393-618179035285-606757826531-bd1c7b831233e0d053294a8f47715ef5",
                "thumb_360_w": 360,
                "thumb_360_h": 110,
                "thumb_480": "https:\/\/files.slack.com\/files-tmb\/TE09AK9BK-FGLKY139Q-81c344e14c\/spring_db_480.png?t=xoxe-476316655393-618179035285-606757826531-bd1c7b831233e0d053294a8f47715ef5",
                "thumb_480_w": 480,
                "thumb_480_h": 146,
                "thumb_160": "https:\/\/files.slack.com\/files-tmb\/TE09AK9BK-FGLKY139Q-81c344e14c\/spring_db_160.png?t=xoxe-476316655393-618179035285-606757826531-bd1c7b831233e0d053294a8f47715ef5",
                "thumb_720": "https:\/\/files.slack.com\/files-tmb\/TE09AK9BK-FGLKY139Q-81c344e14c\/spring_db_720.png?t=xoxe-476316655393-618179035285-606757826531-bd1c7b831233e0d053294a8f47715ef5",
                "thumb_720_w": 720,
                "thumb_720_h": 220,
                "thumb_800": "https:\/\/files.slack.com\/files-tmb\/TE09AK9BK-FGLKY139Q-81c344e14c\/spring_db_800.png?t=xoxe-476316655393-618179035285-606757826531-bd1c7b831233e0d053294a8f47715ef5",
                "thumb_800_w": 800,
                "thumb_800_h": 244,
                "thumb_960": "https:\/\/files.slack.com\/files-tmb\/TE09AK9BK-FGLKY139Q-81c344e14c\/spring_db_960.png?t=xoxe-476316655393-618179035285-606757826531-bd1c7b831233e0d053294a8f47715ef5",
                "thumb_960_w": 960,
                "thumb_960_h": 293,
                "thumb_1024": "https:\/\/files.slack.com\/files-tmb\/TE09AK9BK-FGLKY139Q-81c344e14c\/spring_db_1024.png?t=xoxe-476316655393-618179035285-606757826531-bd1c7b831233e0d053294a8f47715ef5",
                "thumb_1024_w": 1024,
                "thumb_1024_h": 312,
                "image_exif_rotation": 1,
                "original_w": 1344,
                "original_h": 410,
                "permalink": "https:\/\/topjava16.slack.com\/files\/UG134KF0U\/FGLKY139Q\/spring_db.png",
                "permalink_public": "https:\/\/slack-files.com\/TE09AK9BK-FGLKY139Q-401dd6eeee",
                "has_rich_preview": false
            }
        ],
        "upload": true,
        "user": "UG134KF0U",
        "display_as_bot": false,
        "ts": "1551450117.023200",
        "thread_ts": "1551398476.011400",
        "parent_user_id": "UG134KF0U"
    },
    {
        "client_msg_id": "1838d763-26d0-48f4-9f94-22b18aaf5acd",
        "type": "message",
        "text": "В Codacy Issues\nотключил в настройках (remove pattern) проверку assert в JUnit (проверяем через матчеры) и meta http-equiv=“content-type” в JSP\nсделал remove pattern на Cross Site Scripting (XSS), будем делать защиту на последнем занятии   Всем привет! Скажите, где это отключить? Не могу найти:(",
        "user": "UFFJ077SL",
        "ts": "1551500207.024600",
        "edited": {
            "user": "UFFJ077SL",
            "ts": "1551500242.000000"
        },
        "thread_ts": "1551500207.024600",
        "reply_count": 7,
        "reply_users_count": 2,
        "latest_reply": "1551510827.027300",
        "reply_users": [
            "UFFJ077SL",
            "UFLKE29QW"
        ],
        "replies": [
            {
                "user": "UFFJ077SL",
                "ts": "1551510444.025700"
            },
            {
                "user": "UFLKE29QW",
                "ts": "1551510652.026100"
            },
            {
                "user": "UFLKE29QW",
                "ts": "1551510782.026300"
            },
            {
                "user": "UFFJ077SL",
                "ts": "1551510795.026700"
            },
            {
                "user": "UFFJ077SL",
                "ts": "1551510808.026900"
            },
            {
                "user": "UFFJ077SL",
                "ts": "1551510811.027100"
            },
            {
                "user": "UFLKE29QW",
                "ts": "1551510827.027300"
            }
        ]
    },
    {
        "client_msg_id": "3c7d4031-bcd7-4a44-8ab0-5215627e32e1",
        "type": "message",
        "text": "трависи тоже не взлетела <https:\/\/github.com\/JavaWebinar\/topjava\/blob\/master\/.travis.yml> отсюда брал файл)",
        "user": "UFFJ077SL",
        "ts": "1551502280.025200",
        "edited": {
            "user": "UFFJ077SL",
            "ts": "1551505786.000000"
        },
        "thread_ts": "1551502280.025200",
        "reply_count": 1,
        "reply_users_count": 1,
        "latest_reply": "1551510431.025500",
        "reply_users": [
            "UFFJ077SL"
        ],
        "replies": [
            {
                "user": "UFFJ077SL",
                "ts": "1551510431.025500"
            }
        ]
    },
    {
        "client_msg_id": "faddb495-899c-497a-a9a4-734c028c0307",
        "type": "message",
        "text": "поменял ветку в травис файлике на свою hw3 и все норм заработало) собралось )",
        "user": "UFFJ077SL",
        "ts": "1551510431.025500",
        "thread_ts": "1551502280.025200",
        "parent_user_id": "UFFJ077SL"
    },
    {
        "client_msg_id": "20fd5ba5-594c-4f6a-b254-d948975324dc",
        "type": "message",
        "text": "так и не получил ответа (",
        "user": "UFFJ077SL",
        "ts": "1551510444.025700",
        "thread_ts": "1551500207.024600",
        "parent_user_id": "UFFJ077SL"
    },
    {
        "client_msg_id": "8382255f-441a-46a2-bc2e-b5d3375dfe62",
        "type": "message",
        "text": "На xss у меня сразу были в jsp issue. Отключил в codacy issue справа кнопка settings и там пункт remove pattern",
        "user": "UFLKE29QW",
        "ts": "1551510652.026100",
        "thread_ts": "1551500207.024600",
        "parent_user_id": "UFFJ077SL"
    },
    {
        "type": "message",
        "text": "",
        "files": [
            {
                "id": "FGM7FB89Z",
                "created": 1551510777,
                "timestamp": 1551510777,
                "name": "IMG_20190302_091213.jpg",
                "title": "IMG_20190302_091213.jpg",
                "mimetype": "image\/jpeg",
                "filetype": "jpg",
                "pretty_type": "JPEG",
                "user": "UFLKE29QW",
                "editable": false,
                "size": 517663,
                "mode": "hosted",
                "is_external": false,
                "external_type": "",
                "is_public": true,
                "public_url_shared": false,
                "display_as_bot": false,
                "username": "",
                "url_private": "https:\/\/files.slack.com\/files-pri\/TE09AK9BK-FGM7FB89Z\/img_20190302_091213.jpg?t=xoxe-476316655393-618179035285-606757826531-bd1c7b831233e0d053294a8f47715ef5",
                "url_private_download": "https:\/\/files.slack.com\/files-pri\/TE09AK9BK-FGM7FB89Z\/download\/img_20190302_091213.jpg?t=xoxe-476316655393-618179035285-606757826531-bd1c7b831233e0d053294a8f47715ef5",
                "thumb_64": "https:\/\/files.slack.com\/files-tmb\/TE09AK9BK-FGM7FB89Z-44ec70bebe\/img_20190302_091213_64.jpg?t=xoxe-476316655393-618179035285-606757826531-bd1c7b831233e0d053294a8f47715ef5",
                "thumb_80": "https:\/\/files.slack.com\/files-tmb\/TE09AK9BK-FGM7FB89Z-44ec70bebe\/img_20190302_091213_80.jpg?t=xoxe-476316655393-618179035285-606757826531-bd1c7b831233e0d053294a8f47715ef5",
                "thumb_360": "https:\/\/files.slack.com\/files-tmb\/TE09AK9BK-FGM7FB89Z-44ec70bebe\/img_20190302_091213_360.jpg?t=xoxe-476316655393-618179035285-606757826531-bd1c7b831233e0d053294a8f47715ef5",
                "thumb_360_w": 360,
                "thumb_360_h": 203,
                "thumb_480": "https:\/\/files.slack.com\/files-tmb\/TE09AK9BK-FGM7FB89Z-44ec70bebe\/img_20190302_091213_480.jpg?t=xoxe-476316655393-618179035285-606757826531-bd1c7b831233e0d053294a8f47715ef5",
                "thumb_480_w": 480,
                "thumb_480_h": 270,
                "thumb_160": "https:\/\/files.slack.com\/files-tmb\/TE09AK9BK-FGM7FB89Z-44ec70bebe\/img_20190302_091213_160.jpg?t=xoxe-476316655393-618179035285-606757826531-bd1c7b831233e0d053294a8f47715ef5",
                "thumb_720": "https:\/\/files.slack.com\/files-tmb\/TE09AK9BK-FGM7FB89Z-44ec70bebe\/img_20190302_091213_720.jpg?t=xoxe-476316655393-618179035285-606757826531-bd1c7b831233e0d053294a8f47715ef5",
                "thumb_720_w": 720,
                "thumb_720_h": 405,
                "thumb_800": "https:\/\/files.slack.com\/files-tmb\/TE09AK9BK-FGM7FB89Z-44ec70bebe\/img_20190302_091213_800.jpg?t=xoxe-476316655393-618179035285-606757826531-bd1c7b831233e0d053294a8f47715ef5",
                "thumb_800_w": 800,
                "thumb_800_h": 450,
                "thumb_960": "https:\/\/files.slack.com\/files-tmb\/TE09AK9BK-FGM7FB89Z-44ec70bebe\/img_20190302_091213_960.jpg?t=xoxe-476316655393-618179035285-606757826531-bd1c7b831233e0d053294a8f47715ef5",
                "thumb_960_w": 960,
                "thumb_960_h": 540,
                "thumb_1024": "https:\/\/files.slack.com\/files-tmb\/TE09AK9BK-FGM7FB89Z-44ec70bebe\/img_20190302_091213_1024.jpg?t=xoxe-476316655393-618179035285-606757826531-bd1c7b831233e0d053294a8f47715ef5",
                "thumb_1024_w": 1024,
                "thumb_1024_h": 576,
                "image_exif_rotation": 1,
                "original_w": 4608,
                "original_h": 2592,
                "permalink": "https:\/\/topjava16.slack.com\/files\/UFLKE29QW\/FGM7FB89Z\/img_20190302_091213.jpg",
                "permalink_public": "https:\/\/slack-files.com\/TE09AK9BK-FGM7FB89Z-6e1d007dcc",
                "has_rich_preview": false
            }
        ],
        "upload": true,
        "user": "UFLKE29QW",
        "display_as_bot": false,
        "ts": "1551510782.026300",
        "client_msg_id": "1585e5fb-2991-4b8a-84a8-e4dc02ef9957",
        "thread_ts": "1551500207.024600",
        "parent_user_id": "UFFJ077SL"
    },
    {
        "client_msg_id": "c4e0f27d-8cb3-45a3-8853-0f7bd11e261e",
        "type": "message",
        "text": "спасибо )",
        "user": "UFFJ077SL",
        "ts": "1551510795.026700",
        "thread_ts": "1551500207.024600",
        "parent_user_id": "UFFJ077SL"
    },
    {
        "client_msg_id": "fc5fa768-705a-4e21-81c9-f9a0265c8ff7",
        "type": "message",
        "text": "отключил в настройках (remove pattern) проверку assert в JUnit",
        "user": "UFFJ077SL",
        "ts": "1551510808.026900",
        "thread_ts": "1551500207.024600",
        "parent_user_id": "UFFJ077SL"
    },
    {
        "client_msg_id": "3d719079-2e09-4e50-8de4-10de83cae65a",
        "type": "message",
        "text": "а это делали?",
        "user": "UFFJ077SL",
        "ts": "1551510811.027100",
        "thread_ts": "1551500207.024600",
        "parent_user_id": "UFFJ077SL"
    },
    {
        "client_msg_id": "680b6d5c-cc0b-4c9c-a61f-3149a9b38fbc",
        "type": "message",
        "text": "Ещё не смотрел",
        "user": "UFLKE29QW",
        "ts": "1551510827.027300",
        "thread_ts": "1551500207.024600",
        "parent_user_id": "UFFJ077SL"
    }
]