[
    {
        "client_msg_id": "41aad8d7-d39e-4e82-ae5c-dd59dd6b6994",
        "type": "message",
        "text": "Comparison Preconditions in Java - ссылка битая",
        "user": "UFZTDP64Q",
        "ts": "1551350423.002200",
        "thread_ts": "1551350423.002200",
        "reply_count": 3,
        "reply_users_count": 3,
        "latest_reply": "1551357836.003600",
        "reply_users": [
            "UF6HMCG3X",
            "UFZTDP64Q",
            "UE1ULNT9V"
        ],
        "replies": [
            {
                "user": "UF6HMCG3X",
                "ts": "1551352581.002700"
            },
            {
                "user": "UFZTDP64Q",
                "ts": "1551355898.003100"
            },
            {
                "user": "UE1ULNT9V",
                "ts": "1551357836.003600"
            }
        ]
    },
    {
        "client_msg_id": "3157c9ca-b043-4d3e-9c8d-3d73b832c586",
        "type": "message",
        "text": "<https:\/\/www.sw-engineering-candies.com\/blog-1\/comparison-of-ways-to-check-preconditions-in-java>",
        "user": "UF6HMCG3X",
        "ts": "1551352581.002700",
        "edited": {
            "user": "UF6HMCG3X",
            "ts": "1551354464.000000"
        },
        "thread_ts": "1551350423.002200",
        "parent_user_id": "UFZTDP64Q",
        "reactions": [
            {
                "name": "+1",
                "users": [
                    "UF4EWJ9N3"
                ],
                "count": 1
            }
        ]
    },
    {
        "client_msg_id": "3c001d0a-dc90-4128-9e52-e0e20402ccd2",
        "type": "message",
        "text": "<@UF6HMCG3X> Спасибо!",
        "user": "UFZTDP64Q",
        "ts": "1551355898.003100",
        "thread_ts": "1551350423.002200",
        "parent_user_id": "UFZTDP64Q"
    },
    {
        "client_msg_id": "b7e37786-015c-4d8f-9a86-fb7ab70f64e2",
        "type": "message",
        "text": "спасибо, поправил!",
        "user": "UE1ULNT9V",
        "ts": "1551357836.003600",
        "thread_ts": "1551350423.002200",
        "parent_user_id": "UFZTDP64Q"
    },
    {
        "client_msg_id": "11faa2a8-9e4a-4e9f-8e40-606fac9c4bc2",
        "type": "message",
        "text": "Скажите а .travis.yml создавать нужно или он есть в патче?",
        "user": "UFLKE29QW",
        "ts": "1551362849.004900",
        "thread_ts": "1551362849.004900",
        "reply_count": 1,
        "reply_users_count": 1,
        "latest_reply": "1551362900.005000",
        "reply_users": [
            "UE1ULNT9V"
        ],
        "replies": [
            {
                "user": "UE1ULNT9V",
                "ts": "1551362900.005000"
            }
        ]
    },
    {
        "client_msg_id": "84b6298a-ae7f-49e9-8582-6e578156365f",
        "type": "message",
        "text": "эээ... а разве не проще в патч посмотреть??",
        "user": "UE1ULNT9V",
        "ts": "1551362900.005000",
        "thread_ts": "1551362849.004900",
        "parent_user_id": "UFLKE29QW",
        "reactions": [
            {
                "name": "+1",
                "users": [
                    "UFZTDP64Q",
                    "UFLKE29QW",
                    "UF4EWJ9N3",
                    "UF6HMCG3X"
                ],
                "count": 4
            }
        ]
    },
    {
        "client_msg_id": "30b431f8-13a3-4b87-8b94-3e080d793a96",
        "type": "message",
        "text": "У меня почему-то после применения патча с автозаполнением БД он отрабатывает initDB.sql, а populateDB.sql не обрабатывает. Никто не сталкивался с такой штукой?",
        "user": "UFS44Q1JS",
        "ts": "1551364809.006100",
        "thread_ts": "1551364809.006100",
        "reply_count": 2,
        "reply_users_count": 2,
        "latest_reply": "1551428432.015500",
        "reply_users": [
            "UE1ULNT9V",
            "UFS44Q1JS"
        ],
        "replies": [
            {
                "user": "UE1ULNT9V",
                "ts": "1551367664.006300"
            },
            {
                "user": "UFS44Q1JS",
                "ts": "1551428432.015500"
            }
        ]
    },
    {
        "client_msg_id": "81d86cce-c66a-499a-a2ea-e3ca701aaa12",
        "type": "message",
        "text": "лог приложе при запуске",
        "user": "UE1ULNT9V",
        "ts": "1551367664.006300",
        "thread_ts": "1551364809.006100",
        "parent_user_id": "UFS44Q1JS"
    },
    {
        "client_msg_id": "a293d676-2777-49af-bc8a-74b981009a66",
        "type": "message",
        "text": "В пункте *Методы улучшения качества кода* присутствует битая ссылка Comparison Preconditions in Java",
        "user": "UFM61AMHA",
        "ts": "1551372348.008100",
        "thread_ts": "1551372348.008100",
        "reply_count": 1,
        "reply_users_count": 1,
        "latest_reply": "1551375060.008200",
        "reply_users": [
            "UFT7XUWJX"
        ],
        "replies": [
            {
                "user": "UFT7XUWJX",
                "ts": "1551375060.008200"
            }
        ]
    },
    {
        "client_msg_id": "27f41e63-344b-421b-8d12-664f243f6b24",
        "type": "message",
        "text": "3мя постами выше...",
        "user": "UFT7XUWJX",
        "ts": "1551375060.008200",
        "edited": {
            "user": "UFT7XUWJX",
            "ts": "1551375072.000000"
        },
        "thread_ts": "1551372348.008100",
        "parent_user_id": "UFM61AMHA"
    },
    {
        "client_msg_id": "a0fefad9-9356-449a-803b-781b5ecd10e6",
        "type": "message",
        "text": "Ребят подскажите, мб было у кого, после последнего патча, при подключении hqsldb, тесты падают с ошибкой ниже. При этом помник ругается на ту же зависимость, но проперти и driverclassname видит. AutoImport пробовал.\n\nCaused by: org.springframework.beans.PropertyBatchUpdateException; nested PropertyAccessExceptions (1) are:\nPropertyAccessException 1: org.springframework.beans.MethodInvocationException: Property 'driverClassName' threw exception; nested exception is java.lang.IllegalStateException: Could not load JDBC driver class [org.hsqldb.jdbcDriver]",
        "user": "UG134KF0U",
        "ts": "1551398476.011400",
        "thread_ts": "1551398476.011400",
        "reply_count": 4,
        "reply_users_count": 2,
        "latest_reply": "1551450117.023200",
        "reply_users": [
            "UE1ULNT9V",
            "UG134KF0U"
        ],
        "replies": [
            {
                "user": "UE1ULNT9V",
                "ts": "1551448269.022200"
            },
            {
                "user": "UG134KF0U",
                "ts": "1551449952.022600"
            },
            {
                "user": "UG134KF0U",
                "ts": "1551450111.022800"
            },
            {
                "user": "UG134KF0U",
                "ts": "1551450117.023200"
            }
        ]
    }
]