[
    {
        "client_msg_id": "ad0701fb-5461-4d19-9427-b10951ad4dcb",
        "type": "message",
        "text": "А почему по ссылке  \"Ошибка 404, страница не найдена.\" открывается. Это нормально?",
        "user": "UGLLHPNR2",
        "ts": "1555326564.001100",
        "thread_ts": "1555074825.000600",
        "parent_user_id": "UGLLHPNR2"
    },
    {
        "client_msg_id": "789b37fb-222e-4c79-a6d8-c9fbb7c46b52",
        "type": "message",
        "text": "В файле meals.jsp есть строка\n&lt;c:forEach items=\"${meals}\" var=\"meal\"&gt;\nА не будет ли логичнее написать\n&lt;c:forEach var=\"meal\" items=\"${meals}\"&gt;\n?",
        "user": "UGLLHPNR2",
        "ts": "1555327056.002300"
    },
    {
        "type": "message",
        "text": "После накатывания патча 2_2_HW1_optional во вкладке 9: Version Control -&gt; Local Changes показывает что появились 3 новых файла.\nВопрос: А почему не показывает что был изменён класс MealServlet",
        "files": [
            {
                "id": "FHQ5T8V33",
                "created": 1555338454,
                "timestamp": 1555338454,
                "name": "15-04.JPG",
                "title": "15-04.JPG",
                "mimetype": "image\/jpeg",
                "filetype": "jpg",
                "pretty_type": "JPEG",
                "user": "UGLLHPNR2",
                "editable": false,
                "size": 159220,
                "mode": "hosted",
                "is_external": false,
                "external_type": "",
                "is_public": true,
                "public_url_shared": false,
                "display_as_bot": false,
                "username": "",
                "url_private": "https:\/\/files.slack.com\/files-pri\/TE09AK9BK-FHQ5T8V33\/15-04.jpg?t=xoxe-476316655393-618179035285-606757826531-bd1c7b831233e0d053294a8f47715ef5",
                "url_private_download": "https:\/\/files.slack.com\/files-pri\/TE09AK9BK-FHQ5T8V33\/download\/15-04.jpg?t=xoxe-476316655393-618179035285-606757826531-bd1c7b831233e0d053294a8f47715ef5",
                "thumb_64": "https:\/\/files.slack.com\/files-tmb\/TE09AK9BK-FHQ5T8V33-92c73b3858\/15-04_64.jpg?t=xoxe-476316655393-618179035285-606757826531-bd1c7b831233e0d053294a8f47715ef5",
                "thumb_80": "https:\/\/files.slack.com\/files-tmb\/TE09AK9BK-FHQ5T8V33-92c73b3858\/15-04_80.jpg?t=xoxe-476316655393-618179035285-606757826531-bd1c7b831233e0d053294a8f47715ef5",
                "thumb_360": "https:\/\/files.slack.com\/files-tmb\/TE09AK9BK-FHQ5T8V33-92c73b3858\/15-04_360.jpg?t=xoxe-476316655393-618179035285-606757826531-bd1c7b831233e0d053294a8f47715ef5",
                "thumb_360_w": 360,
                "thumb_360_h": 187,
                "thumb_480": "https:\/\/files.slack.com\/files-tmb\/TE09AK9BK-FHQ5T8V33-92c73b3858\/15-04_480.jpg?t=xoxe-476316655393-618179035285-606757826531-bd1c7b831233e0d053294a8f47715ef5",
                "thumb_480_w": 480,
                "thumb_480_h": 249,
                "thumb_160": "https:\/\/files.slack.com\/files-tmb\/TE09AK9BK-FHQ5T8V33-92c73b3858\/15-04_160.jpg?t=xoxe-476316655393-618179035285-606757826531-bd1c7b831233e0d053294a8f47715ef5",
                "thumb_720": "https:\/\/files.slack.com\/files-tmb\/TE09AK9BK-FHQ5T8V33-92c73b3858\/15-04_720.jpg?t=xoxe-476316655393-618179035285-606757826531-bd1c7b831233e0d053294a8f47715ef5",
                "thumb_720_w": 720,
                "thumb_720_h": 373,
                "thumb_800": "https:\/\/files.slack.com\/files-tmb\/TE09AK9BK-FHQ5T8V33-92c73b3858\/15-04_800.jpg?t=xoxe-476316655393-618179035285-606757826531-bd1c7b831233e0d053294a8f47715ef5",
                "thumb_800_w": 800,
                "thumb_800_h": 414,
                "thumb_960": "https:\/\/files.slack.com\/files-tmb\/TE09AK9BK-FHQ5T8V33-92c73b3858\/15-04_960.jpg?t=xoxe-476316655393-618179035285-606757826531-bd1c7b831233e0d053294a8f47715ef5",
                "thumb_960_w": 960,
                "thumb_960_h": 497,
                "thumb_1024": "https:\/\/files.slack.com\/files-tmb\/TE09AK9BK-FHQ5T8V33-92c73b3858\/15-04_1024.jpg?t=xoxe-476316655393-618179035285-606757826531-bd1c7b831233e0d053294a8f47715ef5",
                "thumb_1024_w": 1024,
                "thumb_1024_h": 531,
                "image_exif_rotation": 1,
                "original_w": 1907,
                "original_h": 988,
                "permalink": "https:\/\/topjava16.slack.com\/files\/UGLLHPNR2\/FHQ5T8V33\/15-04.jpg",
                "permalink_public": "https:\/\/slack-files.com\/TE09AK9BK-FHQ5T8V33-1f9bbc0e55",
                "has_rich_preview": false
            }
        ],
        "upload": true,
        "user": "UGLLHPNR2",
        "display_as_bot": false,
        "ts": "1555338457.003300",
        "client_msg_id": "553d3d67-8247-46f4-81c4-cb2a3bc3c4c2"
    },
    {
        "client_msg_id": "75cffc96-945f-43f6-a12d-e57d2e8d036a",
        "type": "message",
        "text": "там нет ничего по этому url",
        "user": "UE1ULNT9V",
        "ts": "1555362572.003600",
        "thread_ts": "1555074825.000600",
        "parent_user_id": "UGLLHPNR2"
    },
    {
        "client_msg_id": "bb2bf406-7a33-4c2b-8c6d-9b6aa6ef4027",
        "type": "message",
        "text": "Если имя интерфейса \"MealRepository\", то имя класса, его реализующего, должно быть в основе своей тоже \"MealRepository\" плюс какое-то дополнение.\nВопрос в том это дополнение может быть с двух сторон (\"InMemoryMealRepositoryImpl\") или лучше только с одной? (Если только с одной, то с какой?)",
        "user": "UGLLHPNR2",
        "ts": "1555396078.004200"
    }
]