[
    {
        "type": "message",
        "text": "Привет всем ,не знаю может у кого нибудь была такая проблема все тэги в красном не понял из-за чего.",
        "files": [
            {
                "id": "FH96UM6MN",
                "created": 1553684343,
                "timestamp": 1553684343,
                "name": "2019-03-27_11-55.png",
                "title": "2019-03-27_11-55.png",
                "mimetype": "image\/png",
                "filetype": "png",
                "pretty_type": "PNG",
                "user": "UH5T8NCTZ",
                "editable": false,
                "size": 106273,
                "mode": "hosted",
                "is_external": false,
                "external_type": "",
                "is_public": true,
                "public_url_shared": false,
                "display_as_bot": false,
                "username": "",
                "url_private": "https:\/\/files.slack.com\/files-pri\/TE09AK9BK-FH96UM6MN\/2019-03-27_11-55.png?t=xoxe-476316655393-618179035285-606757826531-bd1c7b831233e0d053294a8f47715ef5",
                "url_private_download": "https:\/\/files.slack.com\/files-pri\/TE09AK9BK-FH96UM6MN\/download\/2019-03-27_11-55.png?t=xoxe-476316655393-618179035285-606757826531-bd1c7b831233e0d053294a8f47715ef5",
                "thumb_64": "https:\/\/files.slack.com\/files-tmb\/TE09AK9BK-FH96UM6MN-d92882a9b0\/2019-03-27_11-55_64.png?t=xoxe-476316655393-618179035285-606757826531-bd1c7b831233e0d053294a8f47715ef5",
                "thumb_80": "https:\/\/files.slack.com\/files-tmb\/TE09AK9BK-FH96UM6MN-d92882a9b0\/2019-03-27_11-55_80.png?t=xoxe-476316655393-618179035285-606757826531-bd1c7b831233e0d053294a8f47715ef5",
                "thumb_360": "https:\/\/files.slack.com\/files-tmb\/TE09AK9BK-FH96UM6MN-d92882a9b0\/2019-03-27_11-55_360.png?t=xoxe-476316655393-618179035285-606757826531-bd1c7b831233e0d053294a8f47715ef5",
                "thumb_360_w": 360,
                "thumb_360_h": 211,
                "thumb_480": "https:\/\/files.slack.com\/files-tmb\/TE09AK9BK-FH96UM6MN-d92882a9b0\/2019-03-27_11-55_480.png?t=xoxe-476316655393-618179035285-606757826531-bd1c7b831233e0d053294a8f47715ef5",
                "thumb_480_w": 480,
                "thumb_480_h": 282,
                "thumb_160": "https:\/\/files.slack.com\/files-tmb\/TE09AK9BK-FH96UM6MN-d92882a9b0\/2019-03-27_11-55_160.png?t=xoxe-476316655393-618179035285-606757826531-bd1c7b831233e0d053294a8f47715ef5",
                "thumb_720": "https:\/\/files.slack.com\/files-tmb\/TE09AK9BK-FH96UM6MN-d92882a9b0\/2019-03-27_11-55_720.png?t=xoxe-476316655393-618179035285-606757826531-bd1c7b831233e0d053294a8f47715ef5",
                "thumb_720_w": 720,
                "thumb_720_h": 423,
                "thumb_800": "https:\/\/files.slack.com\/files-tmb\/TE09AK9BK-FH96UM6MN-d92882a9b0\/2019-03-27_11-55_800.png?t=xoxe-476316655393-618179035285-606757826531-bd1c7b831233e0d053294a8f47715ef5",
                "thumb_800_w": 800,
                "thumb_800_h": 470,
                "thumb_960": "https:\/\/files.slack.com\/files-tmb\/TE09AK9BK-FH96UM6MN-d92882a9b0\/2019-03-27_11-55_960.png?t=xoxe-476316655393-618179035285-606757826531-bd1c7b831233e0d053294a8f47715ef5",
                "thumb_960_w": 960,
                "thumb_960_h": 564,
                "thumb_1024": "https:\/\/files.slack.com\/files-tmb\/TE09AK9BK-FH96UM6MN-d92882a9b0\/2019-03-27_11-55_1024.png?t=xoxe-476316655393-618179035285-606757826531-bd1c7b831233e0d053294a8f47715ef5",
                "thumb_1024_w": 1024,
                "thumb_1024_h": 602,
                "image_exif_rotation": 1,
                "original_w": 1081,
                "original_h": 635,
                "permalink": "https:\/\/topjava16.slack.com\/files\/UH5T8NCTZ\/FH96UM6MN\/2019-03-27_11-55.png",
                "permalink_public": "https:\/\/slack-files.com\/TE09AK9BK-FH96UM6MN-07189da92a",
                "has_rich_preview": false
            }
        ],
        "upload": true,
        "user": "UH5T8NCTZ",
        "display_as_bot": false,
        "ts": "1553684347.009100"
    },
    {
        "client_msg_id": "80dbaeaf-7443-4cb1-97ed-8a5c175c0104",
        "type": "message",
        "text": "хотя все в принципе работаает",
        "user": "UH5T8NCTZ",
        "ts": "1553688210.009500",
        "thread_ts": "1553688210.009500",
        "reply_count": 2,
        "reply_users_count": 2,
        "latest_reply": "1553778887.000100",
        "reply_users": [
            "UE1ULNT9V",
            "UH5T8NCTZ"
        ],
        "replies": [
            {
                "user": "UE1ULNT9V",
                "ts": "1553726838.009600"
            },
            {
                "user": "UH5T8NCTZ",
                "ts": "1553778887.000100"
            }
        ]
    },
    {
        "client_msg_id": "da71e4c0-12b4-4c15-8f5a-1870aa8565c5",
        "type": "message",
        "text": "1. refresh maven\n2. перегрузи idea\n3. пересоздай проект",
        "user": "UE1ULNT9V",
        "ts": "1553726838.009600",
        "thread_ts": "1553688210.009500",
        "parent_user_id": "UH5T8NCTZ"
    }
]