[
    {
        "user": "UE1ULNT9V",
        "type": "message",
        "subtype": "channel_join",
        "ts": "1550085385.000200",
        "text": "<@UE1ULNT9V> has joined the channel"
    },
    {
        "client_msg_id": "46eeb82f-a9c7-4f71-aa15-c678def61109",
        "type": "message",
        "text": "Доброго еще вечера!\nВторое занятие Topjava: <https:\/\/github.com\/JavaWebinar\/topjava\/blob\/doc\/doc\/lesson02.md>\nЗанятие объемное, сложное и важное. Пугаться не надо- делаем все последовательно.\nВсе подводные камни разжеваны максимально, читаем внимательно.\nУспехов в выполнении! Рассылка по почте будет днем.",
        "user": "UE1ULNT9V",
        "ts": "1550085548.002600",
        "edited": {
            "user": "UE1ULNT9V",
            "ts": "1550085554.000000"
        }
    },
    {
        "user": "UEUTPR8KW",
        "type": "message",
        "subtype": "channel_join",
        "ts": "1550085833.003000",
        "text": "<@UEUTPR8KW> has joined the channel"
    },
    {
        "user": "UFVG5Q7S6",
        "type": "message",
        "subtype": "channel_join",
        "ts": "1550085871.003200",
        "text": "<@UFVG5Q7S6> has joined the channel"
    },
    {
        "user": "UG7FH7022",
        "type": "message",
        "subtype": "channel_join",
        "ts": "1550085887.003400",
        "text": "<@UG7FH7022> has joined the channel"
    },
    {
        "user": "UEQL1L1JS",
        "type": "message",
        "subtype": "channel_join",
        "ts": "1550085901.003600",
        "text": "<@UEQL1L1JS> has joined the channel"
    },
    {
        "user": "UFPV5FPLK",
        "type": "message",
        "subtype": "channel_join",
        "ts": "1550085956.003800",
        "text": "<@UFPV5FPLK> has joined the channel"
    },
    {
        "user": "UF954Q6RW",
        "type": "message",
        "subtype": "channel_join",
        "ts": "1550085966.004000",
        "text": "<@UF954Q6RW> has joined the channel"
    },
    {
        "user": "UF9DY819B",
        "type": "message",
        "subtype": "channel_join",
        "ts": "1550086152.004200",
        "text": "<@UF9DY819B> has joined the channel"
    },
    {
        "user": "UFCJPCJ4U",
        "type": "message",
        "subtype": "channel_join",
        "ts": "1550086253.004400",
        "text": "<@UFCJPCJ4U> has joined the channel"
    },
    {
        "user": "UFRA5FKN3",
        "type": "message",
        "subtype": "channel_join",
        "ts": "1550086366.004600",
        "text": "<@UFRA5FKN3> has joined the channel"
    },
    {
        "user": "UELE85CTB",
        "type": "message",
        "subtype": "channel_join",
        "ts": "1550086391.004800",
        "text": "<@UELE85CTB> has joined the channel"
    },
    {
        "user": "UFPL22Z5E",
        "type": "message",
        "subtype": "channel_join",
        "ts": "1550086453.005000",
        "text": "<@UFPL22Z5E> has joined the channel"
    },
    {
        "user": "UFMGDSVM4",
        "type": "message",
        "subtype": "channel_join",
        "ts": "1550086468.005200",
        "text": "<@UFMGDSVM4> has joined the channel"
    },
    {
        "user": "UF7MD83EU",
        "type": "message",
        "subtype": "channel_join",
        "ts": "1550086555.005400",
        "text": "<@UF7MD83EU> has joined the channel"
    },
    {
        "user": "UF2MZBKAR",
        "type": "message",
        "subtype": "channel_join",
        "ts": "1550086693.005600",
        "text": "<@UF2MZBKAR> has joined the channel"
    },
    {
        "user": "UFTEY6H27",
        "type": "message",
        "subtype": "channel_join",
        "ts": "1550086724.005800",
        "text": "<@UFTEY6H27> has joined the channel"
    },
    {
        "user": "UFBKJAN87",
        "type": "message",
        "subtype": "channel_join",
        "ts": "1550086757.006000",
        "text": "<@UFBKJAN87> has joined the channel"
    },
    {
        "user": "UF0LBEZED",
        "type": "message",
        "subtype": "channel_join",
        "ts": "1550086766.006200",
        "text": "<@UF0LBEZED> has joined the channel"
    },
    {
        "user": "UFNHJMTE2",
        "type": "message",
        "subtype": "channel_join",
        "ts": "1550086835.006400",
        "text": "<@UFNHJMTE2> has joined the channel"
    },
    {
        "user": "UFR6VRXL3",
        "type": "message",
        "subtype": "channel_join",
        "ts": "1550086901.006600",
        "text": "<@UFR6VRXL3> has joined the channel"
    }
]