[
    {
        "client_msg_id": "7d026f8c-609e-451a-b9a6-b7f879edf253",
        "type": "message",
        "text": "у меня только что не запускался томкат из за того что я запустила идею коммунити а не ультимейт:upside_down_face:",
        "user": "UFPRT4B28",
        "ts": "1550563268.123000",
        "thread_ts": "1550561219.122200",
        "parent_user_id": "UEQL1L1JS"
    },
    {
        "client_msg_id": "c70aa752-39d0-4f56-9f86-4f0f0afb1b05",
        "type": "message",
        "text": "<@UFPRT4B28> дык в комьюнити вообще нет темплейта для деплоя в томкат:slightly_smiling_face:",
        "user": "UFTSGQ7U5",
        "ts": "1550566879.123200",
        "thread_ts": "1550561219.122200",
        "parent_user_id": "UEQL1L1JS"
    },
    {
        "client_msg_id": "020c3039-d152-4cba-8c49-2b638cfe3dc7",
        "type": "message",
        "text": "&gt;  Потерял все домашние задания\nв idea есть отличная Local History по правой кнопке\nчасто помогает, на каталоги тоже работает",
        "user": "UE1ULNT9V",
        "ts": "1550567646.123400",
        "thread_ts": "1550561219.122200",
        "parent_user_id": "UEQL1L1JS"
    },
    {
        "client_msg_id": "202fb468-dca7-4968-bf38-067955ba83e3",
        "type": "message",
        "text": "убей все java прцессы",
        "user": "UE1ULNT9V",
        "ts": "1550567667.123600",
        "thread_ts": "1550561234.122300",
        "parent_user_id": "UEQL1L1JS"
    },
    {
        "client_msg_id": "918d2c99-4689-43b7-b52d-1ad2ea1a39ad",
        "type": "message",
        "text": "Для CE есть плагин от самих JB, так что можно и с СЕ деплоить.",
        "user": "UFPV5FPLK",
        "ts": "1550570147.123900",
        "thread_ts": "1550561219.122200",
        "parent_user_id": "UEQL1L1JS"
    },
    {
        "client_msg_id": "edc23903-c159-41dc-a1f9-98881b3eff01",
        "type": "message",
        "text": "последнее сообщение очень сомнительно: приложите тогда линк на тот самый плагин ОТ ДЖЕТОВ (а не от кого-то другого), с инструкцией по установке на CE",
        "user": "UFPCSUE4R",
        "ts": "1550580002.124200",
        "thread_ts": "1550561219.122200",
        "parent_user_id": "UEQL1L1JS"
    },
    {
        "client_msg_id": "9afe62f7-dbd2-4d02-90dd-c3a9c476e65a",
        "type": "message",
        "text": "Я только smart tomcat обнаружил. ",
        "user": "UFTSGQ7U5",
        "ts": "1550580604.124400",
        "thread_ts": "1550561219.122200",
        "parent_user_id": "UEQL1L1JS"
    },
    {
        "client_msg_id": "f475f915-0e82-4641-996d-482cc5b405c7",
        "type": "message",
        "text": "<https:\/\/plugins.jetbrains.com\/plugin\/9492-smart-tomcat>\nИмел ввиду, что на сайте JB, а значит одобрен JB. Не обращал внимание кто разработчик.",
        "user": "UFPV5FPLK",
        "ts": "1550581355.124600",
        "attachments": [
            {
                "service_name": "JetBrains Plugin Repository",
                "title": "Smart Tomcat - Plugins | JetBrains",
                "title_link": "https:\/\/plugins.jetbrains.com\/plugin\/9492-smart-tomcat",
                "text": "Welcome to the JetBrains plugin repository",
                "fallback": "JetBrains Plugin Repository: Smart Tomcat - Plugins | JetBrains",
                "image_url": "https:\/\/resources.jetbrains.com\/storage\/products\/jetbrains\/img\/meta\/jetbrains_1280x800.png",
                "from_url": "https:\/\/plugins.jetbrains.com\/plugin\/9492-smart-tomcat",
                "image_width": 400,
                "image_height": 250,
                "image_bytes": 1125317,
                "service_icon": "https:\/\/resources.jetbrains.com\/storage\/ui\/favicons\/apple-touch-icon-57x57.png",
                "id": 1,
                "original_url": "https:\/\/plugins.jetbrains.com\/plugin\/9492-smart-tomcat"
            }
        ],
        "thread_ts": "1550561219.122200",
        "parent_user_id": "UEQL1L1JS"
    },
    {
        "client_msg_id": "221e9aa6-180b-4abe-a54e-fb42fec08814",
        "type": "message",
        "text": "Что значит отдать свою еду?",
        "user": "UG1GVBUF9",
        "ts": "1550586504.125100"
    },
    {
        "client_msg_id": "817578f9-2b90-4514-a871-b26774e10a99",
        "type": "message",
        "text": "Еда юзера?",
        "user": "UG1GVBUF9",
        "ts": "1550586511.125300"
    },
    {
        "client_msg_id": "158df759-d702-47b7-9626-b9791c35e1b0",
        "type": "message",
        "text": "Если авторизации пока нет, как мы в контроллере должны понимать кто это такой зашел на страницу и какую еду ему показывать?\nДобавил в Meal - userID поле, но чтобы фильтровать еду по этому userId и выводить только его еду, нужно ж как-то юзера идентифицировать..\nКусками в голове это дело, не вижу целостную картину.\n\nЕще вопрос, почему в userService и Controller - delete возвращает void и кидает експешн, а в meal - просто возвращает boolean. Разве не должна быть какая-то одна парадигма работы методов если они суть делают одно и тоже только с разными объектами?",
        "user": "UFP7PTM99",
        "ts": "1550588054.130700",
        "edited": {
            "user": "UFP7PTM99",
            "ts": "1550588113.000000"
        },
        "thread_ts": "1550588054.130700",
        "reply_count": 10,
        "reply_users_count": 5,
        "latest_reply": "1550742766.011400",
        "reply_users": [
            "UFPRT4B28",
            "UFP7PTM99",
            "UE1ULNT9V",
            "UFPV5FPLK",
            "UFTEY6H27"
        ],
        "replies": [
            {
                "user": "UFPRT4B28",
                "ts": "1550588299.131000"
            },
            {
                "user": "UFP7PTM99",
                "ts": "1550592799.133800"
            },
            {
                "user": "UFP7PTM99",
                "ts": "1550593763.134100"
            },
            {
                "user": "UFP7PTM99",
                "ts": "1550594493.134500"
            },
            {
                "user": "UE1ULNT9V",
                "ts": "1550595476.134800"
            },
            {
                "user": "UFP7PTM99",
                "ts": "1550596398.135100"
            },
            {
                "user": "UFPV5FPLK",
                "ts": "1550596726.137200"
            },
            {
                "user": "UFP7PTM99",
                "ts": "1550596841.138600"
            },
            {
                "user": "UFTEY6H27",
                "ts": "1550601015.139500"
            },
            {
                "user": "UE1ULNT9V",
                "ts": "1550742766.011400"
            }
        ]
    },
    {
        "client_msg_id": "6e34cf68-033b-44ec-a696-3114cb6d57f6",
        "type": "message",
        "text": "4.1 ... id авторизованного юзера можно получить из SecurityUtil.authUserId()",
        "user": "UFPRT4B28",
        "ts": "1550588299.131000",
        "thread_ts": "1550588054.130700",
        "parent_user_id": "UFP7PTM99",
        "reactions": [
            {
                "name": "+1",
                "users": [
                    "UFKG13683",
                    "UFP7PTM99",
                    "UE1ULNT9V"
                ],
                "count": 3
            }
        ]
    },
    {
        "client_msg_id": "0117c5da-1134-4955-980f-1ee996f90f01",
        "type": "message",
        "text": "Выше уже обсуждалось - на странице index сделать простую форму, с инпутбоксом. При сабмите значение этого поля сохраняешь в authUserId.\nМожно и просто захардкодить.",
        "user": "UFPV5FPLK",
        "ts": "1550588493.133400",
        "reactions": [
            {
                "name": "+1",
                "users": [
                    "UFP7PTM99"
                ],
                "count": 1
            }
        ]
    },
    {
        "client_msg_id": "f1465ea0-47c2-48ad-8963-37c7b008599d",
        "type": "message",
        "text": "Могу я из SecurityUtil.authUserId() вытащить UserId в jsp файле?\n\nТак пробую:\n &lt;input type=\"hidden\" name=\"userId\" value=\"&lt;%  ru.javawebinar.topjava.web.SecurityUtil.authUserId(); %&gt;\"&gt;\n\nтолку 0, в контроллер пустой String приходит",
        "user": "UFP7PTM99",
        "ts": "1550592799.133800",
        "edited": {
            "user": "UFP7PTM99",
            "ts": "1550592829.000000"
        },
        "thread_ts": "1550588054.130700",
        "parent_user_id": "UFP7PTM99"
    },
    {
        "client_msg_id": "4c5603f5-b5f9-47aa-904d-a4ea289ce5b0",
        "type": "message",
        "text": "Захардкодил и в jsp и в SecurityUtil.authUserId() единицу, так-то работает, но не красиво это как-то.",
        "user": "UFP7PTM99",
        "ts": "1550593763.134100",
        "thread_ts": "1550588054.130700",
        "parent_user_id": "UFP7PTM99"
    },
    {
        "client_msg_id": "7cae28c4-45c8-48d4-abdf-1d51183669ba",
        "type": "message",
        "text": "Все таки сделал красиво, надо было добавить функцию в functions.tld по аналогии с formatDateTime, теперь статический метод в jsp вызываю и вытягиваю idUser-a.",
        "user": "UFP7PTM99",
        "ts": "1550594493.134500",
        "thread_ts": "1550588054.130700",
        "parent_user_id": "UFP7PTM99"
    },
    {
        "client_msg_id": "597e431f-c32a-4cb9-a0aa-0077943a9133",
        "type": "message",
        "text": "<@UFP7PTM99>\n1. а зачем тебе в jsp authUserId?\n2. еще раз поясни про delete. у нас везде void я вижу\nте смотри на код, не на видео. оно не всегда актуально",
        "user": "UE1ULNT9V",
        "ts": "1550595476.134800",
        "edited": {
            "user": "UE1ULNT9V",
            "ts": "1550595489.000000"
        },
        "thread_ts": "1550588054.130700",
        "parent_user_id": "UFP7PTM99"
    },
    {
        "client_msg_id": "41ecb46d-8648-491d-8f81-0c8f90bf0cf6",
        "type": "message",
        "text": "Переключился на master branch все так же. В интерфейсах MealRepository и UserRepository delete возвращает разные значения, в 1ом - void, в 2-ом - boolean.\n\nЯ так понял надо переделать по аналогии с user как и везде, просто сбивает с толку то что в других случаях даются пустые классы, а тут метод с другой сигнатурой.\n\nПо-поводу authUserId, я не придумал как по другому из контекста в сервлете получить UserId, хардкодить одно и тоже в разных местах не хотелось, так что захардкодил magicNumber в статическом authUserId методе, и сначала в jsp сам передаю userId потом в сервлете ловлю(в форме для создания новой еды) чтобы у созданной еды было id этого юзера.\n\nP.s. по-поводу интерфейсов, я опять клонировал проект с гита потому что наделал ужаса в идее случайно слил ветку домашки с основной, а потом не смог откатить изменения, может дело в этом.",
        "user": "UFP7PTM99",
        "ts": "1550596398.135100",
        "edited": {
            "user": "UFP7PTM99",
            "ts": "1550596621.000000"
        },
        "thread_ts": "1550588054.130700",
        "parent_user_id": "UFP7PTM99"
    },
    {
        "client_msg_id": "81970c2b-db70-44d4-99cd-342b1caf918c",
        "type": "message",
        "text": "<@UFP7PTM99>, встраивать java код (скриплеты) в jsp страницы есть очень плохо. Отображение не должно исполнять никакого кода.",
        "user": "UFPV5FPLK",
        "ts": "1550596726.137200",
        "thread_ts": "1550588054.130700",
        "parent_user_id": "UFP7PTM99"
    },
    {
        "client_msg_id": "16c8666d-1313-4e38-a631-4f5e53f1fd7d",
        "type": "message",
        "text": "Подскажите, значения для фильтра (startDate, startTime, endDate, endTime) нужно передавать через post метод, но у нас уже есть в сервлете метод принимающий post, который создает новый meal. Поэтому не понятно где принимать данные по фильтру, делать новый сервлет ?",
        "user": "UFKMGA8S3",
        "ts": "1550596836.138500",
        "thread_ts": "1550596836.138500",
        "reply_count": 3,
        "reply_users_count": 3,
        "latest_reply": "1550597288.139200",
        "reply_users": [
            "UFPV5FPLK",
            "UFT7XUWJX",
            "UFKMGA8S3"
        ],
        "replies": [
            {
                "user": "UFPV5FPLK",
                "ts": "1550597037.138800"
            },
            {
                "user": "UFT7XUWJX",
                "ts": "1550597237.139000"
            },
            {
                "user": "UFKMGA8S3",
                "ts": "1550597288.139200"
            }
        ]
    },
    {
        "client_msg_id": "a475df71-4abe-4abd-91bb-b096d2cacc2f",
        "type": "message",
        "text": "Перечитал сейчас еще раз задание, тут ситуация \"слона то мы и не заметили\", не надо userId из jsp вытаскивать оказывается.\nНевнимательность это, пожалуй, мой главный недостаток.",
        "user": "UFP7PTM99",
        "ts": "1550596841.138600",
        "thread_ts": "1550588054.130700",
        "parent_user_id": "UFP7PTM99",
        "reactions": [
            {
                "name": "heavy_check_mark",
                "users": [
                    "UE1ULNT9V"
                ],
                "count": 1
            }
        ]
    },
    {
        "client_msg_id": "4e16544c-557d-42c4-83e2-2f4b97f0ca5f",
        "type": "message",
        "text": "Не обязательно пост, любой метод сгодится. Обрабатывать так же как и создание\/редактирование еды. 2 действия, но 1 метод.",
        "user": "UFPV5FPLK",
        "ts": "1550597037.138800",
        "thread_ts": "1550596836.138500",
        "parent_user_id": "UFKMGA8S3"
    },
    {
        "client_msg_id": "c55e9e5a-e8dc-4b1b-aaab-d4f47185e5f2",
        "type": "message",
        "text": "Проверяй по названию параметра на null switch или else if",
        "user": "UFT7XUWJX",
        "ts": "1550597237.139000",
        "thread_ts": "1550596836.138500",
        "parent_user_id": "UFKMGA8S3"
    },
    {
        "client_msg_id": "d20bcc82-ac8e-4a6c-b60b-6a7bddc7f25f",
        "type": "message",
        "text": "понял, спасибо",
        "user": "UFKMGA8S3",
        "ts": "1550597288.139200",
        "thread_ts": "1550596836.138500",
        "parent_user_id": "UFKMGA8S3"
    },
    {
        "client_msg_id": "43cbda12-9a39-4d8b-8394-d657510ed409",
        "type": "message",
        "text": "не только твой))))",
        "user": "UFTEY6H27",
        "ts": "1550601015.139500",
        "thread_ts": "1550588054.130700",
        "parent_user_id": "UFP7PTM99"
    },
    {
        "client_msg_id": "a7b8dc8f-db5e-46b1-be7a-3a0132548455",
        "type": "message",
        "text": "через springMain получаем контекст, удаляем, порождаем это понятно, при этом должны мы получать на jsp изменения? пол дня бьюсь... так понимаю инжектится надо через ServiceLocator...иль зря я это затеял?",
        "user": "UFQ35BUP4",
        "ts": "1550601433.143100",
        "thread_ts": "1550601433.143100",
        "reply_count": 4,
        "reply_users_count": 3,
        "latest_reply": "1550603759.143800",
        "reply_users": [
            "UFT7XUWJX",
            "UFLKE29QW",
            "UFQ35BUP4"
        ],
        "replies": [
            {
                "user": "UFT7XUWJX",
                "ts": "1550602449.143200"
            },
            {
                "user": "UFLKE29QW",
                "ts": "1550602679.143400"
            },
            {
                "user": "UFQ35BUP4",
                "ts": "1550602912.143600"
            },
            {
                "user": "UFLKE29QW",
                "ts": "1550603759.143800"
            }
        ]
    },
    {
        "client_msg_id": "cabb0041-7ff2-4b81-b73d-3c03b9b89576",
        "type": "message",
        "text": "я понял, что это два отдельных задания... через springmain нам не надо мучать jsp... просто консольно смотрим работу",
        "user": "UFT7XUWJX",
        "ts": "1550602449.143200",
        "thread_ts": "1550601433.143100",
        "parent_user_id": "UFQ35BUP4"
    },
    {
        "client_msg_id": "5ff6f43a-63eb-443b-b420-ea5a4f7e5c97",
        "type": "message",
        "text": "В основном задании мы сервлет и jsp не трогаем, только springMain и проверяем в консоле правильность работы репозитория, сервиса и контроллера. Ну и сортировки и фильтрации",
        "user": "UFLKE29QW",
        "ts": "1550602679.143400",
        "thread_ts": "1550601433.143100",
        "parent_user_id": "UFQ35BUP4"
    },
    {
        "client_msg_id": "70ed2a0e-b02e-4a5d-95eb-9d73d044bfc6",
        "type": "message",
        "text": "ну ведь голова рукам покоя не дает...хочется чтобы красиво было, по фэншую)))",
        "user": "UFQ35BUP4",
        "ts": "1550602912.143600",
        "thread_ts": "1550601433.143100",
        "parent_user_id": "UFQ35BUP4"
    },
    {
        "client_msg_id": "eb138bf3-23ec-4925-84a5-02d213ede703",
        "type": "message",
        "text": "Фэншуй будет позже наверное",
        "user": "UFLKE29QW",
        "ts": "1550603759.143800",
        "edited": {
            "user": "UFLKE29QW",
            "ts": "1550603788.000000"
        },
        "thread_ts": "1550601433.143100",
        "parent_user_id": "UFQ35BUP4"
    },
    {
        "client_msg_id": "0974cbc2-8222-44d8-9024-51321a264a1f",
        "type": "message",
        "text": "а почему extends Comparable? я ж тогда могу передать 3 Integer например, и ошибка не подсветится, а сравнение - не то.",
        "user": "UFUQUNDRP",
        "ts": "1550607366.144200",
        "thread_ts": "1550345477.037200",
        "parent_user_id": "UFPB4FETA"
    },
    {
        "client_msg_id": "6038ba01-b794-4e72-bfa3-a71a3376296d",
        "type": "message",
        "text": "Integer реализует Comparable потому и не будет ошибки. Почему сравнение не то?",
        "user": "UFPV5FPLK",
        "ts": "1550607830.144500",
        "thread_ts": "1550345477.037200",
        "parent_user_id": "UFPB4FETA"
    },
    {
        "client_msg_id": "b338a780-87a2-4146-ba3c-a87c4bc21c9d",
        "type": "message",
        "text": "Подскажите! Я ставлю брекпоинт в mealServlet потом хочу проверить работу метода  repository.getAll(1) в строке:  request.setAttribute(\"meals\", MealsUtil.getWithExcess(repository.getAll(1), MealsUtil.DEFAULT_CALORIES_PER_DAY));\n             Я проверяю наличие в request запросе атрибута \"meals\" и его данных.                          А можно ли напрямую проверить работу метода в дебагере? Или нужно прописывать переменную и через нее смотреть?",
        "user": "UG862J8F8",
        "ts": "1550646878.148400",
        "thread_ts": "1550646878.148400",
        "reply_count": 2,
        "reply_users_count": 2,
        "latest_reply": "1550652134.149000",
        "reply_users": [
            "UFUQUNDRP",
            "UE1ULNT9V"
        ],
        "replies": [
            {
                "user": "UFUQUNDRP",
                "ts": "1550647833.148500"
            },
            {
                "user": "UE1ULNT9V",
                "ts": "1550652134.149000"
            }
        ]
    },
    {
        "type": "message",
        "text": "Параметры запроса (вкл. атрибуты) можно развернуть в дебаггере (вкладка Variables). Выполнить вычисление выражения, чтобы не сохранять во временную переменную, - evaluate (alt+f8). Если я правильно понял вопрос.",
        "files": [
            {
                "id": "FGB1AK8SD",
                "created": 1550647829,
                "timestamp": 1550647829,
                "name": "meals_servlet_get_attr_debug.png",
                "title": "meals_servlet_get_attr_debug.png",
                "mimetype": "image\/png",
                "filetype": "png",
                "pretty_type": "PNG",
                "user": "UFUQUNDRP",
                "editable": false,
                "size": 96418,
                "mode": "hosted",
                "is_external": false,
                "external_type": "",
                "is_public": true,
                "public_url_shared": false,
                "display_as_bot": false,
                "username": "",
                "url_private": "https:\/\/files.slack.com\/files-pri\/TE09AK9BK-FGB1AK8SD\/meals_servlet_get_attr_debug.png?t=xoxe-476316655393-618179035285-606757826531-bd1c7b831233e0d053294a8f47715ef5",
                "url_private_download": "https:\/\/files.slack.com\/files-pri\/TE09AK9BK-FGB1AK8SD\/download\/meals_servlet_get_attr_debug.png?t=xoxe-476316655393-618179035285-606757826531-bd1c7b831233e0d053294a8f47715ef5",
                "thumb_64": "https:\/\/files.slack.com\/files-tmb\/TE09AK9BK-FGB1AK8SD-18472e97f8\/meals_servlet_get_attr_debug_64.png?t=xoxe-476316655393-618179035285-606757826531-bd1c7b831233e0d053294a8f47715ef5",
                "thumb_80": "https:\/\/files.slack.com\/files-tmb\/TE09AK9BK-FGB1AK8SD-18472e97f8\/meals_servlet_get_attr_debug_80.png?t=xoxe-476316655393-618179035285-606757826531-bd1c7b831233e0d053294a8f47715ef5",
                "thumb_360": "https:\/\/files.slack.com\/files-tmb\/TE09AK9BK-FGB1AK8SD-18472e97f8\/meals_servlet_get_attr_debug_360.png?t=xoxe-476316655393-618179035285-606757826531-bd1c7b831233e0d053294a8f47715ef5",
                "thumb_360_w": 360,
                "thumb_360_h": 225,
                "thumb_480": "https:\/\/files.slack.com\/files-tmb\/TE09AK9BK-FGB1AK8SD-18472e97f8\/meals_servlet_get_attr_debug_480.png?t=xoxe-476316655393-618179035285-606757826531-bd1c7b831233e0d053294a8f47715ef5",
                "thumb_480_w": 480,
                "thumb_480_h": 300,
                "thumb_160": "https:\/\/files.slack.com\/files-tmb\/TE09AK9BK-FGB1AK8SD-18472e97f8\/meals_servlet_get_attr_debug_160.png?t=xoxe-476316655393-618179035285-606757826531-bd1c7b831233e0d053294a8f47715ef5",
                "thumb_720": "https:\/\/files.slack.com\/files-tmb\/TE09AK9BK-FGB1AK8SD-18472e97f8\/meals_servlet_get_attr_debug_720.png?t=xoxe-476316655393-618179035285-606757826531-bd1c7b831233e0d053294a8f47715ef5",
                "thumb_720_w": 720,
                "thumb_720_h": 450,
                "thumb_800": "https:\/\/files.slack.com\/files-tmb\/TE09AK9BK-FGB1AK8SD-18472e97f8\/meals_servlet_get_attr_debug_800.png?t=xoxe-476316655393-618179035285-606757826531-bd1c7b831233e0d053294a8f47715ef5",
                "thumb_800_w": 800,
                "thumb_800_h": 500,
                "thumb_960": "https:\/\/files.slack.com\/files-tmb\/TE09AK9BK-FGB1AK8SD-18472e97f8\/meals_servlet_get_attr_debug_960.png?t=xoxe-476316655393-618179035285-606757826531-bd1c7b831233e0d053294a8f47715ef5",
                "thumb_960_w": 960,
                "thumb_960_h": 600,
                "thumb_1024": "https:\/\/files.slack.com\/files-tmb\/TE09AK9BK-FGB1AK8SD-18472e97f8\/meals_servlet_get_attr_debug_1024.png?t=xoxe-476316655393-618179035285-606757826531-bd1c7b831233e0d053294a8f47715ef5",
                "thumb_1024_w": 1024,
                "thumb_1024_h": 640,
                "image_exif_rotation": 1,
                "original_w": 1495,
                "original_h": 935,
                "permalink": "https:\/\/topjava16.slack.com\/files\/UFUQUNDRP\/FGB1AK8SD\/meals_servlet_get_attr_debug.png",
                "permalink_public": "https:\/\/slack-files.com\/TE09AK9BK-FGB1AK8SD-f2a753b3d9",
                "has_rich_preview": false
            }
        ],
        "upload": true,
        "user": "UFUQUNDRP",
        "display_as_bot": false,
        "ts": "1550647833.148500",
        "thread_ts": "1550646878.148400",
        "parent_user_id": "UG862J8F8",
        "reactions": [
            {
                "name": "+1",
                "users": [
                    "UF9DY819B"
                ],
                "count": 1
            },
            {
                "name": "heavy_check_mark",
                "users": [
                    "UE1ULNT9V"
                ],
                "count": 1
            }
        ]
    }
]