[
    {
        "client_msg_id": "50a9e46a-d801-444c-a164-678fb5d56890",
        "type": "message",
        "text": "Alt+F8 и любое выражение",
        "user": "UE1ULNT9V",
        "ts": "1550652134.149000",
        "thread_ts": "1550646878.148400",
        "parent_user_id": "UG862J8F8"
    },
    {
        "client_msg_id": "ac09f74b-1e0e-4e78-8161-15f57afdf684",
        "type": "message",
        "text": "А как именно получилось инициализировать контекст без org.springframework.web?\nВ пакете org.springframework.context подходящий Listener не могу найти.\nИнициализировать в методе init() сервлета с помощью ClassPathXmlApplicationContext тоже не получается.",
        "user": "UFTLU8L02",
        "ts": "1550670011.000500",
        "thread_ts": "1550359589.042000",
        "parent_user_id": "UFZT3QMU6"
    },
    {
        "client_msg_id": "677735ef-716b-4ee7-aec7-ffb8751afd7c",
        "type": "message",
        "text": "Получилось через init(), видимо проблема в Tomcat была.",
        "user": "UFTLU8L02",
        "ts": "1550675097.007900",
        "thread_ts": "1550359589.042000",
        "parent_user_id": "UFZT3QMU6"
    },
    {
        "client_msg_id": "96934b5a-12c9-4e23-9111-0f3319b84097",
        "type": "message",
        "text": "Так в DateTimeUtil мы с датами хотим работать, а если туда попало что-то ещё - неплохо бы об этом узнать заранее.",
        "user": "UFUQUNDRP",
        "ts": "1550731706.010900",
        "thread_ts": "1550345477.037200",
        "parent_user_id": "UFPB4FETA"
    }
]