[
    {
        "client_msg_id": "5838eeca-47db-4d87-ac69-c56402c5dcda",
        "type": "message",
        "text": "tomcat 8.5 или 9.0?",
        "user": "UEQL1L1JS",
        "ts": "1550325063.021100",
        "thread_ts": "1550325063.021100",
        "reply_count": 1,
        "reply_users_count": 1,
        "latest_reply": "1550333309.030800",
        "reply_users": [
            "UFZT3QMU6"
        ],
        "replies": [
            {
                "user": "UFZT3QMU6",
                "ts": "1550333309.030800"
            }
        ]
    },
    {
        "client_msg_id": "b0ba0ee1-a0a3-4fec-a20d-71a6732cbb75",
        "type": "message",
        "text": "Добрый день! А еда, которая у нас есть сейчас, она же ни к какому юзеру не прикреплена",
        "user": "UFFJ077SL",
        "ts": "1550329106.021700",
        "thread_ts": "1550329106.021700",
        "reply_count": 9,
        "reply_users_count": 4,
        "latest_reply": "1550341670.033400",
        "reply_users": [
            "UFKG13683",
            "UFFJ077SL",
            "UE1ULNT9V",
            "UF6HMCG3X"
        ],
        "replies": [
            {
                "user": "UFKG13683",
                "ts": "1550329221.022700"
            },
            {
                "user": "UFFJ077SL",
                "ts": "1550329263.022900"
            },
            {
                "user": "UFFJ077SL",
                "ts": "1550329275.023100"
            },
            {
                "user": "UE1ULNT9V",
                "ts": "1550329357.023300"
            },
            {
                "user": "UFFJ077SL",
                "ts": "1550329417.023600"
            },
            {
                "user": "UFFJ077SL",
                "ts": "1550329469.023800"
            },
            {
                "user": "UFKG13683",
                "ts": "1550329633.024000"
            },
            {
                "user": "UF6HMCG3X",
                "ts": "1550329716.024200"
            },
            {
                "user": "UE1ULNT9V",
                "ts": "1550341670.033400"
            }
        ]
    },
    {
        "client_msg_id": "c76d8ba5-117d-4a95-8428-a8f74222f366",
        "type": "message",
        "text": "И тебе надо дз сделать чтобы была прикреплена к юзеру",
        "user": "UFKG13683",
        "ts": "1550329221.022700",
        "thread_ts": "1550329106.021700",
        "parent_user_id": "UFFJ077SL"
    },
    {
        "client_msg_id": "68c390e4-bafa-4a6a-8c65-885f22b39c8c",
        "type": "message",
        "text": "к любому?",
        "user": "UFFJ077SL",
        "ts": "1550329263.022900",
        "thread_ts": "1550329106.021700",
        "parent_user_id": "UFFJ077SL"
    },
    {
        "client_msg_id": "11f5b1f9-bd8a-4001-b15f-7482afd1bf98",
        "type": "message",
        "text": "я про то что это список еды одного юзера? или трех? пяти?",
        "user": "UFFJ077SL",
        "ts": "1550329275.023100",
        "thread_ts": "1550329106.021700",
        "parent_user_id": "UFFJ077SL"
    },
    {
        "client_msg_id": "dd8f1fd2-5078-4d45-b7e7-ef89f0a3404a",
        "type": "message",
        "text": "<@UFFJ077SL> демку смотрел??",
        "user": "UE1ULNT9V",
        "ts": "1550329357.023300",
        "edited": {
            "user": "UE1ULNT9V",
            "ts": "1550329368.000000"
        },
        "thread_ts": "1550329106.021700",
        "parent_user_id": "UFFJ077SL"
    },
    {
        "client_msg_id": "bfaa775b-ce9d-4a1b-9c10-07398eefb2bb",
        "type": "message",
        "text": "Которая на хероку выложена? Да",
        "user": "UFFJ077SL",
        "ts": "1550329417.023600",
        "thread_ts": "1550329106.021700",
        "parent_user_id": "UFFJ077SL"
    },
    {
        "client_msg_id": "753a01d8-f008-4fb1-990d-8861eeba8a57",
        "type": "message",
        "text": "в ней админ видит всю еду, как я понимаю, юзер - только свою",
        "user": "UFFJ077SL",
        "ts": "1550329469.023800",
        "thread_ts": "1550329106.021700",
        "parent_user_id": "UFFJ077SL"
    },
    {
        "client_msg_id": "5b7c031b-74e3-417a-8bf7-a361516b0052",
        "type": "message",
        "text": "<@UFFJ077SL> и тебе надо модифицировать Мапу так чтобы юзер мог видеть и редактировать только свою еду",
        "user": "UFKG13683",
        "ts": "1550329633.024000",
        "thread_ts": "1550329106.021700",
        "parent_user_id": "UFFJ077SL"
    },
    {
        "client_msg_id": "410af658-6448-4c2f-a582-5945d106fb5d",
        "type": "message",
        "text": "<@UFFJ077SL> Админ видит только свою еду.",
        "user": "UF6HMCG3X",
        "ts": "1550329716.024200",
        "thread_ts": "1550329106.021700",
        "parent_user_id": "UFFJ077SL",
        "reactions": [
            {
                "name": "heavy_check_mark",
                "users": [
                    "UE1ULNT9V"
                ],
                "count": 1
            }
        ]
    },
    {
        "client_msg_id": "f30ba732-0ee5-4dfb-95c8-3024ed98d975",
        "type": "message",
        "text": "Ребят подскажите правильно ли я понимаю, если я хочу конвертить Meal в DTO на слое service , означает ли это, что методы getFilteredWithExcess должны быть зарефакторены под работу с MealTo? Ведь вызов метода будет происходить в контроллере, куда уже придут MealsTO",
        "user": "UG134KF0U",
        "ts": "1550331528.029800",
        "thread_ts": "1550331528.029800",
        "reply_count": 5,
        "reply_users_count": 4,
        "latest_reply": "1550402912.048400",
        "reply_users": [
            "UFZT3QMU6",
            "UG134KF0U",
            "UFKG13683",
            "UE1ULNT9V"
        ],
        "replies": [
            {
                "user": "UFZT3QMU6",
                "ts": "1550333184.030600"
            },
            {
                "user": "UG134KF0U",
                "ts": "1550333863.031900"
            },
            {
                "user": "UFKG13683",
                "ts": "1550338989.032900"
            },
            {
                "user": "UE1ULNT9V",
                "ts": "1550341769.033600"
            },
            {
                "user": "UFZT3QMU6",
                "ts": "1550402912.048400"
            }
        ]
    },
    {
        "client_msg_id": "4c141d55-c23d-4abb-a05d-84add3779cca",
        "type": "message",
        "text": "А что такое MealTo? Разве не DTO? Нафига еще 1 DTO? Чтобы самого себя запутать? Чтобы работа не была слишком простой?",
        "user": "UFZT3QMU6",
        "ts": "1550333184.030600",
        "thread_ts": "1550331528.029800",
        "parent_user_id": "UG134KF0U"
    },
    {
        "client_msg_id": "46a45838-3424-4da8-84bc-6b11c952f198",
        "type": "message",
        "text": "Учитывая что в больш-ве компаний стоит 8, уверен, что он подойдет.",
        "user": "UFZT3QMU6",
        "ts": "1550333309.030800",
        "thread_ts": "1550325063.021100",
        "parent_user_id": "UEQL1L1JS"
    },
    {
        "client_msg_id": "16911be9-ace1-4d9e-851e-98cb52dfba98",
        "type": "message",
        "text": "Ну что, кто разобрался со Спрингом?) Разобраться со Спрингом и не сойти с ума - mission impossible)",
        "user": "UFZT3QMU6",
        "ts": "1550333474.031800",
        "thread_ts": "1550333474.031800",
        "reply_count": 16,
        "reply_users_count": 8,
        "latest_reply": "1550402728.048200",
        "reply_users": [
            "UFKA9M309",
            "UFPV5FPLK",
            "UE1ULNT9V",
            "UFQ35BUP4",
            "UFT7XUWJX",
            "UFZT3QMU6",
            "UFALPSH7D",
            "UFFJ077SL"
        ],
        "replies": [
            {
                "user": "UFKA9M309",
                "ts": "1550336811.032200"
            },
            {
                "user": "UFPV5FPLK",
                "ts": "1550341209.033100"
            },
            {
                "user": "UE1ULNT9V",
                "ts": "1550341808.033900"
            },
            {
                "user": "UFQ35BUP4",
                "ts": "1550344031.034200"
            },
            {
                "user": "UFT7XUWJX",
                "ts": "1550344779.034500"
            },
            {
                "user": "UFPV5FPLK",
                "ts": "1550346128.037300"
            },
            {
                "user": "UFQ35BUP4",
                "ts": "1550347730.037700"
            },
            {
                "user": "UFZT3QMU6",
                "ts": "1550352528.038000"
            },
            {
                "user": "UFZT3QMU6",
                "ts": "1550352704.039000"
            },
            {
                "user": "UFALPSH7D",
                "ts": "1550381553.042500"
            },
            {
                "user": "UFFJ077SL",
                "ts": "1550392878.043300"
            },
            {
                "user": "UFPV5FPLK",
                "ts": "1550402094.047400"
            },
            {
                "user": "UFFJ077SL",
                "ts": "1550402160.047600"
            },
            {
                "user": "UFALPSH7D",
                "ts": "1550402324.047800"
            },
            {
                "user": "UFFJ077SL",
                "ts": "1550402340.048000"
            },
            {
                "user": "UFZT3QMU6",
                "ts": "1550402728.048200"
            }
        ]
    },
    {
        "client_msg_id": "45135f67-b26b-423b-9a25-8858dadc353b",
        "type": "message",
        "text": "MealTo и есть DTO, я про это и говорю.\nВопрос в том, что конвертируя Meal в MealTo на слое service в контроллер будут попадать не Meal а MealTO,   где в последствии нужно будет вызывать метод фильтрации, при этом метод фильтрации принимает параметры Meal.",
        "user": "UG134KF0U",
        "ts": "1550333863.031900",
        "thread_ts": "1550331528.029800",
        "parent_user_id": "UG134KF0U"
    },
    {
        "client_msg_id": "6ba76cb6-41f1-4cbd-9a19-b6e2ea53d351",
        "type": "message",
        "text": "Смотрю видосы что в ссылках к уроку, пытаюсь вникнуть",
        "user": "UFKA9M309",
        "ts": "1550336811.032200",
        "thread_ts": "1550333474.031800",
        "parent_user_id": "UFZT3QMU6"
    },
    {
        "client_msg_id": "3a88125b-9193-4d95-a0c9-f7514988bc83",
        "type": "message",
        "text": "<@UG134KF0U> так конвертируй в контроллере. Ты же необязательно должен dto именно в слое сервис делать",
        "user": "UFKG13683",
        "ts": "1550338989.032900",
        "thread_ts": "1550331528.029800",
        "parent_user_id": "UG134KF0U"
    },
    {
        "client_msg_id": "fc7ff59c-9e02-4c6f-9bab-6c6c4c6b8fdf",
        "type": "message",
        "text": "Видео докладов Борисова и тому подобные не для новичков в спринге. Не знаю насколько часто используется донастройка бинов или фабрики, я бы не дал больше 7%. На udemy курс Чада Дерби - самое то для начинающего.",
        "user": "UFPV5FPLK",
        "ts": "1550341209.033100",
        "thread_ts": "1550333474.031800",
        "parent_user_id": "UFZT3QMU6"
    },
    {
        "client_msg_id": "a2f14832-c789-4de4-a0af-10d85d87563b",
        "type": "message",
        "text": "каждый- свою еду.",
        "user": "UE1ULNT9V",
        "ts": "1550341670.033400",
        "thread_ts": "1550329106.021700",
        "parent_user_id": "UFFJ077SL"
    },
    {
        "client_msg_id": "8a01836f-5f89-4fff-ab19-b9fbe94b1149",
        "type": "message",
        "text": "<@UG134KF0U> если делаешь в сервисе- оттуда и вызываешь MealUtil",
        "user": "UE1ULNT9V",
        "ts": "1550341769.033600",
        "edited": {
            "user": "UE1ULNT9V",
            "ts": "1550341775.000000"
        },
        "thread_ts": "1550331528.029800",
        "parent_user_id": "UG134KF0U"
    },
    {
        "client_msg_id": "83bf73e4-a1b5-4c4d-9bf2-c204ad347c29",
        "type": "message",
        "text": "<@UFZT3QMU6> вопросы формулируй",
        "user": "UE1ULNT9V",
        "ts": "1550341808.033900",
        "thread_ts": "1550333474.031800",
        "parent_user_id": "UFZT3QMU6"
    },
    {
        "client_msg_id": "85bb68a2-a52d-401f-beea-e22cc18494fd",
        "type": "message",
        "text": "Борисов - молодцом! мне ндравится потрошитель, много раз смотрел все части...сразу спринг тоже не вошел...его нужно не торопясь курить....)))",
        "user": "UFQ35BUP4",
        "ts": "1550344031.034200",
        "thread_ts": "1550333474.031800",
        "parent_user_id": "UFZT3QMU6"
    },
    {
        "client_msg_id": "2446efce-5488-4736-83ae-1c08871a47b0",
        "type": "message",
        "text": "вкурить бы коррекно ТЗ по ДЗ )",
        "user": "UFT7XUWJX",
        "ts": "1550344779.034500",
        "thread_ts": "1550333474.031800",
        "parent_user_id": "UFZT3QMU6"
    },
    {
        "client_msg_id": "5aa52231-7b77-48c8-a6c9-aa9107aa6f17",
        "type": "message",
        "text": "4: Проверку isBetweenDate сделать в DateTimeUtil. Попробуйте использовать дженерики и объединить ее с isBetweenTime. Не въехал в формулировку. Нужно в одном методе сделать проверку на Date и Time одновременно или обобщить метод  &lt;T extends Comparable&lt;T&gt;&gt; boolean isBetweenDate...",
        "user": "UFPB4FETA",
        "ts": "1550345477.037200",
        "thread_ts": "1550345477.037200",
        "reply_count": 4,
        "reply_users_count": 2,
        "latest_reply": "1550731706.010900",
        "reply_users": [
            "UFPV5FPLK",
            "UFUQUNDRP"
        ],
        "replies": [
            {
                "user": "UFPV5FPLK",
                "ts": "1550346620.037500"
            },
            {
                "user": "UFUQUNDRP",
                "ts": "1550607366.144200"
            },
            {
                "user": "UFPV5FPLK",
                "ts": "1550607830.144500"
            },
            {
                "user": "UFUQUNDRP",
                "ts": "1550731706.010900"
            }
        ]
    },
    {
        "client_msg_id": "fe5098a0-69e0-47b8-b8e2-bfc456351185",
        "type": "message",
        "text": "<@UFQ35BUP4>, а полученную информацию от Борисова доводилось применять в продакшне? Мне просто интересно в каких случаях это реально востребовано.",
        "user": "UFPV5FPLK",
        "ts": "1550346128.037300",
        "thread_ts": "1550333474.031800",
        "parent_user_id": "UFZT3QMU6"
    },
    {
        "client_msg_id": "ba929779-a391-469f-a34f-3f4d57ddd505",
        "type": "message",
        "text": "Скорее всего второе - сделать метод, принимающие три параметра одного типа и проверяющий что значение одного из аргументов между значениями двух других",
        "user": "UFPV5FPLK",
        "ts": "1550346620.037500",
        "thread_ts": "1550345477.037200",
        "parent_user_id": "UFPB4FETA",
        "reactions": [
            {
                "name": "heavy_check_mark",
                "users": [
                    "UE1ULNT9V"
                ],
                "count": 1
            }
        ]
    },
    {
        "client_msg_id": "7984c15c-9a2e-49fa-a65f-041471c7205b",
        "type": "message",
        "text": "а вот как раз в продакшине и нужно...профайлинг(профилирование)...рефлексия...вот нельзя стопать продукт...а прикрутить надо чего-нить",
        "user": "UFQ35BUP4",
        "ts": "1550347730.037700",
        "edited": {
            "user": "UFQ35BUP4",
            "ts": "1550347912.000000"
        },
        "thread_ts": "1550333474.031800",
        "parent_user_id": "UFZT3QMU6"
    },
    {
        "client_msg_id": "5aaebeb3-9387-4898-b4cd-5b18a68cb4d0",
        "type": "message",
        "text": "Я начинал изучать его по \"Спринг 4\", потом по \"Spring in Action\", потом на проекте, а потом попал на javaops.",
        "user": "UFZT3QMU6",
        "ts": "1550352528.038000",
        "thread_ts": "1550333474.031800",
        "parent_user_id": "UFZT3QMU6"
    },
    {
        "client_msg_id": "c63f4dc5-1d60-4f74-b4b2-cbf7b1be40e6",
        "type": "message",
        "text": "Пункты 5.1 и 5.7 пояснения к ДЗ - одно и тоже.",
        "user": "UFZT3QMU6",
        "ts": "1550352602.038700",
        "edited": {
            "user": "UFZT3QMU6",
            "ts": "1550352656.000000"
        }
    },
    {
        "client_msg_id": "f39015f9-a9bc-4c22-936c-dca1839345fe",
        "type": "message",
        "text": "Самостоятельно разбирать его сложно)",
        "user": "UFZT3QMU6",
        "ts": "1550352704.039000",
        "thread_ts": "1550333474.031800",
        "parent_user_id": "UFZT3QMU6"
    },
    {
        "client_msg_id": "03a1633e-5837-47d0-b521-0b8ebede7296",
        "type": "message",
        "text": "Надо ли делать кнопку отмены фильтрации? или это потом",
        "user": "UFPRT4B28",
        "ts": "1550354932.039700",
        "thread_ts": "1550354932.039700",
        "reply_count": 3,
        "reply_users_count": 3,
        "latest_reply": "1550428875.082700",
        "reply_users": [
            "UF1PDKV37",
            "UFZT3QMU6",
            "UE1ULNT9V"
        ],
        "replies": [
            {
                "user": "UF1PDKV37",
                "ts": "1550355012.039800"
            },
            {
                "user": "UFZT3QMU6",
                "ts": "1550359417.040000"
            },
            {
                "user": "UE1ULNT9V",
                "ts": "1550428875.082700"
            }
        ]
    },
    {
        "client_msg_id": "70fa284b-2cb7-4ec3-a20c-7e245a165bd0",
        "type": "message",
        "text": "кнопку отмены фильтрации делать не надо",
        "user": "UF1PDKV37",
        "ts": "1550355012.039800",
        "thread_ts": "1550354932.039700",
        "parent_user_id": "UFPRT4B28"
    },
    {
        "client_msg_id": "31c04a76-0d91-45cc-bc12-86c9605729df",
        "type": "message",
        "text": "Очистка полей - это и есть отмена фильтрации.",
        "user": "UFZT3QMU6",
        "ts": "1550359417.040000",
        "thread_ts": "1550354932.039700",
        "parent_user_id": "UFPRT4B28"
    },
    {
        "client_msg_id": "1f7c3307-545e-4219-b756-dad36a7f2e81",
        "type": "message",
        "text": "П. 6 задания не выполняется без изменения pom. Т.к. нужный для выполнения задания контекст находится в пакете web, не подключенном в pom.xml.",
        "user": "UFZT3QMU6",
        "ts": "1550359589.042000",
        "thread_ts": "1550359589.042000",
        "reply_count": 4,
        "reply_users_count": 3,
        "latest_reply": "1550675097.007900",
        "reply_users": [
            "UF7MD83EU",
            "UFZT3QMU6",
            "UFTLU8L02"
        ],
        "replies": [
            {
                "user": "UF7MD83EU",
                "ts": "1550361080.042100"
            },
            {
                "user": "UFZT3QMU6",
                "ts": "1550397267.046600"
            },
            {
                "user": "UFTLU8L02",
                "ts": "1550670011.000500"
            },
            {
                "user": "UFTLU8L02",
                "ts": "1550675097.007900"
            }
        ]
    },
    {
        "client_msg_id": "a289b3fc-ada1-4064-ab64-60d1641214f9",
        "type": "message",
        "text": "в задании явно указано\npom.xml НЕ менять, работаем со *spring-context*\nсм SpringMain",
        "user": "UF7MD83EU",
        "ts": "1550361080.042100",
        "edited": {
            "user": "UF7MD83EU",
            "ts": "1550361136.000000"
        },
        "thread_ts": "1550359589.042000",
        "parent_user_id": "UFZT3QMU6"
    },
    {
        "client_msg_id": "ca014464-988a-4920-ac04-863cb7b43894",
        "type": "message",
        "text": "На мой взгляд Борисов вообще не подходит для изучения спринга - всё слишком специфично и рассчитано что у вас уже много опыта, тут надо смотреть базовые уроки...",
        "user": "UFALPSH7D",
        "ts": "1550381553.042500",
        "thread_ts": "1550333474.031800",
        "parent_user_id": "UFZT3QMU6"
    }
]