[
    {
        "client_msg_id": "c0e54bde-cb4e-4663-bb2c-6b3e73280b6f",
        "type": "message",
        "text": "Подскажите плз! Идея не воспринимает  &lt;%@ taglib prefix=\"c\" uri=\"<http:\/\/java.sun.com\/jsp\/jstl\/core>\" %&gt;\n&lt;%@ taglib prefix=\"fmt\" uri=\"<http:\/\/java.sun.com\/jsp\/jstl\/fmt>\" %&gt;\n&lt;%@ taglib prefix=\"fn\" uri=\"<http:\/\/topjava.javawebinar.ru\/functions>\" %&gt; подчеркивает красным http и при наведении говорит что ожидается statement а получил http Предлагает отключить проверку. Что ожидается? Что не так?",
        "user": "UG862J8F8",
        "ts": "1550160104.015000",
        "attachments": [
            {
                "title": "Oracle Technology Network for Java Developers | Oracle Technology Network | Oracle ",
                "title_link": "http:\/\/java.sun.com\/jsp\/jstl\/core",
                "text": "Oracle Technology Network is the ultimate, complete, and authoritative source of technical information and learning about Java.",
                "fallback": "Oracle Technology Network for Java Developers | Oracle Technology Network | Oracle ",
                "from_url": "http:\/\/java.sun.com\/jsp\/jstl\/core",
                "service_icon": "https:\/\/www.oracle.com\/favicon.ico",
                "service_name": "oracle.com",
                "id": 1,
                "original_url": "http:\/\/java.sun.com\/jsp\/jstl\/core"
            },
            {
                "title": "Oracle Technology Network for Java Developers | Oracle Technology Network | Oracle ",
                "title_link": "http:\/\/java.sun.com\/jsp\/jstl\/fmt",
                "text": "Oracle Technology Network is the ultimate, complete, and authoritative source of technical information and learning about Java.",
                "fallback": "Oracle Technology Network for Java Developers | Oracle Technology Network | Oracle ",
                "from_url": "http:\/\/java.sun.com\/jsp\/jstl\/fmt",
                "service_icon": "https:\/\/www.oracle.com\/favicon.ico",
                "service_name": "oracle.com",
                "id": 2,
                "original_url": "http:\/\/java.sun.com\/jsp\/jstl\/fmt"
            }
        ],
        "thread_ts": "1550160104.015000",
        "reply_count": 3,
        "reply_users_count": 3,
        "latest_reply": "1550235145.019300",
        "reply_users": [
            "UE1ULNT9V",
            "UFPCSUE4R",
            "UG862J8F8"
        ],
        "replies": [
            {
                "user": "UE1ULNT9V",
                "ts": "1550160291.015300"
            },
            {
                "user": "UFPCSUE4R",
                "ts": "1550162993.017100"
            },
            {
                "user": "UG862J8F8",
                "ts": "1550235145.019300"
            }
        ]
    },
    {
        "client_msg_id": "e4ad080a-a15c-4274-a82b-cb995f8a973a",
        "type": "message",
        "text": "через Alt+F1  - не решается? IDEA не закачивает что ей требуется?",
        "user": "UE1ULNT9V",
        "ts": "1550160291.015300",
        "edited": {
            "user": "UE1ULNT9V",
            "ts": "1550160296.000000"
        },
        "thread_ts": "1550160104.015000",
        "parent_user_id": "UG862J8F8"
    },
    {
        "client_msg_id": "6e668db6-7202-431c-ab08-048573fc9cad",
        "type": "message",
        "text": "Привет. Надо ли учитывать уникальность User.name или User.email? (что будет логином?) Или пока никак не учитывать, т.к. авторизация будет другая?",
        "user": "UFQT0J4PP",
        "ts": "1550161017.016900",
        "thread_ts": "1550161017.016900",
        "reply_count": 3,
        "reply_users_count": 3,
        "latest_reply": "1550193188.018400",
        "reply_users": [
            "UFKG13683",
            "UE1ULNT9V",
            "UFQT0J4PP"
        ],
        "replies": [
            {
                "user": "UFKG13683",
                "ts": "1550165950.017300"
            },
            {
                "user": "UE1ULNT9V",
                "ts": "1550173212.017900"
            },
            {
                "user": "UFQT0J4PP",
                "ts": "1550193188.018400"
            }
        ]
    },
    {
        "client_msg_id": "b0866fe8-1e2d-4abd-a5cc-947e9aed7674",
        "type": "message",
        "text": "Покажи, что в помник по JSTL добавил",
        "user": "UFPCSUE4R",
        "ts": "1550162993.017100",
        "thread_ts": "1550160104.015000",
        "parent_user_id": "UG862J8F8"
    },
    {
        "client_msg_id": "03d5fd32-4984-403f-8235-7ffac421464d",
        "type": "message",
        "text": "Пока не заморачивайся, потом все исправиться",
        "user": "UFKG13683",
        "ts": "1550165950.017300",
        "thread_ts": "1550161017.016900",
        "parent_user_id": "UFQT0J4PP",
        "reactions": [
            {
                "name": "heavy_check_mark",
                "users": [
                    "UE1ULNT9V"
                ],
                "count": 1
            }
        ]
    },
    {
        "client_msg_id": "be34dd4f-5c59-426d-9ef0-2c3555ee1755",
        "type": "message",
        "text": "уникальность будет по email. прикрутим, когда база будет, сейчас не надо",
        "user": "UE1ULNT9V",
        "ts": "1550173212.017900",
        "thread_ts": "1550161017.016900",
        "parent_user_id": "UFQT0J4PP"
    },
    {
        "client_msg_id": "6af72335-5948-46b3-9a25-7c640be92d3c",
        "type": "message",
        "text": "Ок, спасибо. ",
        "user": "UFQT0J4PP",
        "ts": "1550193188.018400",
        "thread_ts": "1550161017.016900",
        "parent_user_id": "UFQT0J4PP"
    }
]