[
    {
        "client_msg_id": "3e3b83f2-8ded-4ce3-88c8-99f1396abb34",
        "type": "message",
        "text": "Пробую через  Alt+enter   предлагается configure data sourse, Edit Derby fragment , remove attribute ,  un inject Languare, Не знаю как решать. Через Alt+F1 у меня помойму не то  (выбор окон).   В помнике &lt;dependency&gt;\n            &lt;groupId&gt;org.slf4j&lt;\/groupId&gt;\n            &lt;artifactId&gt;slf4j-api&lt;\/artifactId&gt;\n            &lt;version&gt;${slf4j.version}&lt;\/version&gt;\n            &lt;scope&gt;compile&lt;\/scope&gt; &lt;!--\/\/ war--&gt;\n        &lt;\/dependency&gt;\n\n        &lt;dependency&gt;\n            &lt;groupId&gt;org.slf4j&lt;\/groupId&gt;\n            &lt;artifactId&gt;jcl-over-slf4j&lt;\/artifactId&gt;\n            &lt;version&gt;${slf4j.version}&lt;\/version&gt;\n            &lt;scope&gt;runtime&lt;\/scope&gt;\n        &lt;\/dependency&gt;      &lt;dependency&gt;\n            &lt;groupId&gt;javax.servlet&lt;\/groupId&gt;\n            &lt;artifactId&gt;jstl&lt;\/artifactId&gt;\n            &lt;version&gt;1.2&lt;\/version&gt;\n        &lt;\/dependency&gt;\n    &lt;\/dependencies&gt;",
        "user": "UG862J8F8",
        "ts": "1550235145.019300",
        "edited": {
            "user": "UG862J8F8",
            "ts": "1550235470.000000"
        },
        "thread_ts": "1550160104.015000",
        "parent_user_id": "UG862J8F8"
    }
]