[
    {
        "client_msg_id": "a58453df-1428-4288-b518-f4fd69b48c81",
        "type": "message",
        "text": "<@UFP7PTM99> посмотрел на MealRepository из патча 2_2_HW1_optional- да, действительно `void delete(int id)`.  Ты только описывай маскимально ясно- как я сделал.\nПри том, что уже 16 выпуск- по поводу внимательности. Поправлю на 17 выпуске, спасибо!\nу меня правится в патче 3_01_HW2_repository с ДЗ\n\nпо id- конечно мы никак не можем id авторизованного юзера в любом виде снаружи принимать",
        "user": "UE1ULNT9V",
        "ts": "1550742766.011400",
        "edited": {
            "user": "UE1ULNT9V",
            "ts": "1550742815.000000"
        },
        "thread_ts": "1550588054.130700",
        "parent_user_id": "UFP7PTM99"
    },
    {
        "client_msg_id": "78e9a2f5-6072-4b1f-9af7-3f3b0af919aa",
        "type": "message",
        "text": "С ума сойти. Я когда неделю назад увидел задание у меня глаза на лоб полезли, пару дней не знал как подступиться даже. Оно как бы вроде ничего особо сложного, но просто слишком много всего за раз, куча пакетов появилось, куча классов, куча новых методов, много всего нового и незнакомого, в общем целая прорва возможностей где-нибудь накосячить (а я из тех людей, которые такие возможности не упускают :sweat_smile:). В итоге кое-как чего-то накодил и вроде все работало, но при этом было стойкое свербящее ощущение, что все не так, что все криво и не правильно. Был уверен, что как только посмотрю разбор дз, окажется, что я не учел миллион каких-то мелочей. И каково же было мое удивление когда оказалось, что у меня все совпадает практически 1 в 1. Доволен как слон :grin:",
        "user": "UFKNK1SBG",
        "ts": "1550758857.018300",
        "reactions": [
            {
                "name": "+1",
                "users": [
                    "UFTEY6H27",
                    "UFU5XFS5D",
                    "UFP8P9N6M",
                    "UFVJ4064D"
                ],
                "count": 4
            },
            {
                "name": "100",
                "users": [
                    "UFTEY6H27"
                ],
                "count": 1
            }
        ]
    },
    {
        "client_msg_id": "862f1672-f5e1-4a31-9a30-e84d958d38cf",
        "type": "message",
        "text": "Единственное по поводу фильтрации вопрос возник. А почему фильтрация проходит таким сложным способом в несколько этапов, т.е. сначала используется один метод и в репозитории фильтруется по датам, потом этот список уже другим методом фильтруется по времени. А почему не сделать всю фильтрацию в одном месте? Я вот к примеру в MealsUtil в этот фильтрующий метод, который на первом занятии делали, просто добавил второй фильтр, сначала фильтруется по времени, потом следом фильтруется по дате. Вроде ж так намного проще, красивее и удобнее. Или что я не понял, объясните пожалуйста.",
        "user": "UFKNK1SBG",
        "ts": "1550760365.024300",
        "thread_ts": "1550760365.024300",
        "reply_count": 13,
        "reply_users_count": 6,
        "latest_reply": "1550776892.027100",
        "reply_users": [
            "UFKG13683",
            "UFKNK1SBG",
            "UF4EWJ9N3",
            "UFLKE29QW",
            "UFPRT4B28",
            "UE1ULNT9V"
        ],
        "replies": [
            {
                "user": "UFKG13683",
                "ts": "1550761978.024600"
            },
            {
                "user": "UFKG13683",
                "ts": "1550762094.024800"
            },
            {
                "user": "UFKNK1SBG",
                "ts": "1550762380.025000"
            },
            {
                "user": "UF4EWJ9N3",
                "ts": "1550763622.025200"
            },
            {
                "user": "UFKNK1SBG",
                "ts": "1550764133.025400"
            },
            {
                "user": "UFKG13683",
                "ts": "1550766341.025600"
            },
            {
                "user": "UFKNK1SBG",
                "ts": "1550767275.025800"
            },
            {
                "user": "UFLKE29QW",
                "ts": "1550767792.026000"
            },
            {
                "user": "UFKNK1SBG",
                "ts": "1550769100.026200"
            },
            {
                "user": "UFPRT4B28",
                "ts": "1550769441.026400"
            },
            {
                "user": "UFKG13683",
                "ts": "1550771459.026600"
            },
            {
                "user": "UFKNK1SBG",
                "ts": "1550771462.026800"
            },
            {
                "user": "UE1ULNT9V",
                "ts": "1550776892.027100"
            }
        ]
    },
    {
        "client_msg_id": "20f32f55-72f7-4d6c-be95-00883d0c0292",
        "type": "message",
        "text": "Это чтобы сумма калорий была корректная ",
        "user": "UFKG13683",
        "ts": "1550761978.024600",
        "thread_ts": "1550760365.024300",
        "parent_user_id": "UFKNK1SBG"
    },
    {
        "client_msg_id": "ff8a1aa7-7dd2-4ebc-a52b-326a6bb9c155",
        "type": "message",
        "text": "Потому что из репозитория если фильтровать по дате и времени сразу то день может получится обрезанным ",
        "user": "UFKG13683",
        "ts": "1550762094.024800",
        "thread_ts": "1550760365.024300",
        "parent_user_id": "UFKNK1SBG"
    },
    {
        "client_msg_id": "7fa8fbc7-8f08-4455-949e-6773f5ba066c",
        "type": "message",
        "text": "все равно не понимаю. Пол дня уже сравниваю свой вариант и эталонный, кручу, верчу, разные значения подставляю, в дэбагере смотрю. Все одинаково работает.",
        "user": "UFKNK1SBG",
        "ts": "1550762380.025000",
        "thread_ts": "1550760365.024300",
        "parent_user_id": "UFKNK1SBG"
    },
    {
        "client_msg_id": "e56e81cf-806d-412b-8de8-7bcaf5c8663a",
        "type": "message",
        "text": "Попробуй отфильтровать день в котором количество потребленных калорий превышено, ну т. е., чтобы еда вывелась красным цветом, а потом добавь еще фильтр по времени, так чтобы в таблице осталась только одна строка, если она у тебя остается красной, то все ок, если становится зеленой, то ошибка",
        "user": "UF4EWJ9N3",
        "ts": "1550763622.025200",
        "thread_ts": "1550760365.024300",
        "parent_user_id": "UFKNK1SBG"
    },
    {
        "client_msg_id": "96fa9b00-b86f-47df-b774-82c683bcf506",
        "type": "message",
        "text": "<@UF4EWJ9N3> все правильно выводится. Я потому и не понимаю в чем подвох и чего оно там так реализовано. Тот способ, которым я делал, мне кажется в разы более удобным и понятным",
        "user": "UFKNK1SBG",
        "ts": "1550764133.025400",
        "thread_ts": "1550760365.024300",
        "parent_user_id": "UFKNK1SBG"
    },
    {
        "client_msg_id": "9d7a7dfb-ce25-4f6e-9369-b255ea24c268",
        "type": "message",
        "text": "<@UFKNK1SBG> предположим ты ел 31 числа три раза в 10:00, в 13:00 и в 20:00. Ты ставишь  фильтр, чтобы получить еду за 31 число с 11:00 до 21:00 . В репозитории ты фильтруешь сразу по дате и времени. Тогда из репозитория достанется 2 еды. Но когда ты считаешь превышение в MealsUtil тебе нужно суммарное колличество калорий всей еды за день . Поэтому мы достаем сначала по дате , считаем корректное превышение калорий  и фильтруем потом уже по времени",
        "user": "UFKG13683",
        "ts": "1550766341.025600",
        "thread_ts": "1550760365.024300",
        "parent_user_id": "UFKNK1SBG"
    },
    {
        "client_msg_id": "9db1d40d-fb41-4006-8da6-e08d130674b5",
        "type": "message",
        "text": "<@UFKG13683> так это же не важно, мы же в любом случае в методе в MelasUtil отправляем туда весь список целиком, переводим из Meal в MealTo (считаем превышение) и только потом фильтруем. Т.е. в предложенной реализации берется целый список Meal, потом фильтруется по дате, потом методами из MealsUtil преобразуется в список MealTo и уже потом фильтруется по времени. А у меня берется список Meal, преобразуется в MealTo и потом сразу фильтруется сначала по дате, потом по времени. Результат один и тот же, но кода намного меньше и намного понятнее.",
        "user": "UFKNK1SBG",
        "ts": "1550767275.025800",
        "thread_ts": "1550760365.024300",
        "parent_user_id": "UFKNK1SBG"
    },
    {
        "client_msg_id": "f75f374a-fe17-4153-8cfc-8cf14cd91902",
        "type": "message",
        "text": "Ты сделал реализацию в которой фильтруется весь список по дате и времени. А у Григория сначала получает список еды отфильтрованный по дате и уже в контроллере делает трансфер в MealTo с фильтрацией по времени",
        "user": "UFLKE29QW",
        "ts": "1550767792.026000",
        "thread_ts": "1550760365.024300",
        "parent_user_id": "UFKNK1SBG"
    },
    {
        "client_msg_id": "f83c3b36-ea9c-4cb1-82c0-acce5a0e0fb0",
        "type": "message",
        "text": "<@UFLKE29QW> да, я вот и хочу понять, зачем оно так сделано. Просто выглядит, на мой взгляд, как то жутко неудобно и сложно. А результат что у меня, что у Григория, одинаковый. На вход передаем одно и то же и на выходе получаем одно и то же.",
        "user": "UFKNK1SBG",
        "ts": "1550769100.026200",
        "thread_ts": "1550760365.024300",
        "parent_user_id": "UFKNK1SBG"
    },
    {
        "client_msg_id": "fb83d552-00d2-4afc-b2f0-e414b017bdff",
        "type": "message",
        "text": "@MAX, представьте что у вас очень-очень много записей, человек вел пищевой дневник несколько лет. не оптимально их всех сортировать и конвертировать в другой тип, если вам нужны только записи за конкретных несколько дат. Прежде чем что-то делать над данными, всегда надо максимально уменьшить их количество.",
        "user": "UFPRT4B28",
        "ts": "1550769441.026400",
        "thread_ts": "1550760365.024300",
        "parent_user_id": "UFKNK1SBG",
        "reactions": [
            {
                "name": "heavy_check_mark",
                "users": [
                    "UFKNK1SBG",
                    "UFKG13683"
                ],
                "count": 2
            }
        ]
    },
    {
        "client_msg_id": "f7fa098b-4c1b-49db-ab4f-67a3d4a26d7e",
        "type": "message",
        "text": "<@UFKNK1SBG> представь тебе нужно нужно получить еду за 1 день. Зачем тогда из базы данных получать все записи которых может быть много. Когда можно  достать из бд  записи только за один день. Нужно стараться максимально уменьшить нагрузку на бд",
        "user": "UFKG13683",
        "ts": "1550771459.026600",
        "thread_ts": "1550760365.024300",
        "parent_user_id": "UFKNK1SBG"
    },
    {
        "client_msg_id": "f9d155a8-f686-40d9-bc2e-13eaf4ed3661",
        "type": "message",
        "text": "<@UFPRT4B28> а, да, теперь все ясно, не подумал об этом. Спасибо большое.",
        "user": "UFKNK1SBG",
        "ts": "1550771462.026800",
        "thread_ts": "1550760365.024300",
        "parent_user_id": "UFKNK1SBG",
        "reactions": [
            {
                "name": "+1",
                "users": [
                    "UFPRT4B28"
                ],
                "count": 1
            }
        ]
    },
    {
        "client_msg_id": "ab4a8422-047b-47f7-a395-166dfa17b2ef",
        "type": "message",
        "text": "можно сделать сначала по дате, затем по времени\nно тут я уже учитываю, что мы будем работать с БД и там фильтрация по датам будет вестись в базе. те заранее сделал",
        "user": "UE1ULNT9V",
        "ts": "1550776892.027100",
        "edited": {
            "user": "UE1ULNT9V",
            "ts": "1550776897.000000"
        },
        "thread_ts": "1550760365.024300",
        "parent_user_id": "UFKNK1SBG"
    }
]