[
    {
        "user": "UEM7QC9D3",
        "type": "message",
        "subtype": "channel_join",
        "ts": "1544096074.000200",
        "text": "<@UEM7QC9D3> has joined the channel"
    },
    {
        "user": "UELE85CTB",
        "type": "message",
        "subtype": "channel_join",
        "ts": "1544098327.000400",
        "text": "<@UELE85CTB> has joined the channel"
    },
    {
        "user": "UELAS5TEC",
        "type": "message",
        "subtype": "channel_join",
        "ts": "1544099836.000600",
        "text": "<@UELAS5TEC> has joined the channel"
    },
    {
        "user": "UEN7N2QA3",
        "type": "message",
        "subtype": "channel_join",
        "ts": "1544107140.000800",
        "text": "<@UEN7N2QA3> has joined the channel"
    },
    {
        "user": "UEN44AAUV",
        "type": "message",
        "subtype": "channel_join",
        "ts": "1544163272.000200",
        "text": "<@UEN44AAUV> has joined the channel"
    },
    {
        "user": "UEPA6TUHL",
        "type": "message",
        "subtype": "channel_join",
        "ts": "1544164056.000400",
        "text": "<@UEPA6TUHL> has joined the channel"
    }
]