[
    {
        "user": "UEQL1L1JS",
        "type": "message",
        "subtype": "channel_join",
        "ts": "1544370240.000200",
        "text": "<@UEQL1L1JS> has joined the channel"
    },
    {
        "user": "UEPB7T97C",
        "type": "message",
        "subtype": "channel_join",
        "ts": "1544396362.000400",
        "text": "<@UEPB7T97C> has joined the channel"
    },
    {
        "user": "UEPH5LANR",
        "type": "message",
        "subtype": "channel_join",
        "ts": "1544396870.000600",
        "text": "<@UEPH5LANR> has joined the channel"
    }
]