[
    {
        "client_msg_id": "a0892270-e61c-49ac-9ef3-0cadb7a9937b",
        "type": "message",
        "text": "всем привет. Я тут обнаружил, что у меня на гитхабе появился еще один репозиторий - topjava-1. Не припомню, чтобы делал какие-либо телодвижения для этого. Кто-то еще сталкивался?",
        "user": "UFBHB8PFS",
        "ts": "1551620886.015000",
        "thread_ts": "1551620886.015000",
        "reply_count": 4,
        "reply_users_count": 4,
        "latest_reply": "1551689945.015900",
        "reply_users": [
            "UF1PDKV37",
            "UFTSGQ7U5",
            "UF9DY819B",
            "UE1ULNT9V"
        ],
        "replies": [
            {
                "user": "UF1PDKV37",
                "ts": "1551622968.015100"
            },
            {
                "user": "UFTSGQ7U5",
                "ts": "1551637614.015300"
            },
            {
                "user": "UF9DY819B",
                "ts": "1551644630.015500"
            },
            {
                "user": "UE1ULNT9V",
                "ts": "1551689945.015900"
            }
        ]
    },
    {
        "client_msg_id": "22d7d3b4-b2ab-4e83-9536-ed67d9d1fd51",
        "type": "message",
        "text": "Есть такое, сам не пойму откуда появилось",
        "user": "UF1PDKV37",
        "ts": "1551622968.015100",
        "thread_ts": "1551620886.015000",
        "parent_user_id": "UFBHB8PFS"
    },
    {
        "client_msg_id": "e4f195a0-b3f6-4559-8546-4cf8b3dd8506",
        "type": "message",
        "text": "Аналогично. Думаю стоит грохнуть его. ",
        "user": "UFTSGQ7U5",
        "ts": "1551637614.015300",
        "thread_ts": "1551620886.015000",
        "parent_user_id": "UFBHB8PFS"
    },
    {
        "client_msg_id": "d55f706d-e13b-4970-af68-c6036ec4f1c8",
        "type": "message",
        "text": "я делал fork репозитория Григория, потом переименовал в topjava-1, но врятли это из-за меня проблема)\nтам были патчи накатанные или пустой проект?",
        "user": "UF9DY819B",
        "ts": "1551644630.015500",
        "thread_ts": "1551620886.015000",
        "parent_user_id": "UFBHB8PFS"
    },
    {
        "client_msg_id": "f1fd9ccd-8333-4fa8-8c9d-48496430e564",
        "type": "message",
        "text": "&gt; Всем спасибо большое! Получилось всё сразу залить на remote repository. Сначала я всё проиндексировал git add . .Затем я делал git commit и он кидал меня в редактор vim. Я не понимал что с этим делать. В итоге разобрался что нужно было просто написать комментарий для коммита. Это можно сделать через vim. А можно просто командой git commit -m \"Commit succes\".",
        "user": "UERDM12SG",
        "ts": "1551676096.015700",
        "thread_ts": "1551518273.011500",
        "parent_user_id": "UERDM12SG"
    }
]