[
    {
        "client_msg_id": "4254d0ac-63b1-4228-b50a-0698908bc2d0",
        "type": "message",
        "text": "Не помню кто сказал: \"Если в твоей голове зародился вопрос, то всегда помни, что кто-то давно на него уже ответил \". <https:\/\/toster.ru\/q\/427755>",
        "user": "UEWSLHBTJ",
        "ts": "1546589963.016400",
        "edited": {
            "user": "UEWSLHBTJ",
            "ts": "1546590005.000000"
        },
        "thread_ts": "1546536011.012900",
        "parent_user_id": "UF4M5BG3X"
    },
    {
        "client_msg_id": "6e3ec8c9-7348-488e-8a4d-c4e6c0ee811e",
        "type": "message",
        "text": "забивать не следует, но, по большей части, достаточно понимать, что за каждым действием, выполняемом через UI, стоит консольная команда. так-то, понятно, что, например, ветки сливать удобнее через графический интерфейс, а не через vim конфликты в файлах разрешать, думаю, с этим не согласятся разве что совсем уж апологеты консоли",
        "user": "UF2PXFBBR",
        "ts": "1546591487.016900",
        "edited": {
            "user": "UF2PXFBBR",
            "ts": "1546591509.000000"
        },
        "thread_ts": "1546536011.012900",
        "parent_user_id": "UF4M5BG3X",
        "reactions": [
            {
                "name": "+1",
                "users": [
                    "UEWSLHBTJ"
                ],
                "count": 1
            }
        ]
    },
    {
        "client_msg_id": "93ff555d-aa19-4874-93f4-3d24a28d2730",
        "type": "message",
        "text": "<@UF4M5BG3X> Если в Windows работаешь, то ставь cmder, отличная консоль, вшит туда редактор Vim. Ну а если в Linux, то там терминал отличный. Не должно быть трудностей в изучении. Другое дело разобраться, как работать с Vim, но тут тоже не так все сложно. В сети полно, как уроков, так и статей на тему работы с Vim.",
        "user": "UEWSLHBTJ",
        "ts": "1546592439.017300",
        "edited": {
            "user": "UEWSLHBTJ",
            "ts": "1546594696.000000"
        },
        "thread_ts": "1546536011.012900",
        "parent_user_id": "UF4M5BG3X"
    },
    {
        "type": "message",
        "text": "Шпаргалка по командам в Vim.",
        "files": [
            {
                "id": "FF6A1Q21H",
                "created": 1546595085,
                "timestamp": 1546595085,
                "name": "vim.txt",
                "title": "vim.txt",
                "mimetype": "text\/plain",
                "filetype": "text",
                "pretty_type": "Plain Text",
                "user": "UEWSLHBTJ",
                "editable": true,
                "size": 12134,
                "mode": "snippet",
                "is_external": false,
                "external_type": "",
                "is_public": true,
                "public_url_shared": false,
                "display_as_bot": false,
                "username": "",
                "url_private": "https:\/\/files.slack.com\/files-pri\/TE09AK9BK-FF6A1Q21H\/vim.txt?t=xoxe-476316655393-618179035285-606757826531-bd1c7b831233e0d053294a8f47715ef5",
                "url_private_download": "https:\/\/files.slack.com\/files-pri\/TE09AK9BK-FF6A1Q21H\/download\/vim.txt?t=xoxe-476316655393-618179035285-606757826531-bd1c7b831233e0d053294a8f47715ef5",
                "permalink": "https:\/\/topjava16.slack.com\/files\/UEWSLHBTJ\/FF6A1Q21H\/vim.txt",
                "permalink_public": "https:\/\/slack-files.com\/TE09AK9BK-FF6A1Q21H-86faed06e1",
                "edit_link": "https:\/\/topjava16.slack.com\/files\/UEWSLHBTJ\/FF6A1Q21H\/vim.txt\/edit",
                "has_rich_preview": false
            }
        ],
        "upload": true,
        "user": "UEWSLHBTJ",
        "display_as_bot": false,
        "ts": "1546595087.018400",
        "thread_ts": "1546536011.012900",
        "parent_user_id": "UF4M5BG3X"
    },
    {
        "client_msg_id": "6944560d-9374-42ac-bd88-979f546a1525",
        "type": "message",
        "text": "<@UEWSLHBTJ> ну так там такая же абстракция. Типа не всё возможно без консоли.Когда такое понадобится, тогда можно с консолью и работать",
        "user": "UF4M5BG3X",
        "ts": "1546596004.018800",
        "thread_ts": "1546536011.012900",
        "parent_user_id": "UF4M5BG3X"
    },
    {
        "client_msg_id": "e5e1a3a5-3ad8-450f-b6cb-ff1cd2f60dfd",
        "type": "message",
        "text": "<@UEWSLHBTJ> так и vim для винды не зачем. Хватает любого редактора, типа Notepad++",
        "user": "UF4M5BG3X",
        "ts": "1546596082.019000",
        "thread_ts": "1546536011.012900",
        "parent_user_id": "UF4M5BG3X"
    },
    {
        "client_msg_id": "6eb4a4ce-1999-48ed-af9a-d78963cf1d12",
        "type": "message",
        "text": "и шпаргалки не нужны для пользования им",
        "user": "UF4M5BG3X",
        "ts": "1546596092.019200",
        "thread_ts": "1546536011.012900",
        "parent_user_id": "UF4M5BG3X"
    },
    {
        "client_msg_id": "94e1485b-c709-41b6-9da8-68427acef468",
        "type": "message",
        "text": "<@UF4M5BG3X> Vim хорош и соответственно навыки  работы с ним приветствуются.  К тому же можно без проблем с ним работать, как в Винде, так и в Linux. Резюмирую: Не стоит игнорировать консоль. Это база, а база - это всегда must have. :wink:",
        "user": "UEWSLHBTJ",
        "ts": "1546596494.019400",
        "thread_ts": "1546536011.012900",
        "parent_user_id": "UF4M5BG3X"
    },
    {
        "client_msg_id": "c274cde9-0c20-490b-9892-46cfe7c23473",
        "type": "message",
        "text": "<@UF4M5BG3X> После того, как в master ветке достигается состояние, которое можно считать стабильным, оно отмечается тегом с версией этого состояния. Это и есть то, что мы называем версией программы. Различные системы деплоя и автоматизированной сборки используют теги для идентификации того состояния, которое нужно задеплоить или собрать. Так сделано потому, что если мы будем собирать или деплоить код последней версии, то есть риск, что какой-то другой программист в этот момент внесет какие-то изменения в мастер ветку, и мы соберем не то что хотели. К тому же, так проще переключаться между рабочими и проверенными состояниями проектов. Лень свое писать. Взято отсюда: <https:\/\/habr.com\/post\/342116\/>",
        "user": "UEWSLHBTJ",
        "ts": "1546664968.021000",
        "edited": {
            "user": "UEWSLHBTJ",
            "ts": "1546665462.000000"
        },
        "thread_ts": "1546546161.015500",
        "parent_user_id": "UF4M5BG3X"
    }
]