[
    {
        "client_msg_id": "7b4d87b9-e0b4-4e74-aaf0-4ef52a3971b4",
        "type": "message",
        "text": "в принципе предсказуемо, что бы gitlab не расслаблялся :slightly_smiling_face:",
        "user": "UF1PDKV37",
        "ts": "1546957741.024500"
    },
    {
        "client_msg_id": "31f5fee9-fe13-4b1b-8eb9-d7ba58d418f0",
        "type": "message",
        "text": "хотя я лично привык гитлабом пользоваться",
        "user": "UF1PDKV37",
        "ts": "1546957759.024900"
    },
    {
        "client_msg_id": "e923a25f-e02e-4834-a43a-1d99ab491d24",
        "type": "message",
        "text": "приватных репозиториев не хватало реально, но у битбакета они есть",
        "user": "UF0AK9QP7",
        "ts": "1546959082.025300"
    }
]