[
    {
        "client_msg_id": "d8aef9d3-64cb-449d-a3af-f58dba0caf7c",
        "type": "message",
        "text": "Подскажите, пожалуйста, можно ли закоммитить несколько патчей одновременно? Или как это делается, допустим я накатил с десяток патчей и потом мне нужно закоммитить финальную версию. Мне для этого надо каждый отдельный патч в Local Changes коммитить или можно как то обойтись одним коммитом?",
        "user": "UERDM12SG",
        "ts": "1551518273.011500",
        "edited": {
            "user": "UERDM12SG",
            "ts": "1551518724.000000"
        },
        "thread_ts": "1551518273.011500",
        "reply_count": 10,
        "reply_users_count": 5,
        "latest_reply": "1551690124.016600",
        "reply_users": [
            "UFUQUNDRP",
            "UERDM12SG",
            "UE1ULNT9V",
            "UFKG13683",
            "UFFJ077SL"
        ],
        "replies": [
            {
                "user": "UFUQUNDRP",
                "ts": "1551519565.011700"
            },
            {
                "user": "UERDM12SG",
                "ts": "1551520918.011900"
            },
            {
                "user": "UFUQUNDRP",
                "ts": "1551521965.012100"
            },
            {
                "user": "UFUQUNDRP",
                "ts": "1551522092.012400"
            },
            {
                "user": "UE1ULNT9V",
                "ts": "1551524077.012700"
            },
            {
                "user": "UFKG13683",
                "ts": "1551524401.012900"
            },
            {
                "user": "UFFJ077SL",
                "ts": "1551527008.013100"
            },
            {
                "user": "UERDM12SG",
                "ts": "1551676096.015700"
            },
            {
                "user": "UE1ULNT9V",
                "ts": "1551690046.016400"
            },
            {
                "user": "UFFJ077SL",
                "ts": "1551690124.016600"
            }
        ]
    },
    {
        "client_msg_id": "51c9d731-25d8-44f2-a739-93749ec87ad7",
        "type": "message",
        "text": "да все изменения можно разом. git status покажет подробности. просто когда отдельно каждый набор изменений коммитится - между ними переключаться\/откатываться проще при необходимости.",
        "user": "UFUQUNDRP",
        "ts": "1551519565.011700",
        "thread_ts": "1551518273.011500",
        "parent_user_id": "UERDM12SG"
    },
    {
        "client_msg_id": "8eebd274-9f48-47de-b4da-e0dfede61c76",
        "type": "message",
        "text": "спасибо! Там вылезло большое количество новых файлов и модифицированных. В консоле написано сделайте git add &lt;File&gt; ... это надо каждый файл прописывать или можно их как то скопом залить. Я попробовал git add *.java? так правильно? или есть такой вариант git add . ? Не понимаю в чем отличие?",
        "user": "UERDM12SG",
        "ts": "1551520918.011900",
        "thread_ts": "1551518273.011500",
        "parent_user_id": "UERDM12SG"
    },
    {
        "client_msg_id": "2e2f6ed1-5623-42ac-9fd4-86d6a7be49fc",
        "type": "message",
        "text": "да, можно по маске добавлять. `add .` добавит всё (ещё не включённое) в индекс, с учётом .gitignore, емнип.\nмогу посоветовать букварь: <https:\/\/github.com\/progit\/progit2-ru>  и как справочник годится, и подряд можно прочесть. имхо - оттуда информацию добыть проще (и она, зачастую, полней), чем из гугла.",
        "user": "UFUQUNDRP",
        "ts": "1551521965.012100",
        "attachments": [
            {
                "fallback": "progit\/progit2-ru",
                "title": "progit\/progit2-ru",
                "footer": "<https:\/\/github.com\/progit\/progit2-ru|progit\/progit2-ru>",
                "id": 1,
                "ts": 1414577607,
                "color": "24292f",
                "fields": [
                    {
                        "title": "Stars",
                        "value": "211",
                        "short": true
                    },
                    {
                        "title": "Language",
                        "value": "CSS",
                        "short": true
                    }
                ],
                "mrkdwn_in": [
                    "text",
                    "fields"
                ],
                "bot_id": "BG28CBL6A",
                "app_unfurl_url": "https:\/\/github.com\/progit\/progit2-ru",
                "is_app_unfurl": true
            }
        ],
        "thread_ts": "1551518273.011500",
        "parent_user_id": "UERDM12SG"
    },
    {
        "client_msg_id": "81423a69-b109-4734-ac65-9c4071961abb",
        "type": "message",
        "text": "во, про `add .`: <https:\/\/stackoverflow.com\/questions\/26042390\/git-add-asterisk-vs-git-add-period#26042555>",
        "user": "UFUQUNDRP",
        "ts": "1551522092.012400",
        "attachments": [
            {
                "service_name": "Stack Overflow",
                "title": "git add * (asterisk) vs git add . (period)",
                "title_link": "https:\/\/stackoverflow.com\/questions\/26042390\/git-add-asterisk-vs-git-add-period#26042555",
                "text": "I'm new to git and I have a question about adding files in git. I have found multiple stackoverflow questions about the difference between git add . and git add -a, git add --all, git add -A, etc. ...",
                "fallback": "Stack Overflow: git add * (asterisk) vs git add . (period)",
                "thumb_url": "https:\/\/cdn.sstatic.net\/Sites\/stackoverflow\/img\/apple-touch-icon@2.png?v=73d79a89bded",
                "from_url": "https:\/\/stackoverflow.com\/questions\/26042390\/git-add-asterisk-vs-git-add-period#26042555",
                "thumb_width": 316,
                "thumb_height": 316,
                "service_icon": "https:\/\/cdn.sstatic.net\/Sites\/stackoverflow\/img\/favicon.ico?v=4f32ecc8f43d",
                "id": 1,
                "original_url": "https:\/\/stackoverflow.com\/questions\/26042390\/git-add-asterisk-vs-git-add-period#26042555"
            }
        ],
        "thread_ts": "1551518273.011500",
        "parent_user_id": "UERDM12SG"
    },
    {
        "client_msg_id": "0f160096-e282-40b4-8e3e-929d83195e2a",
        "type": "message",
        "text": "я рекомендую комитить каждый патч и пушить можно пачкой. так с кодом будет проще работать",
        "user": "UE1ULNT9V",
        "ts": "1551524077.012700",
        "thread_ts": "1551518273.011500",
        "parent_user_id": "UERDM12SG"
    },
    {
        "client_msg_id": "39de9816-26be-4cc2-b939-03d21f429ca0",
        "type": "message",
        "text": "Как по мне проще каждый патч комитить , так как проще отслеживать, что добавилось в проект",
        "user": "UFKG13683",
        "ts": "1551524401.012900",
        "thread_ts": "1551518273.011500",
        "parent_user_id": "UERDM12SG",
        "reactions": [
            {
                "name": "heavy_check_mark",
                "users": [
                    "UE1ULNT9V"
                ],
                "count": 1
            }
        ]
    },
    {
        "client_msg_id": "7354e760-6f7e-4fc5-9e42-18cb23d4da7d",
        "type": "message",
        "text": "у меня несколько раз было, когда я накатил сразу 7 патчей, не коммитя, потом что то развалилось ) и пришлось откатываться и все заного делать, теперь накатил патч, коммит, пуш и нет проблем (думаю можно и патч, коммит, патч, коммит… пуш все)",
        "user": "UFFJ077SL",
        "ts": "1551527008.013100",
        "thread_ts": "1551518273.011500",
        "parent_user_id": "UERDM12SG"
    }
]