[
    {
        "client_msg_id": "ab7537f1-6c7a-4a3f-86dc-36d89b59e557",
        "type": "message",
        "text": "может кому пригодится <https:\/\/github.com\/bobthecow\/git-flow-completion\/wiki\/Install-Bash-git-completion> - автодополнение имен веток по tab в терминале",
        "user": "UF2JE861M",
        "ts": "1549530003.100500",
        "attachments": [
            {
                "service_name": "GitHub",
                "title": "bobthecow\/git-flow-completion",
                "title_link": "https:\/\/github.com\/bobthecow\/git-flow-completion\/wiki\/Install-Bash-git-completion",
                "text": "Bash, Zsh and fish completion support for git-flow. - bobthecow\/git-flow-completion",
                "fallback": "GitHub: bobthecow\/git-flow-completion",
                "from_url": "https:\/\/github.com\/bobthecow\/git-flow-completion\/wiki\/Install-Bash-git-completion",
                "thumb_url": "https:\/\/avatars2.githubusercontent.com\/u\/53660?s=400&v=4",
                "thumb_width": 250,
                "thumb_height": 250,
                "service_icon": "https:\/\/a.slack-edge.com\/bfaba\/img\/unfurl_icons\/github.png",
                "id": 1,
                "original_url": "https:\/\/github.com\/bobthecow\/git-flow-completion\/wiki\/Install-Bash-git-completion"
            }
        ],
        "thread_ts": "1549530003.100500",
        "reply_count": 1,
        "reply_users_count": 1,
        "latest_reply": "1549570298.102900",
        "reply_users": [
            "UF1D6C6AF"
        ],
        "replies": [
            {
                "user": "UF1D6C6AF",
                "ts": "1549570298.102900"
            }
        ]
    },
    {
        "client_msg_id": "53de34fa-1825-483c-9d53-fc3738000d76",
        "type": "message",
        "text": "Хай, я ток подрубился в проекту, тоже ищу патч hw0, подскажи как разрулил?",
        "user": "UFS7914A0",
        "ts": "1549546448.101100",
        "thread_ts": "1548882396.080700",
        "parent_user_id": "UFT7XUWJX"
    },
    {
        "client_msg_id": "8045ee6f-4de6-4025-9d20-db0f908be928",
        "type": "message",
        "text": "В описании задания ссылка есть.",
        "user": "UFT7XUWJX",
        "ts": "1549546699.101300",
        "thread_ts": "1548882396.080700",
        "parent_user_id": "UFT7XUWJX"
    },
    {
        "client_msg_id": "e486ded4-1a85-4727-a0c6-e4f638b6852b",
        "type": "message",
        "text": "<https:\/\/drive.google.com\/open?id=1zRIqAeLYGMb4T3JOrqDQv6ZN7HwWqgS_>",
        "user": "UFT7XUWJX",
        "ts": "1549546701.101500",
        "thread_ts": "1548882396.080700",
        "parent_user_id": "UFT7XUWJX",
        "reactions": [
            {
                "name": "+1",
                "users": [
                    "UFS7914A0"
                ],
                "count": 1
            }
        ]
    },
    {
        "client_msg_id": "a8bb0b36-17c0-427e-8b70-de4eb891736e",
        "type": "message",
        "text": "O my zsh под Linux\nМожет ещё больше",
        "user": "UF1D6C6AF",
        "ts": "1549570298.102900",
        "thread_ts": "1549530003.100500",
        "parent_user_id": "UF2JE861M"
    }
]