[
    {
        "client_msg_id": "acecb050-b626-41ae-9ef4-962074dc6be0",
        "type": "message",
        "text": "применил патч - посмотрел изменения - коммит. Пуши делать после каждого коммита не обязательно. Можно потом одним разом все запушить.",
        "user": "UF3BP78SF",
        "ts": "1549878888.000200",
        "thread_ts": "1549821056.114300",
        "parent_user_id": "UFVQWFQHM"
    }
]