[
    {
        "client_msg_id": "7df5c609-dd18-4eb6-80ef-407390fc7567",
        "type": "message",
        "text": "Появился вопрос",
        "user": "UF4M5BG3X",
        "ts": "1546526611.008500"
    },
    {
        "client_msg_id": "5675f491-8a10-42e0-9f44-fe56c46975f1",
        "type": "message",
        "text": "Читаю ресурс <https:\/\/githowto.com\/ru\/>",
        "user": "UF4M5BG3X",
        "ts": "1546526630.008800",
        "attachments": [
            {
                "title": "Git How To: курс обучения Git на русском",
                "title_link": "https:\/\/githowto.com\/ru\/",
                "text": "Git How To — это интерактивный тур, который познакомит вас с основами Git. Тур создан с пониманием того, что лучшим способом научиться использовать Git — попробовать его своими руками.",
                "fallback": "Git How To: курс обучения Git на русском",
                "from_url": "https:\/\/githowto.com\/ru\/",
                "service_icon": "https:\/\/githowto.com\/favicon.png",
                "service_name": "githowto.com",
                "id": 1,
                "original_url": "https:\/\/githowto.com\/ru\/"
            }
        ],
        "reactions": [
            {
                "name": "+1",
                "users": [
                    "UEWSLHBTJ"
                ],
                "count": 1
            }
        ]
    },
    {
        "client_msg_id": "e691d043-29b3-4fdc-a3fb-adec1f736c71",
        "type": "message",
        "text": "Там прилично внимания уделяется командной строке",
        "user": "UF4M5BG3X",
        "ts": "1546526643.009300"
    },
    {
        "client_msg_id": "7415388b-d795-4cf4-8a82-a39ef191d08b",
        "type": "message",
        "text": "Стоит ли этим заморачиваться? Я битбакетом сколько пользовался, например, командная строка ни разу не пригодилась..",
        "user": "UF4M5BG3X",
        "ts": "1546526678.010100"
    },
    {
        "client_msg_id": "c814745b-de53-4d15-b649-8f79cc741dea",
        "type": "message",
        "text": "один опытный разработчик посмеялся когда я через графический интерфейс гитом пользовался, говорит что только командной строкой работает",
        "user": "UF2FGUDPH",
        "ts": "1546532747.011400"
    },
    {
        "client_msg_id": "1dd32d56-4941-4018-ad9e-2323d053e582",
        "type": "message",
        "text": "ну так это не аргумент ))",
        "user": "UF4M5BG3X",
        "ts": "1546536011.012900",
        "thread_ts": "1546536011.012900",
        "reply_count": 12,
        "reply_users_count": 5,
        "latest_reply": "1546596494.019400",
        "reply_users": [
            "UF2FGUDPH",
            "UF1PDKV37",
            "UF4M5BG3X",
            "UEWSLHBTJ",
            "UF2PXFBBR"
        ],
        "replies": [
            {
                "user": "UF2FGUDPH",
                "ts": "1546536188.014100"
            },
            {
                "user": "UF2FGUDPH",
                "ts": "1546536205.014300"
            },
            {
                "user": "UF1PDKV37",
                "ts": "1546536280.014500"
            },
            {
                "user": "UF4M5BG3X",
                "ts": "1546536482.014700"
            },
            {
                "user": "UEWSLHBTJ",
                "ts": "1546589963.016400"
            },
            {
                "user": "UF2PXFBBR",
                "ts": "1546591487.016900"
            },
            {
                "user": "UEWSLHBTJ",
                "ts": "1546592439.017300"
            },
            {
                "user": "UEWSLHBTJ",
                "ts": "1546595087.018400"
            },
            {
                "user": "UF4M5BG3X",
                "ts": "1546596004.018800"
            },
            {
                "user": "UF4M5BG3X",
                "ts": "1546596082.019000"
            },
            {
                "user": "UF4M5BG3X",
                "ts": "1546596092.019200"
            },
            {
                "user": "UEWSLHBTJ",
                "ts": "1546596494.019400"
            }
        ]
    },
    {
        "client_msg_id": "c8223025-cb75-4c59-acbc-b1f9527b1d1f",
        "type": "message",
        "text": "ну я вообще использую гит только в Идеа",
        "user": "UF2FGUDPH",
        "ts": "1546536188.014100",
        "thread_ts": "1546536011.012900",
        "parent_user_id": "UF4M5BG3X"
    },
    {
        "client_msg_id": "8bd85896-2b91-4a55-aa66-06860ef0dfc9",
        "type": "message",
        "text": "а в консоли только настройки самого гита прописываю",
        "user": "UF2FGUDPH",
        "ts": "1546536205.014300",
        "thread_ts": "1546536011.012900",
        "parent_user_id": "UF4M5BG3X"
    },
    {
        "client_msg_id": "8e98609d-b5f1-47fe-8d42-29aabb39c10e",
        "type": "message",
        "text": "Аналогично. Я конечно понимаю что умение работать с git в консоле повысит твой уровень ЧСВ :slightly_smiling_face: , но вот насчёт практичности даже не знаю.",
        "user": "UF1PDKV37",
        "ts": "1546536280.014500",
        "thread_ts": "1546536011.012900",
        "parent_user_id": "UF4M5BG3X"
    },
    {
        "client_msg_id": "ebacf1e2-a090-49d0-8528-fe56ff91fd07",
        "type": "message",
        "text": "я вот тоже думаю забить т.к. это не практично. Сейчас так точно..",
        "user": "UF4M5BG3X",
        "ts": "1546536482.014700",
        "thread_ts": "1546536011.012900",
        "parent_user_id": "UF4M5BG3X"
    },
    {
        "client_msg_id": "2c5d8d40-27e5-4f8c-9fbf-7b28e6874d75",
        "type": "message",
        "text": "а тэги применял кто-нить? Я что-то не очень понял, как это поможет на практике",
        "user": "UF4M5BG3X",
        "ts": "1546546161.015500",
        "thread_ts": "1546546161.015500",
        "reply_count": 2,
        "reply_users_count": 2,
        "latest_reply": "1548576105.049200",
        "reply_users": [
            "UEWSLHBTJ",
            "UFQ35BUP4"
        ],
        "replies": [
            {
                "user": "UEWSLHBTJ",
                "ts": "1546664968.021000"
            },
            {
                "user": "UFQ35BUP4",
                "ts": "1548576105.049200"
            }
        ]
    },
    {
        "client_msg_id": "98d550b7-b532-4207-b92b-1f01ba616b2e",
        "type": "message",
        "text": "Ведь коммиты-то все подписаны и несут соответствующее название",
        "user": "UF4M5BG3X",
        "ts": "1546546181.016100"
    }
]