[
    {
        "client_msg_id": "2c53a615-85e3-4381-abac-df7571473821",
        "type": "message",
        "text": "Здравствуйте я учусь работать в гитхабе. я залил через консоль свой локальный репозиторий(папку с файлами)  и у меня какой то чужой на гит хабе автор коммитов.",
        "user": "UFL6M7PR9",
        "ts": "1548853717.054900"
    },
    {
        "type": "message",
        "text": "",
        "files": [
            {
                "id": "FFT2S5Q83",
                "created": 1548853743,
                "timestamp": 1548853743,
                "name": "43.JPG",
                "title": "43.JPG",
                "mimetype": "image\/jpeg",
                "filetype": "jpg",
                "pretty_type": "JPEG",
                "user": "UFL6M7PR9",
                "editable": false,
                "size": 75096,
                "mode": "hosted",
                "is_external": false,
                "external_type": "",
                "is_public": true,
                "public_url_shared": false,
                "display_as_bot": false,
                "username": "",
                "url_private": "https:\/\/files.slack.com\/files-pri\/TE09AK9BK-FFT2S5Q83\/43.jpg?t=xoxe-476316655393-618179035285-606757826531-bd1c7b831233e0d053294a8f47715ef5",
                "url_private_download": "https:\/\/files.slack.com\/files-pri\/TE09AK9BK-FFT2S5Q83\/download\/43.jpg?t=xoxe-476316655393-618179035285-606757826531-bd1c7b831233e0d053294a8f47715ef5",
                "thumb_64": "https:\/\/files.slack.com\/files-tmb\/TE09AK9BK-FFT2S5Q83-22dc53c13f\/43_64.jpg?t=xoxe-476316655393-618179035285-606757826531-bd1c7b831233e0d053294a8f47715ef5",
                "thumb_80": "https:\/\/files.slack.com\/files-tmb\/TE09AK9BK-FFT2S5Q83-22dc53c13f\/43_80.jpg?t=xoxe-476316655393-618179035285-606757826531-bd1c7b831233e0d053294a8f47715ef5",
                "thumb_360": "https:\/\/files.slack.com\/files-tmb\/TE09AK9BK-FFT2S5Q83-22dc53c13f\/43_360.jpg?t=xoxe-476316655393-618179035285-606757826531-bd1c7b831233e0d053294a8f47715ef5",
                "thumb_360_w": 360,
                "thumb_360_h": 195,
                "thumb_480": "https:\/\/files.slack.com\/files-tmb\/TE09AK9BK-FFT2S5Q83-22dc53c13f\/43_480.jpg?t=xoxe-476316655393-618179035285-606757826531-bd1c7b831233e0d053294a8f47715ef5",
                "thumb_480_w": 480,
                "thumb_480_h": 260,
                "thumb_160": "https:\/\/files.slack.com\/files-tmb\/TE09AK9BK-FFT2S5Q83-22dc53c13f\/43_160.jpg?t=xoxe-476316655393-618179035285-606757826531-bd1c7b831233e0d053294a8f47715ef5",
                "thumb_720": "https:\/\/files.slack.com\/files-tmb\/TE09AK9BK-FFT2S5Q83-22dc53c13f\/43_720.jpg?t=xoxe-476316655393-618179035285-606757826531-bd1c7b831233e0d053294a8f47715ef5",
                "thumb_720_w": 720,
                "thumb_720_h": 390,
                "thumb_800": "https:\/\/files.slack.com\/files-tmb\/TE09AK9BK-FFT2S5Q83-22dc53c13f\/43_800.jpg?t=xoxe-476316655393-618179035285-606757826531-bd1c7b831233e0d053294a8f47715ef5",
                "thumb_800_w": 800,
                "thumb_800_h": 433,
                "thumb_960": "https:\/\/files.slack.com\/files-tmb\/TE09AK9BK-FFT2S5Q83-22dc53c13f\/43_960.jpg?t=xoxe-476316655393-618179035285-606757826531-bd1c7b831233e0d053294a8f47715ef5",
                "thumb_960_w": 960,
                "thumb_960_h": 520,
                "thumb_1024": "https:\/\/files.slack.com\/files-tmb\/TE09AK9BK-FFT2S5Q83-22dc53c13f\/43_1024.jpg?t=xoxe-476316655393-618179035285-606757826531-bd1c7b831233e0d053294a8f47715ef5",
                "thumb_1024_w": 1024,
                "thumb_1024_h": 554,
                "image_exif_rotation": 1,
                "original_w": 1186,
                "original_h": 642,
                "permalink": "https:\/\/topjava16.slack.com\/files\/UFL6M7PR9\/FFT2S5Q83\/43.jpg",
                "permalink_public": "https:\/\/slack-files.com\/TE09AK9BK-FFT2S5Q83-b55326f09d",
                "has_rich_preview": false
            }
        ],
        "upload": true,
        "user": "UFL6M7PR9",
        "display_as_bot": false,
        "ts": "1548853748.055400"
    },
    {
        "client_msg_id": "8eb13213-0f6e-4b9a-87b9-962e916f2c9c",
        "type": "message",
        "text": "Привет! Почитай про то как задать глобального user и email в гит.",
        "user": "UFU5XFS5D",
        "ts": "1548853753.055900",
        "edited": {
            "user": "UFU5XFS5D",
            "ts": "1548853762.000000"
        }
    },
    {
        "client_msg_id": "a4ec6cb8-0823-4167-a85d-1d7175eeedce",
        "type": "message",
        "text": "какой то левый акаунт",
        "user": "UFL6M7PR9",
        "ts": "1548853766.056300"
    },
    {
        "type": "message",
        "text": "",
        "files": [
            {
                "id": "FFSHLS63B",
                "created": 1548853773,
                "timestamp": 1548853773,
                "name": "444.JPG",
                "title": "444.JPG",
                "mimetype": "image\/jpeg",
                "filetype": "jpg",
                "pretty_type": "JPEG",
                "user": "UFL6M7PR9",
                "editable": false,
                "size": 70243,
                "mode": "hosted",
                "is_external": false,
                "external_type": "",
                "is_public": true,
                "public_url_shared": false,
                "display_as_bot": false,
                "username": "",
                "url_private": "https:\/\/files.slack.com\/files-pri\/TE09AK9BK-FFSHLS63B\/444.jpg?t=xoxe-476316655393-618179035285-606757826531-bd1c7b831233e0d053294a8f47715ef5",
                "url_private_download": "https:\/\/files.slack.com\/files-pri\/TE09AK9BK-FFSHLS63B\/download\/444.jpg?t=xoxe-476316655393-618179035285-606757826531-bd1c7b831233e0d053294a8f47715ef5",
                "thumb_64": "https:\/\/files.slack.com\/files-tmb\/TE09AK9BK-FFSHLS63B-9dce81fbc4\/444_64.jpg?t=xoxe-476316655393-618179035285-606757826531-bd1c7b831233e0d053294a8f47715ef5",
                "thumb_80": "https:\/\/files.slack.com\/files-tmb\/TE09AK9BK-FFSHLS63B-9dce81fbc4\/444_80.jpg?t=xoxe-476316655393-618179035285-606757826531-bd1c7b831233e0d053294a8f47715ef5",
                "thumb_360": "https:\/\/files.slack.com\/files-tmb\/TE09AK9BK-FFSHLS63B-9dce81fbc4\/444_360.jpg?t=xoxe-476316655393-618179035285-606757826531-bd1c7b831233e0d053294a8f47715ef5",
                "thumb_360_w": 360,
                "thumb_360_h": 183,
                "thumb_480": "https:\/\/files.slack.com\/files-tmb\/TE09AK9BK-FFSHLS63B-9dce81fbc4\/444_480.jpg?t=xoxe-476316655393-618179035285-606757826531-bd1c7b831233e0d053294a8f47715ef5",
                "thumb_480_w": 480,
                "thumb_480_h": 244,
                "thumb_160": "https:\/\/files.slack.com\/files-tmb\/TE09AK9BK-FFSHLS63B-9dce81fbc4\/444_160.jpg?t=xoxe-476316655393-618179035285-606757826531-bd1c7b831233e0d053294a8f47715ef5",
                "thumb_720": "https:\/\/files.slack.com\/files-tmb\/TE09AK9BK-FFSHLS63B-9dce81fbc4\/444_720.jpg?t=xoxe-476316655393-618179035285-606757826531-bd1c7b831233e0d053294a8f47715ef5",
                "thumb_720_w": 720,
                "thumb_720_h": 366,
                "thumb_800": "https:\/\/files.slack.com\/files-tmb\/TE09AK9BK-FFSHLS63B-9dce81fbc4\/444_800.jpg?t=xoxe-476316655393-618179035285-606757826531-bd1c7b831233e0d053294a8f47715ef5",
                "thumb_800_w": 800,
                "thumb_800_h": 407,
                "thumb_960": "https:\/\/files.slack.com\/files-tmb\/TE09AK9BK-FFSHLS63B-9dce81fbc4\/444_960.jpg?t=xoxe-476316655393-618179035285-606757826531-bd1c7b831233e0d053294a8f47715ef5",
                "thumb_960_w": 960,
                "thumb_960_h": 489,
                "thumb_1024": "https:\/\/files.slack.com\/files-tmb\/TE09AK9BK-FFSHLS63B-9dce81fbc4\/444_1024.jpg?t=xoxe-476316655393-618179035285-606757826531-bd1c7b831233e0d053294a8f47715ef5",
                "thumb_1024_w": 1024,
                "thumb_1024_h": 521,
                "image_exif_rotation": 1,
                "original_w": 1232,
                "original_h": 627,
                "permalink": "https:\/\/topjava16.slack.com\/files\/UFL6M7PR9\/FFSHLS63B\/444.jpg",
                "permalink_public": "https:\/\/slack-files.com\/TE09AK9BK-FFSHLS63B-f84c1ed075",
                "has_rich_preview": false
            }
        ],
        "upload": true,
        "user": "UFL6M7PR9",
        "display_as_bot": false,
        "ts": "1548853778.056400"
    },
    {
        "client_msg_id": "0c2d90e7-1570-4ee8-9efe-5f030cf354d6",
        "type": "message",
        "text": "хоитя я указывал в конфиге другой username",
        "user": "UFL6M7PR9",
        "ts": "1548853867.057200"
    },
    {
        "type": "message",
        "text": "",
        "files": [
            {
                "id": "FFT5XLC6N",
                "created": 1548853881,
                "timestamp": 1548853881,
                "name": "ппп.JPG",
                "title": "ппп.JPG",
                "mimetype": "image\/jpeg",
                "filetype": "jpg",
                "pretty_type": "JPEG",
                "user": "UFL6M7PR9",
                "editable": false,
                "size": 55706,
                "mode": "hosted",
                "is_external": false,
                "external_type": "",
                "is_public": true,
                "public_url_shared": false,
                "display_as_bot": false,
                "username": "",
                "url_private": "https:\/\/files.slack.com\/files-pri\/TE09AK9BK-FFT5XLC6N\/______.jpg?t=xoxe-476316655393-618179035285-606757826531-bd1c7b831233e0d053294a8f47715ef5",
                "url_private_download": "https:\/\/files.slack.com\/files-pri\/TE09AK9BK-FFT5XLC6N\/download\/______.jpg?t=xoxe-476316655393-618179035285-606757826531-bd1c7b831233e0d053294a8f47715ef5",
                "thumb_64": "https:\/\/files.slack.com\/files-tmb\/TE09AK9BK-FFT5XLC6N-c91b594e44\/_______64.jpg?t=xoxe-476316655393-618179035285-606757826531-bd1c7b831233e0d053294a8f47715ef5",
                "thumb_80": "https:\/\/files.slack.com\/files-tmb\/TE09AK9BK-FFT5XLC6N-c91b594e44\/_______80.jpg?t=xoxe-476316655393-618179035285-606757826531-bd1c7b831233e0d053294a8f47715ef5",
                "thumb_360": "https:\/\/files.slack.com\/files-tmb\/TE09AK9BK-FFT5XLC6N-c91b594e44\/_______360.jpg?t=xoxe-476316655393-618179035285-606757826531-bd1c7b831233e0d053294a8f47715ef5",
                "thumb_360_w": 360,
                "thumb_360_h": 198,
                "thumb_480": "https:\/\/files.slack.com\/files-tmb\/TE09AK9BK-FFT5XLC6N-c91b594e44\/_______480.jpg?t=xoxe-476316655393-618179035285-606757826531-bd1c7b831233e0d053294a8f47715ef5",
                "thumb_480_w": 480,
                "thumb_480_h": 264,
                "thumb_160": "https:\/\/files.slack.com\/files-tmb\/TE09AK9BK-FFT5XLC6N-c91b594e44\/_______160.jpg?t=xoxe-476316655393-618179035285-606757826531-bd1c7b831233e0d053294a8f47715ef5",
                "thumb_720": "https:\/\/files.slack.com\/files-tmb\/TE09AK9BK-FFT5XLC6N-c91b594e44\/_______720.jpg?t=xoxe-476316655393-618179035285-606757826531-bd1c7b831233e0d053294a8f47715ef5",
                "thumb_720_w": 720,
                "thumb_720_h": 397,
                "thumb_800": "https:\/\/files.slack.com\/files-tmb\/TE09AK9BK-FFT5XLC6N-c91b594e44\/_______800.jpg?t=xoxe-476316655393-618179035285-606757826531-bd1c7b831233e0d053294a8f47715ef5",
                "thumb_800_w": 800,
                "thumb_800_h": 441,
                "image_exif_rotation": 1,
                "original_w": 924,
                "original_h": 509,
                "permalink": "https:\/\/topjava16.slack.com\/files\/UFL6M7PR9\/FFT5XLC6N\/______.jpg",
                "permalink_public": "https:\/\/slack-files.com\/TE09AK9BK-FFT5XLC6N-fa74838e63",
                "has_rich_preview": false
            }
        ],
        "upload": true,
        "user": "UFL6M7PR9",
        "display_as_bot": false,
        "ts": "1548853886.057300"
    },
    {
        "client_msg_id": "1bf50749-33ea-42a2-b405-afe7891b6458",
        "type": "message",
        "text": "Тогда странно.",
        "user": "UFU5XFS5D",
        "ts": "1548853966.057700"
    },
    {
        "client_msg_id": "5684481f-4442-4b82-b2bc-1683ef932cc1",
        "type": "message",
        "text": "просто не могу понять откуда взялся этот чужой акаунт.",
        "user": "UFL6M7PR9",
        "ts": "1548854048.058600"
    },
    {
        "client_msg_id": "3350930d-4da4-4a3b-addf-13edf50a5cc9",
        "type": "message",
        "text": "У тебя винда?",
        "user": "UFU5XFS5D",
        "ts": "1548854365.058800"
    },
    {
        "client_msg_id": "9dc1faa8-7a66-44f8-9441-641b70464396",
        "type": "message",
        "text": "да",
        "user": "UFL6M7PR9",
        "ts": "1548854394.059000"
    },
    {
        "client_msg_id": "81739a7d-0aa0-440f-b1a8-fc6584595b34",
        "type": "message",
        "text": "А что гит говорит в консоль а не в конфиг?",
        "user": "UFU5XFS5D",
        "ts": "1548854408.059700"
    },
    {
        "client_msg_id": "588a5ed5-fef9-4b73-ae60-8ade1f23ddd2",
        "type": "message",
        "text": "не понял?)",
        "user": "UFL6M7PR9",
        "ts": "1548854462.059900"
    },
    {
        "client_msg_id": "14f3aaa6-4d12-471c-87c3-1754225180a5",
        "type": "message",
        "text": "Сек, ща команду скажу, открой пока командную строку.",
        "user": "UFU5XFS5D",
        "ts": "1548854565.060200"
    },
    {
        "client_msg_id": "2c70614b-c8eb-45df-a6ab-83483c795363",
        "type": "message",
        "text": "`git config user.name`",
        "user": "UFU5XFS5D",
        "ts": "1548854622.060500",
        "edited": {
            "user": "UFU5XFS5D",
            "ts": "1548854693.000000"
        }
    },
    {
        "type": "message",
        "text": "",
        "files": [
            {
                "id": "FFSE1LVPA",
                "created": 1548854674,
                "timestamp": 1548854674,
                "name": "лолорглро.JPG",
                "title": "лолорглро.JPG",
                "mimetype": "image\/jpeg",
                "filetype": "jpg",
                "pretty_type": "JPEG",
                "user": "UFL6M7PR9",
                "editable": false,
                "size": 75760,
                "mode": "hosted",
                "is_external": false,
                "external_type": "",
                "is_public": true,
                "public_url_shared": false,
                "display_as_bot": false,
                "username": "",
                "url_private": "https:\/\/files.slack.com\/files-pri\/TE09AK9BK-FFSE1LVPA\/__________________.jpg?t=xoxe-476316655393-618179035285-606757826531-bd1c7b831233e0d053294a8f47715ef5",
                "url_private_download": "https:\/\/files.slack.com\/files-pri\/TE09AK9BK-FFSE1LVPA\/download\/__________________.jpg?t=xoxe-476316655393-618179035285-606757826531-bd1c7b831233e0d053294a8f47715ef5",
                "thumb_64": "https:\/\/files.slack.com\/files-tmb\/TE09AK9BK-FFSE1LVPA-72ec53f6e3\/___________________64.jpg?t=xoxe-476316655393-618179035285-606757826531-bd1c7b831233e0d053294a8f47715ef5",
                "thumb_80": "https:\/\/files.slack.com\/files-tmb\/TE09AK9BK-FFSE1LVPA-72ec53f6e3\/___________________80.jpg?t=xoxe-476316655393-618179035285-606757826531-bd1c7b831233e0d053294a8f47715ef5",
                "thumb_360": "https:\/\/files.slack.com\/files-tmb\/TE09AK9BK-FFSE1LVPA-72ec53f6e3\/___________________360.jpg?t=xoxe-476316655393-618179035285-606757826531-bd1c7b831233e0d053294a8f47715ef5",
                "thumb_360_w": 360,
                "thumb_360_h": 276,
                "thumb_480": "https:\/\/files.slack.com\/files-tmb\/TE09AK9BK-FFSE1LVPA-72ec53f6e3\/___________________480.jpg?t=xoxe-476316655393-618179035285-606757826531-bd1c7b831233e0d053294a8f47715ef5",
                "thumb_480_w": 480,
                "thumb_480_h": 368,
                "thumb_160": "https:\/\/files.slack.com\/files-tmb\/TE09AK9BK-FFSE1LVPA-72ec53f6e3\/___________________160.jpg?t=xoxe-476316655393-618179035285-606757826531-bd1c7b831233e0d053294a8f47715ef5",
                "thumb_720": "https:\/\/files.slack.com\/files-tmb\/TE09AK9BK-FFSE1LVPA-72ec53f6e3\/___________________720.jpg?t=xoxe-476316655393-618179035285-606757826531-bd1c7b831233e0d053294a8f47715ef5",
                "thumb_720_w": 720,
                "thumb_720_h": 552,
                "thumb_800": "https:\/\/files.slack.com\/files-tmb\/TE09AK9BK-FFSE1LVPA-72ec53f6e3\/___________________800.jpg?t=xoxe-476316655393-618179035285-606757826531-bd1c7b831233e0d053294a8f47715ef5",
                "thumb_800_w": 800,
                "thumb_800_h": 613,
                "image_exif_rotation": 1,
                "original_w": 813,
                "original_h": 623,
                "permalink": "https:\/\/topjava16.slack.com\/files\/UFL6M7PR9\/FFSE1LVPA\/__________________.jpg",
                "permalink_public": "https:\/\/slack-files.com\/TE09AK9BK-FFSE1LVPA-d0663d1b46",
                "has_rich_preview": false
            }
        ],
        "upload": true,
        "user": "UFL6M7PR9",
        "display_as_bot": false,
        "ts": "1548854679.061200"
    },
    {
        "client_msg_id": "9ddc15b4-4fdb-4d21-832d-33bef212fef3",
        "type": "message",
        "text": "Ок. а коммитил ты из идеи или из консоли?",
        "user": "UFU5XFS5D",
        "ts": "1548854721.062100"
    },
    {
        "client_msg_id": "c59ec90a-f109-4230-ba5b-eef7109698d6",
        "type": "message",
        "text": "консоли",
        "user": "UFL6M7PR9",
        "ts": "1548854735.062300"
    },
    {
        "client_msg_id": "535d97ff-192b-4f44-8f87-91031b28c067",
        "type": "message",
        "text": "Попробуй применить `git config --global user.name \"Alvin J. Alexander\"`",
        "user": "UFU5XFS5D",
        "ts": "1548854796.062600"
    },
    {
        "client_msg_id": "35ef2b8b-392c-4d87-9cef-13eedd54de9a",
        "type": "message",
        "text": "Только имя подставь и повтори коммит. Посмотри, какое он теперь имя задаст.",
        "user": "UFU5XFS5D",
        "ts": "1548854815.063000"
    },
    {
        "client_msg_id": "4f0652a0-612e-4b93-8987-9958036c78a3",
        "type": "message",
        "text": "Ещё при первом коммите у тебя могло возникнуть окошко от гита, в котором он мог спросить юзернейм и пароль. Может ты туда чего не то вбил.",
        "user": "UFU5XFS5D",
        "ts": "1548854849.063700"
    },
    {
        "client_msg_id": "3d28fedb-03ac-4a42-87c3-dfc0e9a41ba3",
        "type": "message",
        "text": "git config --global user.name \"Alvin J. Alexander\"",
        "user": "UFL6M7PR9",
        "ts": "1548855051.065400"
    },
    {
        "client_msg_id": "e4ac37d3-57e7-42a8-9e82-a321b24efceb",
        "type": "message",
        "text": "не чего неизменилось(",
        "user": "UFL6M7PR9",
        "ts": "1548855064.065900"
    },
    {
        "client_msg_id": "c87cab57-a82a-4519-ad6c-8184cfd24e66",
        "type": "message",
        "text": "делал все по инструкции из видео в задании",
        "user": "UFL6M7PR9",
        "ts": "1548855093.066800"
    },
    {
        "client_msg_id": "1d88aa0b-260b-4ae3-b573-0b1c26fc4f71",
        "type": "message",
        "text": "<@UFL6M7PR9>, посмотрел историю коммитов того репозитория - в файлах фигурирует cлово Elvis. И все коммиты от одного пользователя. Скорее всего ты же это все создавал, может с другого компа или в гитхабе авторизировался другим аккаунтом.",
        "user": "UFPV5FPLK",
        "ts": "1548855201.068100"
    },
    {
        "client_msg_id": "8a83a903-97ee-4e01-868f-6591b8a0bc47",
        "type": "message",
        "text": "в конфигах локальные настройки переписывают глобальные",
        "user": "UFPV5FPLK",
        "ts": "1548855224.068800"
    },
    {
        "client_msg_id": "4e798343-9541-44d8-bc5e-26fab10f1d85",
        "type": "message",
        "text": "замени флаг --global",
        "user": "UFPV5FPLK",
        "ts": "1548855242.069600"
    },
    {
        "client_msg_id": "f03b0aab-ee22-4c0c-a136-fa89f400c800",
        "type": "message",
        "text": "не у меня один комп и один акаунт",
        "user": "UFL6M7PR9",
        "ts": "1548855268.069800"
    },
    {
        "client_msg_id": "9a079507-ce56-470b-90b2-bc87d262a35c",
        "type": "message",
        "text": "в config заменить?",
        "user": "UFL6M7PR9",
        "ts": "1548855475.070600",
        "thread_ts": "1548855475.070600",
        "reply_count": 3,
        "reply_users_count": 2,
        "latest_reply": "1548856052.071800",
        "reply_users": [
            "UFPV5FPLK",
            "UFL6M7PR9"
        ],
        "replies": [
            {
                "user": "UFPV5FPLK",
                "ts": "1548855616.071000"
            },
            {
                "user": "UFL6M7PR9",
                "ts": "1548856039.071600"
            },
            {
                "user": "UFL6M7PR9",
                "ts": "1548856052.071800"
            }
        ]
    },
    {
        "type": "message",
        "text": "это из того репо",
        "files": [
            {
                "id": "FFUK2644E",
                "created": 1548855481,
                "timestamp": 1548855481,
                "name": "-.txt",
                "title": "Untitled",
                "mimetype": "text\/plain",
                "filetype": "text",
                "pretty_type": "Plain Text",
                "user": "UFPV5FPLK",
                "editable": true,
                "size": 72,
                "mode": "snippet",
                "is_external": false,
                "external_type": "",
                "is_public": true,
                "public_url_shared": false,
                "display_as_bot": false,
                "username": "",
                "url_private": "https:\/\/files.slack.com\/files-pri\/TE09AK9BK-FFUK2644E\/-.txt?t=xoxe-476316655393-618179035285-606757826531-bd1c7b831233e0d053294a8f47715ef5",
                "url_private_download": "https:\/\/files.slack.com\/files-pri\/TE09AK9BK-FFUK2644E\/download\/-.txt?t=xoxe-476316655393-618179035285-606757826531-bd1c7b831233e0d053294a8f47715ef5",
                "permalink": "https:\/\/topjava16.slack.com\/files\/UFPV5FPLK\/FFUK2644E\/-.txt",
                "permalink_public": "https:\/\/slack-files.com\/TE09AK9BK-FFUK2644E-e3ca3f2323",
                "edit_link": "https:\/\/topjava16.slack.com\/files\/UFPV5FPLK\/FFUK2644E\/-.txt\/edit",
                "has_rich_preview": false
            }
        ],
        "upload": true,
        "user": "UFPV5FPLK",
        "display_as_bot": false,
        "ts": "1548855481.070700"
    },
    {
        "client_msg_id": "a3084159-2b4c-423d-94e1-7b0b5431706d",
        "type": "message",
        "text": "выполни git config user.name “Elvis” только в директории с проектом",
        "user": "UFPV5FPLK",
        "ts": "1548855616.071000",
        "thread_ts": "1548855475.070600",
        "parent_user_id": "UFL6M7PR9"
    },
    {
        "client_msg_id": "fe056d79-2553-46d7-98b2-ef68e2ca4d9c",
        "type": "message",
        "text": "я выполнил",
        "user": "UFL6M7PR9",
        "ts": "1548856039.071600",
        "thread_ts": "1548855475.070600",
        "parent_user_id": "UFL6M7PR9"
    },
    {
        "client_msg_id": "a9ddbda1-75d7-4b83-bc13-70f8ade2fb7b",
        "type": "message",
        "text": "не чего не поменялось",
        "user": "UFL6M7PR9",
        "ts": "1548856052.071800",
        "thread_ts": "1548855475.070600",
        "parent_user_id": "UFL6M7PR9"
    },
    {
        "client_msg_id": "b5c4d961-1874-41cf-87b6-74344845b522",
        "type": "message",
        "text": "всем спасибо. почта была не правильная(",
        "user": "UFL6M7PR9",
        "ts": "1548856700.073200"
    },
    {
        "client_msg_id": "701c4454-08c1-4830-9709-ae2a8f2bd34e",
        "type": "message",
        "text": "Бывает. Ничего, это тоже опыт.",
        "user": "UFU5XFS5D",
        "ts": "1548856720.073500"
    },
    {
        "client_msg_id": "179c7b4b-fb91-4ead-ad37-a002d34a84d3",
        "type": "message",
        "text": "Всем привет!\nТакой вопрос, есть разница между:\n1. git clone <https:\/\/github.com\/[Ваш> аккаунт]\/topjava.git а потом открываем проект из папки.\n2. Сразу сделать Checkout from Version Control при создании проекта в идее?",
        "user": "UFR6VRXL3",
        "ts": "1548868410.076300"
    },
    {
        "client_msg_id": "b7d75cd7-7e0d-4ed2-9b6b-06d76b7d6ffe",
        "type": "message",
        "text": "Нет. Идея под капотом сделает тоже самое, но ещё создаст вспомогательные папки и файлы для удобной работы над проектом.",
        "user": "UFU5XFS5D",
        "ts": "1548869829.077000"
    },
    {
        "client_msg_id": "d9966307-48ae-4d5c-9aff-8a92135a7ca2",
        "type": "message",
        "text": "Во втором варианте можно ещё предварительно протестить соединение с репозиторием",
        "user": "UFA0AFYAZ",
        "ts": "1548879125.078700"
    },
    {
        "client_msg_id": "c7cb010d-d8fd-44c8-a624-3c2861320365",
        "type": "message",
        "text": "Добрый вечер!",
        "user": "UFT7XUWJX",
        "ts": "1548881721.079000"
    },
    {
        "client_msg_id": "5d50979b-d3f3-496d-afc6-c484350f6b4b",
        "type": "message",
        "text": "Очень большой вопрос.",
        "user": "UFT7XUWJX",
        "ts": "1548881726.079200"
    },
    {
        "client_msg_id": "ef7011b2-d9cd-407a-bcdd-c8c99cdc93d1",
        "type": "message",
        "text": "Сделал форк на свой аккаунт. Сделал клон.",
        "user": "UFT7XUWJX",
        "ts": "1548881784.079700"
    },
    {
        "client_msg_id": "8376201c-7de3-48f4-8040-859cb5f84db2",
        "type": "message",
        "text": "Нет патча. Где его взять?",
        "user": "UFT7XUWJX",
        "ts": "1548881794.080000"
    },
    {
        "client_msg_id": "211b9f56-6aea-4470-b8ca-3b039bcf55e0",
        "type": "message",
        "text": "(делаю 0 дз)",
        "user": "UFT7XUWJX",
        "ts": "1548881808.080400"
    },
    {
        "client_msg_id": "0b558de2-fd00-486e-8c45-57147a3bceaf",
        "type": "message",
        "text": "Вопрос снят )",
        "user": "UFT7XUWJX",
        "ts": "1548882396.080700",
        "thread_ts": "1548882396.080700",
        "reply_count": 3,
        "reply_users_count": 2,
        "latest_reply": "1549546701.101500",
        "reply_users": [
            "UFS7914A0",
            "UFT7XUWJX"
        ],
        "replies": [
            {
                "user": "UFS7914A0",
                "ts": "1549546448.101100"
            },
            {
                "user": "UFT7XUWJX",
                "ts": "1549546699.101300"
            },
            {
                "user": "UFT7XUWJX",
                "ts": "1549546701.101500"
            }
        ]
    },
    {
        "client_msg_id": "3a12927e-acb3-436c-92c1-ca526dc61776",
        "type": "message",
        "text": "Другой вопрос... если версии разные у мавена? Ни чего страшного не будет?",
        "user": "UFT7XUWJX",
        "ts": "1548883323.081200"
    },
    {
        "client_msg_id": "d1b7f37d-e11f-42a1-a26b-8dd1d9ee0adc",
        "type": "message",
        "text": "Хай Гайс! ребят... подскжите...выбираю на гитхабе мастера, или hw0 -&gt; результат одинаковый...везде мой код...так и должно быть? вопрос далее...скидывать ссылку нужно на hw0? по какому адресу? кому?",
        "user": "UFQ35BUP4",
        "ts": "1548884792.086000"
    },
    {
        "client_msg_id": "3BD2C0DF-8AC1-448A-AA79-557D51544E20",
        "type": "message",
        "text": "Привет, должно быть только в ветке hw0. Создай канал в воркспейсе по проверке дз, добавь в него Таню и Катерину, это все в письме описано",
        "user": "UFR6VRXL3",
        "ts": "1548885566.088500",
        "thread_ts": "1548885566.088500",
        "reply_count": 2,
        "reply_users_count": 2,
        "latest_reply": "1548932098.089400",
        "reply_users": [
            "UFQ35BUP4",
            "UE1ULNT9V"
        ],
        "replies": [
            {
                "user": "UFQ35BUP4",
                "ts": "1548887523.088600"
            },
            {
                "user": "UE1ULNT9V",
                "ts": "1548932098.089400"
            }
        ]
    },
    {
        "client_msg_id": "813ee8c3-5ec9-4b31-a340-9c7c8c9dadfd",
        "type": "message",
        "text": "спасибо... отыскал Таню...озадачил Таню...Таня молчит...я старый рыбак ))) жду...",
        "user": "UFQ35BUP4",
        "ts": "1548887523.088600",
        "thread_ts": "1548885566.088500",
        "parent_user_id": "UFR6VRXL3"
    }
]