[
    {
        "client_msg_id": "07169b7e-61c0-4762-8c87-15a223051b0e",
        "type": "message",
        "text": "когда что-то не то сделал, то спасет reflog",
        "user": "UEWUS547K",
        "ts": "1551469302.009500",
        "thread_ts": "1551375309.005100",
        "parent_user_id": "UFP7PTM99"
    },
    {
        "client_msg_id": "6e55a9e9-1c2f-4339-a90f-af2cd9f9d1bf",
        "type": "message",
        "text": "Надо ли делать локальный репозиторий или workdirectory может совпадать с локальным репозиторием?",
        "user": "UERDM12SG",
        "ts": "1551513096.010600",
        "thread_ts": "1551513096.010600",
        "reply_count": 1,
        "reply_users_count": 1,
        "latest_reply": "1551513581.010700",
        "reply_users": [
            "UERDM12SG"
        ],
        "replies": [
            {
                "user": "UERDM12SG",
                "ts": "1551513581.010700"
            }
        ]
    },
    {
        "client_msg_id": "f26055d7-e30f-4daf-a87c-1b8472d79132",
        "type": "message",
        "text": "а я кажется понял... у нас локальный репозиторий и рабочая папка совпадают. Просто мы можем добавить файлы из рабочего каталога к нам в репозиторий, типо git add.",
        "user": "UERDM12SG",
        "ts": "1551513581.010700",
        "thread_ts": "1551513096.010600",
        "parent_user_id": "UERDM12SG"
    }
]