[
    {
        "client_msg_id": "17e87f28-ab73-403c-8a47-86bb3e2bb558",
        "type": "message",
        "text": "если все работает - то не влияет",
        "user": "UE1ULNT9V",
        "ts": "1549811282.114000",
        "thread_ts": "1549740847.113100",
        "parent_user_id": "UFW2XS0HX"
    },
    {
        "client_msg_id": "4e0b66a1-1a18-4edf-ab9f-b9e910e96949",
        "type": "message",
        "text": "Привет, надо было накатывать все патчи, а потом делать commit и push или через каждое накатывание commit и push?  А то у меня что то пустые коммиты так появляются.\nя сначала все запатчил\nтеперь пытаюсь коммитить",
        "user": "UFVQWFQHM",
        "ts": "1549821056.114300",
        "thread_ts": "1549821056.114300",
        "reply_count": 1,
        "reply_users_count": 1,
        "latest_reply": "1549878888.000200",
        "reply_users": [
            "UF3BP78SF"
        ],
        "replies": [
            {
                "user": "UF3BP78SF",
                "ts": "1549878888.000200"
            }
        ]
    }
]