[
    {
        "client_msg_id": "4f663ce2-e46f-451d-890f-a2893b96bce6",
        "type": "message",
        "text": "Извините за глупый вопрос. Как merge сделать, чтобы ничего не сломать?",
        "user": "UFB18J10A",
        "ts": "1549414371.096400",
        "thread_ts": "1549414371.096400",
        "reply_count": 10,
        "reply_users_count": 3,
        "latest_reply": "1549459168.099100",
        "reply_users": [
            "UF44A0V3K",
            "UFFJ077SL",
            "UE1ULNT9V"
        ],
        "replies": [
            {
                "user": "UF44A0V3K",
                "ts": "1549431463.096500"
            },
            {
                "user": "UFFJ077SL",
                "ts": "1549437790.096700"
            },
            {
                "user": "UFFJ077SL",
                "ts": "1549437805.096900"
            },
            {
                "user": "UFFJ077SL",
                "ts": "1549437817.097100"
            },
            {
                "user": "UF44A0V3K",
                "ts": "1549439834.097300"
            },
            {
                "user": "UFFJ077SL",
                "ts": "1549439900.097500"
            },
            {
                "user": "UFFJ077SL",
                "ts": "1549439920.097700"
            },
            {
                "user": "UF44A0V3K",
                "ts": "1549439971.097900"
            },
            {
                "user": "UF44A0V3K",
                "ts": "1549440036.098100"
            },
            {
                "user": "UE1ULNT9V",
                "ts": "1549459168.099100"
            }
        ]
    },
    {
        "client_msg_id": "bf9f7447-0d61-460a-9088-afe1b9c502a6",
        "type": "message",
        "text": "Обычно при слиянии веток ничего не ломается. Если возникают конфликты, то их нужно решать вручную. Если не получается их решить самостоятельно, то всегда в этом случае можно отменить слияние командой git merge --abort.",
        "user": "UF44A0V3K",
        "ts": "1549431463.096500",
        "thread_ts": "1549414371.096400",
        "parent_user_id": "UFB18J10A"
    },
    {
        "client_msg_id": "0a18ad39-e08b-4d10-a626-1944783cd4d9",
        "type": "message",
        "text": "а есть какой то графический интерфейс для разруливания конфликтов?",
        "user": "UFFJ077SL",
        "ts": "1549437790.096700",
        "thread_ts": "1549414371.096400",
        "parent_user_id": "UFB18J10A"
    },
    {
        "client_msg_id": "ec8c46e6-d3a5-4df1-a2ac-e30b826f1601",
        "type": "message",
        "text": "в subversion я просто пользуюсь Araxis Merge и все удобно",
        "user": "UFFJ077SL",
        "ts": "1549437805.096900",
        "thread_ts": "1549414371.096400",
        "parent_user_id": "UFB18J10A"
    },
    {
        "client_msg_id": "96f0d331-33eb-4952-9a56-3aafb02877d4",
        "type": "message",
        "text": "а вот в гите вылазит конфликт и непонятно, как его разруливать",
        "user": "UFFJ077SL",
        "ts": "1549437817.097100",
        "thread_ts": "1549414371.096400",
        "parent_user_id": "UFB18J10A"
    },
    {
        "client_msg_id": "f634a720-4150-41c5-b618-bde2f804865b",
        "type": "message",
        "text": "Гит расставляет метки &lt;&lt;&lt;&lt;&lt;&lt;HEAD в местах, где возникают конфликты. Можно просто искать по ним и вручную оставлять ту часть кода, которая нужна. Потом просто делается добавление файлов в индекс и коммит.",
        "user": "UF44A0V3K",
        "ts": "1549439834.097300",
        "thread_ts": "1549414371.096400",
        "parent_user_id": "UFB18J10A"
    },
    {
        "client_msg_id": "0034ada5-3269-450a-88b2-8a0e989faaa9",
        "type": "message",
        "text": "эти метки и subversion расставляет",
        "user": "UFFJ077SL",
        "ts": "1549439900.097500",
        "thread_ts": "1549414371.096400",
        "parent_user_id": "UFB18J10A"
    },
    {
        "client_msg_id": "0034ca89-2554-46ad-bc87-2dfddd2fb7f1",
        "type": "message",
        "text": "а графический редактор конфликтов есть? сторонний какой то?",
        "user": "UFFJ077SL",
        "ts": "1549439920.097700",
        "thread_ts": "1549414371.096400",
        "parent_user_id": "UFB18J10A"
    },
    {
        "client_msg_id": "38bd7e0b-b1ce-4404-b4f6-3440dbf60b6b",
        "type": "message",
        "text": "Я таких не знаю потому, что всегда делал это простым просмотром исходников вручную или через JetBrains продукты. Да, я пользуюсь гитом исключительно из командной строки.",
        "user": "UF44A0V3K",
        "ts": "1549439971.097900",
        "thread_ts": "1549414371.096400",
        "parent_user_id": "UFB18J10A"
    }
]