[
    {
        "client_msg_id": "e63540ed-603e-415f-be69-f3befbc991ef",
        "type": "message",
        "text": "Всем привет. Можно поподробнее объяснить что понимается под счётчиком?",
        "user": "UFCJPCJ4U",
        "ts": "1549618268.024500",
        "thread_ts": "1549618268.024500",
        "reply_count": 9,
        "reply_users_count": 6,
        "latest_reply": "1549648876.034300",
        "reply_users": [
            "UFTSGQ7U5",
            "UFCJPCJ4U",
            "UFQT0J4PP",
            "UFT7XUWJX",
            "UFJMTDWBY",
            "UE1ULNT9V"
        ],
        "replies": [
            {
                "user": "UFTSGQ7U5",
                "ts": "1549619789.024600"
            },
            {
                "user": "UFCJPCJ4U",
                "ts": "1549620724.024800"
            },
            {
                "user": "UFTSGQ7U5",
                "ts": "1549622141.025000"
            },
            {
                "user": "UFCJPCJ4U",
                "ts": "1549622705.025200"
            },
            {
                "user": "UFQT0J4PP",
                "ts": "1549636320.027600"
            },
            {
                "user": "UFT7XUWJX",
                "ts": "1549637357.027900"
            },
            {
                "user": "UFJMTDWBY",
                "ts": "1549640475.031800"
            },
            {
                "user": "UFT7XUWJX",
                "ts": "1549640510.032000"
            },
            {
                "user": "UE1ULNT9V",
                "ts": "1549648876.034300"
            }
        ]
    },
    {
        "client_msg_id": "d83b099a-139b-4143-a39f-ec3a3ee4d4c4",
        "type": "message",
        "text": "Привет. Полагаю тоже что и всегда - поле которое будет инкрементиться при создании сущности.",
        "user": "UFTSGQ7U5",
        "ts": "1549619789.024600",
        "thread_ts": "1549618268.024500",
        "parent_user_id": "UFCJPCJ4U"
    },
    {
        "client_msg_id": "5d5d34aa-9cd0-4c4f-98ec-5926a1953608",
        "type": "message",
        "text": "Я не понимаю, связан он как-то с id, или нет",
        "user": "UFCJPCJ4U",
        "ts": "1549620724.024800",
        "thread_ts": "1549618268.024500",
        "parent_user_id": "UFCJPCJ4U"
    },
    {
        "client_msg_id": "c2c4c30a-e699-45d9-b03f-be70fe006413",
        "type": "message",
        "text": "Думаю, что в базе это поле будет как автоинкрементное. А в памяти скорее всего значение этого счетчика и будет ID.",
        "user": "UFTSGQ7U5",
        "ts": "1549622141.025000",
        "thread_ts": "1549618268.024500",
        "parent_user_id": "UFCJPCJ4U"
    },
    {
        "client_msg_id": "ad99ca90-be33-49ac-a0ea-3a46b7c16334",
        "type": "message",
        "text": "С базой понятно. А вот с коллекцией не очень-то, от этого и вопрос.",
        "user": "UFCJPCJ4U",
        "ts": "1549622705.025200",
        "thread_ts": "1549618268.024500",
        "parent_user_id": "UFCJPCJ4U"
    },
    {
        "client_msg_id": "118ef375-3d99-4a04-9643-2011307ca560",
        "type": "message",
        "text": "после каждого патча делать коммит и пуш?",
        "user": "UFL6M7PR9",
        "ts": "1549633029.026400"
    },
    {
        "client_msg_id": "e7991846-ed37-4ba7-ab71-b10e4eb7db10",
        "type": "message",
        "text": "коммит после каждого, а в конце один пуш",
        "user": "UFPRT4B28",
        "ts": "1549633155.027000"
    },
    {
        "client_msg_id": "6ef7b68f-f7ba-4d15-9dbd-98b941ab9f29",
        "type": "message",
        "text": "спасибо",
        "user": "UFL6M7PR9",
        "ts": "1549633195.027200"
    },
    {
        "client_msg_id": "402512a2-a289-4f95-bcc7-10c511cdade4",
        "type": "message",
        "text": "КОММИТЬ@ПУШЬ",
        "user": "UF2PXFBBR",
        "ts": "1549634193.027500"
    },
    {
        "client_msg_id": "47a6ea89-0e88-4523-8d95-7631944e403d",
        "type": "message",
        "text": "На сколько я могу судить, счётчик это sequence на основе которого назначается id. ",
        "user": "UFQT0J4PP",
        "ts": "1549636320.027600",
        "thread_ts": "1549618268.024500",
        "parent_user_id": "UFCJPCJ4U"
    },
    {
        "client_msg_id": "288635bd-5447-4115-870a-0f1d5a8ec8ce",
        "type": "message",
        "text": "а что такое секвенс?",
        "user": "UFT7XUWJX",
        "ts": "1549637357.027900",
        "thread_ts": "1549618268.024500",
        "parent_user_id": "UFCJPCJ4U"
    },
    {
        "client_msg_id": "c9803058-21f8-4fef-a2b9-3e25d312beb0",
        "type": "message",
        "text": "как-то тихо в последних паре топджав, вот, помню, в моё время, напишешь вопрос, смотришь через час, а там уже 40 комментариев :slightly_smiling_face:",
        "user": "UF2PXFBBR",
        "ts": "1549638749.028900",
        "reactions": [
            {
                "name": "100",
                "users": [
                    "UFWL4245A",
                    "UFQC67TED"
                ],
                "count": 2
            }
        ]
    },
    {
        "client_msg_id": "2e1c3420-0ed1-4237-9c7d-e7f5cbf55230",
        "type": "message",
        "text": "Может потому что тут больше выпускников предыдущих наборов чем новичков? Все уже все знают.",
        "user": "UFPV5FPLK",
        "ts": "1549638914.030100"
    },
    {
        "client_msg_id": "F3B33371-9467-4B60-B4A7-4C4E12ED6D6F",
        "type": "message",
        "text": "<@UFT7XUWJX>, Порядок. Типа - sequence number - порядковый номер",
        "user": "UFJMTDWBY",
        "ts": "1549640475.031800",
        "thread_ts": "1549618268.024500",
        "parent_user_id": "UFCJPCJ4U"
    },
    {
        "client_msg_id": "b2d1b4eb-e425-4924-9194-2ef299ab9bec",
        "type": "message",
        "text": "Пасиб :slightly_smiling_face:",
        "user": "UFT7XUWJX",
        "ts": "1549640510.032000",
        "thread_ts": "1549618268.024500",
        "parent_user_id": "UFCJPCJ4U"
    },
    {
        "client_msg_id": "66111a46-700b-44d2-b96d-05c5a472c53e",
        "type": "message",
        "text": "в плане hw1, в пункте 5 не ссылки для \"Настройка пропертей Maven: кодировка, java version, зависимости, maven-compiler-plugin\"",
        "user": "UFT7XUWJX",
        "ts": "1549648244.033100",
        "thread_ts": "1549648244.033100",
        "reply_count": 2,
        "reply_users_count": 2,
        "latest_reply": "1549648930.034500",
        "reply_users": [
            "UE1ULNT9V",
            "UFT7XUWJX"
        ],
        "replies": [
            {
                "user": "UE1ULNT9V",
                "ts": "1549648799.034100"
            },
            {
                "user": "UFT7XUWJX",
                "ts": "1549648930.034500"
            }
        ]
    },
    {
        "client_msg_id": "a2f147f5-a727-4a11-9086-9c2915dd9c6c",
        "type": "message",
        "text": "ваше присутствие тут пугает:grimacing: неужели так все сложно:face_with_raised_eyebrow:",
        "user": "UFPRT4B28",
        "ts": "1549648534.034000"
    },
    {
        "client_msg_id": "3a3e7fbf-cdc0-4263-a7bb-2f9ac513f3ca",
        "type": "message",
        "text": "она тем не предполагалась. удалил, чтобы не путались",
        "user": "UE1ULNT9V",
        "ts": "1549648799.034100",
        "thread_ts": "1549648244.033100",
        "parent_user_id": "UFT7XUWJX"
    },
    {
        "client_msg_id": "8d0c2fc7-a145-4fbc-b506-a409517bb9af",
        "type": "message",
        "text": "да, это счетчик для id",
        "user": "UE1ULNT9V",
        "ts": "1549648876.034300",
        "thread_ts": "1549618268.024500",
        "parent_user_id": "UFCJPCJ4U"
    },
    {
        "client_msg_id": "091f1f50-6c77-4797-ab1c-2ebc5562c663",
        "type": "message",
        "text": "спасибо )",
        "user": "UFT7XUWJX",
        "ts": "1549648930.034500",
        "thread_ts": "1549648244.033100",
        "parent_user_id": "UFT7XUWJX"
    },
    {
        "client_msg_id": "3d11670a-a005-489a-a522-8dce0beb638b",
        "type": "message",
        "text": "<!here> замечание про поводу HW1: с эксепшенами пока можно не заморачиваться. у нас будет их обработка в конце стажировки",
        "user": "UE1ULNT9V",
        "ts": "1549649043.035300"
    }
]