[
    {
        "client_msg_id": "efd0f7d9-9762-48a6-b77d-c12002cdc223",
        "type": "message",
        "text": "подскажите, плиз, сколько времени занимает рассмотрение запроса для просмотра видео. Спасибо",
        "user": "UFZTDP64Q",
        "ts": "1549542495.015600",
        "thread_ts": "1549542495.015600",
        "reply_count": 1,
        "reply_users_count": 1,
        "latest_reply": "1549546080.018000",
        "reply_users": [
            "UE1ULNT9V"
        ],
        "replies": [
            {
                "user": "UE1ULNT9V",
                "ts": "1549546080.018000"
            }
        ]
    },
    {
        "client_msg_id": "037bf1ff-ebc3-4515-8bec-27e11696f6b2",
        "type": "message",
        "text": "мне кажется это минута дела",
        "user": "UFMAVCYKB",
        "ts": "1549545480.016300"
    },
    {
        "client_msg_id": "393e6b12-6a54-4e4f-a41e-571a8750b02d",
        "type": "message",
        "text": "постучать Григорию в скайп и все",
        "user": "UFMAVCYKB",
        "ts": "1549545510.017000"
    },
    {
        "client_msg_id": "4559da27-78a7-46bd-abf0-b993b8c8b622",
        "type": "message",
        "text": "в письме с рассылкой к нулевому уроку или раньше было что-то об этом (если нету доступа к видео)",
        "user": "UFPV5FPLK",
        "ts": "1549545988.017900",
        "reactions": [
            {
                "name": "heavy_check_mark",
                "users": [
                    "UE1ULNT9V"
                ],
                "count": 1
            }
        ]
    },
    {
        "client_msg_id": "e394ef2a-dfde-454a-87e5-ac48f5c629a7",
        "type": "message",
        "text": "запросы на просмотр не рассматриваются. в письме выделено жирным шрифтом H2. в том числе по техническим причинам. доступ по регистрации из письма",
        "user": "UE1ULNT9V",
        "ts": "1549546080.018000",
        "edited": {
            "user": "UE1ULNT9V",
            "ts": "1549546102.000000"
        },
        "thread_ts": "1549542495.015600",
        "parent_user_id": "UFZTDP64Q"
    },
    {
        "client_msg_id": "70e0e3da-6809-4033-871f-2f33cb718135",
        "type": "message",
        "text": "все работает, всем спасибо",
        "user": "UFZTDP64Q",
        "ts": "1549547825.018800"
    },
    {
        "client_msg_id": "d0932182-bc95-4d20-9c89-ac37666dae28",
        "type": "message",
        "text": "патчи после apply patch удалять из корня проекта?",
        "user": "UFQ0B3V0S",
        "ts": "1549548155.019200",
        "thread_ts": "1549548155.019200",
        "reply_count": 2,
        "reply_users_count": 2,
        "latest_reply": "1549556437.021300",
        "reply_users": [
            "UE1ULNT9V",
            "UFQ0B3V0S"
        ],
        "replies": [
            {
                "user": "UE1ULNT9V",
                "ts": "1549548676.019300"
            },
            {
                "user": "UFQ0B3V0S",
                "ts": "1549556437.021300"
            }
        ]
    },
    {
        "client_msg_id": "77ce50ec-10f7-4047-b8c1-c2ecc151aa26",
        "type": "message",
        "text": "как хотите. также можно пометить как ignore в idea или занести в .gitignore",
        "user": "UE1ULNT9V",
        "ts": "1549548676.019300",
        "thread_ts": "1549548155.019200",
        "parent_user_id": "UFQ0B3V0S"
    },
    {
        "client_msg_id": "79a57db2-e372-44fc-b983-b7c35c775024",
        "type": "message",
        "text": "Всем привет. Сделал рассылку, там повторяю основные моменты. + дал ссылку присоединения к общей группе Java OPS: <https:\/\/join.slack.com\/t\/javaops\/shared_invite\/enQtNTE3Mjc3NDg2NzA3LTc4ZWNmYzI3MGQ1ZDU0NDhmMjc3OWY5NjZmY2YzMGZjNGQ4OTcyYzhlNWM4MDk5ZWRhMDE3MGYzZTZkYTFjNjQ>\nне путайте- это группа для ведения topjava16, общая- для прочих нужд",
        "user": "UE1ULNT9V",
        "ts": "1549548831.020500",
        "edited": {
            "user": "UE1ULNT9V",
            "ts": "1549548872.000000"
        }
    },
    {
        "client_msg_id": "0de23c16-395f-4760-a145-1f36b906893d",
        "type": "message",
        "text": "спасибо за ответ У меня ignore в idea ignore почему-то не активное. Ignore есть, но оно не активное. Буду оставлять в корне, но додам *.patch в gitignore",
        "user": "UFQ0B3V0S",
        "ts": "1549556437.021300",
        "edited": {
            "user": "UFQ0B3V0S",
            "ts": "1549556489.000000"
        },
        "thread_ts": "1549548155.019200",
        "parent_user_id": "UFQ0B3V0S"
    },
    {
        "client_msg_id": "5fc295ff-a6c5-4b2e-b939-2688592739de",
        "type": "message",
        "text": "а геттеры в MealTo допилить низяяяяя?",
        "user": "UFQ35BUP4",
        "ts": "1549580717.023100",
        "thread_ts": "1549580717.023100",
        "reply_count": 1,
        "reply_users_count": 1,
        "latest_reply": "1549592071.023300",
        "reply_users": [
            "UF7MD83EU"
        ],
        "replies": [
            {
                "user": "UF7MD83EU",
                "ts": "1549592071.023300"
            }
        ]
    },
    {
        "client_msg_id": "d3f4eea4-df6b-4984-9185-3bda2236425e",
        "type": "message",
        "text": "можно",
        "user": "UF7MD83EU",
        "ts": "1549592071.023300",
        "thread_ts": "1549580717.023100",
        "parent_user_id": "UFQ35BUP4"
    }
]