[
    {
        "client_msg_id": "22a94412-92c8-4c3a-ac88-7bed837362be",
        "type": "message",
        "text": "<@UF7MD83EU> зачем id генерировать в дао? Он работает уже со сформированными сущностями, т.е. на вход он должен получить готовый Meal или ID. Мне кажется id должен назначаться в конструкторе Meal с использованием статического счетчика, расположенного там же.",
        "user": "UFTSGQ7U5",
        "ts": "1549960212.056300",
        "edited": {
            "user": "UFTSGQ7U5",
            "ts": "1549961255.000000"
        },
        "thread_ts": "1549916759.044900",
        "parent_user_id": "UFT7XUWJX"
    },
    {
        "client_msg_id": "2f2c4ac7-a51c-4139-93ef-8e6d91e5734d",
        "type": "message",
        "text": "<@UFTSGQ7U5> Попробую ответить, если где не прав, поправьте. Дело в том, что потом будем использовать базу данных, а в ней id будет генерироваться по другому. Так что если сейчас добавить счетчик прямо в сущность, тогда потом, когда подключим бд, придется опять менять сущность и уже убирать оттуда счетчик. А если вдруг мы захотим, чтоб были обе реализации, чтоб было и в памяти и в базе данных. Идея в том, чтобы сущность вообще не зависела от того, каким образом все хранится, в памяти, в базе или еще как. Поэтому там и не должно быть никакой логики, только поля, конструкторы, геттеры и сеттеры, больше ничего.",
        "user": "UFKNK1SBG",
        "ts": "1549961692.056600",
        "thread_ts": "1549916759.044900",
        "parent_user_id": "UFT7XUWJX",
        "reactions": [
            {
                "name": "heavy_check_mark",
                "users": [
                    "UE1ULNT9V"
                ],
                "count": 1
            }
        ]
    },
    {
        "client_msg_id": "56dbbbdc-8897-49f2-b5b3-ad34e06afd03",
        "type": "message",
        "text": "<@UFKNK1SBG> Это всё понятно, но когда будем работать с базой Meal  будет не нужен. Будем работать только с MealDto.",
        "user": "UFTSGQ7U5",
        "ts": "1549961892.056800",
        "thread_ts": "1549916759.044900",
        "parent_user_id": "UFT7XUWJX"
    },
    {
        "client_msg_id": "971f91cb-d57e-4af7-83a3-8bb987d2a496",
        "type": "message",
        "text": "<@UFKNK1SBG> Посмотри паттерн DAO и репозиторий.",
        "user": "UFTSGQ7U5",
        "ts": "1549961946.057000",
        "thread_ts": "1549916759.044900",
        "parent_user_id": "UFT7XUWJX"
    },
    {
        "client_msg_id": "874c22b4-f408-4b4f-b303-0ab6c874f187",
        "type": "message",
        "text": "<@UFTSGQ7U5>\n&gt;&gt;&gt;10 Не размещайте никакую логику (форматирование, счетчики) в бинах, где хранятся только данные (Meal, MealTo)\n11 Еще раз: детали реализации в памяти не должны быть никому видны. Те НЕ НАДО счетчик размещать в Meal или MealServlet или MealsUtil, в базе же он будет по другому генерится.\n\n\" когда будем работать с базой Meal  будет не нужен. Будем работать только с MealDto.\"\nоткуда такой вывод? MealTo нужно для отрисовки всей табл, к БД поле excess никакого отношения не имеет",
        "user": "UF7MD83EU",
        "ts": "1549962582.057200",
        "edited": {
            "user": "UF7MD83EU",
            "ts": "1549962674.000000"
        },
        "thread_ts": "1549916759.044900",
        "parent_user_id": "UFT7XUWJX",
        "reactions": [
            {
                "name": "heavy_check_mark",
                "users": [
                    "UE1ULNT9V"
                ],
                "count": 1
            }
        ]
    },
    {
        "client_msg_id": "2492cab7-cc9a-4f52-8823-e9e09efe8822",
        "type": "message",
        "text": "<@UF7MD83EU> получается какая-то избыточность из-за одного поля.",
        "user": "UFTSGQ7U5",
        "ts": "1549963255.057600",
        "thread_ts": "1549916759.044900",
        "parent_user_id": "UFT7XUWJX"
    },
    {
        "client_msg_id": "d5f0dc49-1623-4220-ab6f-bf5cf2afc5b4",
        "type": "message",
        "text": "подтягивание зависимостей не решают исходную проблему с web.xml",
        "user": "UFTJAG1J4",
        "ts": "1549964780.058200",
        "thread_ts": "1549782007.067900",
        "parent_user_id": "UFTJAG1J4"
    },
    {
        "client_msg_id": "1f484908-bafa-411c-87ac-dcc0f776fd5d",
        "type": "message",
        "text": "<@UFQ35BUP4> мы сейчас не делаем ДЗ в идеале для бабушек. делаем максимально просто и удобно для программиста",
        "user": "UE1ULNT9V",
        "ts": "1549968342.058400",
        "thread_ts": "1549873484.004000",
        "parent_user_id": "UFZT3QMU6"
    },
    {
        "client_msg_id": "30776067-b72b-4fd0-8468-290190c410ad",
        "type": "message",
        "text": "да, в tomcat настроен index по дефолту",
        "user": "UE1ULNT9V",
        "ts": "1549968479.058600",
        "thread_ts": "1549909408.032500",
        "parent_user_id": "UFL6M7PR9"
    },
    {
        "client_msg_id": "d1fdb1c5-eb0a-4a66-9da8-62fc6289aaff",
        "type": "message",
        "text": "<@UFP7PTM99>\njsp о сервлете ничего не знает. она просто компилируется в сервлет, который отрисовывает шаблон с атрибутами, которые положили в request. IDEA тоже может не знать о том, что положили в атрибуты request-а.\nв чем у тебя ошибка в результате была?",
        "user": "UE1ULNT9V",
        "ts": "1549968831.059400",
        "thread_ts": "1549912673.037500",
        "parent_user_id": "UFP7PTM99"
    },
    {
        "client_msg_id": "0b6b0d84-66db-4e9b-90b1-75bb78d48c27",
        "type": "message",
        "text": "Народ интересно, кто как решил этот пункт \"после операции delete в браузере должен быть url http:\\\\localhost:8080\\topjava\\meals\" ?",
        "user": "UFKMGA8S3",
        "ts": "1549968918.060400",
        "thread_ts": "1549968918.060400",
        "reply_count": 4,
        "reply_users_count": 2,
        "latest_reply": "1549969766.062000",
        "reply_users": [
            "UF6HMCG3X",
            "UFKMGA8S3"
        ],
        "replies": [
            {
                "user": "UF6HMCG3X",
                "ts": "1549968984.060800"
            },
            {
                "user": "UFKMGA8S3",
                "ts": "1549969056.061000"
            },
            {
                "user": "UF6HMCG3X",
                "ts": "1549969067.061200"
            },
            {
                "user": "UFKMGA8S3",
                "ts": "1549969766.062000"
            }
        ]
    },
    {
        "client_msg_id": "f56f8ef0-fec9-43e2-a197-ab91379e17ab",
        "type": "message",
        "text": "Поставил после delete в сервлете response.sendRedirect(\"meals\");",
        "user": "UF6HMCG3X",
        "ts": "1549968984.060800",
        "thread_ts": "1549968918.060400",
        "parent_user_id": "UFKMGA8S3",
        "reactions": [
            {
                "name": "heavy_check_mark",
                "users": [
                    "UE1ULNT9V"
                ],
                "count": 1
            }
        ]
    },
    {
        "client_msg_id": "39941bd7-035f-4d3d-8784-ec9014a6cdf9",
        "type": "message",
        "text": "А сервлет у тебя один (не считаем UserServlet) ?",
        "user": "UFKMGA8S3",
        "ts": "1549969056.061000",
        "thread_ts": "1549968918.060400",
        "parent_user_id": "UFKMGA8S3"
    },
    {
        "client_msg_id": "855fe240-7980-474d-a8b6-d206fdf7fc90",
        "type": "message",
        "text": "Да.",
        "user": "UF6HMCG3X",
        "ts": "1549969067.061200",
        "thread_ts": "1549968918.060400",
        "parent_user_id": "UFKMGA8S3"
    },
    {
        "client_msg_id": "394a03b7-aa8d-4ece-acc3-0c5f35368431",
        "type": "message",
        "text": "MealsUtil, сервлеты, DAO работы с базой - все они обслуживают много запросов от всех пользователей.\nесли мы храним в DAO мапе например, то это надо учитывать. и конечно же просто состояние одного пользователя хранить нельзя в этих классах.",
        "user": "UE1ULNT9V",
        "ts": "1549969375.061600",
        "edited": {
            "user": "UE1ULNT9V",
            "ts": "1549969386.000000"
        },
        "thread_ts": "1549918783.047800",
        "parent_user_id": "UFPRT4B28"
    },
    {
        "client_msg_id": "5c7ff4b9-a57a-4658-9437-08f0d86b1245",
        "type": "message",
        "text": "Че то я тупанул, начал уже в сторону фильтров смотреть )  Не додумался так сделать",
        "user": "UFKMGA8S3",
        "ts": "1549969766.062000",
        "thread_ts": "1549968918.060400",
        "parent_user_id": "UFKMGA8S3"
    },
    {
        "client_msg_id": "df6b1788-19a8-48a6-9e94-0cfe848df9b4",
        "type": "message",
        "text": "В Спринге вообще большая избыточность:) Ради малой связанности.",
        "user": "UFZT3QMU6",
        "ts": "1549972214.062200",
        "thread_ts": "1549916759.044900",
        "parent_user_id": "UFT7XUWJX"
    },
    {
        "client_msg_id": "7fd9d35a-845a-4bcd-8966-a1d8e4205697",
        "type": "message",
        "text": "Да, помогло)",
        "user": "UFZT3QMU6",
        "ts": "1549972762.062400",
        "thread_ts": "1549900265.018300",
        "parent_user_id": "UFZT3QMU6"
    },
    {
        "client_msg_id": "6d2571f0-6815-418b-af6e-2bcbe79a2f35",
        "type": "message",
        "text": "<@UE1ULNT9V> в итоге IDEA в jsp подсвечивает переменные которые я передаю в контроллере и говорит \"cannot resolve variable\" хотя если задеплоить и запустить сервер - на страницу все выводиться. Так что программирую просто без подсказок относительно переменных и их полей, не удобно конечно, но дз сделаю. Гуглил на эту тему наверное час, но ничего не нашел все ответы про спринг, а у нас пока не спринг)\n\nВопрос итоговый примерно такой, как сообщить IDE что конкретный контроллер соотноситься к конкретному jsp?)",
        "user": "UFP7PTM99",
        "ts": "1549973923.062700",
        "edited": {
            "user": "UFP7PTM99",
            "ts": "1549974239.000000"
        },
        "thread_ts": "1549912673.037500",
        "parent_user_id": "UFP7PTM99"
    },
    {
        "client_msg_id": "db86b0eb-29c8-4a10-b63b-6c5c4b15f813",
        "type": "message",
        "text": "<@UFZT3QMU6> например? Я со спрингом почти не знаком, просто интересуюсь.",
        "user": "UFTSGQ7U5",
        "ts": "1549973941.062900",
        "edited": {
            "user": "UFTSGQ7U5",
            "ts": "1549973991.000000"
        },
        "thread_ts": "1549916759.044900",
        "parent_user_id": "UFT7XUWJX"
    },
    {
        "client_msg_id": "95b31783-9571-451d-82a5-039bf6c63ef7",
        "type": "message",
        "text": "все optional сделали? :slightly_smiling_face:",
        "user": "UFALPSH7D",
        "ts": "1549977200.065500"
    },
    {
        "client_msg_id": "18baf353-56e5-4fcf-8bd7-015635505df5",
        "type": "message",
        "text": "я вчера сделал, но код ревью прислали большое.\nВот вы мне скажите, я так и не пойму. id - просто как ключ мапы делать или и ключ мапы и внутри класса сделать поле? Моя личная логика подразумевает правильность обоих этих вариантов",
        "user": "UFTEY6H27",
        "ts": "1549979717.066800",
        "thread_ts": "1549979717.066800",
        "reply_count": 3,
        "reply_users_count": 3,
        "latest_reply": "1550010015.081600",
        "reply_users": [
            "UF6HMCG3X",
            "UE1ULNT9V",
            "UFZT3QMU6"
        ],
        "replies": [
            {
                "user": "UF6HMCG3X",
                "ts": "1549980105.066900"
            },
            {
                "user": "UE1ULNT9V",
                "ts": "1549982432.069200"
            },
            {
                "user": "UFZT3QMU6",
                "ts": "1550010015.081600"
            }
        ]
    },
    {
        "client_msg_id": "9a48846c-0aa9-474d-b80b-1d930ba0e78b",
        "type": "message",
        "text": "2.3 Добавить поле id в Meal\/ MealTo ...",
        "user": "UF6HMCG3X",
        "ts": "1549980105.066900",
        "thread_ts": "1549979717.066800",
        "parent_user_id": "UFTEY6H27",
        "reactions": [
            {
                "name": "heavy_check_mark",
                "users": [
                    "UE1ULNT9V"
                ],
                "count": 1
            }
        ]
    },
    {
        "client_msg_id": "b07d2d31-c86f-477a-b74e-01961f4ec344",
        "type": "message",
        "text": "id в Meal пригодится",
        "user": "UE1ULNT9V",
        "ts": "1549982432.069200",
        "thread_ts": "1549979717.066800",
        "parent_user_id": "UFTEY6H27"
    },
    {
        "type": "message",
        "subtype": "thread_broadcast",
        "text": "С чем было связано - так и не понял. Удаление .idea и файлов .iml с повторными New-&gt;Project from existing sources и очисткой локального репозитория Maven эффекта не давало, зависимости выкачивались и подсвечивались красным со всеми вытекающими. Проект при этом собирался и работал.\nРешение: помог push и последующий импорт проекта из репозитория с github (на всякий случай - импортировал в новую директорию).",
        "user": "UFUQUNDRP",
        "ts": "1549985147.069400",
        "thread_ts": "1549782007.067900",
        "root": {
            "type": "message",
            "text": "После 5-го патча в web-xml почти все стало красным, подсвечивается Element web-app must be declered;",
            "files": [
                {
                    "id": "FG35309U5",
                    "created": 1549782003,
                    "timestamp": 1549782003,
                    "name": "image.png",
                    "title": "Pasted image at 2019-02-10, 5:00 PM",
                    "mimetype": "image\/png",
                    "filetype": "png",
                    "pretty_type": "PNG",
                    "user": "UFTJAG1J4",
                    "editable": false,
                    "size": 45504,
                    "mode": "hosted",
                    "is_external": false,
                    "external_type": "",
                    "is_public": true,
                    "public_url_shared": false,
                    "display_as_bot": false,
                    "username": "",
                    "url_private": "https:\/\/files.slack.com\/files-pri\/TE09AK9BK-FG35309U5\/image.png?t=xoxe-476316655393-618179035285-606757826531-bd1c7b831233e0d053294a8f47715ef5",
                    "url_private_download": "https:\/\/files.slack.com\/files-pri\/TE09AK9BK-FG35309U5\/download\/image.png?t=xoxe-476316655393-618179035285-606757826531-bd1c7b831233e0d053294a8f47715ef5",
                    "thumb_64": "https:\/\/files.slack.com\/files-tmb\/TE09AK9BK-FG35309U5-f5cbf60990\/image_64.png?t=xoxe-476316655393-618179035285-606757826531-bd1c7b831233e0d053294a8f47715ef5",
                    "thumb_80": "https:\/\/files.slack.com\/files-tmb\/TE09AK9BK-FG35309U5-f5cbf60990\/image_80.png?t=xoxe-476316655393-618179035285-606757826531-bd1c7b831233e0d053294a8f47715ef5",
                    "thumb_360": "https:\/\/files.slack.com\/files-tmb\/TE09AK9BK-FG35309U5-f5cbf60990\/image_360.png?t=xoxe-476316655393-618179035285-606757826531-bd1c7b831233e0d053294a8f47715ef5",
                    "thumb_360_w": 360,
                    "thumb_360_h": 214,
                    "thumb_480": "https:\/\/files.slack.com\/files-tmb\/TE09AK9BK-FG35309U5-f5cbf60990\/image_480.png?t=xoxe-476316655393-618179035285-606757826531-bd1c7b831233e0d053294a8f47715ef5",
                    "thumb_480_w": 480,
                    "thumb_480_h": 285,
                    "thumb_160": "https:\/\/files.slack.com\/files-tmb\/TE09AK9BK-FG35309U5-f5cbf60990\/image_160.png?t=xoxe-476316655393-618179035285-606757826531-bd1c7b831233e0d053294a8f47715ef5",
                    "image_exif_rotation": 1,
                    "original_w": 606,
                    "original_h": 360,
                    "permalink": "https:\/\/topjava16.slack.com\/files\/UFTJAG1J4\/FG35309U5\/image.png",
                    "permalink_public": "https:\/\/slack-files.com\/TE09AK9BK-FG35309U5-60794b25bd",
                    "has_rich_preview": false
                }
            ],
            "upload": true,
            "user": "UFTJAG1J4",
            "display_as_bot": false,
            "ts": "1549782007.067900",
            "thread_ts": "1549782007.067900",
            "reply_count": 18,
            "reply_users_count": 8,
            "latest_reply": "1549987214.069700",
            "reply_users": [
                "UFA1BA7AM",
                "UFTJAG1J4",
                "UF6HMCG3X",
                "UFQ35BUP4",
                "UFZT3QMU6",
                "UE1ULNT9V",
                "UFUQUNDRP",
                "UFTSGQ7U5"
            ],
            "replies": [
                {
                    "user": "UFA1BA7AM",
                    "ts": "1549783926.068200"
                },
                {
                    "user": "UFTJAG1J4",
                    "ts": "1549784290.068400"
                },
                {
                    "user": "UF6HMCG3X",
                    "ts": "1549784590.068800"
                },
                {
                    "user": "UFTJAG1J4",
                    "ts": "1549789064.069100"
                },
                {
                    "user": "UFTJAG1J4",
                    "ts": "1549789991.069300"
                },
                {
                    "user": "UFQ35BUP4",
                    "ts": "1549795110.074200"
                },
                {
                    "user": "UFZT3QMU6",
                    "ts": "1549810216.086900"
                },
                {
                    "user": "UE1ULNT9V",
                    "ts": "1549810696.092600"
                },
                {
                    "user": "UFUQUNDRP",
                    "ts": "1549883494.008100"
                },
                {
                    "user": "UFZT3QMU6",
                    "ts": "1549890948.008800"
                },
                {
                    "user": "UFUQUNDRP",
                    "ts": "1549891849.009000"
                },
                {
                    "user": "UFTSGQ7U5",
                    "ts": "1549899940.015700"
                },
                {
                    "user": "UE1ULNT9V",
                    "ts": "1549901140.021300"
                },
                {
                    "user": "UFQ35BUP4",
                    "ts": "1549931512.053800"
                },
                {
                    "user": "UFUQUNDRP",
                    "ts": "1549957530.056100"
                },
                {
                    "user": "UFTJAG1J4",
                    "ts": "1549964780.058200"
                },
                {
                    "user": "UFUQUNDRP",
                    "ts": "1549985147.069400"
                },
                {
                    "user": "UE1ULNT9V",
                    "ts": "1549987214.069700"
                }
            ]
        },
        "client_msg_id": "76cc4e96-ad42-4ea1-81cb-3e5a3516aecf"
    },
    {
        "client_msg_id": "169be067-37b2-4f7b-a05d-58c62bf4d070",
        "type": "message",
        "text": "странно.. хорошо, что заработало\nкогда совсем все плохо еще помогает в idea\nFile-&gt; Invalidate Caches\/Restart...",
        "user": "UE1ULNT9V",
        "ts": "1549987214.069700",
        "thread_ts": "1549782007.067900",
        "parent_user_id": "UFTJAG1J4"
    },
    {
        "client_msg_id": "34b9c9c6-8d5e-41f8-bc8b-3d5824970d50",
        "type": "message",
        "text": "Добрый вечер! Скажите пож, вопрос появился. После delete нужно делать не форвард, а редирект, ок. А откуда данные на странице возьмутся при редиректе?",
        "user": "UFFJ077SL",
        "ts": "1549987815.070600",
        "thread_ts": "1549987815.070600",
        "reply_count": 4,
        "reply_users_count": 2,
        "latest_reply": "1549988918.071300",
        "reply_users": [
            "UFFJ077SL",
            "UF2PXFBBR"
        ],
        "replies": [
            {
                "user": "UFFJ077SL",
                "ts": "1549987976.070700"
            },
            {
                "user": "UF2PXFBBR",
                "ts": "1549988106.070900"
            },
            {
                "user": "UFFJ077SL",
                "ts": "1549988294.071100"
            },
            {
                "user": "UFFJ077SL",
                "ts": "1549988918.071300"
            }
        ]
    },
    {
        "client_msg_id": "57c8e248-7696-4bb1-a3d2-ff65fadf384c",
        "type": "message",
        "text": "нужно смотреть в сторону getAttribute()?",
        "user": "UFFJ077SL",
        "ts": "1549987976.070700",
        "thread_ts": "1549987815.070600",
        "parent_user_id": "UFFJ077SL"
    },
    {
        "client_msg_id": "e1c7fc86-14f5-4680-b525-2a7fa1417879",
        "type": "message",
        "text": "при редиректе у тебя выполнится обычный гет-запрос на сервер так, как если бы ты просто ввёл этот адрес в адресной строке браузера. При этом ты попадёшь в сервлет, который сможет обработать этот гет, и отдать данные",
        "user": "UF2PXFBBR",
        "ts": "1549988106.070900",
        "thread_ts": "1549987815.070600",
        "parent_user_id": "UFFJ077SL"
    },
    {
        "client_msg_id": "387ea89c-8725-4e2e-9736-34c17cf38daf",
        "type": "message",
        "text": "мы это делаем, чтобы от сайд эффекта избавиться?",
        "user": "UFFJ077SL",
        "ts": "1549988294.071100",
        "thread_ts": "1549987815.070600",
        "parent_user_id": "UFFJ077SL"
    },
    {
        "client_msg_id": "7e48bc07-d9c7-461d-95c3-ccb2ca7375d1",
        "type": "message",
        "text": "все получилось)",
        "user": "UFFJ077SL",
        "ts": "1549988918.071300",
        "thread_ts": "1549987815.070600",
        "parent_user_id": "UFFJ077SL"
    },
    {
        "client_msg_id": "3f244860-5533-41fa-9703-9895c2a08d14",
        "type": "message",
        "text": "Знаете, что интересно? Я optional переписывал с приведенного примера, который дан в лекции. В итоге мне в код-ревью прислали ошибки, половина из которых изначально в этом примере.... Просто жалуюсь, такое",
        "user": "UFTEY6H27",
        "ts": "1549989810.073100"
    },
    {
        "client_msg_id": "b68d1102-b9d3-4343-99f3-0f44399061de",
        "type": "message",
        "text": "который дан в статье?",
        "user": "UFFJ077SL",
        "ts": "1549990040.073300"
    },
    {
        "client_msg_id": "bdd1b0a0-f9e7-4c41-8a1a-5765096fb50c",
        "type": "message",
        "text": "если вы про статью, то там есть ошибки да, править нужно самому",
        "user": "UFFJ077SL",
        "ts": "1549990065.073900"
    },
    {
        "client_msg_id": "a25d51a1-3427-429e-b416-c0731a4d9628",
        "type": "message",
        "text": "Да, про статью",
        "user": "UFTEY6H27",
        "ts": "1549990507.074200"
    },
    {
        "client_msg_id": "af313329-5297-46b7-807f-1903b4672f91",
        "type": "message",
        "text": "Всем привет, Ребят кто-нибудь понял как применять логику (тернарный оператор) к стилю, чтобы изменять закрашивание meal-а? Я сделал через &lt;c:set&gt; и вставил туда начало таблицы &lt;tr&gt; с нужным стайлом внутри и отображал в зависимости от excess. Но это не то.",
        "user": "UG134KF0U",
        "ts": "1549991768.075400",
        "edited": {
            "user": "UG134KF0U",
            "ts": "1549991848.000000"
        },
        "thread_ts": "1549991768.075400",
        "reply_count": 6,
        "reply_users_count": 5,
        "latest_reply": "1550007269.081200",
        "reply_users": [
            "UF2MZBKAR",
            "UG134KF0U",
            "UFPB4FETA",
            "UFALPSH7D",
            "UFQ35BUP4"
        ],
        "replies": [
            {
                "user": "UF2MZBKAR",
                "ts": "1549991841.075700"
            },
            {
                "user": "UG134KF0U",
                "ts": "1549992482.076300"
            },
            {
                "user": "UFPB4FETA",
                "ts": "1549992755.076600"
            },
            {
                "user": "UFALPSH7D",
                "ts": "1549992906.076800"
            },
            {
                "user": "UG134KF0U",
                "ts": "1549994208.077000"
            },
            {
                "user": "UFQ35BUP4",
                "ts": "1550007269.081200"
            }
        ]
    },
    {
        "client_msg_id": "a44a4cd4-a12f-4906-9222-e5e5834dce6d",
        "type": "message",
        "text": "tr class=\"${meal.excess ? 'excess' : 'normal'}\"\nв классах описал color red\/green",
        "user": "UF2MZBKAR",
        "ts": "1549991841.075700",
        "thread_ts": "1549991768.075400",
        "parent_user_id": "UG134KF0U"
    },
    {
        "client_msg_id": "257f35c5-c0c8-4b78-b5fe-abc64677fe3b",
        "type": "message",
        "text": "<@UFP7PTM99> Спасибо! Скопировал pom.xml и все заработало!",
        "user": "UF3052LNN",
        "ts": "1549992044.076000",
        "thread_ts": "1549819764.105400",
        "parent_user_id": "UF3052LNN",
        "reactions": [
            {
                "name": "smiley",
                "users": [
                    "UFP7PTM99"
                ],
                "count": 1
            }
        ]
    },
    {
        "client_msg_id": "e7fa4d90-d7c8-4856-a4bb-40e67d480f2d",
        "type": "message",
        "text": "Создал в css, но не применяется к тексту почему-то,\nпеременные видит, но не закрашивает\n\ntr.\\'redColor\\' {\n    color: red;\n}\ntr.\\'greenColor\\' {\n    color: green;\n}\n\nну и в jsp\n&lt;tr class=\"${mealTo.excess ? 'redColor' : 'greenColor' }\"&gt;",
        "user": "UG134KF0U",
        "ts": "1549992482.076300",
        "edited": {
            "user": "UG134KF0U",
            "ts": "1549992536.000000"
        },
        "thread_ts": "1549991768.075400",
        "parent_user_id": "UG134KF0U"
    },
    {
        "client_msg_id": "83ed8486-9a7b-4bc7-9580-c5e5336edb0e",
        "type": "message",
        "text": "&lt;c:set var=\"color\" value=\"${meal.excess ? 'red' : 'green'}\" \/&gt;",
        "user": "UFPB4FETA",
        "ts": "1549992755.076600",
        "thread_ts": "1549991768.075400",
        "parent_user_id": "UG134KF0U"
    },
    {
        "client_msg_id": "70bdcf45-7957-4f79-b87e-2d2fa3e21faa",
        "type": "message",
        "text": "&lt;tr bgcolor=\"${element.excess ? 'red' : 'green'}\" &gt;",
        "user": "UFALPSH7D",
        "ts": "1549992906.076800",
        "thread_ts": "1549991768.075400",
        "parent_user_id": "UG134KF0U"
    },
    {
        "client_msg_id": "f6b84b87-da96-4127-9b78-13caf61e359a",
        "type": "message",
        "text": "всем спасибо!\nв итоге сделал так &lt;tr style=\"color:${mealTo.excess ? 'red' : 'green'}\"&gt;",
        "user": "UG134KF0U",
        "ts": "1549994208.077000",
        "thread_ts": "1549991768.075400",
        "parent_user_id": "UG134KF0U"
    },
    {
        "client_msg_id": "6ef9d0af-acc9-448d-95ec-d9641a3082dc",
        "type": "message",
        "text": "Пора сдавать уже, но есть ещё вопросы уже просто лить пора, теперь после разбираться) Optional уже нет времени доделывать, осталось 1,5 часа, а я только вернулся как всегда((\n1) Хардкорим в сервлет  import static ru.javawebinar.topjava.util.MealsUtil.meals; и MealsUtil изымаем из метода и ставим в класс\nили просто инициализируем добавлением 6 объектов по новому в самом сервлете?\n2) Там фильтрованные значения должны остаться или полный список?",
        "user": "UFVQWFQHM",
        "ts": "1549999232.078600",
        "edited": {
            "user": "UFVQWFQHM",
            "ts": "1549999580.000000"
        },
        "thread_ts": "1549999232.078600",
        "reply_count": 2,
        "reply_users_count": 2,
        "latest_reply": "1550000600.079600",
        "reply_users": [
            "UFPRT4B28",
            "UFKG13683"
        ],
        "replies": [
            {
                "user": "UFPRT4B28",
                "ts": "1550000349.079400"
            },
            {
                "user": "UFKG13683",
                "ts": "1550000600.079600"
            }
        ]
    },
    {
        "client_msg_id": "ccca1871-d537-4acd-8e92-ae1565672690",
        "type": "message",
        "text": "2) полный список",
        "user": "UFPRT4B28",
        "ts": "1550000349.079400",
        "thread_ts": "1549999232.078600",
        "parent_user_id": "UFVQWFQHM"
    },
    {
        "client_msg_id": "90d79844-c1b5-4731-ad08-00911c3c6a20",
        "type": "message",
        "text": "1) если без optional делаешь то из метода достаешь и forward на jsp ",
        "user": "UFKG13683",
        "ts": "1550000600.079600",
        "thread_ts": "1549999232.078600",
        "parent_user_id": "UFVQWFQHM"
    },
    {
        "client_msg_id": "993e08ca-806b-4cb5-886f-b84a01261434",
        "type": "message",
        "text": "Всем привет",
        "user": "UFBA1SS4W",
        "ts": "1550002650.080000"
    },
    {
        "client_msg_id": "ad1e891e-7670-46bb-903e-4e0c39795af9",
        "type": "message",
        "text": "сегодня дедлайн по HW1?",
        "user": "UFBA1SS4W",
        "ts": "1550002675.080700",
        "reactions": [
            {
                "name": "100",
                "users": [
                    "UFW2XS0HX",
                    "UFSPCA7L7"
                ],
                "count": 2
            }
        ]
    },
    {
        "client_msg_id": "ed27d491-e117-4b5b-b493-2c0382fec911",
        "type": "message",
        "text": "через 15 минут",
        "user": "UFT7XUWJX",
        "ts": "1550004365.081000"
    },
    {
        "client_msg_id": "d7066e10-ac16-4cbe-9903-8035c42d6b9d",
        "type": "message",
        "text": "обожаю тернарные штучки...везде их сую где надо и не надо )))",
        "user": "UFQ35BUP4",
        "ts": "1550007269.081200",
        "thread_ts": "1549991768.075400",
        "parent_user_id": "UG134KF0U"
    },
    {
        "client_msg_id": "c9cd3a90-71f4-40de-abe7-13ea61eaa8be",
        "type": "message",
        "text": "\"Спринг 4\" в помощь. Там полностью описано, как устроен Спринг.",
        "user": "UFZT3QMU6",
        "ts": "1550009880.081400",
        "thread_ts": "1549916759.044900",
        "parent_user_id": "UFT7XUWJX"
    },
    {
        "client_msg_id": "5e308cee-6f7b-4c0c-86e7-565924661653",
        "type": "message",
        "text": "На этот вопрос уже отвечал.",
        "user": "UFZT3QMU6",
        "ts": "1550010015.081600",
        "thread_ts": "1549979717.066800",
        "parent_user_id": "UFTEY6H27"
    },
    {
        "client_msg_id": "7910cd9b-ad76-456d-b265-ba091b15dd28",
        "type": "message",
        "text": "друзья, привет. как вы оповешаете своих наставников, что можно сделать код ревью? в прошлый раз как-то все так быстро разрулилось, меня добавили в канал для проверки ДЗ0, но сейчас этого канала я не вижу. спасибо!",
        "user": "UFBA1SS4W",
        "ts": "1550036154.084300"
    },
    {
        "client_msg_id": "e7014103-becc-4fe6-9a5a-9517b14218ce",
        "type": "message",
        "text": "я просто пишу в канале твой_ник_hw",
        "user": "UFFJ077SL",
        "ts": "1550036286.084600"
    },
    {
        "client_msg_id": "bf66fa1d-cfc6-423a-a6a9-760aee6fc0f8",
        "type": "message",
        "text": "\"я сделал ДЗ\"",
        "user": "UFFJ077SL",
        "ts": "1550036290.085100"
    },
    {
        "client_msg_id": "339a88e0-df30-4f52-82a7-150cbcb95789",
        "type": "message",
        "text": "и кидаю ссылку на гитхаб",
        "user": "UFFJ077SL",
        "ts": "1550036293.085300",
        "reactions": [
            {
                "name": "100",
                "users": [
                    "UFBA1SS4W"
                ],
                "count": 1
            }
        ]
    },
    {
        "client_msg_id": "91d7ac3c-5158-4389-8fd7-ca5769b5dc48",
        "type": "message",
        "text": "а в канал кого приглашаешь?",
        "user": "UFBA1SS4W",
        "ts": "1550036996.085800",
        "thread_ts": "1550036996.085800",
        "reply_count": 1,
        "reply_users_count": 1,
        "latest_reply": "1550049783.088700",
        "reply_users": [
            "UE1ULNT9V"
        ],
        "replies": [
            {
                "user": "UE1ULNT9V",
                "ts": "1550049783.088700"
            }
        ]
    },
    {
        "client_msg_id": "4467628f-0ad3-4f07-99ba-a1509abcb22d",
        "type": "message",
        "text": "<@UF8AK4161> <@UF7MD83EU>",
        "user": "UFFJ077SL",
        "ts": "1550037051.086300"
    },
    {
        "client_msg_id": "07f83ff4-ff4d-49df-95ad-beb02d52f923",
        "type": "message",
        "text": "все по письму для проверки ДЗ делал",
        "user": "UFFJ077SL",
        "ts": "1550037059.086800"
    },
    {
        "client_msg_id": "747aab09-234c-43bb-b5c0-15349c65975a",
        "type": "message",
        "text": "<@UFZT3QMU6> не, ради примера избыточности я не буду сейчас за книгу браться.",
        "user": "UFTSGQ7U5",
        "ts": "1550041953.087000",
        "thread_ts": "1549916759.044900",
        "parent_user_id": "UFT7XUWJX"
    }
]