[
    {
        "client_msg_id": "4f842bcc-b0a6-4135-907d-f093b8dcfd48",
        "type": "message",
        "text": "tomcat 8.5 или 9.0?",
        "user": "UEQL1L1JS",
        "ts": "1550325102.126700"
    },
    {
        "client_msg_id": "be6b0c00-f394-44d1-83db-90977b6ba114",
        "type": "message",
        "text": "Обновил зависимость до Servlet 4.0. Установите себе Tomcat 9.x",
        "user": "UFFJ077SL",
        "ts": "1550327189.126900",
        "reactions": [
            {
                "name": "heavy_check_mark",
                "users": [
                    "UE1ULNT9V"
                ],
                "count": 1
            }
        ]
    },
    {
        "client_msg_id": "332cdc68-ce12-4596-874f-dd46c2a7264c",
        "type": "message",
        "text": "(c) hw1",
        "user": "UFFJ077SL",
        "ts": "1550327193.127100"
    },
    {
        "client_msg_id": "c306b445-2309-4166-8466-ba173df1bf83",
        "type": "message",
        "text": "После 1_5 patch и 1_6 даёт ошибку:\n\nD:\\tools\\jdk8\\bin\\java.exe -Dmaven.multiModuleProjectDirectory=D:\\projects\\topjava16 -Dmaven.home=D:\\tools\\apache-maven-3.6.0 -Dclassworlds.conf=D:\\tools\\apache-maven-3.6.0\\bin\\m2.conf \"-javaagent:C:\\Program Files\\JetBrains\\IntelliJ IDEA 2018.3.3\\lib\\idea_rt.jar=59565:C:\\Program Files\\JetBrains\\IntelliJ IDEA 2018.3.3\\bin\" -Dfile.encoding=UTF-8 -classpath D:\\tools\\apache-maven-3.6.0\\boot\\plexus-classworlds-2.5.2.jar org.codehaus.classworlds.Launcher -Didea.version=2018.3.3 -s D:\\tools\\apache-maven-3.6.0\\conf\\settings.xml -Dmaven.repo.local=D:\\Maven_repo package\n[INFO] Scanning for projects...\n[INFO]\n[INFO] -----------------------&lt; ru.javawebinar:topjava &gt;-----------------------\n[INFO] Building Calories Management 1.0-SNAPSHOT\n[INFO] --------------------------------[ war ]---------------------------------\n[INFO]\n[INFO] --- maven-resources-plugin:2.6:resources (default-resources) @ topjava ---\n[INFO] Using 'UTF-8' encoding to copy filtered resources.\n[INFO] skip non existing resourceDirectory D:\\projects\\topjava16\\src\\main\\resources\n[INFO]\n[INFO] --- maven-compiler-plugin:3.7.0:compile (default-compile) @ topjava ---\n[INFO] Nothing to compile - all classes are up to date\n[INFO]\n[INFO] --- maven-resources-plugin:2.6:testResources (default-testResources) @ topjava ---\n[INFO] Using 'UTF-8' encoding to copy filtered resources.\n[INFO] skip non existing resourceDirectory D:\\projects\\topjava16\\src\\test\\resources\n[INFO]\n[INFO] --- maven-compiler-plugin:3.7.0:testCompile (default-testCompile) @ topjava ---\n[INFO] Nothing to compile - all classes are up to date\n[INFO]\n[INFO] --- maven-surefire-plugin:2.12.4:test (default-test) @ topjava ---\n[INFO] No tests to run.\n[INFO]\n[INFO] --- maven-war-plugin:2.2:war (default-war) @ topjava ---\n[INFO] Packaging webapp\n[INFO] Assembling webapp [topjava] in [D:\\projects\\topjava16\\target\\topjava]\n[INFO] Processing war project\n[INFO] Webapp assembled in [40 msecs]\n[INFO] Building war: D:\\projects\\topjava16\\target\\topjava.war\n[INFO] ------------------------------------------------------------------------\n[INFO] BUILD FAILURE\n[INFO] ------------------------------------------------------------------------\n[INFO] Total time:  1.412 s\n[INFO] Finished at: 2019-02-16T17:49:07+02:00\n[INFO] ------------------------------------------------------------------------\n[ERROR] Failed to execute goal org.apache.maven.plugins:maven-war-plugin:2.2:war (default-war) on project topjava: Error assembling WAR: webxml attribute is required (or pre-existing WEB-INF\/web.xml if executing in update mode) -&gt; [Help 1]\n[ERROR]\n[ERROR] To see the full stack trace of the errors, re-run Maven with the -e switch.\n[ERROR] Re-run Maven using the -X switch to enable full debug logging.\n[ERROR]\n[ERROR] For more information about the errors and possible solutions, please read the following articles:\n[ERROR] [Help 1] <http:\/\/cwiki.apache.org\/confluence\/display\/MAVEN\/MojoExecutionException>\n\nProcess finished with exit code 1",
        "user": "UEQL1L1JS",
        "ts": "1550332180.128600"
    },
    {
        "client_msg_id": "1269e42c-f3ff-4dec-9b39-2abc7466a0f9",
        "type": "message",
        "text": "Решил... Спасибо.",
        "user": "UEQL1L1JS",
        "ts": "1550332419.129000"
    },
    {
        "client_msg_id": "3decaa40-614d-4ee5-852f-4ed6a621b93c",
        "type": "message",
        "text": "Имхо лучше писать ReentrantLock.",
        "user": "UFZT3QMU6",
        "ts": "1550333591.129100",
        "thread_ts": "1550055410.096500",
        "parent_user_id": "UFFJ077SL"
    }
]