[
    {
        "client_msg_id": "277555EC-CA12-441C-AD49-C600E8569661",
        "type": "message",
        "text": "Вопрос про логирование. Предположим, что в нашем проекте идёт переход с log4j на log4j2. И например, совсем чужая библиотека, используемая в нашем проекте, для своего логирования использует старую log4j. Какой наш алгоритм перехода?",
        "user": "UFRA5FKN3",
        "ts": "1552067968.007900",
        "thread_ts": "1552067968.007900",
        "reply_count": 1,
        "reply_users_count": 1,
        "latest_reply": "1552252761.008000",
        "reply_users": [
            "UE1ULNT9V"
        ],
        "replies": [
            {
                "user": "UE1ULNT9V",
                "ts": "1552252761.008000"
            }
        ]
    }
]