[
    {
        "client_msg_id": "e70f94b9-d3ef-4d2e-886b-023797230b4a",
        "type": "message",
        "text": "Всем привет! кто нибудь знает почему после утановке томкат 9 в web.xml  файле сервлет 4.0 подсвечивается в красном цвете?",
        "user": "UH5T8NCTZ",
        "ts": "1553539461.009400",
        "thread_ts": "1553539461.009400",
        "reply_count": 3,
        "reply_users_count": 2,
        "latest_reply": "1553630618.013100",
        "reply_users": [
            "UE1ULNT9V",
            "UH5T8NCTZ"
        ],
        "replies": [
            {
                "user": "UE1ULNT9V",
                "ts": "1553598829.009500"
            },
            {
                "user": "UH5T8NCTZ",
                "ts": "1553625455.011900"
            },
            {
                "user": "UH5T8NCTZ",
                "ts": "1553630618.013100"
            }
        ]
    }
]