[
    {
        "client_msg_id": "d0b03cab-8c99-4ac3-a760-52721860b5ce",
        "type": "message",
        "text": "return repository.computeIfPresent(meal.getId(), (id, oldMeal) -&gt; meal);",
        "user": "UFFJ077SL",
        "ts": "1550404747.131000",
        "thread_ts": "1550404747.131000",
        "reply_count": 3,
        "reply_users_count": 2,
        "latest_reply": "1550420963.131800",
        "reply_users": [
            "UFFJ077SL",
            "UFLKE29QW"
        ],
        "replies": [
            {
                "user": "UFFJ077SL",
                "ts": "1550404787.131300"
            },
            {
                "user": "UFLKE29QW",
                "ts": "1550407398.131500"
            },
            {
                "user": "UFFJ077SL",
                "ts": "1550420963.131800"
            }
        ]
    },
    {
        "client_msg_id": "4173d58b-44da-448c-9089-8e2565ae79c7",
        "type": "message",
        "text": "скажите пожалуйста, этой строчкой мы передали записали в meal oldMeal и id?",
        "user": "UFFJ077SL",
        "ts": "1550404787.131300",
        "thread_ts": "1550404747.131000",
        "parent_user_id": "UFFJ077SL"
    },
    {
        "client_msg_id": "1533daf0-e55a-4305-a63f-9334f8c37ce2",
        "type": "message",
        "text": "В этой строке oldMeal заменяем на meal (происходит update). ",
        "user": "UFLKE29QW",
        "ts": "1550407398.131500",
        "thread_ts": "1550404747.131000",
        "parent_user_id": "UFFJ077SL",
        "reactions": [
            {
                "name": "heavy_check_mark",
                "users": [
                    "UE1ULNT9V"
                ],
                "count": 1
            }
        ]
    },
    {
        "client_msg_id": "6d1fcb1e-b051-4f0f-821a-efe1f33a35de",
        "type": "message",
        "text": "спасибо ) что то я затупил )_",
        "user": "UFFJ077SL",
        "ts": "1550420963.131800",
        "thread_ts": "1550404747.131000",
        "parent_user_id": "UFFJ077SL"
    }
]