[
    {
        "client_msg_id": "0c9bb4cf-054e-43d9-a968-e5328669015e",
        "type": "message",
        "text": "по Alt+Enter не подтягивается?",
        "user": "UE1ULNT9V",
        "ts": "1553598829.009500",
        "edited": {
            "user": "UE1ULNT9V",
            "ts": "1553598838.000000"
        },
        "thread_ts": "1553539461.009400",
        "parent_user_id": "UH5T8NCTZ"
    },
    {
        "client_msg_id": "7b62df4b-92d7-4c85-adee-1b5b928b4712",
        "type": "message",
        "text": "кто нибудь уже создавал переменную окружения в убунту ,для папки лог?не подскажете инструкцию а то я сделал как будто не то.",
        "user": "UH5T8NCTZ",
        "ts": "1553621902.009900",
        "thread_ts": "1553621902.009900",
        "reply_count": 14,
        "reply_users_count": 2,
        "latest_reply": "1553626752.012900",
        "reply_users": [
            "UFVTNRHNK",
            "UH5T8NCTZ"
        ],
        "replies": [
            {
                "user": "UFVTNRHNK",
                "ts": "1553624470.010000"
            },
            {
                "user": "UH5T8NCTZ",
                "ts": "1553624881.010200"
            },
            {
                "user": "UH5T8NCTZ",
                "ts": "1553624945.010400"
            },
            {
                "user": "UH5T8NCTZ",
                "ts": "1553625010.010600"
            },
            {
                "user": "UH5T8NCTZ",
                "ts": "1553625049.010800"
            },
            {
                "user": "UFVTNRHNK",
                "ts": "1553625159.011000"
            },
            {
                "user": "UH5T8NCTZ",
                "ts": "1553625274.011300"
            },
            {
                "user": "UH5T8NCTZ",
                "ts": "1553625351.011500"
            },
            {
                "user": "UH5T8NCTZ",
                "ts": "1553625404.011700"
            },
            {
                "user": "UFVTNRHNK",
                "ts": "1553625509.012100"
            },
            {
                "user": "UH5T8NCTZ",
                "ts": "1553625789.012300"
            },
            {
                "user": "UH5T8NCTZ",
                "ts": "1553625811.012500"
            },
            {
                "user": "UH5T8NCTZ",
                "ts": "1553626041.012700"
            },
            {
                "user": "UH5T8NCTZ",
                "ts": "1553626752.012900"
            }
        ]
    },
    {
        "client_msg_id": "d5e80aa8-0c4e-4a9e-805c-1a13712f28b9",
        "type": "message",
        "text": "export TOPJAVA_ROOT=\"\/home\/....\/topjava\"",
        "user": "UFVTNRHNK",
        "ts": "1553624470.010000",
        "thread_ts": "1553621902.009900",
        "parent_user_id": "UH5T8NCTZ"
    },
    {
        "client_msg_id": "16ff2363-c7f8-49d1-a618-208731ebf21f",
        "type": "message",
        "text": "а почему точки, если не секрет?",
        "user": "UH5T8NCTZ",
        "ts": "1553624881.010200",
        "thread_ts": "1553621902.009900",
        "parent_user_id": "UH5T8NCTZ"
    },
    {
        "client_msg_id": "da01071a-589d-4dc6-b4f8-64678120892d",
        "type": "message",
        "text": "сори, понял как ты имеешь, в виду. я так же сделал",
        "user": "UH5T8NCTZ",
        "ts": "1553624945.010400",
        "thread_ts": "1553621902.009900",
        "parent_user_id": "UH5T8NCTZ"
    },
    {
        "client_msg_id": "943fe298-3c17-4f8e-901e-eba7692988b7",
        "type": "message",
        "text": "export TOPJAVA_ROOT='\/home\/solomon\/IdeaProjects\/topjava'",
        "user": "UH5T8NCTZ",
        "ts": "1553625010.010600",
        "thread_ts": "1553621902.009900",
        "parent_user_id": "UH5T8NCTZ"
    },
    {
        "client_msg_id": "01d74c7c-83f3-4762-a8f2-569656391ce6",
        "type": "message",
        "text": "а наверное двойные кавычки сейчас попробую",
        "user": "UH5T8NCTZ",
        "ts": "1553625049.010800",
        "thread_ts": "1553621902.009900",
        "parent_user_id": "UH5T8NCTZ"
    },
    {
        "client_msg_id": "109e54a5-b722-4b58-932c-f4ad7ba58332",
        "type": "message",
        "text": "потом можешь проверить еще , env | grep java, там должно появиться",
        "user": "UFVTNRHNK",
        "ts": "1553625159.011000",
        "edited": {
            "user": "UFVTNRHNK",
            "ts": "1553625178.000000"
        },
        "thread_ts": "1553621902.009900",
        "parent_user_id": "UH5T8NCTZ"
    },
    {
        "client_msg_id": "6133ea38-a28a-4aac-a150-92813d7c54ca",
        "type": "message",
        "text": "env | grep java  TOPJAVA_ROOT=\/home\/solomon\/IdeaProjects\/topjava",
        "user": "UH5T8NCTZ",
        "ts": "1553625274.011300",
        "thread_ts": "1553621902.009900",
        "parent_user_id": "UH5T8NCTZ"
    },
    {
        "client_msg_id": "65360312-1033-4e0a-b1a8-3b2b131115da",
        "type": "message",
        "text": "не понял, в чем дело. факт ,поставил двойный ковычки ,а теперь создается файл по названию в котором создается переменная",
        "user": "UH5T8NCTZ",
        "ts": "1553625351.011500",
        "thread_ts": "1553621902.009900",
        "parent_user_id": "UH5T8NCTZ"
    },
    {
        "client_msg_id": "f52ba8d9-116e-4470-9a6c-1b9e42b7f76d",
        "type": "message",
        "text": "вот название .bashrc.swp этого файла вообще не то",
        "user": "UH5T8NCTZ",
        "ts": "1553625404.011700",
        "thread_ts": "1553621902.009900",
        "parent_user_id": "UH5T8NCTZ"
    },
    {
        "client_msg_id": "5c323519-9c28-4cfd-bc0c-9ad5ab7a2f74",
        "type": "message",
        "text": "не не помагает",
        "user": "UH5T8NCTZ",
        "ts": "1553625455.011900",
        "thread_ts": "1553539461.009400",
        "parent_user_id": "UH5T8NCTZ"
    },
    {
        "client_msg_id": "ebd7d7db-8d1b-414c-8352-fe5325aa332a",
        "type": "message",
        "text": "логи то пишутся ?",
        "user": "UFVTNRHNK",
        "ts": "1553625509.012100",
        "thread_ts": "1553621902.009900",
        "parent_user_id": "UH5T8NCTZ"
    },
    {
        "client_msg_id": "aa6f07af-ba7d-4981-a3d1-0e9901fe5fe9",
        "type": "message",
        "text": "я файл не мог нормально открыть удалил потом снова запустил в дебаги проект файл уже не создается",
        "user": "UH5T8NCTZ",
        "ts": "1553625789.012300",
        "thread_ts": "1553621902.009900",
        "parent_user_id": "UH5T8NCTZ"
    },
    {
        "client_msg_id": "6add80d8-95f5-4500-a0a4-db5cfa2e792d",
        "type": "message",
        "text": "у файла не понятный был формат",
        "user": "UH5T8NCTZ",
        "ts": "1553625811.012500",
        "thread_ts": "1553621902.009900",
        "parent_user_id": "UH5T8NCTZ"
    },
    {
        "client_msg_id": "4f511d9b-a28a-405f-8e9c-df0e6a1a5445",
        "type": "message",
        "text": "теперь ,вообще не фига не работает. файл не создается хз.",
        "user": "UH5T8NCTZ",
        "ts": "1553626041.012700",
        "thread_ts": "1553621902.009900",
        "parent_user_id": "UH5T8NCTZ"
    },
    {
        "client_msg_id": "b03066d8-7bb0-41a5-b15b-32c10c6dc9d1",
        "type": "message",
        "text": "не не работает ,как поменял сперва на двойные кавычки ,записался не понятно какой формат файла в котором былa, ерунда не понятная после удаление файла, файл не создается воббще .",
        "user": "UH5T8NCTZ",
        "ts": "1553626752.012900",
        "thread_ts": "1553621902.009900",
        "parent_user_id": "UH5T8NCTZ"
    },
    {
        "client_msg_id": "9def8ddb-d724-4fa7-bd25-1d874497ce77",
        "type": "message",
        "text": "гриша ,не знаю как настроить переменную среды на убунту ,верней установил, а в идеи не создается файл в папке лог .может ты уже сможешь подсказать?\nвот так вот выглядет переменная export TOPJAVA_ROOT='\/home\/solomon\/IdeaProjects\/topjava' уже и в разных кавычках пробывал но не фига.",
        "user": "UH5T8NCTZ",
        "ts": "1553630618.013100",
        "thread_ts": "1553539461.009400",
        "parent_user_id": "UH5T8NCTZ"
    }
]