[
    {
        "client_msg_id": "ed3cef78-e79c-4c04-bd1d-22d26aa79b39",
        "type": "message",
        "text": "Не мне одному ревью не сделали?Отправил вчера в 20.45 по москве, тишина",
        "user": "UFTEY6H27",
        "ts": "1550049022.087900",
        "thread_ts": "1550049022.087900",
        "reply_count": 12,
        "reply_users_count": 5,
        "latest_reply": "1550064743.100100",
        "reply_users": [
            "UF6HMCG3X",
            "UFTEY6H27",
            "UFFJ077SL",
            "UFPRT4B28",
            "UFZT3QMU6"
        ],
        "replies": [
            {
                "user": "UF6HMCG3X",
                "ts": "1550049195.088000"
            },
            {
                "user": "UF6HMCG3X",
                "ts": "1550049253.088200"
            },
            {
                "user": "UFTEY6H27",
                "ts": "1550049364.088400"
            },
            {
                "user": "UFFJ077SL",
                "ts": "1550049976.089000"
            },
            {
                "user": "UFFJ077SL",
                "ts": "1550049987.089200"
            },
            {
                "user": "UFTEY6H27",
                "ts": "1550051413.089400"
            },
            {
                "user": "UFTEY6H27",
                "ts": "1550051528.089600"
            },
            {
                "user": "UFPRT4B28",
                "ts": "1550057684.097500"
            },
            {
                "user": "UFZT3QMU6",
                "ts": "1550062553.098700"
            },
            {
                "user": "UFZT3QMU6",
                "ts": "1550062615.098900"
            },
            {
                "user": "UFZT3QMU6",
                "ts": "1550062757.099300"
            },
            {
                "user": "UFPRT4B28",
                "ts": "1550064743.100100"
            }
        ]
    },
    {
        "client_msg_id": "3c9ea09b-424f-4e81-bb9e-058a530558bb",
        "type": "message",
        "text": "Есть такое.",
        "user": "UF6HMCG3X",
        "ts": "1550049195.088000",
        "thread_ts": "1550049022.087900",
        "parent_user_id": "UFTEY6H27"
    },
    {
        "client_msg_id": "6f359831-e16f-42ea-b33a-9a5e360e8669",
        "type": "message",
        "text": "Может много людей вчера ДЗ сдали.",
        "user": "UF6HMCG3X",
        "ts": "1550049253.088200",
        "thread_ts": "1550049022.087900",
        "parent_user_id": "UFTEY6H27"
    },
    {
        "client_msg_id": "37b0e8d7-e5b8-458e-8c96-717262621c22",
        "type": "message",
        "text": "Тогда не переживаю",
        "user": "UFTEY6H27",
        "ts": "1550049364.088400",
        "thread_ts": "1550049022.087900",
        "parent_user_id": "UFTEY6H27"
    },
    {
        "client_msg_id": "ecc861ec-eed4-43d4-9e03-5bcc57061427",
        "type": "message",
        "text": "сюда НЕ надо свои решения постить\nбыло письмо- проверка ДЗ. там все написано",
        "user": "UE1ULNT9V",
        "ts": "1550049783.088700",
        "edited": {
            "user": "UE1ULNT9V",
            "ts": "1550049825.000000"
        },
        "thread_ts": "1550036996.085800",
        "parent_user_id": "UFBA1SS4W"
    },
    {
        "client_msg_id": "9849b869-981a-4670-9872-2b1e03edcd17",
        "type": "message",
        "text": "я отправлял в 19:37",
        "user": "UFFJ077SL",
        "ts": "1550049976.089000",
        "thread_ts": "1550049022.087900",
        "parent_user_id": "UFTEY6H27"
    },
    {
        "client_msg_id": "1d7d6dba-2930-45f5-ac37-9b810b7efd25",
        "type": "message",
        "text": "мне отревьювили ) так что половину переделывать нужно :slightly_smiling_face:",
        "user": "UFFJ077SL",
        "ts": "1550049987.089200",
        "thread_ts": "1550049022.087900",
        "parent_user_id": "UFTEY6H27"
    },
    {
        "client_msg_id": "ca4adf85-e735-4530-9f05-3edba2027bab",
        "type": "message",
        "text": "Мне в первый раз тоже также",
        "user": "UFTEY6H27",
        "ts": "1550051413.089400",
        "thread_ts": "1550049022.087900",
        "parent_user_id": "UFTEY6H27"
    },
    {
        "client_msg_id": "a15fc7f3-78e5-4c8d-9c98-2d8cd16d8e7f",
        "type": "message",
        "text": "Классная штука, не вижу смысла курса без ревью.\nА на джавараше валидатор вообще приводит к тому, что начинаешь мыслить \"как  бы костылей понапихать, лишь бы приняло\"",
        "user": "UFTEY6H27",
        "ts": "1550051528.089600",
        "thread_ts": "1550049022.087900",
        "parent_user_id": "UFTEY6H27"
    },
    {
        "client_msg_id": "094d971f-56a4-4358-a3a2-15e0e486a5b2",
        "type": "message",
        "text": "Почему метод getFilteredWithExceededByCycle не работает если в UserMealWithExceed exceed тип boolen, а не AtomicBoolean, если  в методе createWithExceed сделать exceeded.get()?",
        "user": "UFT4L3F51",
        "ts": "1550053761.090300"
    },
    {
        "client_msg_id": "0ecb5ade-e838-43ac-b6fd-9abf92293196",
        "type": "message",
        "text": "всем привет, кто как реализовал потокобезопасность в приложении, что использовали? Потокобезопасная коллекция, синхронизированные методы в хранилище, волатильные\/атомарные переменные? Всего поначитался, теперь винегрет в голове ) Если правильно понял, надо синхронизировать методы работы с хранилищем",
        "user": "UFR6VRXL3",
        "ts": "1550055351.095800",
        "edited": {
            "user": "UFR6VRXL3",
            "ts": "1550055429.000000"
        },
        "thread_ts": "1550055351.095800",
        "reply_count": 11,
        "reply_users_count": 4,
        "latest_reply": "1550063334.099900",
        "reply_users": [
            "UFPRT4B28",
            "UFKNK1SBG",
            "UFR6VRXL3",
            "UFKG13683"
        ],
        "replies": [
            {
                "user": "UFPRT4B28",
                "ts": "1550056379.096700"
            },
            {
                "user": "UFKNK1SBG",
                "ts": "1550056553.096900"
            },
            {
                "user": "UFR6VRXL3",
                "ts": "1550056556.097100"
            },
            {
                "user": "UFPRT4B28",
                "ts": "1550056726.097300"
            },
            {
                "user": "UFKG13683",
                "ts": "1550059196.097700"
            },
            {
                "user": "UFR6VRXL3",
                "ts": "1550061230.097900"
            },
            {
                "user": "UFPRT4B28",
                "ts": "1550061482.098100"
            },
            {
                "user": "UFKG13683",
                "ts": "1550062236.098300"
            },
            {
                "user": "UFR6VRXL3",
                "ts": "1550062290.098500"
            },
            {
                "user": "UFR6VRXL3",
                "ts": "1550062692.099100"
            },
            {
                "user": "UFKG13683",
                "ts": "1550063334.099900"
            }
        ]
    },
    {
        "client_msg_id": "22c1de36-51bb-4a36-b243-93bde522eb30",
        "type": "message",
        "text": "синхронизированные блоки с захватом нужного монитора",
        "user": "UFFJ077SL",
        "ts": "1550055410.096500",
        "thread_ts": "1550055410.096500",
        "reply_count": 3,
        "reply_users_count": 2,
        "latest_reply": "1550333591.129100",
        "reply_users": [
            "UFZT3QMU6",
            "UFFJ077SL"
        ],
        "replies": [
            {
                "user": "UFZT3QMU6",
                "ts": "1550062928.099700"
            },
            {
                "user": "UFFJ077SL",
                "ts": "1550072485.104300"
            },
            {
                "user": "UFZT3QMU6",
                "ts": "1550333591.129100"
            }
        ]
    },
    {
        "client_msg_id": "6e926370-6351-48c6-a6ac-2ea766b7387c",
        "type": "message",
        "text": "я использовала AtomicInteger для счетчика и ConcurrentHashMap для списка, всё",
        "user": "UFPRT4B28",
        "ts": "1550056379.096700",
        "thread_ts": "1550055351.095800",
        "parent_user_id": "UFR6VRXL3"
    },
    {
        "client_msg_id": "21b92d4b-bb0e-4d0b-b23c-4e35aeabcf71",
        "type": "message",
        "text": "<@UFPRT4B28> тоже так сделал. Интересно, этого достаточно? А то я в многопоточности вообще ни в зуб ногой",
        "user": "UFKNK1SBG",
        "ts": "1550056553.096900",
        "thread_ts": "1550055351.095800",
        "parent_user_id": "UFR6VRXL3"
    },
    {
        "client_msg_id": "263ec604-e3d8-4fde-99c5-56f772c07664",
        "type": "message",
        "text": "id я через UUID реализовал, еще не знаю правильно или нет ) Коллекцию тоже эту использовал",
        "user": "UFR6VRXL3",
        "ts": "1550056556.097100",
        "thread_ts": "1550055351.095800",
        "parent_user_id": "UFR6VRXL3"
    },
    {
        "client_msg_id": "d5eab024-0203-4135-9808-beea1f7168a2",
        "type": "message",
        "text": "@Max, думаю да, в ревью ничего не написали по этому поводу :wink: значит, устроило, надеюсь))",
        "user": "UFPRT4B28",
        "ts": "1550056726.097300",
        "thread_ts": "1550055351.095800",
        "parent_user_id": "UFR6VRXL3"
    },
    {
        "client_msg_id": "f4401765-1ece-463e-96d2-83d9edcfa181",
        "type": "message",
        "text": "я отправляла в 14:00, через 2.5 часа пришел ответ",
        "user": "UFPRT4B28",
        "ts": "1550057684.097500",
        "thread_ts": "1550049022.087900",
        "parent_user_id": "UFTEY6H27"
    },
    {
        "client_msg_id": "a150c99d-c16d-444c-a1e1-62e530adca15",
        "type": "message",
        "text": "Вообще ConcurrentHashMap уже сделана потокобезопасной и тебе не нужно синхронизировать методы",
        "user": "UFKG13683",
        "ts": "1550059196.097700",
        "thread_ts": "1550055351.095800",
        "parent_user_id": "UFR6VRXL3"
    },
    {
        "client_msg_id": "0b3ba1cb-96c1-448d-9eec-a0bce50c75ae",
        "type": "message",
        "text": "если мы в методе удаления делаем проверку наличия записи с искомым Meal в коллекции. А другой поток в это время тоже удаляет нашу запись и на момент проверки запись была а на момент удаления (remove) уже нет, т.к. метод не синхронизирован - получаем эксепшен. Такой вариант возможен при использовании ConcurrentHashMap?",
        "user": "UFR6VRXL3",
        "ts": "1550061230.097900",
        "thread_ts": "1550055351.095800",
        "parent_user_id": "UFR6VRXL3"
    },
    {
        "client_msg_id": "2b99887c-a257-4870-bdb3-e28ff5479e21",
        "type": "message",
        "text": "если делать проверку, то надо синхронизировать метод, я думаю\nя не проверяю, удалит если есть, если нет то и ладно\nтк писали что обработка ошибок будет позднее прикручиваться",
        "user": "UFPRT4B28",
        "ts": "1550061482.098100",
        "thread_ts": "1550055351.095800",
        "parent_user_id": "UFR6VRXL3"
    },
    {
        "client_msg_id": "9916f6ae-8a74-4fb2-bfee-81deece845d2",
        "type": "message",
        "text": "<@UFR6VRXL3> значит другой поток будет ждать пока первый не удалит запись. Но этот вариант маловероятен так как у каждого юзера своя еда. И юзер не может удалить еду другого юзера.",
        "user": "UFKG13683",
        "ts": "1550062236.098300",
        "thread_ts": "1550055351.095800",
        "parent_user_id": "UFR6VRXL3"
    },
    {
        "client_msg_id": "1fc90b45-4620-4752-bb82-bb30b8ac2409",
        "type": "message",
        "text": "если будет не Meal а скажем User? )",
        "user": "UFR6VRXL3",
        "ts": "1550062290.098500",
        "thread_ts": "1550055351.095800",
        "parent_user_id": "UFR6VRXL3"
    },
    {
        "client_msg_id": "374b677d-4bde-40d4-9ee3-8f6734241611",
        "type": "message",
        "text": "3й раз на ревью не принимают.",
        "user": "UFZT3QMU6",
        "ts": "1550062553.098700",
        "thread_ts": "1550049022.087900",
        "parent_user_id": "UFTEY6H27"
    },
    {
        "client_msg_id": "f65fd398-1154-45df-bc65-3e0009007e37",
        "type": "message",
        "text": "1-2 раза посмотрят. Ревью в 1й раз было чрз 2 часа, что на мой взгляд очень быстро)",
        "user": "UFZT3QMU6",
        "ts": "1550062615.098900",
        "thread_ts": "1550049022.087900",
        "parent_user_id": "UFTEY6H27"
    },
    {
        "client_msg_id": "33d2006e-72ee-4c58-b623-44b57e070393",
        "type": "message",
        "text": "`будет ждать пока первый не удалит запись` это наверное в том случае если оба потока вызвали remove в одно время, а у нас первый поток еще не вызвал remove а только прошел проверку наличия )",
        "user": "UFR6VRXL3",
        "ts": "1550062692.099100",
        "thread_ts": "1550055351.095800",
        "parent_user_id": "UFR6VRXL3"
    },
    {
        "client_msg_id": "d8964786-1402-4a2f-8edc-e103390d2e40",
        "type": "message",
        "text": "На JavaRush в неск-х задачах и правда неправильно настроен валидатор. А в основном он заставляет писать правильный код. Привыкли писать говнокод, что никому не нужен - так вас и на работу не возьмут, тогда для вас Java будет бесполезна.",
        "user": "UFZT3QMU6",
        "ts": "1550062757.099300",
        "thread_ts": "1550049022.087900",
        "parent_user_id": "UFTEY6H27"
    },
    {
        "client_msg_id": "d2f76530-ca50-4438-b9bf-af0ca5b85ac4",
        "type": "message",
        "text": "Избыточность в Спринге в том, что Сервисы часто повторяют Репозитории. И иногда и контроллеры очень похожы на Сервисы. т.е. тоже самое можно сделать 1м-2мя классами.",
        "user": "UFZT3QMU6",
        "ts": "1550062854.099500",
        "thread_ts": "1549916759.044900",
        "parent_user_id": "UFT7XUWJX"
    },
    {
        "client_msg_id": "589c6690-17d5-43d9-b793-58a57de4761b",
        "type": "message",
        "text": "Синхронизированные блоки - прошлый век. На работу быстрей всего не возьмут.",
        "user": "UFZT3QMU6",
        "ts": "1550062928.099700",
        "thread_ts": "1550055410.096500",
        "parent_user_id": "UFFJ077SL"
    },
    {
        "client_msg_id": "f751d05c-79cc-45d5-a2f7-571ce3f5e1dc",
        "type": "message",
        "text": "<@UFR6VRXL3> В методе удаления, если я не ошибаюсь, внутри уже есть, по-моему , проверка наличия элемента. Поэтому тебе не надо проверять на наличие, так как это уже реализовано ",
        "user": "UFKG13683",
        "ts": "1550063334.099900",
        "thread_ts": "1550055351.095800",
        "parent_user_id": "UFR6VRXL3"
    },
    {
        "client_msg_id": "84497db1-6905-453a-9e02-42c60e04f0cd",
        "type": "message",
        "text": "<@UFZT3QMU6> у меня каждый раз 3 ревью получается:upside_down_face: сначала основное, потом исправления по основному+дополнтельное, потом исправления по дополнительному",
        "user": "UFPRT4B28",
        "ts": "1550064743.100100",
        "thread_ts": "1550049022.087900",
        "parent_user_id": "UFTEY6H27"
    },
    {
        "client_msg_id": "36c50732-d956-4551-b2fb-9db9bf735751",
        "type": "message",
        "text": "Подскажите, какую строку надо поставить из статьи? У меня такая строка &lt;%@ taglib prefix=\"fmt\" uri=\"<http:\/\/java.sun.com\/jstl\/fmt>\" %&gt; и с ней не работает.",
        "user": "UFC4S6TBM",
        "ts": "1550067053.100300",
        "edited": {
            "user": "UFC4S6TBM",
            "ts": "1550067120.000000"
        },
        "thread_ts": "1549799000.080700",
        "parent_user_id": "UFKLLLP1A"
    },
    {
        "type": "message",
        "text": "а почему когда я  меняю что то в index,html например добавляю User11111111  и перезапускаю Tomcat то в браузере всеравно выводит просто Users?",
        "files": [
            {
                "id": "FG5QF78NQ",
                "created": 1550067470,
                "timestamp": 1550067470,
                "name": "dddd.JPG",
                "title": "dddd.JPG",
                "mimetype": "image\/jpeg",
                "filetype": "jpg",
                "pretty_type": "JPEG",
                "user": "UFL6M7PR9",
                "editable": false,
                "size": 64560,
                "mode": "hosted",
                "is_external": false,
                "external_type": "",
                "is_public": true,
                "public_url_shared": false,
                "display_as_bot": false,
                "username": "",
                "url_private": "https:\/\/files.slack.com\/files-pri\/TE09AK9BK-FG5QF78NQ\/dddd.jpg?t=xoxe-476316655393-618179035285-606757826531-bd1c7b831233e0d053294a8f47715ef5",
                "url_private_download": "https:\/\/files.slack.com\/files-pri\/TE09AK9BK-FG5QF78NQ\/download\/dddd.jpg?t=xoxe-476316655393-618179035285-606757826531-bd1c7b831233e0d053294a8f47715ef5",
                "thumb_64": "https:\/\/files.slack.com\/files-tmb\/TE09AK9BK-FG5QF78NQ-02e6823f0e\/dddd_64.jpg?t=xoxe-476316655393-618179035285-606757826531-bd1c7b831233e0d053294a8f47715ef5",
                "thumb_80": "https:\/\/files.slack.com\/files-tmb\/TE09AK9BK-FG5QF78NQ-02e6823f0e\/dddd_80.jpg?t=xoxe-476316655393-618179035285-606757826531-bd1c7b831233e0d053294a8f47715ef5",
                "thumb_360": "https:\/\/files.slack.com\/files-tmb\/TE09AK9BK-FG5QF78NQ-02e6823f0e\/dddd_360.jpg?t=xoxe-476316655393-618179035285-606757826531-bd1c7b831233e0d053294a8f47715ef5",
                "thumb_360_w": 360,
                "thumb_360_h": 156,
                "thumb_480": "https:\/\/files.slack.com\/files-tmb\/TE09AK9BK-FG5QF78NQ-02e6823f0e\/dddd_480.jpg?t=xoxe-476316655393-618179035285-606757826531-bd1c7b831233e0d053294a8f47715ef5",
                "thumb_480_w": 480,
                "thumb_480_h": 208,
                "thumb_160": "https:\/\/files.slack.com\/files-tmb\/TE09AK9BK-FG5QF78NQ-02e6823f0e\/dddd_160.jpg?t=xoxe-476316655393-618179035285-606757826531-bd1c7b831233e0d053294a8f47715ef5",
                "thumb_720": "https:\/\/files.slack.com\/files-tmb\/TE09AK9BK-FG5QF78NQ-02e6823f0e\/dddd_720.jpg?t=xoxe-476316655393-618179035285-606757826531-bd1c7b831233e0d053294a8f47715ef5",
                "thumb_720_w": 720,
                "thumb_720_h": 311,
                "thumb_800": "https:\/\/files.slack.com\/files-tmb\/TE09AK9BK-FG5QF78NQ-02e6823f0e\/dddd_800.jpg?t=xoxe-476316655393-618179035285-606757826531-bd1c7b831233e0d053294a8f47715ef5",
                "thumb_800_w": 800,
                "thumb_800_h": 346,
                "thumb_960": "https:\/\/files.slack.com\/files-tmb\/TE09AK9BK-FG5QF78NQ-02e6823f0e\/dddd_960.jpg?t=xoxe-476316655393-618179035285-606757826531-bd1c7b831233e0d053294a8f47715ef5",
                "thumb_960_w": 960,
                "thumb_960_h": 415,
                "thumb_1024": "https:\/\/files.slack.com\/files-tmb\/TE09AK9BK-FG5QF78NQ-02e6823f0e\/dddd_1024.jpg?t=xoxe-476316655393-618179035285-606757826531-bd1c7b831233e0d053294a8f47715ef5",
                "thumb_1024_w": 1024,
                "thumb_1024_h": 443,
                "image_exif_rotation": 1,
                "original_w": 1131,
                "original_h": 489,
                "permalink": "https:\/\/topjava16.slack.com\/files\/UFL6M7PR9\/FG5QF78NQ\/dddd.jpg",
                "permalink_public": "https:\/\/slack-files.com\/TE09AK9BK-FG5QF78NQ-57d6af2328",
                "has_rich_preview": false
            }
        ],
        "upload": true,
        "user": "UFL6M7PR9",
        "display_as_bot": false,
        "ts": "1550067476.100700",
        "thread_ts": "1550067476.100700",
        "reply_count": 10,
        "reply_users_count": 3,
        "latest_reply": "1550078975.104900",
        "reply_users": [
            "UFR6VRXL3",
            "UFL6M7PR9",
            "UE1ULNT9V"
        ],
        "replies": [
            {
                "user": "UFR6VRXL3",
                "ts": "1550067561.101400"
            },
            {
                "user": "UFL6M7PR9",
                "ts": "1550067610.101600"
            },
            {
                "user": "UFL6M7PR9",
                "ts": "1550067635.101800"
            },
            {
                "user": "UFR6VRXL3",
                "ts": "1550067720.102000"
            },
            {
                "user": "UFL6M7PR9",
                "ts": "1550067799.102200"
            },
            {
                "user": "UFL6M7PR9",
                "ts": "1550067864.102400"
            },
            {
                "user": "UFR6VRXL3",
                "ts": "1550067895.102600"
            },
            {
                "user": "UFL6M7PR9",
                "ts": "1550067954.102800"
            },
            {
                "user": "UE1ULNT9V",
                "ts": "1550075636.104600"
            },
            {
                "user": "UFL6M7PR9",
                "ts": "1550078975.104900"
            }
        ]
    },
    {
        "client_msg_id": "2644900f-4df0-4f39-906c-b74016c21840",
        "type": "message",
        "text": "Ctrl+F5",
        "user": "UFR6VRXL3",
        "ts": "1550067561.101400",
        "thread_ts": "1550067476.100700",
        "parent_user_id": "UFL6M7PR9"
    },
    {
        "client_msg_id": "165731e8-fbfa-42d7-b0df-0d161b99e262",
        "type": "message",
        "text": "не помогло тоже самое(",
        "user": "UFL6M7PR9",
        "ts": "1550067610.101600",
        "thread_ts": "1550067476.100700",
        "parent_user_id": "UFL6M7PR9"
    },
    {
        "client_msg_id": "ea38db41-6c65-4f21-be1f-f54bf2285fe1",
        "type": "message",
        "text": "я даже комп перезагружал(",
        "user": "UFL6M7PR9",
        "ts": "1550067635.101800",
        "thread_ts": "1550067476.100700",
        "parent_user_id": "UFL6M7PR9"
    },
    {
        "client_msg_id": "229a7023-556a-48d4-bd4d-cd250ddd8029",
        "type": "message",
        "text": "хм, точно Ctrl+F5 в хроме нажал? )",
        "user": "UFR6VRXL3",
        "ts": "1550067720.102000",
        "thread_ts": "1550067476.100700",
        "parent_user_id": "UFL6M7PR9"
    },
    {
        "client_msg_id": "a8490e74-7429-4653-8fbd-53e52491404b",
        "type": "message",
        "text": "а я в идеи нажимал спасибо)",
        "user": "UFL6M7PR9",
        "ts": "1550067799.102200",
        "thread_ts": "1550067476.100700",
        "parent_user_id": "UFL6M7PR9"
    },
    {
        "client_msg_id": "b54cc1ea-62f6-4952-97c7-4b419268593e",
        "type": "message",
        "text": "а почему после ctrl + f5 заработало а после перезогрузки компа нет?",
        "user": "UFL6M7PR9",
        "ts": "1550067864.102400",
        "thread_ts": "1550067476.100700",
        "parent_user_id": "UFL6M7PR9"
    },
    {
        "client_msg_id": "b15882fa-9d7b-4fdf-a334-28456b65f62c",
        "type": "message",
        "text": "хром из своего кэша страничку загружал",
        "user": "UFR6VRXL3",
        "ts": "1550067895.102600",
        "thread_ts": "1550067476.100700",
        "parent_user_id": "UFL6M7PR9"
    },
    {
        "client_msg_id": "d38bedd6-06b0-4879-9342-adfa2df9b7d9",
        "type": "message",
        "text": "спасибо)",
        "user": "UFL6M7PR9",
        "ts": "1550067954.102800",
        "thread_ts": "1550067476.100700",
        "parent_user_id": "UFL6M7PR9"
    },
    {
        "client_msg_id": "d6448ebd-b397-44dc-8d51-8c8a595f672c",
        "type": "message",
        "text": "Это ты только подключил библиотеку, надо добавить еще две строки",
        "user": "UFKMGA8S3",
        "ts": "1550071220.103800",
        "edited": {
            "user": "UFKMGA8S3",
            "ts": "1550071308.000000"
        },
        "thread_ts": "1549799000.080700",
        "parent_user_id": "UFKLLLP1A"
    },
    {
        "client_msg_id": "04cec82c-0e65-487b-9094-86113b9e2135",
        "type": "message",
        "text": "&lt;fmt:parseDate value=\"${mealto.getDateTime()}\" pattern=\"yyyy-MM-dd'T'HH:mm\" var=\"parsedDateTime\" type=\"both\" \/&gt;\n&lt;fmt:formatDate pattern=\"dd.MM.yyyy HH:mm\" value=\"${parsedDateTime}\" \/&gt;",
        "user": "UFKMGA8S3",
        "ts": "1550071233.104000",
        "thread_ts": "1549799000.080700",
        "parent_user_id": "UFKLLLP1A"
    },
    {
        "client_msg_id": "c2166f31-5681-4042-99d6-f0a43deafd99",
        "type": "message",
        "text": "странно, зашел в ConcurrentHashMap, а там в каждом методе synchronized блок",
        "user": "UFFJ077SL",
        "ts": "1550072485.104300",
        "thread_ts": "1550055410.096500",
        "parent_user_id": "UFFJ077SL"
    },
    {
        "client_msg_id": "66792b0b-b3c4-4ef5-870a-b6b831e7462f",
        "type": "message",
        "text": "в idea есть кнопка, чтобы изменения в jsp подтягивались.\n<https:\/\/github.com\/JavaOPs\/topjava\/wiki\/IDEA#%D0%94%D0%BB%D1%8F-%D0%B4%D0%B8%D0%BD%D0%B0%D0%BC%D0%B8%D1%87%D0%B5%D1%81%D0%BA%D0%BE%D0%B9-%D0%BF%D0%B5%D1%80%D0%B5%D0%B3%D1%80%D1%83%D0%B7%D0%BA%D0%B8-%D1%80%D0%B5%D1%81%D1%83%D1%80%D1%81%D0%BE%D0%B2-%D0%BA%D0%BD%D0%BE%D0%BF%D0%BA%D0%B0-%D0%BD%D0%B0%D0%B6%D0%BC%D0%B8%D1%82%D0%B5-%D0%BA%D0%BD%D0%BE%D0%BF%D0%BA%D1%83-update-resource-on-frame-deactivation>\n\nДля динамической перегрузки ресурсов кнопка нажмите кнопку Update Resource on Frame Deactivation",
        "user": "UE1ULNT9V",
        "ts": "1550075636.104600",
        "edited": {
            "user": "UE1ULNT9V",
            "ts": "1550075662.000000"
        },
        "thread_ts": "1550067476.100700",
        "parent_user_id": "UFL6M7PR9"
    },
    {
        "client_msg_id": "e0c4c5fe-5476-4351-a6bb-0592cb088985",
        "type": "message",
        "text": "спасибо)",
        "user": "UFL6M7PR9",
        "ts": "1550078975.104900",
        "thread_ts": "1550067476.100700",
        "parent_user_id": "UFL6M7PR9"
    },
    {
        "client_msg_id": "53b38b33-c6b6-4294-862b-1d26326a371b",
        "type": "message",
        "text": "В первом патче к HW_01 работа с датами в jsp мне кажется усложнена. Есть же time formatter в jstl (раз уж мы его используем).\nПодключаем\n&lt;%@ taglib uri=\"http:\/\/java.sun.com\/jsp\/jstl\/fmt\" prefix=\"fmt\"%&gt;\nПарсим\n&lt;fmt:parseDate value=\"${meal.dateTime}\" pattern=\"yyyy-MM-dd'T'HH:mm\" var=\"parsedDate\" type=\"both\" \/&gt;\nВыводим\n&lt;fmt:formatDate pattern=\"yyyy-MMM-dd HH:mm\" value=\"${parsedDate}\" \/&gt;\nПодробнее тут можно прочитать - <https:\/\/www.tutorialspoint.com\/jsp\/jstl_format_formatdate_tag.htm>",
        "user": "UFTSGQ7U5",
        "ts": "1550126567.108000",
        "edited": {
            "user": "UFTSGQ7U5",
            "ts": "1550126614.000000"
        },
        "reactions": [
            {
                "name": "+1",
                "users": [
                    "UFVJ4064D"
                ],
                "count": 1
            }
        ]
    },
    {
        "client_msg_id": "1c356ad2-8efa-4bff-a69b-6b2ace49fe83",
        "type": "message",
        "text": "Подскажите логику плз! передаю из сервлета   атрибут для форматирования даты request.setAttribute(\"localDateTimeFormat\", DateTimeFormatter.ofPattern(\"yyyy-MM-dd hh:mm\")); на странице пытаюсь создать объект(я правильно понимаю?)  &lt;jsp:useBean id=\"localDateTimeFormat\" type=\"java.time.format.DateTimeFormatter\" \/&gt; scope оставляю по умолчанию что бы объект действовал только на этой странице, первый раз когда заходит на эту страницу отрабатывает нормально , после захода на удаление  = здесь получаю ошибку java.lang.InstantiationException: bean localDateTimeFormat not found within scope (получается что этот объект не найден) хотя передаю так же из сервлета на страницу. В чем тут может быть ошибка?",
        "user": "UG862J8F8",
        "ts": "1550130957.112400",
        "thread_ts": "1550130957.112400",
        "reply_count": 4,
        "reply_users_count": 2,
        "latest_reply": "1550145886.113900",
        "reply_users": [
            "UFKG13683",
            "UG862J8F8"
        ],
        "replies": [
            {
                "user": "UFKG13683",
                "ts": "1550141969.113300"
            },
            {
                "user": "UFKG13683",
                "ts": "1550141999.113500"
            },
            {
                "user": "UFKG13683",
                "ts": "1550142053.113700"
            },
            {
                "user": "UG862J8F8",
                "ts": "1550145886.113900"
            }
        ]
    }
]