[
    {
        "client_msg_id": "71021265-e079-4ce2-b195-0a492756a450",
        "type": "message",
        "text": "Всем привет! Смотрю видео разбора ДЗ1, есть такая фраза и я ее уже неоднократно где встречала, что объявлять переменные нужно ближе к месту их использования, это же относится только к локальным переменным?",
        "user": "UFA0AFYAZ",
        "ts": "1551698441.002300",
        "thread_ts": "1551698441.002300",
        "reply_count": 5,
        "reply_users_count": 4,
        "latest_reply": "1551808304.003600",
        "reply_users": [
            "UF3BP78SF",
            "UFA0AFYAZ",
            "UF7MD83EU",
            "UE1ULNT9V"
        ],
        "replies": [
            {
                "user": "UF3BP78SF",
                "ts": "1551700569.002400"
            },
            {
                "user": "UFA0AFYAZ",
                "ts": "1551702293.002600"
            },
            {
                "user": "UF7MD83EU",
                "ts": "1551723126.003000"
            },
            {
                "user": "UFA0AFYAZ",
                "ts": "1551762049.003200"
            },
            {
                "user": "UE1ULNT9V",
                "ts": "1551808304.003600"
            }
        ]
    },
    {
        "client_msg_id": "d61a3ae0-084c-4e2a-8828-92accd3e2be6",
        "type": "message",
        "text": "не только. переменные класса тоже лучше объявлять возле места первого использования. чтобы легче было читать код.",
        "user": "UF3BP78SF",
        "ts": "1551700569.002400",
        "thread_ts": "1551698441.002300",
        "parent_user_id": "UFA0AFYAZ",
        "reactions": [
            {
                "name": "+1",
                "users": [
                    "UFP7PTM99"
                ],
                "count": 1
            }
        ]
    },
    {
        "client_msg_id": "575465c5-3553-42c1-b686-0897577171be",
        "type": "message",
        "text": "спасибо :slightly_smiling_face:",
        "user": "UFA0AFYAZ",
        "ts": "1551702293.002600",
        "thread_ts": "1551698441.002300",
        "parent_user_id": "UFA0AFYAZ"
    },
    {
        "client_msg_id": "30ec9e8d-85d4-416d-a21e-3e103712fd49",
        "type": "message",
        "text": "не согласна\n1) стат переменные\n2) нестат переменные\n3) кострукторы\n4) стат методы\n5) нестат методы\n6) геттеры\/сеттеры\/equals\/hashcode\/toString в конец",
        "user": "UF7MD83EU",
        "ts": "1551723126.003000",
        "thread_ts": "1551698441.002300",
        "parent_user_id": "UFA0AFYAZ",
        "reactions": [
            {
                "name": "heavy_check_mark",
                "users": [
                    "UE1ULNT9V"
                ],
                "count": 1
            }
        ]
    },
    {
        "client_msg_id": "7d564bf2-61d0-49b1-a08e-7b0108d83369",
        "type": "message",
        "text": "+ еще есть блоки инициализации...  Да, Таня, спасибо, так и думала, что при построении класса нужен именно такой порядок, чтобы легко и быстро можно было разобраться с кодом любого класса, т.к. есть общий шаблон написания кода ну и в таком порядке происходит инициализация членов класса",
        "user": "UFA0AFYAZ",
        "ts": "1551762049.003200",
        "thread_ts": "1551698441.002300",
        "parent_user_id": "UFA0AFYAZ"
    }
]