[
    {
        "client_msg_id": "05c5c534-a2cc-421f-8af4-c163d5f52946",
        "type": "message",
        "text": "Подскажите MealServlet делать вместо UserServlet или их оставлять параллельно то же и с jsp?",
        "user": "UFKR9FT55",
        "ts": "1549703033.037200",
        "thread_ts": "1549703033.037200",
        "reply_count": 3,
        "reply_users_count": 3,
        "latest_reply": "1549809504.084200",
        "reply_users": [
            "UFHCGQ525",
            "UFKG13683",
            "UFZT3QMU6"
        ],
        "replies": [
            {
                "user": "UFHCGQ525",
                "ts": "1549703662.037300"
            },
            {
                "user": "UFKG13683",
                "ts": "1549717832.037800"
            },
            {
                "user": "UFZT3QMU6",
                "ts": "1549809504.084200"
            }
        ]
    },
    {
        "client_msg_id": "24534e48-96ba-4cec-a209-4ec7f92c6f03",
        "type": "message",
        "text": "Оставлять. Нужно создать отдельный jsp",
        "user": "UFHCGQ525",
        "ts": "1549703662.037300",
        "thread_ts": "1549703033.037200",
        "parent_user_id": "UFKR9FT55"
    },
    {
        "client_msg_id": "49d919cd-8986-49e4-a625-04715a0087fd",
        "type": "message",
        "text": "Да, 1 jsp на юзеров, а другой jsp на еду",
        "user": "UFKG13683",
        "ts": "1549717832.037800",
        "thread_ts": "1549703033.037200",
        "parent_user_id": "UFKR9FT55"
    },
    {
        "client_msg_id": "446b230f-bc94-4ae9-8bf0-872a755da9e1",
        "type": "message",
        "text": "всем привет",
        "user": "UFFJ077SL",
        "ts": "1549721789.039300"
    },
    {
        "client_msg_id": "5ffa1f80-e729-4be4-b95b-62e899fa37bb",
        "type": "message",
        "text": "&lt;file&gt;${TOPJAVA_ROOT}\/log\/topjava.log&lt;\/file&gt;",
        "user": "UFFJ077SL",
        "ts": "1549721791.039600"
    },
    {
        "client_msg_id": "aa525d23-6de1-4d37-8d8e-adfcdf3f222a",
        "type": "message",
        "text": "у кого-нить на mac os mojave получилось переменную эту сделать?",
        "user": "UFFJ077SL",
        "ts": "1549721806.040000"
    },
    {
        "client_msg_id": "74a3ec0f-9d69-4a3e-b98c-6a203fdde736",
        "type": "message",
        "text": "export TOPJAVA_ROOT=\/Documents\/GitHub\/topjava",
        "user": "UFFJ077SL",
        "ts": "1549721814.040200"
    },
    {
        "client_msg_id": "8d1473a6-f3f4-4b57-9d6c-4bf1d8ca7c8c",
        "type": "message",
        "text": "в консоле набираю",
        "user": "UFFJ077SL",
        "ts": "1549721818.040400"
    },
    {
        "client_msg_id": "8bff57c1-719f-4d6b-bc3e-3a99c5efdb94",
        "type": "message",
        "text": "через printenv переменная появляется (до перезагрузки)",
        "user": "UFFJ077SL",
        "ts": "1549721837.040800"
    },
    {
        "client_msg_id": "faf5b1f3-1581-4477-83ed-e43665f4786f",
        "type": "message",
        "text": "но при запуске проекта ничего не происходит. если в конфиге логера прописать вместо TOPJAVA_ROOT путь \/Documents\/GitHub\/topjava, проект критует с ошибкой, что нет такого файла topjava.log :confused: я думал он автоматом создается",
        "user": "UFFJ077SL",
        "ts": "1549721906.042900"
    },
    {
        "client_msg_id": "42263bf8-165e-4f76-861f-26cd0f98d3a9",
        "type": "message",
        "text": "Здравствуйте, смотрю видео по Tomcat.\nТам в файл tomcat-users надо прописать &lt;user username=\"tomcat\" password=\"tomcat\" roles=\"tomcat,manager-gui,admin-gui\"\/&gt;\n&lt;\/tomcat-users&gt;. У меня tomcat user выглядит совсем по-другому, чем в видео. Где именно этот текст прописать надо?",
        "user": "UEZ1LSXC6",
        "ts": "1549722186.043500",
        "thread_ts": "1549722186.043500",
        "reply_count": 4,
        "reply_users_count": 2,
        "latest_reply": "1549809693.084800",
        "reply_users": [
            "UFT7XUWJX",
            "UFZT3QMU6"
        ],
        "replies": [
            {
                "user": "UFT7XUWJX",
                "ts": "1549722261.044500"
            },
            {
                "user": "UFT7XUWJX",
                "ts": "1549722269.045100"
            },
            {
                "user": "UFZT3QMU6",
                "ts": "1549809626.084400"
            },
            {
                "user": "UFZT3QMU6",
                "ts": "1549809693.084800"
            }
        ]
    },
    {
        "client_msg_id": "379c25be-c38a-4dc2-b2d4-4e43be8e349c",
        "type": "message",
        "text": "я прописывал недавно, вроде все ок",
        "user": "UFFJ077SL",
        "ts": "1549722235.043900"
    },
    {
        "type": "message",
        "text": "У меня вот так, всё работает.",
        "files": [
            {
                "id": "FG2JM7JSF",
                "created": 1549722245,
                "timestamp": 1549722245,
                "name": "image.png",
                "title": "Pasted image at 2019-02-09, 5:24 PM",
                "mimetype": "image\/png",
                "filetype": "png",
                "pretty_type": "PNG",
                "user": "UFU5XFS5D",
                "editable": false,
                "size": 287145,
                "mode": "hosted",
                "is_external": false,
                "external_type": "",
                "is_public": true,
                "public_url_shared": false,
                "display_as_bot": false,
                "username": "",
                "url_private": "https:\/\/files.slack.com\/files-pri\/TE09AK9BK-FG2JM7JSF\/image.png?t=xoxe-476316655393-618179035285-606757826531-bd1c7b831233e0d053294a8f47715ef5",
                "url_private_download": "https:\/\/files.slack.com\/files-pri\/TE09AK9BK-FG2JM7JSF\/download\/image.png?t=xoxe-476316655393-618179035285-606757826531-bd1c7b831233e0d053294a8f47715ef5",
                "thumb_64": "https:\/\/files.slack.com\/files-tmb\/TE09AK9BK-FG2JM7JSF-27ab035b0b\/image_64.png?t=xoxe-476316655393-618179035285-606757826531-bd1c7b831233e0d053294a8f47715ef5",
                "thumb_80": "https:\/\/files.slack.com\/files-tmb\/TE09AK9BK-FG2JM7JSF-27ab035b0b\/image_80.png?t=xoxe-476316655393-618179035285-606757826531-bd1c7b831233e0d053294a8f47715ef5",
                "thumb_360": "https:\/\/files.slack.com\/files-tmb\/TE09AK9BK-FG2JM7JSF-27ab035b0b\/image_360.png?t=xoxe-476316655393-618179035285-606757826531-bd1c7b831233e0d053294a8f47715ef5",
                "thumb_360_w": 360,
                "thumb_360_h": 203,
                "thumb_480": "https:\/\/files.slack.com\/files-tmb\/TE09AK9BK-FG2JM7JSF-27ab035b0b\/image_480.png?t=xoxe-476316655393-618179035285-606757826531-bd1c7b831233e0d053294a8f47715ef5",
                "thumb_480_w": 480,
                "thumb_480_h": 270,
                "thumb_160": "https:\/\/files.slack.com\/files-tmb\/TE09AK9BK-FG2JM7JSF-27ab035b0b\/image_160.png?t=xoxe-476316655393-618179035285-606757826531-bd1c7b831233e0d053294a8f47715ef5",
                "thumb_720": "https:\/\/files.slack.com\/files-tmb\/TE09AK9BK-FG2JM7JSF-27ab035b0b\/image_720.png?t=xoxe-476316655393-618179035285-606757826531-bd1c7b831233e0d053294a8f47715ef5",
                "thumb_720_w": 720,
                "thumb_720_h": 405,
                "thumb_800": "https:\/\/files.slack.com\/files-tmb\/TE09AK9BK-FG2JM7JSF-27ab035b0b\/image_800.png?t=xoxe-476316655393-618179035285-606757826531-bd1c7b831233e0d053294a8f47715ef5",
                "thumb_800_w": 800,
                "thumb_800_h": 450,
                "thumb_960": "https:\/\/files.slack.com\/files-tmb\/TE09AK9BK-FG2JM7JSF-27ab035b0b\/image_960.png?t=xoxe-476316655393-618179035285-606757826531-bd1c7b831233e0d053294a8f47715ef5",
                "thumb_960_w": 960,
                "thumb_960_h": 540,
                "thumb_1024": "https:\/\/files.slack.com\/files-tmb\/TE09AK9BK-FG2JM7JSF-27ab035b0b\/image_1024.png?t=xoxe-476316655393-618179035285-606757826531-bd1c7b831233e0d053294a8f47715ef5",
                "thumb_1024_w": 1024,
                "thumb_1024_h": 576,
                "image_exif_rotation": 1,
                "original_w": 1920,
                "original_h": 1080,
                "permalink": "https:\/\/topjava16.slack.com\/files\/UFU5XFS5D\/FG2JM7JSF\/image.png",
                "permalink_public": "https:\/\/slack-files.com\/TE09AK9BK-FG2JM7JSF-ec5621c9e5",
                "has_rich_preview": false
            }
        ],
        "upload": true,
        "user": "UFU5XFS5D",
        "display_as_bot": false,
        "ts": "1549722249.044200"
    },
    {
        "client_msg_id": "a7358fdc-f3ff-491b-b945-c1259ab52008",
        "type": "message",
        "text": "папка conf",
        "user": "UFT7XUWJX",
        "ts": "1549722261.044500",
        "thread_ts": "1549722186.043500",
        "parent_user_id": "UEZ1LSXC6"
    },
    {
        "client_msg_id": "e9f64b44-7507-436b-9c80-f3b6824aed10",
        "type": "message",
        "text": "у меня так же",
        "user": "UFFJ077SL",
        "ts": "1549722267.044800"
    },
    {
        "client_msg_id": "c1944202-f0a9-4d87-8a0c-721b9ab3f165",
        "type": "message",
        "text": "файл tomcat-users.xml",
        "user": "UFT7XUWJX",
        "ts": "1549722269.045100",
        "thread_ts": "1549722186.043500",
        "parent_user_id": "UEZ1LSXC6"
    },
    {
        "client_msg_id": "b128f489-5dbb-4a14-8aef-a7aa788a0f54",
        "type": "message",
        "text": "Александр, спасибо! допустил ошибку. По невнимательности открыл файл XSD, а надо было файл xml.",
        "user": "UEZ1LSXC6",
        "ts": "1549722423.046600",
        "reactions": [
            {
                "name": "+1",
                "users": [
                    "UFU5XFS5D"
                ],
                "count": 1
            }
        ]
    },
    {
        "client_msg_id": "c94f16e1-18d0-4d11-859a-f22ec77c94b2",
        "type": "message",
        "text": "Александр, очень нужна помощь. При деплое через manager том ката получаю <http:\/\/localhost:8080\/D:_DEVtopjavatargettopjava\/>",
        "user": "UFT7XUWJX",
        "ts": "1549727254.049100",
        "thread_ts": "1549727254.049100",
        "reply_count": 1,
        "reply_users_count": 1,
        "latest_reply": "1549809874.086500",
        "reply_users": [
            "UFZT3QMU6"
        ],
        "replies": [
            {
                "user": "UFZT3QMU6",
                "ts": "1549809874.086500"
            }
        ]
    },
    {
        "client_msg_id": "a83965f7-e4ce-4145-b5d3-dbddc5201149",
        "type": "message",
        "text": "Соответственно оно так не работает.",
        "user": "UFT7XUWJX",
        "ts": "1549727278.049600"
    },
    {
        "client_msg_id": "71c51d6d-4109-481b-9d85-46fbfbe53018",
        "type": "message",
        "text": "Нужны еще какие-нибудь пути в патч кроме JAVA_HOME?",
        "user": "UFT7XUWJX",
        "ts": "1549727304.050600"
    },
    {
        "client_msg_id": "2d11031f-a635-4c68-90f8-17828238942a",
        "type": "message",
        "text": "Очень интересно. Не сталкивался, да и с томкатом я привык встроенным в спринг работать. А из идеи нормально деплоится?",
        "user": "UFU5XFS5D",
        "ts": "1549727315.050900"
    },
    {
        "client_msg_id": "b81f57d3-e0fb-408d-b2c9-168f6bf8e3bd",
        "type": "message",
        "text": "Сейчас попробую.",
        "user": "UFT7XUWJX",
        "ts": "1549727427.051300"
    },
    {
        "client_msg_id": "7a9aa184-713b-48c6-b558-ef8b09a92024",
        "type": "message",
        "text": "просто копированием вада получилось...",
        "user": "UFT7XUWJX",
        "ts": "1549727804.051600"
    },
    {
        "client_msg_id": "b17d9665-ede4-45e6-8975-cdd149d3df98",
        "type": "message",
        "text": "а как из идеи - создавать конфигурацию?",
        "user": "UFT7XUWJX",
        "ts": "1549727823.052100"
    },
    {
        "client_msg_id": "ac9abeec-ba59-4489-bb23-7fd39e3e7847",
        "type": "message",
        "text": "нашел",
        "user": "UFT7XUWJX",
        "ts": "1549733121.052300"
    },
    {
        "client_msg_id": "08f9a20f-6b3d-480f-aecd-971fe5d43e1d",
        "type": "message",
        "text": "tomcat_remote на 8000 порту не работает. Error running 'Unnamed': Unable to open debugger port (localhost:8000): java.net.ConnectException \"Connection refused: connect\". Кто-то сталкивался с такой проблемой?",
        "user": "UEZ1LSXC6",
        "ts": "1549737518.053700",
        "edited": {
            "user": "UEZ1LSXC6",
            "ts": "1549737534.000000"
        },
        "thread_ts": "1549737518.053700",
        "reply_count": 16,
        "reply_users_count": 3,
        "latest_reply": "1549792077.070100",
        "reply_users": [
            "UFBHB8PFS",
            "UEZ1LSXC6",
            "UFPV5FPLK"
        ],
        "replies": [
            {
                "user": "UFBHB8PFS",
                "ts": "1549737652.054600"
            },
            {
                "user": "UEZ1LSXC6",
                "ts": "1549737720.054800"
            },
            {
                "user": "UEZ1LSXC6",
                "ts": "1549738990.055000"
            },
            {
                "user": "UEZ1LSXC6",
                "ts": "1549739000.055200"
            },
            {
                "user": "UEZ1LSXC6",
                "ts": "1549739020.055600"
            },
            {
                "user": "UEZ1LSXC6",
                "ts": "1549739048.055800"
            },
            {
                "user": "UFBHB8PFS",
                "ts": "1549741354.056200"
            },
            {
                "user": "UFBHB8PFS",
                "ts": "1549741359.056400"
            },
            {
                "user": "UFBHB8PFS",
                "ts": "1549741360.056600"
            },
            {
                "user": "UFBHB8PFS",
                "ts": "1549741368.056800"
            },
            {
                "user": "UFBHB8PFS",
                "ts": "1549741369.057000"
            },
            {
                "user": "UFBHB8PFS",
                "ts": "1549741374.057200"
            },
            {
                "user": "UFPV5FPLK",
                "ts": "1549741882.057400"
            },
            {
                "user": "UEZ1LSXC6",
                "ts": "1549792051.069500"
            },
            {
                "user": "UEZ1LSXC6",
                "ts": "1549792057.069700"
            },
            {
                "user": "UEZ1LSXC6",
                "ts": "1549792077.070100"
            }
        ]
    },
    {
        "client_msg_id": "68ceeb75-4366-4853-839c-7b8a1a777f01",
        "type": "message",
        "text": "Это потому что каталина запущена не в режиме дебага.  Запускай не просто start, а\ncatalina.bat jpda start",
        "user": "UFBHB8PFS",
        "ts": "1549737652.054600",
        "thread_ts": "1549737518.053700",
        "parent_user_id": "UEZ1LSXC6"
    },
    {
        "client_msg_id": "290fc469-7bf8-4bef-9813-ca947c2644c3",
        "type": "message",
        "text": "сейчас попытаюсь исправить. Спасибо!",
        "user": "UEZ1LSXC6",
        "ts": "1549737720.054800",
        "thread_ts": "1549737518.053700",
        "parent_user_id": "UEZ1LSXC6"
    },
    {
        "client_msg_id": "60150e81-4b48-49d1-8d2c-94bdf884245c",
        "type": "message",
        "text": "сделал через jpda",
        "user": "UEZ1LSXC6",
        "ts": "1549738990.055000",
        "thread_ts": "1549737518.053700",
        "parent_user_id": "UEZ1LSXC6"
    },
    {
        "type": "message",
        "text": "",
        "files": [
            {
                "id": "FG3RY92LF",
                "created": 1549738998,
                "timestamp": 1549738998,
                "name": "image.png",
                "title": "Pasted image at 2019-02-09, 9:03 PM",
                "mimetype": "image\/png",
                "filetype": "png",
                "pretty_type": "PNG",
                "user": "UEZ1LSXC6",
                "editable": false,
                "size": 84512,
                "mode": "hosted",
                "is_external": false,
                "external_type": "",
                "is_public": true,
                "public_url_shared": false,
                "display_as_bot": false,
                "username": "",
                "url_private": "https:\/\/files.slack.com\/files-pri\/TE09AK9BK-FG3RY92LF\/image.png?t=xoxe-476316655393-618179035285-606757826531-bd1c7b831233e0d053294a8f47715ef5",
                "url_private_download": "https:\/\/files.slack.com\/files-pri\/TE09AK9BK-FG3RY92LF\/download\/image.png?t=xoxe-476316655393-618179035285-606757826531-bd1c7b831233e0d053294a8f47715ef5",
                "thumb_64": "https:\/\/files.slack.com\/files-tmb\/TE09AK9BK-FG3RY92LF-cca48683c6\/image_64.png?t=xoxe-476316655393-618179035285-606757826531-bd1c7b831233e0d053294a8f47715ef5",
                "thumb_80": "https:\/\/files.slack.com\/files-tmb\/TE09AK9BK-FG3RY92LF-cca48683c6\/image_80.png?t=xoxe-476316655393-618179035285-606757826531-bd1c7b831233e0d053294a8f47715ef5",
                "thumb_360": "https:\/\/files.slack.com\/files-tmb\/TE09AK9BK-FG3RY92LF-cca48683c6\/image_360.png?t=xoxe-476316655393-618179035285-606757826531-bd1c7b831233e0d053294a8f47715ef5",
                "thumb_360_w": 360,
                "thumb_360_h": 82,
                "thumb_480": "https:\/\/files.slack.com\/files-tmb\/TE09AK9BK-FG3RY92LF-cca48683c6\/image_480.png?t=xoxe-476316655393-618179035285-606757826531-bd1c7b831233e0d053294a8f47715ef5",
                "thumb_480_w": 480,
                "thumb_480_h": 109,
                "thumb_160": "https:\/\/files.slack.com\/files-tmb\/TE09AK9BK-FG3RY92LF-cca48683c6\/image_160.png?t=xoxe-476316655393-618179035285-606757826531-bd1c7b831233e0d053294a8f47715ef5",
                "image_exif_rotation": 1,
                "original_w": 624,
                "original_h": 142,
                "permalink": "https:\/\/topjava16.slack.com\/files\/UEZ1LSXC6\/FG3RY92LF\/image.png",
                "permalink_public": "https:\/\/slack-files.com\/TE09AK9BK-FG3RY92LF-6d6e577446",
                "has_rich_preview": false
            }
        ],
        "upload": true,
        "user": "UEZ1LSXC6",
        "display_as_bot": false,
        "ts": "1549739000.055200",
        "thread_ts": "1549737518.053700",
        "parent_user_id": "UEZ1LSXC6"
    },
    {
        "client_msg_id": "40a2e2e6-a997-4d89-9f34-b34853130424",
        "type": "message",
        "text": "но причина какая-то другая",
        "user": "UEZ1LSXC6",
        "ts": "1549739020.055600",
        "thread_ts": "1549737518.053700",
        "parent_user_id": "UEZ1LSXC6"
    },
    {
        "type": "message",
        "text": "",
        "files": [
            {
                "id": "FG471TUT0",
                "created": 1549739045,
                "timestamp": 1549739045,
                "name": "image.png",
                "title": "Pasted image at 2019-02-09, 9:04 PM",
                "mimetype": "image\/png",
                "filetype": "png",
                "pretty_type": "PNG",
                "user": "UEZ1LSXC6",
                "editable": false,
                "size": 4965,
                "mode": "hosted",
                "is_external": false,
                "external_type": "",
                "is_public": true,
                "public_url_shared": false,
                "display_as_bot": false,
                "username": "",
                "url_private": "https:\/\/files.slack.com\/files-pri\/TE09AK9BK-FG471TUT0\/image.png?t=xoxe-476316655393-618179035285-606757826531-bd1c7b831233e0d053294a8f47715ef5",
                "url_private_download": "https:\/\/files.slack.com\/files-pri\/TE09AK9BK-FG471TUT0\/download\/image.png?t=xoxe-476316655393-618179035285-606757826531-bd1c7b831233e0d053294a8f47715ef5",
                "thumb_64": "https:\/\/files.slack.com\/files-tmb\/TE09AK9BK-FG471TUT0-8a002f6ec6\/image_64.png?t=xoxe-476316655393-618179035285-606757826531-bd1c7b831233e0d053294a8f47715ef5",
                "thumb_80": "https:\/\/files.slack.com\/files-tmb\/TE09AK9BK-FG471TUT0-8a002f6ec6\/image_80.png?t=xoxe-476316655393-618179035285-606757826531-bd1c7b831233e0d053294a8f47715ef5",
                "thumb_360": "https:\/\/files.slack.com\/files-tmb\/TE09AK9BK-FG471TUT0-8a002f6ec6\/image_360.png?t=xoxe-476316655393-618179035285-606757826531-bd1c7b831233e0d053294a8f47715ef5",
                "thumb_360_w": 360,
                "thumb_360_h": 30,
                "thumb_480": "https:\/\/files.slack.com\/files-tmb\/TE09AK9BK-FG471TUT0-8a002f6ec6\/image_480.png?t=xoxe-476316655393-618179035285-606757826531-bd1c7b831233e0d053294a8f47715ef5",
                "thumb_480_w": 480,
                "thumb_480_h": 40,
                "thumb_160": "https:\/\/files.slack.com\/files-tmb\/TE09AK9BK-FG471TUT0-8a002f6ec6\/image_160.png?t=xoxe-476316655393-618179035285-606757826531-bd1c7b831233e0d053294a8f47715ef5",
                "image_exif_rotation": 1,
                "original_w": 578,
                "original_h": 48,
                "permalink": "https:\/\/topjava16.slack.com\/files\/UEZ1LSXC6\/FG471TUT0\/image.png",
                "permalink_public": "https:\/\/slack-files.com\/TE09AK9BK-FG471TUT0-11b6f435a2",
                "has_rich_preview": false
            }
        ],
        "upload": true,
        "user": "UEZ1LSXC6",
        "display_as_bot": false,
        "ts": "1549739048.055800",
        "thread_ts": "1549737518.053700",
        "parent_user_id": "UEZ1LSXC6"
    },
    {
        "client_msg_id": "18004abe-a766-49e8-a8a5-659d52e9a6f1",
        "type": "message",
        "text": "гаси каталину",
        "user": "UFBHB8PFS",
        "ts": "1549741354.056200",
        "thread_ts": "1549737518.053700",
        "parent_user_id": "UEZ1LSXC6"
    },
    {
        "client_msg_id": "e1d9609d-40cd-4093-a093-ac0f679dc21d",
        "type": "message",
        "text": "потом пиши",
        "user": "UFBHB8PFS",
        "ts": "1549741359.056400",
        "thread_ts": "1549737518.053700",
        "parent_user_id": "UEZ1LSXC6"
    },
    {
        "client_msg_id": "c0290337-8845-4c27-bd6a-90bb48986e44",
        "type": "message",
        "text": "set JPDA_ADDRESS=8000",
        "user": "UFBHB8PFS",
        "ts": "1549741360.056600",
        "thread_ts": "1549737518.053700",
        "parent_user_id": "UEZ1LSXC6"
    },
    {
        "client_msg_id": "bcd91751-fbdb-46b7-b96a-a0cf13c24fc8",
        "type": "message",
        "text": "потом",
        "user": "UFBHB8PFS",
        "ts": "1549741368.056800",
        "thread_ts": "1549737518.053700",
        "parent_user_id": "UEZ1LSXC6"
    },
    {
        "client_msg_id": "7c1e00c1-f75d-4db6-8af1-b39577d6d6a0",
        "type": "message",
        "text": "catalina.bat jpda start",
        "user": "UFBHB8PFS",
        "ts": "1549741369.057000",
        "thread_ts": "1549737518.053700",
        "parent_user_id": "UEZ1LSXC6"
    },
    {
        "client_msg_id": "662d9ddb-af76-4452-b0e1-f03708da8c6c",
        "type": "message",
        "text": "и попробуй еще раз",
        "user": "UFBHB8PFS",
        "ts": "1549741374.057200",
        "thread_ts": "1549737518.053700",
        "parent_user_id": "UEZ1LSXC6"
    },
    {
        "client_msg_id": "2bccbd27-04da-40b8-a93e-b2a8c1061e57",
        "type": "message",
        "text": "а на 8000 порту есть хоть что? может просто не там слушаешь.",
        "user": "UFPV5FPLK",
        "ts": "1549741882.057400",
        "thread_ts": "1549737518.053700",
        "parent_user_id": "UEZ1LSXC6"
    },
    {
        "client_msg_id": "592b7e11-1b92-4272-a9af-dce9b41d65b9",
        "type": "message",
        "text": "Друзья. При запуске Томката в командной строке проскакивает местами текст, который по всей видимости на каком-то из этапов неверно перекодируется:\n<http:\/\/prntscr.com\/miwrr5>",
        "user": "UFMAVCYKB",
        "ts": "1549744774.059000",
        "attachments": [
            {
                "service_name": "Lightshot",
                "title": "Screenshot",
                "title_link": "http:\/\/prntscr.com\/miwrr5",
                "text": "Captured with Lightshot",
                "fallback": "Lightshot: Screenshot",
                "image_url": "https:\/\/image.prntscr.com\/image\/_L1-Ryr2Ql6fbOv3mwglKg.png",
                "from_url": "http:\/\/prntscr.com\/miwrr5",
                "image_width": 464,
                "image_height": 250,
                "image_bytes": 172228,
                "service_icon": "http:\/\/prntscr.com\/favicon.ico",
                "id": 1,
                "original_url": "http:\/\/prntscr.com\/miwrr5"
            }
        ]
    },
    {
        "client_msg_id": "5926280a-6ea4-42fe-b42b-b1fd54315fe6",
        "type": "message",
        "text": "Подскажите, в каких местах искать проблему с кодировкой?",
        "user": "UFMAVCYKB",
        "ts": "1549744838.060000",
        "thread_ts": "1549744838.060000",
        "reply_count": 3,
        "reply_users_count": 2,
        "latest_reply": "1549800920.081800",
        "reply_users": [
            "UFPCSUE4R",
            "UFMAVCYKB"
        ],
        "replies": [
            {
                "user": "UFPCSUE4R",
                "ts": "1549753997.064100"
            },
            {
                "user": "UFMAVCYKB",
                "ts": "1549800871.081600"
            },
            {
                "user": "UFMAVCYKB",
                "ts": "1549800920.081800"
            }
        ]
    },
    {
        "client_msg_id": "ee4cf9bd-f707-4f0d-9eca-9833a5fb3c57",
        "type": "message",
        "text": "Объясните пожалуйста этот пункт из ДЗ:\n1.2.1 Список еды захардкодить (те проинициализировать в коде, желательно чтобы в проекте инициализация была только в одном месте)",
        "user": "UFKA9M309",
        "ts": "1549747512.060700",
        "thread_ts": "1549747512.060700",
        "reply_count": 7,
        "reply_users_count": 5,
        "latest_reply": "1549832544.125300",
        "reply_users": [
            "UF7MD83EU",
            "UFKA9M309",
            "UF6HMCG3X",
            "UFZT3QMU6",
            "UFVQWFQHM"
        ],
        "replies": [
            {
                "user": "UF7MD83EU",
                "ts": "1549749749.063400"
            },
            {
                "user": "UFKA9M309",
                "ts": "1549754465.065900"
            },
            {
                "user": "UF6HMCG3X",
                "ts": "1549758829.066100"
            },
            {
                "user": "UF7MD83EU",
                "ts": "1549759992.066300"
            },
            {
                "user": "UFZT3QMU6",
                "ts": "1549810046.086700"
            },
            {
                "user": "UFVQWFQHM",
                "ts": "1549832187.125100"
            },
            {
                "user": "UF7MD83EU",
                "ts": "1549832544.125300"
            }
        ]
    },
    {
        "client_msg_id": "970c6eea-a05a-46ea-b61e-193fb2393330",
        "type": "message",
        "text": "при добавлении дискрипшин вводим чего вздумается? или выбор сделать? как поступить?",
        "user": "UFQ35BUP4",
        "ts": "1549748400.061800",
        "thread_ts": "1549748400.061800",
        "reply_count": 1,
        "reply_users_count": 1,
        "latest_reply": "1549749810.063900",
        "reply_users": [
            "UF7MD83EU"
        ],
        "replies": [
            {
                "user": "UF7MD83EU",
                "ts": "1549749810.063900"
            }
        ]
    },
    {
        "client_msg_id": "451a5564-5141-445c-b2d3-7f824863231b",
        "type": "message",
        "text": "и еще вопрос...для операции добавить-изменить рисуем в новом окне или можно спрятать\/показать рядышком?",
        "user": "UFQ35BUP4",
        "ts": "1549748684.063300",
        "thread_ts": "1549748684.063300",
        "reply_count": 1,
        "reply_users_count": 1,
        "latest_reply": "1549749789.063600",
        "reply_users": [
            "UF7MD83EU"
        ],
        "replies": [
            {
                "user": "UF7MD83EU",
                "ts": "1549749789.063600"
            }
        ]
    },
    {
        "client_msg_id": "147f0ec4-31d0-4b24-94bb-7b643317024b",
        "type": "message",
        "text": "тот список, который в MealsUtil надо использовать в качестве тестовых данных, но не надо дублировать в др. классах",
        "user": "UF7MD83EU",
        "ts": "1549749749.063400",
        "thread_ts": "1549747512.060700",
        "parent_user_id": "UFKA9M309"
    },
    {
        "client_msg_id": "ec51e1c9-4bbd-4eaa-8553-854bf647a02d",
        "type": "message",
        "text": "на твое усмотрение",
        "user": "UF7MD83EU",
        "ts": "1549749789.063600",
        "edited": {
            "user": "UF7MD83EU",
            "ts": "1549749807.000000"
        },
        "thread_ts": "1549748684.063300",
        "parent_user_id": "UFQ35BUP4"
    },
    {
        "client_msg_id": "119637a0-ef21-4879-a13b-a9e41f16c13a",
        "type": "message",
        "text": "пока, что хотим, валидацию позже прикрутим",
        "user": "UF7MD83EU",
        "ts": "1549749810.063900",
        "thread_ts": "1549748400.061800",
        "parent_user_id": "UFQ35BUP4"
    },
    {
        "client_msg_id": "ab651dd4-8521-4e65-b7b5-8e0cc2bc5bcd",
        "type": "message",
        "text": "Путь к проекту какой?",
        "user": "UFPCSUE4R",
        "ts": "1549753997.064100",
        "edited": {
            "user": "UFPCSUE4R",
            "ts": "1549754035.000000"
        },
        "thread_ts": "1549744838.060000",
        "parent_user_id": "UFMAVCYKB"
    },
    {
        "client_msg_id": "5f478b9e-e648-46d0-9054-a729b63a00fb",
        "type": "message",
        "text": "По поводу проверочного вопроса:\nЧто нужно изменить в pom.xml, чтобы перейти с logback на log4j ? Кроме изменения в pom.xml стоит еще добавить log4j.xml ?",
        "user": "UFAG403GE",
        "ts": "1549754399.065800"
    },
    {
        "client_msg_id": "f7b6ae41-a020-45bb-b08e-74186dd1a504",
        "type": "message",
        "text": "спасибо",
        "user": "UFKA9M309",
        "ts": "1549754465.065900",
        "thread_ts": "1549747512.060700",
        "parent_user_id": "UFKA9M309"
    },
    {
        "client_msg_id": "3662a6ad-bae4-49b0-b68d-fda8f9f86690",
        "type": "message",
        "text": "А как использовать список из MealsUtil если не выносить его в другой класс, ведь его область видимости ограничена функцией main?",
        "user": "UF6HMCG3X",
        "ts": "1549758829.066100",
        "thread_ts": "1549747512.060700",
        "parent_user_id": "UFKA9M309"
    },
    {
        "client_msg_id": "0e7259f4-3351-4483-b47e-9ecac75b2eea",
        "type": "message",
        "text": "вынеси из main в стат переменную, но можно и в др класс перенести, главное не дублировать",
        "user": "UF7MD83EU",
        "ts": "1549759992.066300",
        "edited": {
            "user": "UF7MD83EU",
            "ts": "1549760027.000000"
        },
        "thread_ts": "1549747512.060700",
        "parent_user_id": "UFKA9M309"
    },
    {
        "type": "message",
        "text": "После 5-го патча в web-xml почти все стало красным, подсвечивается Element web-app must be declered;",
        "files": [
            {
                "id": "FG35309U5",
                "created": 1549782003,
                "timestamp": 1549782003,
                "name": "image.png",
                "title": "Pasted image at 2019-02-10, 5:00 PM",
                "mimetype": "image\/png",
                "filetype": "png",
                "pretty_type": "PNG",
                "user": "UFTJAG1J4",
                "editable": false,
                "size": 45504,
                "mode": "hosted",
                "is_external": false,
                "external_type": "",
                "is_public": true,
                "public_url_shared": false,
                "display_as_bot": false,
                "username": "",
                "url_private": "https:\/\/files.slack.com\/files-pri\/TE09AK9BK-FG35309U5\/image.png?t=xoxe-476316655393-618179035285-606757826531-bd1c7b831233e0d053294a8f47715ef5",
                "url_private_download": "https:\/\/files.slack.com\/files-pri\/TE09AK9BK-FG35309U5\/download\/image.png?t=xoxe-476316655393-618179035285-606757826531-bd1c7b831233e0d053294a8f47715ef5",
                "thumb_64": "https:\/\/files.slack.com\/files-tmb\/TE09AK9BK-FG35309U5-f5cbf60990\/image_64.png?t=xoxe-476316655393-618179035285-606757826531-bd1c7b831233e0d053294a8f47715ef5",
                "thumb_80": "https:\/\/files.slack.com\/files-tmb\/TE09AK9BK-FG35309U5-f5cbf60990\/image_80.png?t=xoxe-476316655393-618179035285-606757826531-bd1c7b831233e0d053294a8f47715ef5",
                "thumb_360": "https:\/\/files.slack.com\/files-tmb\/TE09AK9BK-FG35309U5-f5cbf60990\/image_360.png?t=xoxe-476316655393-618179035285-606757826531-bd1c7b831233e0d053294a8f47715ef5",
                "thumb_360_w": 360,
                "thumb_360_h": 214,
                "thumb_480": "https:\/\/files.slack.com\/files-tmb\/TE09AK9BK-FG35309U5-f5cbf60990\/image_480.png?t=xoxe-476316655393-618179035285-606757826531-bd1c7b831233e0d053294a8f47715ef5",
                "thumb_480_w": 480,
                "thumb_480_h": 285,
                "thumb_160": "https:\/\/files.slack.com\/files-tmb\/TE09AK9BK-FG35309U5-f5cbf60990\/image_160.png?t=xoxe-476316655393-618179035285-606757826531-bd1c7b831233e0d053294a8f47715ef5",
                "image_exif_rotation": 1,
                "original_w": 606,
                "original_h": 360,
                "permalink": "https:\/\/topjava16.slack.com\/files\/UFTJAG1J4\/FG35309U5\/image.png",
                "permalink_public": "https:\/\/slack-files.com\/TE09AK9BK-FG35309U5-60794b25bd",
                "has_rich_preview": false
            }
        ],
        "upload": true,
        "user": "UFTJAG1J4",
        "display_as_bot": false,
        "ts": "1549782007.067900",
        "thread_ts": "1549782007.067900",
        "reply_count": 18,
        "reply_users_count": 8,
        "latest_reply": "1549987214.069700",
        "reply_users": [
            "UFA1BA7AM",
            "UFTJAG1J4",
            "UF6HMCG3X",
            "UFQ35BUP4",
            "UFZT3QMU6",
            "UE1ULNT9V",
            "UFUQUNDRP",
            "UFTSGQ7U5"
        ],
        "replies": [
            {
                "user": "UFA1BA7AM",
                "ts": "1549783926.068200"
            },
            {
                "user": "UFTJAG1J4",
                "ts": "1549784290.068400"
            },
            {
                "user": "UF6HMCG3X",
                "ts": "1549784590.068800"
            },
            {
                "user": "UFTJAG1J4",
                "ts": "1549789064.069100"
            },
            {
                "user": "UFTJAG1J4",
                "ts": "1549789991.069300"
            },
            {
                "user": "UFQ35BUP4",
                "ts": "1549795110.074200"
            },
            {
                "user": "UFZT3QMU6",
                "ts": "1549810216.086900"
            },
            {
                "user": "UE1ULNT9V",
                "ts": "1549810696.092600"
            },
            {
                "user": "UFUQUNDRP",
                "ts": "1549883494.008100"
            },
            {
                "user": "UFZT3QMU6",
                "ts": "1549890948.008800"
            },
            {
                "user": "UFUQUNDRP",
                "ts": "1549891849.009000"
            },
            {
                "user": "UFTSGQ7U5",
                "ts": "1549899940.015700"
            },
            {
                "user": "UE1ULNT9V",
                "ts": "1549901140.021300"
            },
            {
                "user": "UFQ35BUP4",
                "ts": "1549931512.053800"
            },
            {
                "user": "UFUQUNDRP",
                "ts": "1549957530.056100"
            },
            {
                "user": "UFTJAG1J4",
                "ts": "1549964780.058200"
            },
            {
                "user": "UFUQUNDRP",
                "ts": "1549985147.069400"
            },
            {
                "user": "UE1ULNT9V",
                "ts": "1549987214.069700"
            }
        ]
    },
    {
        "client_msg_id": "ca2cf579-785a-4964-ac13-71a3c96a346a",
        "type": "message",
        "text": "Проверь, что подтянулась dependency servlet",
        "user": "UFA1BA7AM",
        "ts": "1549783926.068200",
        "thread_ts": "1549782007.067900",
        "parent_user_id": "UFTJAG1J4"
    },
    {
        "type": "message",
        "text": "присутствуют",
        "files": [
            {
                "id": "FG2RH92HZ",
                "created": 1549784289,
                "timestamp": 1549784289,
                "name": "image.png",
                "title": "Pasted image at 2019-02-10, 5:38 PM",
                "mimetype": "image\/png",
                "filetype": "png",
                "pretty_type": "PNG",
                "user": "UFTJAG1J4",
                "editable": false,
                "size": 24218,
                "mode": "hosted",
                "is_external": false,
                "external_type": "",
                "is_public": true,
                "public_url_shared": false,
                "display_as_bot": false,
                "username": "",
                "url_private": "https:\/\/files.slack.com\/files-pri\/TE09AK9BK-FG2RH92HZ\/image.png?t=xoxe-476316655393-618179035285-606757826531-bd1c7b831233e0d053294a8f47715ef5",
                "url_private_download": "https:\/\/files.slack.com\/files-pri\/TE09AK9BK-FG2RH92HZ\/download\/image.png?t=xoxe-476316655393-618179035285-606757826531-bd1c7b831233e0d053294a8f47715ef5",
                "thumb_64": "https:\/\/files.slack.com\/files-tmb\/TE09AK9BK-FG2RH92HZ-6fa6d0da4d\/image_64.png?t=xoxe-476316655393-618179035285-606757826531-bd1c7b831233e0d053294a8f47715ef5",
                "thumb_80": "https:\/\/files.slack.com\/files-tmb\/TE09AK9BK-FG2RH92HZ-6fa6d0da4d\/image_80.png?t=xoxe-476316655393-618179035285-606757826531-bd1c7b831233e0d053294a8f47715ef5",
                "thumb_360": "https:\/\/files.slack.com\/files-tmb\/TE09AK9BK-FG2RH92HZ-6fa6d0da4d\/image_360.png?t=xoxe-476316655393-618179035285-606757826531-bd1c7b831233e0d053294a8f47715ef5",
                "thumb_360_w": 360,
                "thumb_360_h": 104,
                "thumb_480": "https:\/\/files.slack.com\/files-tmb\/TE09AK9BK-FG2RH92HZ-6fa6d0da4d\/image_480.png?t=xoxe-476316655393-618179035285-606757826531-bd1c7b831233e0d053294a8f47715ef5",
                "thumb_480_w": 480,
                "thumb_480_h": 139,
                "thumb_160": "https:\/\/files.slack.com\/files-tmb\/TE09AK9BK-FG2RH92HZ-6fa6d0da4d\/image_160.png?t=xoxe-476316655393-618179035285-606757826531-bd1c7b831233e0d053294a8f47715ef5",
                "thumb_720": "https:\/\/files.slack.com\/files-tmb\/TE09AK9BK-FG2RH92HZ-6fa6d0da4d\/image_720.png?t=xoxe-476316655393-618179035285-606757826531-bd1c7b831233e0d053294a8f47715ef5",
                "thumb_720_w": 720,
                "thumb_720_h": 209,
                "image_exif_rotation": 1,
                "original_w": 738,
                "original_h": 214,
                "permalink": "https:\/\/topjava16.slack.com\/files\/UFTJAG1J4\/FG2RH92HZ\/image.png",
                "permalink_public": "https:\/\/slack-files.com\/TE09AK9BK-FG2RH92HZ-d8dc86969e",
                "has_rich_preview": false
            }
        ],
        "upload": true,
        "user": "UFTJAG1J4",
        "display_as_bot": false,
        "ts": "1549784290.068400",
        "thread_ts": "1549782007.067900",
        "parent_user_id": "UFTJAG1J4"
    },
    {
        "client_msg_id": "c4ed8a30-c8a5-4edb-95be-0dcee79d105f",
        "type": "message",
        "text": "А что красным подчеркивает в pom.xml?",
        "user": "UF6HMCG3X",
        "ts": "1549784590.068800",
        "thread_ts": "1549782007.067900",
        "parent_user_id": "UFTJAG1J4"
    }
]